epoch,DE,E,I,loss,mse_odd_even_sol,y0,yL,val_DE,val_E,val_I,val_loss,val_mse_odd_even_sol,val_y0,val_yL
0,-5.960464477539063e-08,"""[41.89391]""","""[1.4859298e-05]""",52.017906188964844,0.9923676252365112,"""[[-0.]]""","""[[-0.]]""",NA,NA,NA,NA,NA,NA,NA
1,7.5165863037109375,"""[29.772903]""","""[4.1630403e-05]""",69.67693328857422,0.9899396300315857,"""[[-0.]]""","""[[-0.]]""",NA,NA,NA,NA,NA,NA,NA
2,4.30831241607666,"""[40.476463]""","""[7.8522964e-05]""",54.3685302734375,0.9828630089759827,"""[[-0.]]""","""[[-0.]]""",NA,NA,NA,NA,NA,NA,NA
3,-1.6807994842529297,"""[41.694664]""","""[0.00013891378]""",53.068580627441406,0.9767902493476868,"""[[-0.]]""","""[[-0.]]""",NA,NA,NA,NA,NA,NA,NA
4,-5.243076801300049,"""[41.08915]""","""[0.00021075501]""",53.61207962036133,0.971727728843689,"""[[-0.]]""","""[[-0.]]""",NA,NA,NA,NA,NA,NA,NA
5,-7.160384654998779,"""[40.811012]""","""[0.00028619633]""",51.03936004638672,0.9672427177429199,"""[[-0.]]""","""[[-0.]]""",NA,NA,NA,NA,NA,NA,NA
6,-8.929430961608887,"""[40.565517]""","""[0.00036061608]""",54.457759857177734,0.9634158611297607,"""[[-0.]]""","""[[-0.]]""",NA,NA,NA,NA,NA,NA,NA
7,-9.593155860900879,"""[40.61934]""","""[0.00043488469]""",54.180198669433594,0.9598265290260315,"""[[-0.]]""","""[[-0.]]""",NA,NA,NA,NA,NA,NA,NA
8,-9.428079605102539,"""[40.830513]""","""[0.00050835684]""",51.42557907104492,0.9564505815505981,"""[[-0.]]""","""[[-0.]]""",NA,NA,NA,NA,NA,NA,NA
9,-9.181022644042969,"""[40.995552]""","""[0.00057896104]""",52.72132873535156,0.9534332156181335,"""[[-0.]]""","""[[-0.]]""",NA,NA,NA,NA,NA,NA,NA
10,-8.514760971069336,"""[41.18276]""","""[0.00064752594]""",51.97462463378906,0.950635552406311,"""[[-0.]]""","""[[-0.]]""",NA,NA,NA,NA,NA,NA,NA
11,-7.689975738525391,"""[41.342026]""","""[0.00071341044]""",51.449256896972656,0.9480822682380676,"""[[-0.]]""","""[[-0.]]""",NA,NA,NA,NA,NA,NA,NA
12,-6.978847503662109,"""[41.450253]""","""[0.0007758272]""",53.42649459838867,0.9457933902740479,"""[[-0.]]""","""[[-0.]]""",NA,NA,NA,NA,NA,NA,NA
13,-5.765122413635254,"""[41.573322]""","""[0.0008365888]""",52.039459228515625,0.9436271786689758,"""[[-0.]]""","""[[-0.]]""",NA,NA,NA,NA,NA,NA,NA
14,-4.426458835601807,"""[41.666985]""","""[0.00089495175]""",51.66827392578125,0.9416331648826599,"""[[-0.]]""","""[[-0.]]""",NA,NA,NA,NA,NA,NA,NA
15,-3.234121084213257,"""[41.722652]""","""[0.00095024984]""",51.780303955078125,0.9398283362388611,"""[[-0.]]""","""[[-0.]]""",NA,NA,NA,NA,NA,NA,NA
16,-2.371426582336426,"""[41.748783]""","""[0.0010019282]""",52.580955505371094,0.9382113814353943,"""[[-0.]]""","""[[-0.]]""",NA,NA,NA,NA,NA,NA,NA
17,-2.1575498580932617,"""[41.75264]""","""[0.0010491087]""",51.77867889404297,0.9367902874946594,"""[[-0.]]""","""[[-0.]]""",NA,NA,NA,NA,NA,NA,NA
18,-2.126807689666748,"""[41.751957]""","""[0.0010927949]""",52.23244094848633,0.9355076551437378,"""[[-0.]]""","""[[-0.]]""",NA,NA,NA,NA,NA,NA,NA
19,-1.7737619876861572,"""[41.756863]""","""[0.001134371]""",51.73419189453125,0.9343051910400391,"""[[-0.]]""","""[[-0.]]""",NA,NA,NA,NA,NA,NA,NA
20,-1.4921720027923584,"""[41.759224]""","""[0.0011730836]""",53.125308990478516,0.9332078695297241,"""[[-0.]]""","""[[-0.]]""",NA,NA,NA,NA,NA,NA,NA
21,-0.6702380180358887,"""[41.76477]""","""[0.0012106923]""",52.356483459472656,0.9321556687355042,"""[[-0.]]""","""[[-0.]]""",NA,NA,NA,NA,NA,NA,NA
22,-0.35356664657592773,"""[41.763916]""","""[0.0012448424]""",52.347633361816406,0.9312207698822021,"""[[-0.]]""","""[[-0.]]""",NA,NA,NA,NA,NA,NA,NA
23,0.3221554756164551,"""[41.7615]""","""[0.0012776931]""",51.759315490722656,0.930335521697998,"""[[-0.]]""","""[[-0.]]""",NA,NA,NA,NA,NA,NA,NA
24,1.0310842990875244,"""[41.75502]""","""[0.0013086742]""",52.208614349365234,0.9295161366462708,"""[[-0.]]""","""[[-0.]]""",NA,NA,NA,NA,NA,NA,NA
25,2.0681509971618652,"""[41.739395]""","""[0.0013387208]""",51.94676208496094,0.9287416934967041,"""[[-0.]]""","""[[-0.]]""",NA,NA,NA,NA,NA,NA,NA
26,2.806896209716797,"""[41.722946]""","""[0.0013665091]""",51.97908020019531,0.928036093711853,"""[[-0.]]""","""[[-0.]]""",NA,NA,NA,NA,NA,NA,NA
27,3.2668538093566895,"""[41.710316]""","""[0.0013920629]""",51.923301696777344,0.9273910522460938,"""[[-0.]]""","""[[-0.]]""",NA,NA,NA,NA,NA,NA,NA
28,4.030813217163086,"""[41.687145]""","""[0.0014167962]""",51.87058639526367,0.9267857074737549,"""[[-0.]]""","""[[-0.]]""",NA,NA,NA,NA,NA,NA,NA
29,4.563668251037598,"""[41.66847]""","""[0.001439662]""",54.25959777832031,0.9262280464172363,"""[[-0.]]""","""[[-0.]]""",NA,NA,NA,NA,NA,NA,NA
30,4.269059181213379,"""[41.677452]""","""[0.0014594368]""",52.938419342041016,0.9257194399833679,"""[[-0.]]""","""[[-0.]]""",NA,NA,NA,NA,NA,NA,NA
31,3.503664016723633,"""[41.698704]""","""[0.0014770164]""",53.09672164916992,0.9252538084983826,"""[[-0.]]""","""[[-0.]]""",NA,NA,NA,NA,NA,NA,NA
32,2.2817635536193848,"""[41.72373]""","""[0.0014927004]""",51.90730285644531,0.9248327612876892,"""[[-0.]]""","""[[-0.]]""",NA,NA,NA,NA,NA,NA,NA
33,0.9791049957275391,"""[41.738075]""","""[0.0015075696]""",51.78690719604492,0.9244465827941895,"""[[-0.]]""","""[[-0.]]""",NA,NA,NA,NA,NA,NA,NA
34,-0.336881160736084,"""[41.739983]""","""[0.001521851]""",51.91938781738281,0.9240913987159729,"""[[-0.]]""","""[[-0.]]""",NA,NA,NA,NA,NA,NA,NA
35,-1.3015098571777344,"""[41.73301]""","""[0.0015364041]""",51.75328063964844,0.9237422347068787,"""[[-0.]]""","""[[-0.]]""",NA,NA,NA,NA,NA,NA,NA
36,-2.3309714794158936,"""[41.718605]""","""[0.0015500693]""",51.702476501464844,0.9234253764152527,"""[[-0.]]""","""[[-0.]]""",NA,NA,NA,NA,NA,NA,NA
37,-3.385931968688965,"""[41.69642]""","""[0.001563032]""",51.665245056152344,0.923136830329895,"""[[-0.]]""","""[[-0.]]""",NA,NA,NA,NA,NA,NA,NA
38,-4.4222307205200195,"""[41.667366]""","""[0.001575467]""",51.694366455078125,0.922870934009552,"""[[-0.]]""","""[[-0.]]""",NA,NA,NA,NA,NA,NA,NA
39,-5.32239294052124,"""[41.636208]""","""[0.0015877357]""",52.171958923339844,0.9226131439208984,"""[[-0.]]""","""[[-0.]]""",NA,NA,NA,NA,NA,NA,NA
40,-5.863208293914795,"""[41.614487]""","""[0.0016004888]""",53.94756317138672,0.9223334789276123,"""[[-0.]]""","""[[-0.]]""",NA,NA,NA,NA,NA,NA,NA
41,-5.623863220214844,"""[41.622417]""","""[0.0016151166]""",52.29330062866211,0.9219731092453003,"""[[-0.]]""","""[[-0.]]""",NA,NA,NA,NA,NA,NA,NA
42,-5.052711486816406,"""[41.641148]""","""[0.001630248]""",52.334285736083984,0.9215887188911438,"""[[-0.]]""","""[[-0.]]""",NA,NA,NA,NA,NA,NA,NA
43,-4.148263931274414,"""[41.66656]""","""[0.0016460712]""",52.01176071166992,0.9211810231208801,"""[[-0.]]""","""[[-0.]]""",NA,NA,NA,NA,NA,NA,NA
44,-3.059340476989746,"""[41.689655]""","""[0.0016622762]""",51.675960540771484,0.9207687377929688,"""[[-0.]]""","""[[-0.]]""",NA,NA,NA,NA,NA,NA,NA
45,-2.0521187782287598,"""[41.703484]""","""[0.0016780385]""",51.763755798339844,0.9203802347183228,"""[[-0.]]""","""[[-0.]]""",NA,NA,NA,NA,NA,NA,NA
46,-0.9941914081573486,"""[41.710705]""","""[0.0016937716]""",51.678646087646484,0.9200024604797363,"""[[-0.]]""","""[[-0.]]""",NA,NA,NA,NA,NA,NA,NA
47,-0.02389812469482422,"""[41.710648]""","""[0.0017090616]""",51.789676666259766,0.9196458458900452,"""[[-0.]]""","""[[-0.]]""",NA,NA,NA,NA,NA,NA,NA
48,0.6590652465820312,"""[41.706226]""","""[0.001723272]""",52.330318450927734,0.9193212985992432,"""[[-0.]]""","""[[-0.]]""",NA,NA,NA,NA,NA,NA,NA
49,1.7724435329437256,"""[41.694344]""","""[0.0017384301]""",56.17267608642578,0.9189861416816711,"""[[-0.]]""","""[[-0.]]""",NA,NA,NA,NA,NA,NA,NA
50,1.6420435905456543,"""[41.693253]""","""[0.0017501591]""",52.00578308105469,0.9187163710594177,"""[[-0.]]""","""[[-0.]]""",NA,NA,NA,NA,NA,NA,NA
51,1.8883252143859863,"""[41.687767]""","""[0.0017624367]""",51.69839859008789,0.9184408783912659,"""[[-0.]]""","""[[-0.]]""",NA,NA,NA,NA,NA,NA,NA
52,2.0343008041381836,"""[41.68326]""","""[0.0017740579]""",52.27794647216797,0.9181799292564392,"""[[-0.]]""","""[[-0.]]""",NA,NA,NA,NA,NA,NA,NA
53,1.770918369293213,"""[41.68386]""","""[0.0017842678]""",51.72444152832031,0.9179447889328003,"""[[-0.]]""","""[[-0.]]""",NA,NA,NA,NA,NA,NA,NA
54,1.4122810363769531,"""[41.684875]""","""[0.0017939286]""",51.68623733520508,0.9177219867706299,"""[[-0.]]""","""[[-0.]]""",NA,NA,NA,NA,NA,NA,NA
55,1.2363824844360352,"""[41.683643]""","""[0.0018038001]""",51.6689453125,0.917497992515564,"""[[-0.]]""","""[[-0.]]""",NA,NA,NA,NA,NA,NA,NA
56,1.1925828456878662,"""[41.681168]""","""[0.0018137643]""",52.04819107055664,0.9172741770744324,"""[[-0.]]""","""[[-0.]]""",NA,NA,NA,NA,NA,NA,NA
57,0.8093128204345703,"""[41.68087]""","""[0.0018226017]""",52.2891845703125,0.9170730710029602,"""[[-0.]]""","""[[-0.]]""",NA,NA,NA,NA,NA,NA,NA
58,-0.006705284118652344,"""[41.680496]""","""[0.0018301656]""",51.84361267089844,0.9169006943702698,"""[[-0.]]""","""[[-0.]]""",NA,NA,NA,NA,NA,NA,NA
59,-0.46363115310668945,"""[41.677197]""","""[0.0018387025]""",51.77934646606445,0.9167110323905945,"""[[-0.]]""","""[[-0.]]""",NA,NA,NA,NA,NA,NA,NA
60,-0.6652703285217285,"""[41.673603]""","""[0.00184785]""",52.91387939453125,0.9165084958076477,"""[[-0.]]""","""[[-0.]]""",NA,NA,NA,NA,NA,NA,NA
61,-1.5197772979736328,"""[41.665665]""","""[0.0018549315]""",51.83173370361328,0.9163579344749451,"""[[-0.]]""","""[[-0.]]""",NA,NA,NA,NA,NA,NA,NA
62,-2.052675247192383,"""[41.657345]""","""[0.0018630205]""",52.108795166015625,0.9161859154701233,"""[[-0.]]""","""[[-0.]]""",NA,NA,NA,NA,NA,NA,NA
63,-2.172661781311035,"""[41.65277]""","""[0.0018723385]""",51.61629104614258,0.915982186794281,"""[[-0.]]""","""[[-0.]]""",NA,NA,NA,NA,NA,NA,NA
64,-2.309244155883789,"""[41.64786]""","""[0.0018814597]""",51.614322662353516,0.9157835245132446,"""[[-0.]]""","""[[-0.]]""",NA,NA,NA,NA,NA,NA,NA
65,-2.444368362426758,"""[41.64282]""","""[0.0018904659]""",51.672969818115234,0.9155881404876709,"""[[-0.]]""","""[[-0.]]""",NA,NA,NA,NA,NA,NA,NA
66,-2.4635379314422607,"""[41.639206]""","""[0.001899768]""",51.80970001220703,0.9153845310211182,"""[[-0.]]""","""[[-0.]]""",NA,NA,NA,NA,NA,NA,NA
67,-2.249194383621216,"""[41.638508]""","""[0.0019098044]""",52.43861770629883,0.9151614308357239,"""[[-0.]]""","""[[-0.]]""",NA,NA,NA,NA,NA,NA,NA
68,-2.6455283164978027,"""[41.62978]""","""[0.0019176938]""",52.04989242553711,0.9149965047836304,"""[[-0.]]""","""[[-0.]]""",NA,NA,NA,NA,NA,NA,NA
69,-2.640071392059326,"""[41.62629]""","""[0.0019269673]""",51.940059661865234,0.9147945642471313,"""[[-0.]]""","""[[-0.]]""",NA,NA,NA,NA,NA,NA,NA
70,-3.074957847595215,"""[41.61596]""","""[0.001934646]""",51.606632232666016,0.9146369099617004,"""[[-0.]]""","""[[-0.]]""",NA,NA,NA,NA,NA,NA,NA
71,-3.6414599418640137,"""[41.60197]""","""[0.0019418657]""",51.80436325073242,0.9144945740699768,"""[[-0.]]""","""[[-0.]]""",NA,NA,NA,NA,NA,NA,NA
72,-3.922132968902588,"""[41.592472]""","""[0.0019501923]""",54.914588928222656,0.9143221974372864,"""[[-0.]]""","""[[-0.]]""",NA,NA,NA,NA,NA,NA,NA
73,-3.1166179180145264,"""[41.603893]""","""[0.001962913]""",51.910518646240234,0.9140267372131348,"""[[-0.]]""","""[[-0.]]""",NA,NA,NA,NA,NA,NA,NA
74,-2.067612409591675,"""[41.614155]""","""[0.0019768497]""",51.57465744018555,0.913707435131073,"""[[-0.]]""","""[[-0.]]""",NA,NA,NA,NA,NA,NA,NA
75,-1.1599218845367432,"""[41.617283]""","""[0.0019905483]""",52.775516510009766,0.9134039878845215,"""[[-0.]]""","""[[-0.]]""",NA,NA,NA,NA,NA,NA,NA
76,0.31634092330932617,"""[41.61506]""","""[0.002006658]""",51.706687927246094,0.9130578637123108,"""[[-0.]]""","""[[-0.]]""",NA,NA,NA,NA,NA,NA,NA
77,1.4322214126586914,"""[41.604282]""","""[0.0020220715]""",52.40262222290039,0.9127395749092102,"""[[-0.]]""","""[[-0.]]""",NA,NA,NA,NA,NA,NA,NA
78,1.8470468521118164,"""[41.595665]""","""[0.0020355333]""",52.08831787109375,0.9124605059623718,"""[[-0.]]""","""[[-0.]]""",NA,NA,NA,NA,NA,NA,NA
79,1.788759708404541,"""[41.591614]""","""[0.0020475343]""",51.59682083129883,0.9122065901756287,"""[[-0.]]""","""[[-0.]]""",NA,NA,NA,NA,NA,NA,NA
80,1.919210433959961,"""[41.585434]""","""[0.002059891]""",51.59185791015625,0.9119488000869751,"""[[-0.]]""","""[[-0.]]""",NA,NA,NA,NA,NA,NA,NA
81,2.2374632358551025,"""[41.576786]""","""[0.0020726398]""",52.318355560302734,0.9116869568824768,"""[[-0.]]""","""[[-0.]]""",NA,NA,NA,NA,NA,NA,NA
82,2.006061315536499,"""[41.57461]""","""[0.0020838436]""",51.695491790771484,0.9114485383033752,"""[[-0.]]""","""[[-0.]]""",NA,NA,NA,NA,NA,NA,NA
83,2.115285873413086,"""[41.568237]""","""[0.0020958795]""",52.05000686645508,0.9111993908882141,"""[[-0.]]""","""[[-0.]]""",NA,NA,NA,NA,NA,NA,NA
84,1.7738032341003418,"""[41.56681]""","""[0.0021066219]""",51.7978515625,0.9109703898429871,"""[[-0.]]""","""[[-0.]]""",NA,NA,NA,NA,NA,NA,NA
85,1.1775827407836914,"""[41.566574]""","""[0.0021166583]""",52.02359390258789,0.9107545614242554,"""[[-0.]]""","""[[-0.]]""",NA,NA,NA,NA,NA,NA,NA
86,0.1897573471069336,"""[41.565464]""","""[0.0021256506]""",51.65221405029297,0.9105616807937622,"""[[-0.]]""","""[[-0.]]""",NA,NA,NA,NA,NA,NA,NA
87,-0.9226541519165039,"""[41.55872]""","""[0.0021344651]""",52.34699630737305,0.910381019115448,"""[[-0.]]""","""[[-0.]]""",NA,NA,NA,NA,NA,NA,NA
88,-2.538743495941162,"""[41.540016]""","""[0.0021418373]""",51.82189178466797,0.9102474451065063,"""[[-0.]]""","""[[-0.]]""",NA,NA,NA,NA,NA,NA,NA
89,-3.6811962127685547,"""[41.516914]""","""[0.0021515281]""",51.69527053833008,0.9100728631019592,"""[[-0.]]""","""[[-0.]]""",NA,NA,NA,NA,NA,NA,NA
90,-4.480803966522217,"""[41.494965]""","""[0.0021627788]""",51.48849105834961,0.9098652005195618,"""[[-0.]]""","""[[-0.]]""",NA,NA,NA,NA,NA,NA,NA
91,-5.171095371246338,"""[41.472584]""","""[0.0021744038]""",51.545082092285156,0.909650981426239,"""[[-0.]]""","""[[-0.]]""",NA,NA,NA,NA,NA,NA,NA
92,-5.686887741088867,"""[41.45277]""","""[0.002186715]""",52.438175201416016,0.9094196557998657,"""[[-0.]]""","""[[-0.]]""",NA,NA,NA,NA,NA,NA,NA
93,-5.609760761260986,"""[41.44889]""","""[0.0022019697]""",53.381343841552734,0.9091058373451233,"""[[-0.]]""","""[[-0.]]""",NA,NA,NA,NA,NA,NA,NA
94,-6.572005271911621,"""[41.41393]""","""[0.0022113747]""",51.756568908691406,0.9089570641517639,"""[[-0.]]""","""[[-0.]]""",NA,NA,NA,NA,NA,NA,NA
95,-7.1613359451293945,"""[41.38786]""","""[0.0022228542]""",54.51509475708008,0.908753514289856,"""[[-0.]]""","""[[-0.]]""",NA,NA,NA,NA,NA,NA,NA
96,-6.722443580627441,"""[41.396614]""","""[0.0022405996]""",51.6771354675293,0.9083730578422546,"""[[-0.]]""","""[[-0.]]""",NA,NA,NA,NA,NA,NA,NA
97,-6.099713325500488,"""[41.409473]""","""[0.002259459]""",51.37596893310547,0.9079650044441223,"""[[-0.]]""","""[[-0.]]""",NA,NA,NA,NA,NA,NA,NA
98,-5.5999298095703125,"""[41.416668]""","""[0.0022775605]""",51.834930419921875,0.9075818061828613,"""[[-0.]]""","""[[-0.]]""",NA,NA,NA,NA,NA,NA,NA
99,-5.749834060668945,"""[41.405647]""","""[0.002291702]""",51.42048645019531,0.9073053598403931,"""[[-0.]]""","""[[-0.]]""",NA,NA,NA,NA,NA,NA,NA
100,-5.8385539054870605,"""[41.396072]""","""[0.0023060492]""",51.44524383544922,0.9070233702659607,"""[[-0.]]""","""[[-0.]]""",NA,NA,NA,NA,NA,NA,NA
101,-6.2443976402282715,"""[41.37723]""","""[0.0023183173]""",51.333221435546875,0.9067970514297485,"""[[-0.]]""","""[[-0.]]""",NA,NA,NA,NA,NA,NA,NA
102,-6.710872173309326,"""[41.35559]""","""[0.0023301]""",52.2635612487793,0.9065848588943481,"""[[-0.]]""","""[[-0.]]""",NA,NA,NA,NA,NA,NA,NA
103,-6.640721321105957,"""[41.3502]""","""[0.0023453624]""",51.3033561706543,0.9062800407409668,"""[[-0.]]""","""[[-0.]]""",NA,NA,NA,NA,NA,NA,NA
104,-6.720831871032715,"""[41.33992]""","""[0.002359537]""",51.616233825683594,0.9060045480728149,"""[[-0.]]""","""[[-0.]]""",NA,NA,NA,NA,NA,NA,NA
105,-7.311220645904541,"""[41.312664]""","""[0.0023701664]""",51.368072509765625,0.905824601650238,"""[[-0.]]""","""[[-0.]]""",NA,NA,NA,NA,NA,NA,NA
106,-8.214296340942383,"""[41.27188]""","""[0.0023785552]""",51.25167465209961,0.9057092070579529,"""[[-0.]]""","""[[-0.]]""",NA,NA,NA,NA,NA,NA,NA
107,-9.09244155883789,"""[41.22814]""","""[0.0023871677]""",51.40790557861328,0.9055941700935364,"""[[-0.]]""","""[[-0.]]""",NA,NA,NA,NA,NA,NA,NA
108,-9.761507034301758,"""[41.190327]""","""[0.0023974546]""",51.762271881103516,0.905437707901001,"""[[-0.]]""","""[[-0.]]""",NA,NA,NA,NA,NA,NA,NA
109,-11.083024978637695,"""[41.11698]""","""[0.0024019987]""",51.37670135498047,0.9054473638534546,"""[[-0.]]""","""[[-0.]]""",NA,NA,NA,NA,NA,NA,NA
110,-12.8582763671875,"""[41.007206]""","""[0.0024023529]""",53.64750289916992,0.9055944681167603,"""[[-0.]]""","""[[-0.]]""",NA,NA,NA,NA,NA,NA,NA
111,-13.701217651367188,"""[40.94569]""","""[0.0024126063]""",51.33443832397461,0.9054763317108154,"""[[-0.]]""","""[[-0.]]""",NA,NA,NA,NA,NA,NA,NA
112,-14.304222106933594,"""[40.897404]""","""[0.0024251703]""",53.01612091064453,0.9052934050559998,"""[[-0.]]""","""[[-0.]]""",NA,NA,NA,NA,NA,NA,NA
113,-14.179725646972656,"""[40.89868]""","""[0.0024460892]""",52.32044219970703,0.9048739075660706,"""[[-0.]]""","""[[-0.]]""",NA,NA,NA,NA,NA,NA,NA
114,-13.591994285583496,"""[40.930004]""","""[0.0024724777]""",51.09384536743164,0.9043042659759521,"""[[-0.]]""","""[[-0.]]""",NA,NA,NA,NA,NA,NA,NA
115,-13.04361629486084,"""[40.956066]""","""[0.0024983324]""",50.90805435180664,0.903754472732544,"""[[-0.]]""","""[[-0.]]""",NA,NA,NA,NA,NA,NA,NA
116,-12.786417007446289,"""[40.962578]""","""[0.0025205777]""",51.382564544677734,0.9033052325248718,"""[[-0.]]""","""[[-0.]]""",NA,NA,NA,NA,NA,NA,NA
117,-12.388553619384766,"""[40.976177]""","""[0.002544363]""",53.89155197143555,0.9028167724609375,"""[[-0.]]""","""[[-0.]]""",NA,NA,NA,NA,NA,NA,NA
118,-11.202118873596191,"""[41.029564]""","""[0.0025777512]""",51.565067291259766,0.9020867943763733,"""[[-0.]]""","""[[-0.]]""",NA,NA,NA,NA,NA,NA,NA
119,-9.86591911315918,"""[41.081055]""","""[0.002613472]""",51.223060607910156,0.901319146156311,"""[[-0.]]""","""[[-0.]]""",NA,NA,NA,NA,NA,NA,NA
120,-9.12839126586914,"""[41.099907]""","""[0.0026431757]""",51.38676452636719,0.9007177948951721,"""[[-0.]]""","""[[-0.]]""",NA,NA,NA,NA,NA,NA,NA
121,-9.017574310302734,"""[41.09223]""","""[0.002666233]""",52.15742492675781,0.9002834558486938,"""[[-0.]]""","""[[-0.]]""",NA,NA,NA,NA,NA,NA,NA
122,-8.402560234069824,"""[41.10245]""","""[0.0026942703]""",51.72831726074219,0.8997300863265991,"""[[-0.]]""","""[[-0.]]""",NA,NA,NA,NA,NA,NA,NA
123,-7.510627746582031,"""[41.118908]""","""[0.00272517]""",51.170780181884766,0.899116039276123,"""[[-0.]]""","""[[-0.]]""",NA,NA,NA,NA,NA,NA,NA
124,-6.641307830810547,"""[41.130386]""","""[0.0027559618]""",53.036563873291016,0.8985142707824707,"""[[-0.]]""","""[[-0.]]""",NA,NA,NA,NA,NA,NA,NA
125,-5.0934295654296875,"""[41.15219]""","""[0.0027934986]""",51.223548889160156,0.8977764248847961,"""[[-0.]]""","""[[-0.]]""",NA,NA,NA,NA,NA,NA,NA
126,-4.020854949951172,"""[41.156113]""","""[0.0028274902]""",51.53008270263672,0.8971347808837891,"""[[-0.]]""","""[[-0.]]""",NA,NA,NA,NA,NA,NA,NA
127,-2.6921730041503906,"""[41.1572]""","""[0.0028635897]""",51.15384292602539,0.8964635729789734,"""[[-0.]]""","""[[-0.]]""",NA,NA,NA,NA,NA,NA,NA
128,-1.4020781517028809,"""[41.15032]""","""[0.0028995876]""",51.28751754760742,0.8958107829093933,"""[[-0.]]""","""[[-0.]]""",NA,NA,NA,NA,NA,NA,NA
129,0.016198158264160156,"""[41.13615]""","""[0.0029364538]""",51.27076721191406,0.8951585292816162,"""[[-0.]]""","""[[-0.]]""",NA,NA,NA,NA,NA,NA,NA
130,1.0127935409545898,"""[41.116173]""","""[0.0029710382]""",51.30638122558594,0.894559383392334,"""[[-0.]]""","""[[-0.]]""",NA,NA,NA,NA,NA,NA,NA
131,1.635693073272705,"""[41.094955]""","""[0.0030034843]""",51.48644256591797,0.8940017223358154,"""[[-0.]]""","""[[-0.]]""",NA,NA,NA,NA,NA,NA,NA
132,2.6269326210021973,"""[41.068108]""","""[0.0030368418]""",51.46784210205078,0.8934407830238342,"""[[-0.]]""","""[[-0.]]""",NA,NA,NA,NA,NA,NA,NA
133,3.147733688354492,"""[41.04374]""","""[0.0030681365]""",51.13118362426758,0.8929129242897034,"""[[-0.]]""","""[[-0.]]""",NA,NA,NA,NA,NA,NA,NA
134,3.4347400665283203,"""[41.02144]""","""[0.003098035]""",54.095035552978516,0.8924070000648499,"""[[-0.]]""","""[[-0.]]""",NA,NA,NA,NA,NA,NA,NA
135,2.6237430572509766,"""[41.01237]""","""[0.003124557]""",51.278324127197266,0.891934871673584,"""[[-0.]]""","""[[-0.]]""",NA,NA,NA,NA,NA,NA,NA
136,2.3227882385253906,"""[40.995907]""","""[0.0031520044]""",51.243080139160156,0.8914616107940674,"""[[-0.]]""","""[[-0.]]""",NA,NA,NA,NA,NA,NA,NA
137,1.7545795440673828,"""[40.9807]""","""[0.0031778226]""",51.72296905517578,0.8910140991210938,"""[[-0.]]""","""[[-0.]]""",NA,NA,NA,NA,NA,NA,NA
138,1.8355674743652344,"""[40.95966]""","""[0.0032054794]""",50.901180267333984,0.8905476927757263,"""[[-0.]]""","""[[-0.]]""",NA,NA,NA,NA,NA,NA,NA
139,1.9907727241516113,"""[40.937588]""","""[0.0032327143]""",51.356117248535156,0.8900914788246155,"""[[-0.]]""","""[[-0.]]""",NA,NA,NA,NA,NA,NA,NA
140,1.7310295104980469,"""[40.918316]""","""[0.003257671]""",51.45751190185547,0.8896682262420654,"""[[-0.]]""","""[[-0.]]""",NA,NA,NA,NA,NA,NA,NA
141,1.0492196083068848,"""[40.900784]""","""[0.003280262]""",50.83536148071289,0.8892810940742493,"""[[-0.]]""","""[[-0.]]""",NA,NA,NA,NA,NA,NA,NA
142,0.45372629165649414,"""[40.880882]""","""[0.0033026116]""",50.869388580322266,0.888902485370636,"""[[-0.]]""","""[[-0.]]""",NA,NA,NA,NA,NA,NA,NA
143,-0.21060752868652344,"""[40.859253]""","""[0.003323882]""",51.10858917236328,0.8885448575019836,"""[[-0.]]""","""[[-0.]]""",NA,NA,NA,NA,NA,NA,NA
144,-1.1431074142456055,"""[40.83485]""","""[0.0033428117]""",50.83903121948242,0.8882302045822144,"""[[-0.]]""","""[[-0.]]""",NA,NA,NA,NA,NA,NA,NA
145,-1.8344535827636719,"""[40.808346]""","""[0.0033626545]""",50.79709243774414,0.8879045248031616,"""[[-0.]]""","""[[-0.]]""",NA,NA,NA,NA,NA,NA,NA
146,-2.3401107788085938,"""[40.78113]""","""[0.0033830118]""",50.71712875366211,0.8875719308853149,"""[[-0.]]""","""[[-0.]]""",NA,NA,NA,NA,NA,NA,NA
147,-2.7944562435150146,"""[40.75307]""","""[0.0034027775]""",50.69169616699219,0.8872504234313965,"""[[-0.]]""","""[[-0.]]""",NA,NA,NA,NA,NA,NA,NA
148,-3.1978468894958496,"""[40.72436]""","""[0.0034219294]""",51.39268493652344,0.8869399428367615,"""[[-0.]]""","""[[-0.]]""",NA,NA,NA,NA,NA,NA,NA
149,-3.0912132263183594,"""[40.700127]""","""[0.003445014]""",50.665592193603516,0.8865580558776855,"""[[-0.]]""","""[[-0.]]""",NA,NA,NA,NA,NA,NA,NA
150,-2.93465518951416,"""[40.6759]""","""[0.0034675326]""",50.63459777832031,0.8861854672431946,"""[[-0.]]""","""[[-0.]]""",NA,NA,NA,NA,NA,NA,NA
151,-2.7442808151245117,"""[40.651447]""","""[0.0034893146]""",50.73566818237305,0.8858252167701721,"""[[-0.]]""","""[[-0.]]""",NA,NA,NA,NA,NA,NA,NA
152,-2.8566274642944336,"""[40.623856]""","""[0.0035069445]""",51.41676330566406,0.8855364918708801,"""[[-0.]]""","""[[-0.]]""",NA,NA,NA,NA,NA,NA,NA
153,-2.433577537536621,"""[40.60035]""","""[0.003528925]""",51.7624626159668,0.8851714134216309,"""[[-0.]]""","""[[-0.]]""",NA,NA,NA,NA,NA,NA,NA
154,-1.4586009979248047,"""[40.57841]""","""[0.0035554457]""",51.67750549316406,0.8847320675849915,"""[[-0.]]""","""[[-0.]]""",NA,NA,NA,NA,NA,NA,NA
155,-1.2371201515197754,"""[40.551514]""","""[0.0035742128]""",51.26549530029297,0.8844244480133057,"""[[-0.]]""","""[[-0.]]""",NA,NA,NA,NA,NA,NA,NA
156,-1.5945625305175781,"""[40.521946]""","""[0.0035863086]""",50.49296569824219,0.8842253684997559,"""[[-0.]]""","""[[-0.]]""",NA,NA,NA,NA,NA,NA,NA
157,-1.8194713592529297,"""[40.492317]""","""[0.0035980507]""",50.49086380004883,0.8840316534042358,"""[[-0.]]""","""[[-0.]]""",NA,NA,NA,NA,NA,NA,NA
158,-1.889801025390625,"""[40.463093]""","""[0.0036096706]""",50.41691207885742,0.8838386535644531,"""[[-0.]]""","""[[-0.]]""",NA,NA,NA,NA,NA,NA,NA
159,-2.064363479614258,"""[40.432915]""","""[0.003618481]""",50.36210632324219,0.8836906552314758,"""[[-0.]]""","""[[-0.]]""",NA,NA,NA,NA,NA,NA,NA
160,-2.2720561027526855,"""[40.402115]""","""[0.0036251168]""",50.640037536621094,0.8835771083831787,"""[[-0.]]""","""[[-0.]]""",NA,NA,NA,NA,NA,NA,NA
161,-2.178485870361328,"""[40.373055]""","""[0.0036333394]""",51.11009216308594,0.8834353089332581,"""[[-0.]]""","""[[-0.]]""",NA,NA,NA,NA,NA,NA,NA
162,-2.6285080909729004,"""[40.3399]""","""[0.0036335874]""",50.30751037597656,0.8834245800971985,"""[[-0.]]""","""[[-0.]]""",NA,NA,NA,NA,NA,NA,NA
163,-2.9606075286865234,"""[40.30685]""","""[0.0036330842]""",50.449554443359375,0.8834247589111328,"""[[-0.]]""","""[[-0.]]""",NA,NA,NA,NA,NA,NA,NA
164,-3.0400736331939697,"""[40.27574]""","""[0.0036336537]""",50.204925537109375,0.8834042549133301,"""[[-0.]]""","""[[-0.]]""",NA,NA,NA,NA,NA,NA,NA
165,-3.1788816452026367,"""[40.243835]""","""[0.0036311608]""",50.33794403076172,0.8834323883056641,"""[[-0.]]""","""[[-0.]]""",NA,NA,NA,NA,NA,NA,NA
166,-3.1144134998321533,"""[40.21378]""","""[0.0036290176]""",50.244422912597656,0.8834514021873474,"""[[-0.]]""","""[[-0.]]""",NA,NA,NA,NA,NA,NA,NA
167,-3.2757606506347656,"""[40.18123]""","""[0.0036211824]""",50.89257049560547,0.883563220500946,"""[[-0.]]""","""[[-0.]]""",NA,NA,NA,NA,NA,NA,NA
168,-2.9670867919921875,"""[40.153374]""","""[0.0036174916]""",50.836814880371094,0.8836016654968262,"""[[-0.]]""","""[[-0.]]""",NA,NA,NA,NA,NA,NA,NA
169,-3.2139663696289062,"""[40.119614]""","""[0.0036030093]""",50.05316162109375,0.883819043636322,"""[[-0.]]""","""[[-0.]]""",NA,NA,NA,NA,NA,NA,NA
170,-3.4380717277526855,"""[40.08597]""","""[0.0035862273]""",50.67649841308594,0.8840728998184204,"""[[-0.]]""","""[[-0.]]""",NA,NA,NA,NA,NA,NA,NA
171,-4.150545597076416,"""[40.04533]""","""[0.0035584837]""",49.97654724121094,0.8845121264457703,"""[[-0.]]""","""[[-0.]]""",NA,NA,NA,NA,NA,NA,NA
172,-4.874330520629883,"""[40.002594]""","""[0.0035276674]""",51.21677017211914,0.8850062489509583,"""[[-0.]]""","""[[-0.]]""",NA,NA,NA,NA,NA,NA,NA
173,-4.971344470977783,"""[39.970173]""","""[0.0035065725]""",52.21839141845703,0.8853310346603394,"""[[-0.]]""","""[[-0.]]""",NA,NA,NA,NA,NA,NA,NA
174,-4.277240753173828,"""[39.95203]""","""[0.0034997691]""",49.88317108154297,0.8854060173034668,"""[[-0.]]""","""[[-0.]]""",NA,NA,NA,NA,NA,NA,NA
175,-3.699826240539551,"""[39.931034]""","""[0.0034878312]""",50.83793640136719,0.8855690956115723,"""[[-0.]]""","""[[-0.]]""",NA,NA,NA,NA,NA,NA,NA
176,-2.6465225219726562,"""[39.91426]""","""[0.003481543]""",51.27126693725586,0.8856368064880371,"""[[-0.]]""","""[[-0.]]""",NA,NA,NA,NA,NA,NA,NA
177,-1.1162283420562744,"""[39.895954]""","""[0.0034800183]""",49.85222625732422,0.8856342434883118,"""[[-0.]]""","""[[-0.]]""",NA,NA,NA,NA,NA,NA,NA
178,0.1543583869934082,"""[39.87005]""","""[0.0034727212]""",50.56748962402344,0.8857400417327881,"""[[-0.]]""","""[[-0.]]""",NA,NA,NA,NA,NA,NA,NA
179,0.792905330657959,"""[39.841938]""","""[0.0034563062]""",50.00369644165039,0.8859963417053223,"""[[-0.]]""","""[[-0.]]""",NA,NA,NA,NA,NA,NA,NA
180,1.6548137664794922,"""[39.811554]""","""[0.0034380737]""",49.94502258300781,0.8862897753715515,"""[[-0.]]""","""[[-0.]]""",NA,NA,NA,NA,NA,NA,NA
181,2.7116551399230957,"""[39.776768]""","""[0.0034170311]""",50.18059539794922,0.8866403698921204,"""[[-0.]]""","""[[-0.]]""",NA,NA,NA,NA,NA,NA,NA
182,4.077482223510742,"""[39.733017]""","""[0.0033927592]""",50.84858703613281,0.8870645761489868,"""[[-0.]]""","""[[-0.]]""",NA,NA,NA,NA,NA,NA,NA
183,4.776054859161377,"""[39.69694]""","""[0.003366501]""",49.99248504638672,0.8875089883804321,"""[[-0.]]""","""[[-0.]]""",NA,NA,NA,NA,NA,NA,NA
184,5.166151523590088,"""[39.666733]""","""[0.003337718]""",50.032012939453125,0.8879871368408203,"""[[-0.]]""","""[[-0.]]""",NA,NA,NA,NA,NA,NA,NA
185,5.259207725524902,"""[39.644184]""","""[0.0033084394]""",50.41630554199219,0.8884639143943787,"""[[-0.]]""","""[[-0.]]""",NA,NA,NA,NA,NA,NA,NA
186,5.9021100997924805,"""[39.60897]""","""[0.003272753]""",49.548606872558594,0.8890764117240906,"""[[-0.]]""","""[[-0.]]""",NA,NA,NA,NA,NA,NA,NA
187,6.541999816894531,"""[39.572765]""","""[0.0032340803]""",49.510406494140625,0.8897462487220764,"""[[-0.]]""","""[[-0.]]""",NA,NA,NA,NA,NA,NA,NA
188,7.198341369628906,"""[39.53485]""","""[0.0031923603]""",52.754051208496094,0.8904771208763123,"""[[-0.]]""","""[[-0.]]""",NA,NA,NA,NA,NA,NA,NA
189,6.994009971618652,"""[39.52597]""","""[0.0031628695]""",49.52544021606445,0.8909559845924377,"""[[-0.]]""","""[[-0.]]""",NA,NA,NA,NA,NA,NA,NA
190,7.070016860961914,"""[39.509052]""","""[0.0031273232]""",49.953643798828125,0.8915576934814453,"""[[-0.]]""","""[[-0.]]""",NA,NA,NA,NA,NA,NA,NA
191,6.868202209472656,"""[39.502888]""","""[0.0030953502]""",49.561546325683594,0.8920854330062866,"""[[-0.]]""","""[[-0.]]""",NA,NA,NA,NA,NA,NA,NA
192,7.004278182983398,"""[39.48663]""","""[0.0030572866]""",49.955406188964844,0.8927421569824219,"""[[-0.]]""","""[[-0.]]""",NA,NA,NA,NA,NA,NA,NA
193,7.631991386413574,"""[39.453503]""","""[0.0030120404]""",49.44243621826172,0.8935614228248596,"""[[-0.]]""","""[[-0.]]""",NA,NA,NA,NA,NA,NA,NA
194,8.215065956115723,"""[39.42094]""","""[0.0029678699]""",49.98537063598633,0.8943698406219482,"""[[-0.]]""","""[[-0.]]""",NA,NA,NA,NA,NA,NA,NA
195,8.44744873046875,"""[39.402412]""","""[0.00292825]""",49.67183303833008,0.8950808048248291,"""[[-0.]]""","""[[-0.]]""",NA,NA,NA,NA,NA,NA,NA
196,8.49968147277832,"""[39.39266]""","""[0.002892976]""",50.09397888183594,0.8957068920135498,"""[[-0.]]""","""[[-0.]]""",NA,NA,NA,NA,NA,NA,NA
197,8.244112014770508,"""[39.398]""","""[0.0028677257]""",49.52076721191406,0.8961349725723267,"""[[-0.]]""","""[[-0.]]""",NA,NA,NA,NA,NA,NA,NA
198,7.921247959136963,"""[39.407406]""","""[0.0028475162]""",49.405975341796875,0.8964707255363464,"""[[-0.]]""","""[[-0.]]""",NA,NA,NA,NA,NA,NA,NA
199,7.919610977172852,"""[39.404167]""","""[0.0028237319]""",49.70563507080078,0.8968965411186218,"""[[-0.]]""","""[[-0.]]""",NA,NA,NA,NA,NA,NA,NA
200,7.746901512145996,"""[39.40896]""","""[0.0028051105]""",51.417991638183594,0.897218644618988,"""[[-0.]]""","""[[-0.]]""",NA,NA,NA,NA,NA,NA,NA
201,6.961045265197754,"""[39.438446]""","""[0.002797867]""",51.661434173583984,0.8972945213317871,"""[[-0.]]""","""[[-0.]]""",NA,NA,NA,NA,NA,NA,NA
202,5.595076560974121,"""[39.48459]""","""[0.0028079336]""",52.49739456176758,0.8970310688018799,"""[[-0.]]""","""[[-0.]]""",NA,NA,NA,NA,NA,NA,NA
203,3.5543928146362305,"""[39.536987]""","""[0.0028378682]""",50.007545471191406,0.8964017629623413,"""[[-0.]]""","""[[-0.]]""",NA,NA,NA,NA,NA,NA,NA
204,2.2073020935058594,"""[39.560684]""","""[0.0028703727]""",50.569435119628906,0.8957821130752563,"""[[-0.]]""","""[[-0.]]""",NA,NA,NA,NA,NA,NA,NA
205,0.49552345275878906,"""[39.57823]""","""[0.0028978535]""",49.73463821411133,0.8952642679214478,"""[[-0.]]""","""[[-0.]]""",NA,NA,NA,NA,NA,NA,NA
206,-0.7621464729309082,"""[39.58255]""","""[0.002933464]""",50.837646484375,0.8946312665939331,"""[[-0.]]""","""[[-0.]]""",NA,NA,NA,NA,NA,NA,NA
207,-1.2278485298156738,"""[39.582348]""","""[0.0029895985]""",49.84564208984375,0.8936555981636047,"""[[-0.]]""","""[[-0.]]""",NA,NA,NA,NA,NA,NA,NA
208,-1.962100625038147,"""[39.580006]""","""[0.0030359477]""",49.55488586425781,0.8928607106208801,"""[[-0.]]""","""[[-0.]]""",NA,NA,NA,NA,NA,NA,NA
209,-2.539255142211914,"""[39.576576]""","""[0.0030842905]""",49.51524353027344,0.8920406103134155,"""[[-0.]]""","""[[-0.]]""",NA,NA,NA,NA,NA,NA,NA
210,-3.0790462493896484,"""[39.57212]""","""[0.0031312155]""",50.81343460083008,0.8912531137466431,"""[[-0.]]""","""[[-0.]]""",NA,NA,NA,NA,NA,NA,NA
211,-4.2256951332092285,"""[39.55844]""","""[0.0031564122]""",49.55870819091797,0.8908528089523315,"""[[-0.]]""","""[[-0.]]""",NA,NA,NA,NA,NA,NA,NA
212,-5.462325096130371,"""[39.537464]""","""[0.003175114]""",49.478057861328125,0.8905768394470215,"""[[-0.]]""","""[[-0.]]""",NA,NA,NA,NA,NA,NA,NA
213,-6.6219305992126465,"""[39.512024]""","""[0.0031938744]""",49.6678581237793,0.8903098106384277,"""[[-0.]]""","""[[-0.]]""",NA,NA,NA,NA,NA,NA,NA
214,-7.514218330383301,"""[39.489006]""","""[0.0032213852]""",49.64545440673828,0.8898947834968567,"""[[-0.]]""","""[[-0.]]""",NA,NA,NA,NA,NA,NA,NA
215,-8.16879653930664,"""[39.470657]""","""[0.0032588504]""",49.58411407470703,0.8893092274665833,"""[[-0.]]""","""[[-0.]]""",NA,NA,NA,NA,NA,NA,NA
216,-8.651140213012695,"""[39.456768]""","""[0.003304193]""",50.63419723510742,0.8885904550552368,"""[[-0.]]""","""[[-0.]]""",NA,NA,NA,NA,NA,NA,NA
217,-8.577713966369629,"""[39.461826]""","""[0.003382247]""",49.61331558227539,0.8873114585876465,"""[[-0.]]""","""[[-0.]]""",NA,NA,NA,NA,NA,NA,NA
218,-8.380730628967285,"""[39.47074]""","""[0.0034660164]""",49.431888580322266,0.8859493732452393,"""[[-0.]]""","""[[-0.]]""",NA,NA,NA,NA,NA,NA,NA
219,-8.231409072875977,"""[39.477665]""","""[0.0035434042]""",49.759727478027344,0.8847090005874634,"""[[-0.]]""","""[[-0.]]""",NA,NA,NA,NA,NA,NA,NA
220,-7.899640083312988,"""[39.489502]""","""[0.0036256781]""",49.655433654785156,0.8833971619606018,"""[[-0.]]""","""[[-0.]]""",NA,NA,NA,NA,NA,NA,NA
221,-7.9738359451293945,"""[39.489002]""","""[0.0036804888]""",50.6236457824707,0.8825482130050659,"""[[-0.]]""","""[[-0.]]""",NA,NA,NA,NA,NA,NA,NA
222,-7.552304267883301,"""[39.50229]""","""[0.0037601404]""",49.462955474853516,0.881298840045929,"""[[-0.]]""","""[[-0.]]""",NA,NA,NA,NA,NA,NA,NA
223,-7.375782012939453,"""[39.508213]""","""[0.003822834]""",49.47260284423828,0.8803339600563049,"""[[-0.]]""","""[[-0.]]""",NA,NA,NA,NA,NA,NA,NA
224,-7.413304805755615,"""[39.508442]""","""[0.0038714309]""",49.74103546142578,0.8796003460884094,"""[[-0.]]""","""[[-0.]]""",NA,NA,NA,NA,NA,NA,NA
225,-7.228064060211182,"""[39.514194]""","""[0.003929165]""",49.462486267089844,0.8787242770195007,"""[[-0.]]""","""[[-0.]]""",NA,NA,NA,NA,NA,NA,NA
226,-7.073670864105225,"""[39.518856]""","""[0.0039827307]""",49.474037170410156,0.8779187202453613,"""[[-0.]]""","""[[-0.]]""",NA,NA,NA,NA,NA,NA,NA
227,-7.124745845794678,"""[39.51849]""","""[0.004023835]""",49.49789047241211,0.8773123025894165,"""[[-0.]]""","""[[-0.]]""",NA,NA,NA,NA,NA,NA,NA
228,-7.137049674987793,"""[39.518917]""","""[0.0040641767]""",49.68135070800781,0.8767188191413879,"""[[-0.]]""","""[[-0.]]""",NA,NA,NA,NA,NA,NA,NA
229,-6.9959282875061035,"""[39.522747]""","""[0.0041098953]""",49.440940856933594,0.8760428428649902,"""[[-0.]]""","""[[-0.]]""",NA,NA,NA,NA,NA,NA,NA
230,-6.953907489776611,"""[39.524117]""","""[0.004148345]""",49.45376968383789,0.875481128692627,"""[[-0.]]""","""[[-0.]]""",NA,NA,NA,NA,NA,NA,NA
231,-6.948634147644043,"""[39.524555]""","""[0.004182861]""",49.69214630126953,0.8749807476997375,"""[[-0.]]""","""[[-0.]]""",NA,NA,NA,NA,NA,NA,NA
232,-6.763792991638184,"""[39.52885]""","""[0.0042247437]""",49.855987548828125,0.8743686079978943,"""[[-0.]]""","""[[-0.]]""",NA,NA,NA,NA,NA,NA,NA
233,-6.341665267944336,"""[39.537746]""","""[0.0042771497]""",49.46226501464844,0.8735998272895813,"""[[-0.]]""","""[[-0.]]""",NA,NA,NA,NA,NA,NA,NA
234,-6.092071533203125,"""[39.542633]""","""[0.004320055]""",51.91637420654297,0.8729788064956665,"""[[-0.]]""","""[[-0.]]""",NA,NA,NA,NA,NA,NA,NA
235,-5.11658239364624,"""[39.55906]""","""[0.0043933634]""",49.748191833496094,0.8719087243080139,"""[[-0.]]""","""[[-0.]]""",NA,NA,NA,NA,NA,NA,NA
236,-4.584254741668701,"""[39.566494]""","""[0.0044482322]""",49.67403030395508,0.8711235523223877,"""[[-0.]]""","""[[-0.]]""",NA,NA,NA,NA,NA,NA,NA
237,-3.9210920333862305,"""[39.574303]""","""[0.0045071375]""",49.50056838989258,0.8702868819236755,"""[[-0.]]""","""[[-0.]]""",NA,NA,NA,NA,NA,NA,NA
238,-3.299001693725586,"""[39.5802]""","""[0.0045630927]""",49.508243560791016,0.8695005774497986,"""[[-0.]]""","""[[-0.]]""",NA,NA,NA,NA,NA,NA,NA
239,-2.6915106773376465,"""[39.58465]""","""[0.004616612]""",49.722206115722656,0.8687556982040405,"""[[-0.]]""","""[[-0.]]""",NA,NA,NA,NA,NA,NA,NA
240,-2.41251540184021,"""[39.586063]""","""[0.0046570245]""",49.50315856933594,0.8681995868682861,"""[[-0.]]""","""[[-0.]]""",NA,NA,NA,NA,NA,NA,NA
241,-2.129927158355713,"""[39.587196]""","""[0.0046957796]""",49.55322265625,0.8676691651344299,"""[[-0.]]""","""[[-0.]]""",NA,NA,NA,NA,NA,NA,NA
242,-1.7676703929901123,"""[39.588364]""","""[0.0047356603]""",49.762718200683594,0.867125928401947,"""[[-0.]]""","""[[-0.]]""",NA,NA,NA,NA,NA,NA,NA
243,-1.7303810119628906,"""[39.58811]""","""[0.0047658905]""",51.58121871948242,0.8667172789573669,"""[[-0.]]""","""[[-0.]]""",NA,NA,NA,NA,NA,NA,NA
244,-0.9603214263916016,"""[39.58944]""","""[0.004811508]""",49.53447723388672,0.8661019206047058,"""[[-0.]]""","""[[-0.]]""",NA,NA,NA,NA,NA,NA,NA
245,-0.16090106964111328,"""[39.588985]""","""[0.0048572496]""",49.68206787109375,0.8654921650886536,"""[[-0.]]""","""[[-0.]]""",NA,NA,NA,NA,NA,NA,NA
246,0.3522815704345703,"""[39.587578]""","""[0.004896697]""",49.5319709777832,0.8649706244468689,"""[[-0.]]""","""[[-0.]]""",NA,NA,NA,NA,NA,NA,NA
247,0.7183151245117188,"""[39.586025]""","""[0.004933046]""",51.36411666870117,0.8644923567771912,"""[[-0.]]""","""[[-0.]]""",NA,NA,NA,NA,NA,NA,NA
248,1.787642478942871,"""[39.580135]""","""[0.00498246]""",50.45850372314453,0.8638567924499512,"""[[-0.]]""","""[[-0.]]""",NA,NA,NA,NA,NA,NA,NA
249,2.30527400970459,"""[39.576153]""","""[0.005025858]""",49.87950134277344,0.8632975220680237,"""[[-0.]]""","""[[-0.]]""",NA,NA,NA,NA,NA,NA,NA
250,3.1499810218811035,"""[39.56816]""","""[0.0050724787]""",49.589115142822266,0.8627098202705383,"""[[-0.]]""","""[[-0.]]""",NA,NA,NA,NA,NA,NA,NA
251,3.7774887084960938,"""[39.561012]""","""[0.0051158415]""",50.07027816772461,0.8621648550033569,"""[[-0.]]""","""[[-0.]]""",NA,NA,NA,NA,NA,NA,NA
252,4.804378986358643,"""[39.547028]""","""[0.0051608263]""",49.53976821899414,0.8616198897361755,"""[[-0.]]""","""[[-0.]]""",NA,NA,NA,NA,NA,NA,NA
253,5.648855209350586,"""[39.53354]""","""[0.005204497]""",49.81078338623047,0.8610931634902954,"""[[-0.]]""","""[[-0.]]""",NA,NA,NA,NA,NA,NA,NA
254,6.143133163452148,"""[39.52497]""","""[0.0052461587]""",50.477291107177734,0.8605814576148987,"""[[-0.]]""","""[[-0.]]""",NA,NA,NA,NA,NA,NA,NA
255,6.158466339111328,"""[39.525173]""","""[0.0052894736]""",49.77998352050781,0.8600277900695801,"""[[-0.]]""","""[[-0.]]""",NA,NA,NA,NA,NA,NA,NA
256,5.948958396911621,"""[39.529453]""","""[0.00533207]""",49.688899993896484,0.8594747185707092,"""[[-0.]]""","""[[-0.]]""",NA,NA,NA,NA,NA,NA,NA
257,6.119014739990234,"""[39.526756]""","""[0.0053730244]""",50.58061218261719,0.8589633703231812,"""[[-0.]]""","""[[-0.]]""",NA,NA,NA,NA,NA,NA,NA
258,5.821741104125977,"""[39.532505]""","""[0.005416645]""",49.64091873168945,0.8583979606628418,"""[[-0.]]""","""[[-0.]]""",NA,NA,NA,NA,NA,NA,NA
259,5.404901504516602,"""[39.53982]""","""[0.0054593813]""",49.910823822021484,0.8578416705131531,"""[[-0.]]""","""[[-0.]]""",NA,NA,NA,NA,NA,NA,NA
260,4.731698989868164,"""[39.55022]""","""[0.0055007343]""",49.61624526977539,0.8572958111763,"""[[-0.]]""","""[[-0.]]""",NA,NA,NA,NA,NA,NA,NA
261,3.9820237159729004,"""[39.560143]""","""[0.0055411565]""",49.498741149902344,0.856764554977417,"""[[-0.]]""","""[[-0.]]""",NA,NA,NA,NA,NA,NA,NA
262,3.47617244720459,"""[39.565926]""","""[0.005581565]""",49.454734802246094,0.8562467098236084,"""[[-0.]]""","""[[-0.]]""",NA,NA,NA,NA,NA,NA,NA
263,3.078083038330078,"""[39.569954]""","""[0.0056222593]""",50.51982879638672,0.8557321429252625,"""[[-0.]]""","""[[-0.]]""",NA,NA,NA,NA,NA,NA,NA
264,2.222640037536621,"""[39.57693]""","""[0.005657062]""",49.464111328125,0.8552826642990112,"""[[-0.]]""","""[[-0.]]""",NA,NA,NA,NA,NA,NA,NA
265,1.4853277206420898,"""[39.581356]""","""[0.005693074]""",50.5479621887207,0.8548269867897034,"""[[-0.]]""","""[[-0.]]""",NA,NA,NA,NA,NA,NA,NA
266,1.3696155548095703,"""[39.58198]""","""[0.0057395324]""",50.33474349975586,0.8542571067810059,"""[[-0.]]""","""[[-0.]]""",NA,NA,NA,NA,NA,NA,NA
267,1.7791671752929688,"""[39.5799]""","""[0.0057916264]""",49.728641510009766,0.8536297678947449,"""[[-0.]]""","""[[-0.]]""",NA,NA,NA,NA,NA,NA,NA
268,1.9271154403686523,"""[39.579098]""","""[0.0058407234]""",49.720008850097656,0.8530377149581909,"""[[-0.]]""","""[[-0.]]""",NA,NA,NA,NA,NA,NA,NA
269,2.3791866302490234,"""[39.576225]""","""[0.0058936435]""",50.652366638183594,0.8524088263511658,"""[[-0.]]""","""[[-0.]]""",NA,NA,NA,NA,NA,NA,NA
270,2.2685914039611816,"""[39.577072]""","""[0.0059399796]""",49.48665237426758,0.8518503308296204,"""[[-0.]]""","""[[-0.]]""",NA,NA,NA,NA,NA,NA,NA
271,2.292093276977539,"""[39.57699]""","""[0.0059874663]""",50.400535583496094,0.8512832522392273,"""[[-0.]]""","""[[-0.]]""",NA,NA,NA,NA,NA,NA,NA
272,1.835953712463379,"""[39.57985]""","""[0.0060291863]""",50.837093353271484,0.850777804851532,"""[[-0.]]""","""[[-0.]]""",NA,NA,NA,NA,NA,NA,NA
273,0.8473162651062012,"""[39.58418]""","""[0.0060644257]""",49.56476593017578,0.8503456711769104,"""[[-0.]]""","""[[-0.]]""",NA,NA,NA,NA,NA,NA,NA
274,0.13292503356933594,"""[39.585808]""","""[0.006104602]""",49.89970779418945,0.8498647809028625,"""[[-0.]]""","""[[-0.]]""",NA,NA,NA,NA,NA,NA,NA
275,-0.16899371147155762,"""[39.58615]""","""[0.006152743]""",49.47705078125,0.8492965698242188,"""[[-0.]]""","""[[-0.]]""",NA,NA,NA,NA,NA,NA,NA
276,-0.37593841552734375,"""[39.586277]""","""[0.006202767]""",49.58015441894531,0.8487094640731812,"""[[-0.]]""","""[[-0.]]""",NA,NA,NA,NA,NA,NA,NA
277,-0.37773990631103516,"""[39.586327]""","""[0.0062559852]""",51.057674407958984,0.8480885028839111,"""[[-0.]]""","""[[-0.]]""",NA,NA,NA,NA,NA,NA,NA
278,0.2913827896118164,"""[39.585808]""","""[0.006320898]""",49.49781799316406,0.8473380208015442,"""[[-0.]]""","""[[-0.]]""",NA,NA,NA,NA,NA,NA,NA
279,1.017892837524414,"""[39.584064]""","""[0.006386753]""",49.794395446777344,0.846584677696228,"""[[-0.]]""","""[[-0.]]""",NA,NA,NA,NA,NA,NA,NA
280,1.4078388214111328,"""[39.58269]""","""[0.00644812]""",49.53935241699219,0.8458850979804993,"""[[-0.]]""","""[[-0.]]""",NA,NA,NA,NA,NA,NA,NA
281,1.6348628997802734,"""[39.581787]""","""[0.006507981]""",50.854835510253906,0.8452047109603882,"""[[-0.]]""","""[[-0.]]""",NA,NA,NA,NA,NA,NA,NA
282,1.237809658050537,"""[39.583614]""","""[0.0065623657]""",49.47364044189453,0.8445804715156555,"""[[-0.]]""","""[[-0.]]""",NA,NA,NA,NA,NA,NA,NA
283,0.9779415130615234,"""[39.584637]""","""[0.006618824]""",50.43821334838867,0.8439384698867798,"""[[-0.]]""","""[[-0.]]""",NA,NA,NA,NA,NA,NA,NA
284,0.2277069091796875,"""[39.58641]""","""[0.006666667]""",49.504554748535156,0.8433927297592163,"""[[-0.]]""","""[[-0.]]""",NA,NA,NA,NA,NA,NA,NA
285,-0.550534725189209,"""[39.586876]""","""[0.0067142444]""",49.457706451416016,0.8428558111190796,"""[[-0.]]""","""[[-0.]]""",NA,NA,NA,NA,NA,NA,NA
286,-1.220158576965332,"""[39.586197]""","""[0.00676434]""",50.023380279541016,0.8422965407371521,"""[[-0.]]""","""[[-0.]]""",NA,NA,NA,NA,NA,NA,NA
287,-2.244778633117676,"""[39.58325]""","""[0.0068118656]""",49.47136306762695,0.8417742848396301,"""[[-0.]]""","""[[-0.]]""",NA,NA,NA,NA,NA,NA,NA
288,-3.2689685821533203,"""[39.578007]""","""[0.0068596415]""",50.33843231201172,0.8412579894065857,"""[[-0.]]""","""[[-0.]]""",NA,NA,NA,NA,NA,NA,NA
289,-3.6985063552856445,"""[39.5753]""","""[0.006921345]""",49.44294738769531,0.8405842781066895,"""[[-0.]]""","""[[-0.]]""",NA,NA,NA,NA,NA,NA,NA
290,-4.167752742767334,"""[39.571907]""","""[0.0069824513]""",50.08659362792969,0.8399224877357483,"""[[-0.]]""","""[[-0.]]""",NA,NA,NA,NA,NA,NA,NA
291,-4.207817077636719,"""[39.57188]""","""[0.007053523]""",49.53355026245117,0.8391460180282593,"""[[-0.]]""","""[[-0.]]""",NA,NA,NA,NA,NA,NA,NA
292,-4.452210903167725,"""[39.570103]""","""[0.0071203294]""",49.50467300415039,0.8384250402450562,"""[[-0.]]""","""[[-0.]]""",NA,NA,NA,NA,NA,NA,NA
293,-4.862473487854004,"""[39.566654]""","""[0.0071831984]""",51.34083938598633,0.837755024433136,"""[[-0.]]""","""[[-0.]]""",NA,NA,NA,NA,NA,NA,NA
294,-4.542244911193848,"""[39.570007]""","""[0.007267625]""",49.61151123046875,0.8368378281593323,"""[[-0.]]""","""[[-0.]]""",NA,NA,NA,NA,NA,NA,NA
295,-4.534465789794922,"""[39.57045]""","""[0.0073459777]""",49.48989486694336,0.8359993696212769,"""[[-0.]]""","""[[-0.]]""",NA,NA,NA,NA,NA,NA,NA
296,-4.707703590393066,"""[39.569298]""","""[0.007420472]""",49.47635269165039,0.8352111577987671,"""[[-0.]]""","""[[-0.]]""",NA,NA,NA,NA,NA,NA,NA
297,-5.043307304382324,"""[39.566555]""","""[0.0074907895]""",49.936439514160156,0.8344761729240417,"""[[-0.]]""","""[[-0.]]""",NA,NA,NA,NA,NA,NA,NA
298,-5.015052795410156,"""[39.567265]""","""[0.0075721084]""",49.48439025878906,0.8336195945739746,"""[[-0.]]""","""[[-0.]]""",NA,NA,NA,NA,NA,NA,NA
299,-4.908090591430664,"""[39.568707]""","""[0.007656366]""",49.528656005859375,0.8327352404594421,"""[[-0.]]""","""[[-0.]]""",NA,NA,NA,NA,NA,NA,NA
300,-5.036523818969727,"""[39.567932]""","""[0.007734804]""",49.41791534423828,0.8319230079650879,"""[[-0.]]""","""[[-0.]]""",NA,NA,NA,NA,NA,NA,NA
301,-5.243826866149902,"""[39.566387]""","""[0.0078118807]""",51.37270736694336,0.8311315774917603,"""[[-0.]]""","""[[-0.]]""",NA,NA,NA,NA,NA,NA,NA
302,-4.71277379989624,"""[39.57164]""","""[0.007906633]""",49.45573425292969,0.83014315366745,"""[[-0.]]""","""[[-0.]]""",NA,NA,NA,NA,NA,NA,NA
303,-4.173335075378418,"""[39.57629]""","""[0.0080017885]""",49.78028106689453,0.8291587233543396,"""[[-0.]]""","""[[-0.]]""",NA,NA,NA,NA,NA,NA,NA
304,-4.061944007873535,"""[39.577423]""","""[0.008089014]""",49.477291107177734,0.8282711505889893,"""[[-0.]]""","""[[-0.]]""",NA,NA,NA,NA,NA,NA,NA
305,-3.8695931434631348,"""[39.57906]""","""[0.008178587]""",49.47725296020508,0.8273636698722839,"""[[-0.]]""","""[[-0.]]""",NA,NA,NA,NA,NA,NA,NA
306,-3.869235038757324,"""[39.57936]""","""[0.008265152]""",50.599212646484375,0.8264956474304199,"""[[-0.]]""","""[[-0.]]""",NA,NA,NA,NA,NA,NA,NA
307,-4.488311290740967,"""[39.575207]""","""[0.008337865]""",49.47438430786133,0.8257836699485779,"""[[-0.]]""","""[[-0.]]""",NA,NA,NA,NA,NA,NA,NA
308,-4.961489677429199,"""[39.571697]""","""[0.008415456]""",50.41474151611328,0.8250252604484558,"""[[-0.]]""","""[[-0.]]""",NA,NA,NA,NA,NA,NA,NA
309,-5.992866516113281,"""[39.56221]""","""[0.008477547]""",49.886375427246094,0.8244420886039734,"""[[-0.]]""","""[[-0.]]""",NA,NA,NA,NA,NA,NA,NA
310,-7.343344688415527,"""[39.54694]""","""[0.008533792]""",49.38362121582031,0.8239378929138184,"""[[-0.]]""","""[[-0.]]""",NA,NA,NA,NA,NA,NA,NA
311,-8.602005004882812,"""[39.529945]""","""[0.008593776]""",50.314697265625,0.8234056234359741,"""[[-0.]]""","""[[-0.]]""",NA,NA,NA,NA,NA,NA,NA
312,-9.309167861938477,"""[39.51964]""","""[0.008671599]""",49.68572235107422,0.8226811289787292,"""[[-0.]]""","""[[-0.]]""",NA,NA,NA,NA,NA,NA,NA
313,-9.779620170593262,"""[39.512745]""","""[0.008759947]""",49.395591735839844,0.8218481540679932,"""[[-0.]]""","""[[-0.]]""",NA,NA,NA,NA,NA,NA,NA
314,-10.438590049743652,"""[39.502182]""","""[0.008842635]""",49.32646560668945,0.821086585521698,"""[[-0.]]""","""[[-0.]]""",NA,NA,NA,NA,NA,NA,NA
315,-11.160990715026855,"""[39.48981]""","""[0.008923825]""",49.78358459472656,0.8203501105308533,"""[[-0.]]""","""[[-0.]]""",NA,NA,NA,NA,NA,NA,NA
316,-11.56014347076416,"""[39.483322]""","""[0.009017225]""",49.99974060058594,0.8194822072982788,"""[[-0.]]""","""[[-0.]]""",NA,NA,NA,NA,NA,NA,NA
317,-11.574719429016113,"""[39.48441]""","""[0.009122933]""",49.30662155151367,0.8184774518013,"""[[-0.]]""","""[[-0.]]""",NA,NA,NA,NA,NA,NA,NA
318,-11.681690216064453,"""[39.483673]""","""[0.009226533]""",49.42167663574219,0.8175051808357239,"""[[-0.]]""","""[[-0.]]""",NA,NA,NA,NA,NA,NA,NA
319,-12.109375953674316,"""[39.476467]""","""[0.009319646]""",49.52482986450195,0.8166589140892029,"""[[-0.]]""","""[[-0.]]""",NA,NA,NA,NA,NA,NA,NA
320,-12.366162300109863,"""[39.472622]""","""[0.009419013]""",49.50952911376953,0.8157482743263245,"""[[-0.]]""","""[[-0.]]""",NA,NA,NA,NA,NA,NA,NA
321,-12.465648651123047,"""[39.47205]""","""[0.009524962]""",49.4161262512207,0.8147709369659424,"""[[-0.]]""","""[[-0.]]""",NA,NA,NA,NA,NA,NA,NA
322,-12.899502754211426,"""[39.464462]""","""[0.009619631]""",49.31906509399414,0.8139277696609497,"""[[-0.]]""","""[[-0.]]""",NA,NA,NA,NA,NA,NA,NA
323,-13.554691314697266,"""[39.451878]""","""[0.0097083105]""",49.38953399658203,0.8131618499755859,"""[[-0.]]""","""[[-0.]]""",NA,NA,NA,NA,NA,NA,NA
324,-14.105076789855957,"""[39.441216]""","""[0.009802226]""",49.2894172668457,0.8123462796211243,"""[[-0.]]""","""[[-0.]]""",NA,NA,NA,NA,NA,NA,NA
325,-14.876370429992676,"""[39.424995]""","""[0.009889718]""",52.133392333984375,0.8116134405136108,"""[[-0.]]""","""[[-0.]]""",NA,NA,NA,NA,NA,NA,NA
326,-14.760041236877441,"""[39.429863]""","""[0.010012343]""",50.274269104003906,0.8104943037033081,"""[[-0.]]""","""[[-0.]]""",NA,NA,NA,NA,NA,NA,NA
327,-14.262306213378906,"""[39.443237]""","""[0.010149781]""",50.77657699584961,0.8092197179794312,"""[[-0.]]""","""[[-0.]]""",NA,NA,NA,NA,NA,NA,NA
328,-13.290546417236328,"""[39.4659]""","""[0.010309747]""",49.33625030517578,0.8077213168144226,"""[[-0.]]""","""[[-0.]]""",NA,NA,NA,NA,NA,NA,NA
329,-12.716646194458008,"""[39.47893]""","""[0.010458454]""",50.42792892456055,0.8063679337501526,"""[[-0.]]""","""[[-0.]]""",NA,NA,NA,NA,NA,NA,NA
330,-11.738079071044922,"""[39.498333]""","""[0.010624783]""",50.13600158691406,0.8048476576805115,"""[[-0.]]""","""[[-0.]]""",NA,NA,NA,NA,NA,NA,NA
331,-11.484903335571289,"""[39.504013]""","""[0.01077019]""",49.38239288330078,0.8035700917243958,"""[[-0.]]""","""[[-0.]]""",NA,NA,NA,NA,NA,NA,NA
332,-11.547760009765625,"""[39.504322]""","""[0.010909018]""",50.238037109375,0.8023780584335327,"""[[-0.]]""","""[[-0.]]""",NA,NA,NA,NA,NA,NA,NA
333,-11.180493354797363,"""[39.511646]""","""[0.011064981]""",50.285133361816406,0.8010226488113403,"""[[-0.]]""","""[[-0.]]""",NA,NA,NA,NA,NA,NA,NA
334,-10.404764175415039,"""[39.524673]""","""[0.011234951]""",49.572471618652344,0.799537718296051,"""[[-0.]]""","""[[-0.]]""",NA,NA,NA,NA,NA,NA,NA
335,-9.485485076904297,"""[39.538406]""","""[0.011412595]""",49.87769317626953,0.7979974150657654,"""[[-0.]]""","""[[-0.]]""",NA,NA,NA,NA,NA,NA,NA
336,-8.326231002807617,"""[39.55329]""","""[0.011600347]""",49.51464080810547,0.7963815331459045,"""[[-0.]]""","""[[-0.]]""",NA,NA,NA,NA,NA,NA,NA
337,-7.113612174987793,"""[39.566414]""","""[0.011792947]""",49.64202117919922,0.7947461605072021,"""[[-0.]]""","""[[-0.]]""",NA,NA,NA,NA,NA,NA,NA
338,-5.754976272583008,"""[39.57825]""","""[0.011990552]""",49.3525505065918,0.7930891513824463,"""[[-0.]]""","""[[-0.]]""",NA,NA,NA,NA,NA,NA,NA
339,-4.513561248779297,"""[39.58668]""","""[0.012188971]""",49.719642639160156,0.7914534211158752,"""[[-0.]]""","""[[-0.]]""",NA,NA,NA,NA,NA,NA,NA
340,-3.065065383911133,"""[39.593666]""","""[0.012395029]""",49.34743881225586,0.7897771596908569,"""[[-0.]]""","""[[-0.]]""",NA,NA,NA,NA,NA,NA,NA
341,-1.766026496887207,"""[39.597527]""","""[0.012601422]""",49.590675354003906,0.7881258130073547,"""[[-0.]]""","""[[-0.]]""",NA,NA,NA,NA,NA,NA,NA
342,-0.8713874816894531,"""[39.599022]""","""[0.012803816]""",49.54573059082031,0.7865300178527832,"""[[-0.]]""","""[[-0.]]""",NA,NA,NA,NA,NA,NA,NA
343,0.20851802825927734,"""[39.599415]""","""[0.01301259]""",50.066314697265625,0.7849036455154419,"""[[-0.]]""","""[[-0.]]""",NA,NA,NA,NA,NA,NA,NA
344,0.6904430389404297,"""[39.599354]""","""[0.013215388]""",49.383914947509766,0.7833385467529297,"""[[-0.]]""","""[[-0.]]""",NA,NA,NA,NA,NA,NA,NA
345,1.2607641220092773,"""[39.59887]""","""[0.013421919]""",49.45088195800781,0.7817606925964355,"""[[-0.]]""","""[[-0.]]""",NA,NA,NA,NA,NA,NA,NA
346,2.0068607330322266,"""[39.597565]""","""[0.013633606]""",49.35297775268555,0.780161440372467,"""[[-0.]]""","""[[-0.]]""",NA,NA,NA,NA,NA,NA,NA
347,2.619021415710449,"""[39.596138]""","""[0.013846557]""",49.32284927368164,0.7785672545433044,"""[[-0.]]""","""[[-0.]]""",NA,NA,NA,NA,NA,NA,NA
348,3.1837501525878906,"""[39.59454]""","""[0.014062159]""",49.85102844238281,0.7769680023193359,"""[[-0.]]""","""[[-0.]]""",NA,NA,NA,NA,NA,NA,NA
349,3.321880340576172,"""[39.59449]""","""[0.014277123]""",50.49134826660156,0.7753797769546509,"""[[-0.]]""","""[[-0.]]""",NA,NA,NA,NA,NA,NA,NA
350,4.126938819885254,"""[39.591446]""","""[0.014504366]""",49.57657241821289,0.7737303972244263,"""[[-0.]]""","""[[-0.]]""",NA,NA,NA,NA,NA,NA,NA
351,4.588979721069336,"""[39.589714]""","""[0.0147330975]""",49.90834045410156,0.7720786333084106,"""[[-0.]]""","""[[-0.]]""",NA,NA,NA,NA,NA,NA,NA
352,4.571265697479248,"""[39.590435]""","""[0.01496037]""",50.218650817871094,0.7704396843910217,"""[[-0.]]""","""[[-0.]]""",NA,NA,NA,NA,NA,NA,NA
353,4.007667541503906,"""[39.593796]""","""[0.015186442]""",49.29483413696289,0.7688102722167969,"""[[-0.]]""","""[[-0.]]""",NA,NA,NA,NA,NA,NA,NA
354,3.568096160888672,"""[39.59622]""","""[0.015417791]""",50.018714904785156,0.7671616077423096,"""[[-0.]]""","""[[-0.]]""",NA,NA,NA,NA,NA,NA,NA
355,2.6770496368408203,"""[39.599895]""","""[0.015651396]""",49.54722595214844,0.7655046582221985,"""[[-0.]]""","""[[-0.]]""",NA,NA,NA,NA,NA,NA,NA
356,2.193521499633789,"""[39.60171]""","""[0.015893292]""",49.37884521484375,0.7638134956359863,"""[[-0.]]""","""[[-0.]]""",NA,NA,NA,NA,NA,NA,NA
357,1.5872278213500977,"""[39.603477]""","""[0.01613872]""",49.287567138671875,0.762112557888031,"""[[-0.]]""","""[[-0.]]""",NA,NA,NA,NA,NA,NA,NA
358,1.0139236450195312,"""[39.604797]""","""[0.016389322]""",49.50251770019531,0.7603932023048401,"""[[-0.]]""","""[[-0.]]""",NA,NA,NA,NA,NA,NA,NA
359,0.17781639099121094,"""[39.605892]""","""[0.016642578]""",49.34085464477539,0.7586717009544373,"""[[-0.]]""","""[[-0.]]""",NA,NA,NA,NA,NA,NA,NA
360,-0.737335205078125,"""[39.606247]""","""[0.016900359]""",49.2867317199707,0.7569383382797241,"""[[-0.]]""","""[[-0.]]""",NA,NA,NA,NA,NA,NA,NA
361,-1.6562843322753906,"""[39.6058]""","""[0.017163664]""",49.866546630859375,0.7551876306533813,"""[[-0.]]""","""[[-0.]]""",NA,NA,NA,NA,NA,NA,NA
362,-1.967576026916504,"""[39.60575]""","""[0.017439459]""",49.71175003051758,0.7533689737319946,"""[[-0.]]""","""[[-0.]]""",NA,NA,NA,NA,NA,NA,NA
363,-1.8461527824401855,"""[39.606358]""","""[0.017725825]""",49.493099212646484,0.7514954209327698,"""[[-0.]]""","""[[-0.]]""",NA,NA,NA,NA,NA,NA,NA
364,-1.4610862731933594,"""[39.607285]""","""[0.018022027]""",49.39006423950195,0.7495744228363037,"""[[-0.]]""","""[[-0.]]""",NA,NA,NA,NA,NA,NA,NA
365,-0.8593769073486328,"""[39.608204]""","""[0.018327042]""",49.539493560791016,0.7476155161857605,"""[[-0.]]""","""[[-0.]]""",NA,NA,NA,NA,NA,NA,NA
366,-0.6457805633544922,"""[39.608723]""","""[0.018634884]""",50.39398193359375,0.7456591725349426,"""[[-0.]]""","""[[-0.]]""",NA,NA,NA,NA,NA,NA,NA
367,-1.1512765884399414,"""[39.60881]""","""[0.018941086]""",49.237770080566406,0.7437329292297363,"""[[-0.]]""","""[[-0.]]""",NA,NA,NA,NA,NA,NA,NA
368,-1.6604881286621094,"""[39.608692]""","""[0.019254507]""",49.2393798828125,0.7417809963226318,"""[[-0.]]""","""[[-0.]]""",NA,NA,NA,NA,NA,NA,NA
369,-2.207956314086914,"""[39.608322]""","""[0.019574942]""",49.35755920410156,0.7398057579994202,"""[[-0.]]""","""[[-0.]]""",NA,NA,NA,NA,NA,NA,NA
370,-2.9710941314697266,"""[39.607254]""","""[0.019900654]""",49.780670166015625,0.7378207445144653,"""[[-0.]]""","""[[-0.]]""",NA,NA,NA,NA,NA,NA,NA
371,-4.188667297363281,"""[39.60438]""","""[0.02022953]""",49.28643798828125,0.7358450889587402,"""[[-0.]]""","""[[-0.]]""",NA,NA,NA,NA,NA,NA,NA
372,-5.156362533569336,"""[39.60145]""","""[0.02057009]""",49.22684860229492,0.7338194847106934,"""[[-0.]]""","""[[-0.]]""",NA,NA,NA,NA,NA,NA,NA
373,-5.962253570556641,"""[39.598637]""","""[0.02092114]""",49.511436462402344,0.7317513823509216,"""[[-0.]]""","""[[-0.]]""",NA,NA,NA,NA,NA,NA,NA
374,-6.382838249206543,"""[39.597332]""","""[0.021285724]""",49.22514343261719,0.7296168804168701,"""[[-0.]]""","""[[-0.]]""",NA,NA,NA,NA,NA,NA,NA
375,-6.966885566711426,"""[39.595127]""","""[0.021657035]""",49.29721450805664,0.7274698615074158,"""[[-0.]]""","""[[-0.]]""",NA,NA,NA,NA,NA,NA,NA
376,-7.806301116943359,"""[39.59134]""","""[0.022034392]""",49.1569709777832,0.725318968296051,"""[[-0.]]""","""[[-0.]]""",NA,NA,NA,NA,NA,NA,NA
377,-8.671951293945312,"""[39.58703]""","""[0.022421189]""",49.188621520996094,0.7231398224830627,"""[[-0.]]""","""[[-0.]]""",NA,NA,NA,NA,NA,NA,NA
378,-9.679765701293945,"""[39.58138]""","""[0.022816045]""",49.13056945800781,0.7209458947181702,"""[[-0.]]""","""[[-0.]]""",NA,NA,NA,NA,NA,NA,NA
379,-10.679891586303711,"""[39.57529]""","""[0.023221452]""",49.2796630859375,0.7187193036079407,"""[[-0.]]""","""[[-0.]]""",NA,NA,NA,NA,NA,NA,NA
380,-11.377479553222656,"""[39.571163]""","""[0.023642136]""",49.18035888671875,0.716421365737915,"""[[-0.]]""","""[[-0.]]""",NA,NA,NA,NA,NA,NA,NA
381,-12.305026054382324,"""[39.564983]""","""[0.024070134]""",49.216651916503906,0.7141206860542297,"""[[-0.]]""","""[[-0.]]""",NA,NA,NA,NA,NA,NA,NA
382,-13.027847290039062,"""[39.560272]""","""[0.024512857]""",49.31569290161133,0.711757481098175,"""[[-0.]]""","""[[-0.]]""",NA,NA,NA,NA,NA,NA,NA
383,-13.441783905029297,"""[39.558193]""","""[0.024972]""",49.15324401855469,0.7093170881271362,"""[[-0.]]""","""[[-0.]]""",NA,NA,NA,NA,NA,NA,NA
384,-13.725841522216797,"""[39.557304]""","""[0.025445277]""",49.26954650878906,0.7068221569061279,"""[[-0.]]""","""[[-0.]]""",NA,NA,NA,NA,NA,NA,NA
385,-14.435522079467773,"""[39.55259]""","""[0.025924077]""",49.04343795776367,0.7043498158454895,"""[[-0.]]""","""[[-0.]]""",NA,NA,NA,NA,NA,NA,NA
386,-15.179702758789062,"""[39.547466]""","""[0.026415274]""",49.03303527832031,0.7018444538116455,"""[[-0.]]""","""[[-0.]]""",NA,NA,NA,NA,NA,NA,NA
387,-16.063533782958984,"""[39.54086]""","""[0.026917681]""",49.07040023803711,0.6993201375007629,"""[[-0.]]""","""[[-0.]]""",NA,NA,NA,NA,NA,NA,NA
388,-17.205366134643555,"""[39.531418]""","""[0.027429722]""",49.00191116333008,0.6967950463294983,"""[[-0.]]""","""[[-0.]]""",NA,NA,NA,NA,NA,NA,NA
389,-18.330045700073242,"""[39.521786]""","""[0.027956607]""",49.10072326660156,0.6942276954650879,"""[[-0.]]""","""[[-0.]]""",NA,NA,NA,NA,NA,NA,NA
390,-19.258148193359375,"""[39.51407]""","""[0.028501878]""",49.39445877075195,0.6915885210037231,"""[[-0.]]""","""[[-0.]]""",NA,NA,NA,NA,NA,NA,NA
391,-19.763126373291016,"""[39.511086]""","""[0.029069]""",50.14087677001953,0.6888440847396851,"""[[-0.]]""","""[[-0.]]""",NA,NA,NA,NA,NA,NA,NA
392,-19.594635009765625,"""[39.51572]""","""[0.029664084]""",50.056053161621094,0.6859480142593384,"""[[-0.]]""","""[[-0.]]""",NA,NA,NA,NA,NA,NA,NA
393,-18.853364944458008,"""[39.526287]""","""[0.030285913]""",48.93385696411133,0.6829196214675903,"""[[-0.]]""","""[[-0.]]""",NA,NA,NA,NA,NA,NA,NA
394,-18.30373764038086,"""[39.53433]""","""[0.030922068]""",49.00101852416992,0.6798765659332275,"""[[-0.]]""","""[[-0.]]""",NA,NA,NA,NA,NA,NA,NA
395,-17.742050170898438,"""[39.542072]""","""[0.03157636]""",49.33809280395508,0.6767882704734802,"""[[-0.]]""","""[[-0.]]""",NA,NA,NA,NA,NA,NA,NA
396,-17.87069320678711,"""[39.543167]""","""[0.03223651]""",49.05239486694336,0.6737561821937561,"""[[-0.]]""","""[[-0.]]""",NA,NA,NA,NA,NA,NA,NA
397,-18.464143753051758,"""[39.539993]""","""[0.032907777]""",48.89316177368164,0.6707417368888855,"""[[-0.]]""","""[[-0.]]""",NA,NA,NA,NA,NA,NA,NA
398,-19.161849975585938,"""[39.53586]""","""[0.0335971]""",48.948974609375,0.6676919460296631,"""[[-0.]]""","""[[-0.]]""",NA,NA,NA,NA,NA,NA,NA
399,-19.767635345458984,"""[39.532623]""","""[0.03430817]""",49.19240951538086,0.6645797491073608,"""[[-0.]]""","""[[-0.]]""",NA,NA,NA,NA,NA,NA,NA
400,-20.969568252563477,"""[39.523544]""","""[0.03503014]""",48.8564567565918,0.6615031361579895,"""[[-0.]]""","""[[-0.]]""",NA,NA,NA,NA,NA,NA,NA
401,-22.38497543334961,"""[39.512005]""","""[0.035770483]""",48.824676513671875,0.65840744972229,"""[[-0.]]""","""[[-0.]]""",NA,NA,NA,NA,NA,NA,NA
402,-23.985916137695312,"""[39.49807]""","""[0.03653093]""",48.8292121887207,0.6552873849868774,"""[[-0.]]""","""[[-0.]]""",NA,NA,NA,NA,NA,NA,NA
403,-25.853069305419922,"""[39.48056]""","""[0.03731087]""",48.77955627441406,0.652157187461853,"""[[-0.]]""","""[[-0.]]""",NA,NA,NA,NA,NA,NA,NA
404,-27.644922256469727,"""[39.463257]""","""[0.03811727]""",48.717308044433594,0.6489621996879578,"""[[-0.]]""","""[[-0.]]""",NA,NA,NA,NA,NA,NA,NA
405,-29.510766983032227,"""[39.44445]""","""[0.038948346]""",49.23302459716797,0.6457257270812988,"""[[-0.]]""","""[[-0.]]""",NA,NA,NA,NA,NA,NA,NA
406,-30.926361083984375,"""[39.431095]""","""[0.039815936]""",52.445831298828125,0.6423496007919312,"""[[-0.]]""","""[[-0.]]""",NA,NA,NA,NA,NA,NA,NA
407,-30.886741638183594,"""[39.436913]""","""[0.04073984]""",49.56925964355469,0.6386504173278809,"""[[-0.]]""","""[[-0.]]""",NA,NA,NA,NA,NA,NA,NA
408,-30.340839385986328,"""[39.449024]""","""[0.0417049]""",48.64057922363281,0.6347928047180176,"""[[-0.]]""","""[[-0.]]""",NA,NA,NA,NA,NA,NA,NA
409,-30.03962516784668,"""[39.45773]""","""[0.0426951]""",48.634735107421875,0.6309192180633545,"""[[-0.]]""","""[[-0.]]""",NA,NA,NA,NA,NA,NA,NA
410,-30.13628578186035,"""[39.461536]""","""[0.043708794]""",48.779518127441406,0.6270512938499451,"""[[-0.]]""","""[[-0.]]""",NA,NA,NA,NA,NA,NA,NA
411,-30.16290283203125,"""[39.466175]""","""[0.04475623]""",49.777137756347656,0.6231072545051575,"""[[-0.]]""","""[[-0.]]""",NA,NA,NA,NA,NA,NA,NA
412,-29.438148498535156,"""[39.4791]""","""[0.04585004]""",49.067291259765625,0.6189811825752258,"""[[-0.]]""","""[[-0.]]""",NA,NA,NA,NA,NA,NA,NA
413,-29.658748626708984,"""[39.481407]""","""[0.046959523]""",48.7093620300293,0.6149473786354065,"""[[-0.]]""","""[[-0.]]""",NA,NA,NA,NA,NA,NA,NA
414,-29.79583168029785,"""[39.48466]""","""[0.048106983]""",51.00269317626953,0.6108312010765076,"""[[-0.]]""","""[[-0.]]""",NA,NA,NA,NA,NA,NA,NA
415,-28.68911361694336,"""[39.500507]""","""[0.04931259]""",48.56067657470703,0.6064640283584595,"""[[-0.]]""","""[[-0.]]""",NA,NA,NA,NA,NA,NA,NA
416,-28.078081130981445,"""[39.510704]""","""[0.050549395]""",48.91048812866211,0.6021028757095337,"""[[-0.]]""","""[[-0.]]""",NA,NA,NA,NA,NA,NA,NA
417,-27.190122604370117,"""[39.52295]""","""[0.051832642]""",49.67119598388672,0.5976318717002869,"""[[-0.]]""","""[[-0.]]""",NA,NA,NA,NA,NA,NA,NA
418,-25.645488739013672,"""[39.540012]""","""[0.053174887]""",48.5284309387207,0.5929893255233765,"""[[-0.]]""","""[[-0.]]""",NA,NA,NA,NA,NA,NA,NA
419,-24.606670379638672,"""[39.55181]""","""[0.0545531]""",48.66421890258789,0.588347315788269,"""[[-0.]]""","""[[-0.]]""",NA,NA,NA,NA,NA,NA,NA
420,-24.274202346801758,"""[39.557728]""","""[0.05596403]""",48.93645477294922,0.5837265253067017,"""[[-0.]]""","""[[-0.]]""",NA,NA,NA,NA,NA,NA,NA
421,-24.87738609313965,"""[39.556736]""","""[0.05740648]""",49.75035095214844,0.5791447758674622,"""[[-0.]]""","""[[-0.]]""",NA,NA,NA,NA,NA,NA,NA
422,-24.59679412841797,"""[39.562294]""","""[0.058920834]""",48.57163619995117,0.5743545889854431,"""[[-0.]]""","""[[-0.]]""",NA,NA,NA,NA,NA,NA,NA
423,-24.2081298828125,"""[39.568485]""","""[0.060491163]""",48.521507263183594,0.569466769695282,"""[[-0.]]""","""[[-0.]]""",NA,NA,NA,NA,NA,NA,NA
424,-23.710105895996094,"""[39.575207]""","""[0.06211878]""",49.99598693847656,0.5644835233688354,"""[[-0.]]""","""[[-0.]]""",NA,NA,NA,NA,NA,NA,NA
425,-22.099706649780273,"""[39.588463]""","""[0.063827686]""",48.773494720458984,0.5592812895774841,"""[[-0.]]""","""[[-0.]]""",NA,NA,NA,NA,NA,NA,NA
426,-20.112895965576172,"""[39.6024]""","""[0.06559591]""",48.66624450683594,0.5539872646331787,"""[[-0.]]""","""[[-0.]]""",NA,NA,NA,NA,NA,NA,NA
427,-17.839950561523438,"""[39.616108]""","""[0.06743671]""",48.88158416748047,0.5485802292823792,"""[[-0.]]""","""[[-0.]]""",NA,NA,NA,NA,NA,NA,NA
428,-16.734745025634766,"""[39.623306]""","""[0.06931732]""",48.60711669921875,0.5432212948799133,"""[[-0.]]""","""[[-0.]]""",NA,NA,NA,NA,NA,NA,NA
429,-16.46971893310547,"""[39.626842]""","""[0.07125557]""",48.70567321777344,0.5378384590148926,"""[[-0.]]""","""[[-0.]]""",NA,NA,NA,NA,NA,NA,NA
430,-15.74496078491211,"""[39.632053]""","""[0.07327541]""",48.220359802246094,0.5323177576065063,"""[[-0.]]""","""[[-0.]]""",NA,NA,NA,NA,NA,NA,NA
431,-15.198403358459473,"""[39.63644]""","""[0.07536648]""",48.75756072998047,0.5267202258110046,"""[[-0.]]""","""[[-0.]]""",NA,NA,NA,NA,NA,NA,NA
432,-14.061918258666992,"""[39.64253]""","""[0.07754391]""",48.76752471923828,0.5209864974021912,"""[[-0.]]""","""[[-0.]]""",NA,NA,NA,NA,NA,NA,NA
433,-14.01020622253418,"""[39.645084]""","""[0.079784475]""",48.11518859863281,0.5152397155761719,"""[[-0.]]""","""[[-0.]]""",NA,NA,NA,NA,NA,NA,NA
434,-14.131004333496094,"""[39.647186]""","""[0.082106926]""",48.206336975097656,0.5094061493873596,"""[[-0.]]""","""[[-0.]]""",NA,NA,NA,NA,NA,NA,NA
435,-13.957757949829102,"""[39.65023]""","""[0.08452573]""",48.04090881347656,0.5034432411193848,"""[[-0.]]""","""[[-0.]]""",NA,NA,NA,NA,NA,NA,NA
436,-14.029818534851074,"""[39.65266]""","""[0.08703453]""",48.09511947631836,0.4973922669887543,"""[[-0.]]""","""[[-0.]]""",NA,NA,NA,NA,NA,NA,NA
437,-13.795936584472656,"""[39.655983]""","""[0.08964577]""",48.477603912353516,0.4912152588367462,"""[[-0.]]""","""[[-0.]]""",NA,NA,NA,NA,NA,NA,NA
438,-12.882560729980469,"""[39.660976]""","""[0.092367426]""",50.021759033203125,0.48489391803741455,"""[[-0.]]""","""[[-0.]]""",NA,NA,NA,NA,NA,NA,NA
439,-10.595636367797852,"""[39.66833]""","""[0.0952012]""",47.86109924316406,0.47842392325401306,"""[[-0.]]""","""[[-0.]]""",NA,NA,NA,NA,NA,NA,NA
440,-8.656776428222656,"""[39.674114]""","""[0.09814536]""",47.80763244628906,0.4718681573867798,"""[[-0.]]""","""[[-0.]]""",NA,NA,NA,NA,NA,NA,NA
441,-6.941459655761719,"""[39.678955]""","""[0.10120642]""",49.29027557373047,0.4652155041694641,"""[[-0.]]""","""[[-0.]]""",NA,NA,NA,NA,NA,NA,NA
442,-3.8931961059570312,"""[39.68421]""","""[0.10440412]""",47.710838317871094,0.45841920375823975,"""[[-0.]]""","""[[-0.]]""",NA,NA,NA,NA,NA,NA,NA
443,-0.9990005493164062,"""[39.688004]""","""[0.1077336]""",48.009098052978516,0.4515259563922882,"""[[-0.]]""","""[[-0.]]""",NA,NA,NA,NA,NA,NA,NA
444,2.465923309326172,"""[39.69044]""","""[0.11121389]""",47.59379959106445,0.44451045989990234,"""[[-0.]]""","""[[-0.]]""",NA,NA,NA,NA,NA,NA,NA
445,5.624424934387207,"""[39.691605]""","""[0.11483728]""",47.60008239746094,0.4373999536037445,"""[[-0.]]""","""[[-0.]]""",NA,NA,NA,NA,NA,NA,NA
446,8.275627136230469,"""[39.692253]""","""[0.11860325]""",47.861141204833984,0.4301967918872833,"""[[-0.]]""","""[[-0.]]""",NA,NA,NA,NA,NA,NA,NA
447,11.627334594726562,"""[39.69117]""","""[0.12253586]""",47.39120101928711,0.42288875579833984,"""[[-0.]]""","""[[-0.]]""",NA,NA,NA,NA,NA,NA,NA
448,14.884391784667969,"""[39.689278]""","""[0.12663423]""",47.92845916748047,0.4154788553714752,"""[[-0.]]""","""[[-0.]]""",NA,NA,NA,NA,NA,NA,NA
449,19.075584411621094,"""[39.68428]""","""[0.13091901]""",48.088035583496094,0.4079813063144684,"""[[-0.]]""","""[[-0.]]""",NA,NA,NA,NA,NA,NA,NA
450,21.932701110839844,"""[39.68188]""","""[0.13538077]""",47.15763473510742,0.4003436267375946,"""[[-0.]]""","""[[-0.]]""",NA,NA,NA,NA,NA,NA,NA
451,24.780715942382812,"""[39.67922]""","""[0.14003177]""",47.08545684814453,0.39260196685791016,"""[[-0.]]""","""[[-0.]]""",NA,NA,NA,NA,NA,NA,NA
452,27.80719757080078,"""[39.67576]""","""[0.14488117]""",47.08518600463867,0.3847658634185791,"""[[-0.]]""","""[[-0.]]""",NA,NA,NA,NA,NA,NA,NA
453,31.346656799316406,"""[39.670246]""","""[0.14994217]""",47.961421966552734,0.37685200572013855,"""[[-0.]]""","""[[-0.]]""",NA,NA,NA,NA,NA,NA,NA
454,33.545135498046875,"""[39.66955]""","""[0.15520501]""",46.8393669128418,0.3687807023525238,"""[[-0.]]""","""[[-0.]]""",NA,NA,NA,NA,NA,NA,NA
455,36.156394958496094,"""[39.667496]""","""[0.16069515]""",46.722412109375,0.36062952876091003,"""[[-0.]]""","""[[-0.]]""",NA,NA,NA,NA,NA,NA,NA
456,39.05341339111328,"""[39.664486]""","""[0.16642441]""",46.624114990234375,0.3523940145969391,"""[[-0.]]""","""[[-0.]]""",NA,NA,NA,NA,NA,NA,NA
457,41.95045471191406,"""[39.66171]""","""[0.17240292]""",47.361331939697266,0.3440597653388977,"""[[-0.]]""","""[[-0.]]""",NA,NA,NA,NA,NA,NA,NA
458,43.68610763549805,"""[39.664257]""","""[0.17862578]""",46.43992233276367,0.335561603307724,"""[[-0.]]""","""[[-0.]]""",NA,NA,NA,NA,NA,NA,NA
459,45.948387145996094,"""[39.665077]""","""[0.18512556]""",47.12746810913086,0.3269980251789093,"""[[-0.]]""","""[[-0.]]""",NA,NA,NA,NA,NA,NA,NA
460,47.08815383911133,"""[39.671337]""","""[0.1918962]""",47.358367919921875,0.3182675242424011,"""[[-0.]]""","""[[-0.]]""",NA,NA,NA,NA,NA,NA,NA
461,46.82329559326172,"""[39.684223]""","""[0.1989603]""",47.30656814575195,0.3093366324901581,"""[[-0.]]""","""[[-0.]]""",NA,NA,NA,NA,NA,NA,NA
462,45.43174743652344,"""[39.701633]""","""[0.20629877]""",46.031795501708984,0.300275981426239,"""[[-0.]]""","""[[-0.]]""",NA,NA,NA,NA,NA,NA,NA
463,44.244056701660156,"""[39.718082]""","""[0.21394822]""",46.719512939453125,0.29116538166999817,"""[[-0.]]""","""[[-0.]]""",NA,NA,NA,NA,NA,NA,NA
464,41.997154235839844,"""[39.738335]""","""[0.22194047]""",46.84624099731445,0.28190356492996216,"""[[-0.]]""","""[[-0.]]""",NA,NA,NA,NA,NA,NA,NA
465,38.59260559082031,"""[39.761368]""","""[0.23024185]""",45.91263198852539,0.2725573480129242,"""[[-0.]]""","""[[-0.]]""",NA,NA,NA,NA,NA,NA,NA
466,35.045387268066406,"""[39.783653]""","""[0.23889795]""",46.37733840942383,0.2631729543209076,"""[[-0.]]""","""[[-0.]]""",NA,NA,NA,NA,NA,NA,NA
467,30.50592041015625,"""[39.80719]""","""[0.24792863]""",45.49281311035156,0.2537151277065277,"""[[-0.]]""","""[[-0.]]""",NA,NA,NA,NA,NA,NA,NA
468,26.882579803466797,"""[39.82748]""","""[0.25735]""",46.34781265258789,0.2442861795425415,"""[[-0.]]""","""[[-0.]]""",NA,NA,NA,NA,NA,NA,NA
469,22.06726837158203,"""[39.84858]""","""[0.2671358]""",45.360416412353516,0.23484456539154053,"""[[-0.]]""","""[[-0.]]""",NA,NA,NA,NA,NA,NA,NA
470,18.467124938964844,"""[39.86685]""","""[0.27733374]""",46.5078239440918,0.2254539281129837,"""[[-0.]]""","""[[-0.]]""",NA,NA,NA,NA,NA,NA,NA
471,13.357963562011719,"""[39.885994]""","""[0.28794506]""",45.40522003173828,0.2160581797361374,"""[[-0.]]""","""[[-0.]]""",NA,NA,NA,NA,NA,NA,NA
472,7.4535980224609375,"""[39.904152]""","""[0.2989689]""",45.03496551513672,0.20671974122524261,"""[[-0.]]""","""[[-0.]]""",NA,NA,NA,NA,NA,NA,NA
473,1.2534332275390625,"""[39.92047]""","""[0.31040123]""",45.85286331176758,0.19748127460479736,"""[[-0.]]""","""[[-0.]]""",NA,NA,NA,NA,NA,NA,NA
474,-6.4061279296875,"""[39.934868]""","""[0.32228768]""",44.539852142333984,0.18834245204925537,"""[[-0.]]""","""[[-0.]]""",NA,NA,NA,NA,NA,NA,NA
475,-13.378616333007812,"""[39.947407]""","""[0.33464015]""",44.37464904785156,0.17931945621967316,"""[[-0.]]""","""[[-0.]]""",NA,NA,NA,NA,NA,NA,NA
476,-19.928070068359375,"""[39.95875]""","""[0.34745586]""",44.97502136230469,0.1704222857952118,"""[[-0.]]""","""[[-0.]]""",NA,NA,NA,NA,NA,NA,NA
477,-24.61419677734375,"""[39.971287]""","""[0.36074382]""",44.1610107421875,0.16160891950130463,"""[[-0.]]""","""[[-0.]]""",NA,NA,NA,NA,NA,NA,NA
478,-29.842864990234375,"""[39.982964]""","""[0.37450427]""",43.90305709838867,0.15295200049877167,"""[[-0.]]""","""[[-0.]]""",NA,NA,NA,NA,NA,NA,NA
479,-35.11289978027344,"""[39.994236]""","""[0.38872543]""",45.09745788574219,0.14446501433849335,"""[[-0.]]""","""[[-0.]]""",NA,NA,NA,NA,NA,NA,NA
480,-37.752899169921875,"""[40.00979]""","""[0.40341884]""",43.68474578857422,0.13603536784648895,"""[[-0.]]""","""[[-0.]]""",NA,NA,NA,NA,NA,NA,NA
481,-39.90580749511719,"""[40.02661]""","""[0.41858062]""",44.1744499206543,0.1277593970298767,"""[[-0.]]""","""[[-0.]]""",NA,NA,NA,NA,NA,NA,NA
482,-44.00176239013672,"""[40.04023]""","""[0.43417773]""",43.606964111328125,0.11978565156459808,"""[[-0.]]""","""[[-0.]]""",NA,NA,NA,NA,NA,NA,NA
483,-46.910072326660156,"""[40.056282]""","""[0.4502391]""",43.22955322265625,0.11196500062942505,"""[[-0.]]""","""[[-0.]]""",NA,NA,NA,NA,NA,NA,NA
484,-50.84368896484375,"""[40.070225]""","""[0.4666935]""",43.046363830566406,0.10445515811443329,"""[[-0.]]""","""[[-0.]]""",NA,NA,NA,NA,NA,NA,NA
485,-54.19135665893555,"""[40.085464]""","""[0.4835774]""",46.519554138183594,0.09716290235519409,"""[[-0.]]""","""[[-0.]]""",NA,NA,NA,NA,NA,NA,NA
486,-53.640594482421875,"""[40.108906]""","""[0.500911]""",42.599910736083984,0.08988779038190842,"""[[-0.]]""","""[[-0.]]""",NA,NA,NA,NA,NA,NA,NA
487,-53.5553092956543,"""[40.131237]""","""[0.5186096]""",42.500640869140625,0.08292636275291443,"""[[-0.]]""","""[[-0.]]""",NA,NA,NA,NA,NA,NA,NA
488,-53.390342712402344,"""[40.153465]""","""[0.5366489]""",42.32726287841797,0.07625924050807953,"""[[-0.]]""","""[[-0.]]""",NA,NA,NA,NA,NA,NA,NA
489,-53.22970199584961,"""[40.17532]""","""[0.5549946]""",42.19747543334961,0.0699046403169632,"""[[-0.]]""","""[[-0.]]""",NA,NA,NA,NA,NA,NA,NA
490,-52.970802307128906,"""[40.196815]""","""[0.5736033]""",42.507118225097656,0.06386964023113251,"""[[-0.]]""","""[[-0.]]""",NA,NA,NA,NA,NA,NA,NA
491,-51.553131103515625,"""[40.219646]""","""[0.5924511]""",43.060516357421875,0.058103423565626144,"""[[-0.]]""","""[[-0.]]""",NA,NA,NA,NA,NA,NA,NA
492,-48.13874435424805,"""[40.24486]""","""[0.61153096]""",41.815887451171875,0.05257175490260124,"""[[-0.]]""","""[[-0.]]""",NA,NA,NA,NA,NA,NA,NA
493,-44.74878692626953,"""[40.26838]""","""[0.6307088]""",43.80497360229492,0.04741056263446808,"""[[-0.]]""","""[[-0.]]""",NA,NA,NA,NA,NA,NA,NA
494,-38.72700500488281,"""[40.294384]""","""[0.6501127]""",41.599037170410156,0.04248121753334999,"""[[-0.]]""","""[[-0.]]""",NA,NA,NA,NA,NA,NA,NA
495,-34.06309509277344,"""[40.31633]""","""[0.66947186]""",41.59143829345703,0.03799932450056076,"""[[-0.]]""","""[[-0.]]""",NA,NA,NA,NA,NA,NA,NA
496,-29.062419891357422,"""[40.33651]""","""[0.68877524]""",41.30740737915039,0.03388191759586334,"""[[-0.]]""","""[[-0.]]""",NA,NA,NA,NA,NA,NA,NA
497,-24.761878967285156,"""[40.35384]""","""[0.7079163]""",42.19702911376953,0.030156193301081657,"""[[-0.]]""","""[[-0.]]""",NA,NA,NA,NA,NA,NA,NA
498,-23.185760498046875,"""[40.36747]""","""[0.7268238]""",41.4206657409668,0.026843087747693062,"""[[-0.]]""","""[[-0.]]""",NA,NA,NA,NA,NA,NA,NA
499,-20.655380249023438,"""[40.37976]""","""[0.74543196]""",41.15407180786133,0.023841088637709618,"""[[-0.]]""","""[[-0.]]""",NA,NA,NA,NA,NA,NA,NA
500,-19.304119110107422,"""[40.388966]""","""[0.7635723]""",41.62819290161133,0.021187055855989456,"""[[-0.]]""","""[[-0.]]""",NA,NA,NA,NA,NA,NA,NA
501,-16.197879791259766,"""[40.3968]""","""[0.7812477]""",40.87735366821289,0.018803812563419342,"""[[-0.]]""","""[[-0.]]""",NA,NA,NA,NA,NA,NA,NA
502,-13.55999755859375,"""[40.40203]""","""[0.79835016]""",41.017799377441406,0.016714561730623245,"""[[-0.]]""","""[[-0.]]""",NA,NA,NA,NA,NA,NA,NA
503,-10.096199035644531,"""[40.404865]""","""[0.8147868]""",40.832984924316406,0.014884314499795437,"""[[-0.]]""","""[[-0.]]""",NA,NA,NA,NA,NA,NA,NA
504,-7.700691223144531,"""[40.404865]""","""[0.8304875]""",40.748252868652344,0.01330874115228653,"""[[-0.]]""","""[[-0.]]""",NA,NA,NA,NA,NA,NA,NA
505,-4.937164306640625,"""[40.402523]""","""[0.84541416]""",40.76845169067383,0.011949987150728703,"""[[-0.]]""","""[[-0.]]""",NA,NA,NA,NA,NA,NA,NA
506,-3.44244384765625,"""[40.39766]""","""[0.8594917]""",40.61767578125,0.010792195796966553,"""[[-0.]]""","""[[-0.]]""",NA,NA,NA,NA,NA,NA,NA
507,-2.4960174560546875,"""[40.390438]""","""[0.8726627]""",40.75111770629883,0.00980651006102562,"""[[-0.]]""","""[[-0.]]""",NA,NA,NA,NA,NA,NA,NA
508,-2.750396728515625,"""[40.381004]""","""[0.8848902]""",40.5945930480957,0.008970730006694794,"""[[-0.]]""","""[[-0.]]""",NA,NA,NA,NA,NA,NA,NA
509,-2.254047393798828,"""[40.369274]""","""[0.89609295]""",42.0508918762207,0.008260938338935375,"""[[-0.]]""","""[[-0.]]""",NA,NA,NA,NA,NA,NA,NA
510,1.6962509155273438,"""[40.355503]""","""[0.9062928]""",40.5667610168457,0.007658607792109251,"""[[-0.]]""","""[[-0.]]""",NA,NA,NA,NA,NA,NA,NA
511,6.28607177734375,"""[40.339493]""","""[0.91547483]""",42.23960494995117,0.007161478511989117,"""[[-0.]]""","""[[-0.]]""",NA,NA,NA,NA,NA,NA,NA
512,6.792667388916016,"""[40.32162]""","""[0.923513]""",40.38205337524414,0.006725214887410402,"""[[-0.]]""","""[[-0.]]""",NA,NA,NA,NA,NA,NA,NA
513,7.407321929931641,"""[40.302258]""","""[0.9305438]""",40.35734939575195,0.0063485861755907536,"""[[-0.]]""","""[[-0.]]""",NA,NA,NA,NA,NA,NA,NA
514,8.250823974609375,"""[40.28162]""","""[0.93659455]""",40.33286666870117,0.006021063309162855,"""[[-0.]]""","""[[-0.]]""",NA,NA,NA,NA,NA,NA,NA
515,8.781166076660156,"""[40.259895]""","""[0.94167614]""",41.003902435302734,0.005729543510824442,"""[[-0.]]""","""[[-0.]]""",NA,NA,NA,NA,NA,NA,NA
516,7.02838134765625,"""[40.23723]""","""[0.94572586]""",40.31028366088867,0.005452627316117287,"""[[-0.]]""","""[[-0.]]""",NA,NA,NA,NA,NA,NA,NA
517,4.87786865234375,"""[40.213978]""","""[0.9489271]""",40.34271240234375,0.005200666841119528,"""[[-0.]]""","""[[-0.]]""",NA,NA,NA,NA,NA,NA,NA
518,3.8497314453125,"""[40.190113]""","""[0.951318]""",40.39711380004883,0.004975426942110062,"""[[-0.]]""","""[[-0.]]""",NA,NA,NA,NA,NA,NA,NA
519,1.666717529296875,"""[40.16611]""","""[0.9529773]""",40.6491813659668,0.004765681456774473,"""[[-0.]]""","""[[-0.]]""",NA,NA,NA,NA,NA,NA,NA
520,1.531463623046875,"""[40.142094]""","""[0.9540064]""",40.787567138671875,0.004576001316308975,"""[[-0.]]""","""[[-0.]]""",NA,NA,NA,NA,NA,NA,NA
521,3.935272216796875,"""[40.11841]""","""[0.9545374]""",40.19224548339844,0.004406103398650885,"""[[-0.]]""","""[[-0.]]""",NA,NA,NA,NA,NA,NA,NA
522,6.766639709472656,"""[40.094833]""","""[0.9545408]""",40.86875534057617,0.004255872219800949,"""[[-0.]]""","""[[-0.]]""",NA,NA,NA,NA,NA,NA,NA
523,11.824356079101562,"""[40.071003]""","""[0.95407283]""",40.69032287597656,0.0041435216553509235,"""[[-0.]]""","""[[-0.]]""",NA,NA,NA,NA,NA,NA,NA
524,14.279830932617188,"""[40.048058]""","""[0.9532245]""",40.875205993652344,0.004031025804579258,"""[[-0.]]""","""[[-0.]]""",NA,NA,NA,NA,NA,NA,NA
525,19.142059326171875,"""[40.02485]""","""[0.9520771]""",40.10997772216797,0.0039695571176707745,"""[[-0.]]""","""[[-0.]]""",NA,NA,NA,NA,NA,NA,NA
526,22.840274810791016,"""[40.002487]""","""[0.95069134]""",41.215335845947266,0.003916469402611256,"""[[-0.]]""","""[[-0.]]""",NA,NA,NA,NA,NA,NA,NA
527,22.85531234741211,"""[39.982533]""","""[0.9491469]""",41.294166564941406,0.003812971757724881,"""[[-0.]]""","""[[-0.]]""",NA,NA,NA,NA,NA,NA,NA
528,19.571090698242188,"""[39.964607]""","""[0.9474063]""",40.17647171020508,0.00366504886187613,"""[[-0.]]""","""[[-0.]]""",NA,NA,NA,NA,NA,NA,NA
529,15.608184814453125,"""[39.947742]""","""[0.9456535]""",40.00067138671875,0.003526668529957533,"""[[-0.]]""","""[[-0.]]""",NA,NA,NA,NA,NA,NA,NA
530,11.685531616210938,"""[39.93148]""","""[0.94388187]""",40.0477409362793,0.0034098837058991194,"""[[-0.]]""","""[[-0.]]""",NA,NA,NA,NA,NA,NA,NA
531,9.089202880859375,"""[39.915695]""","""[0.9421642]""",40.138755798339844,0.0033214178401976824,"""[[-0.]]""","""[[-0.]]""",NA,NA,NA,NA,NA,NA,NA
532,5.653839111328125,"""[39.900925]""","""[0.94056296]""",40.16461944580078,0.0032398016192018986,"""[[-0.]]""","""[[-0.]]""",NA,NA,NA,NA,NA,NA,NA
533,4.02545166015625,"""[39.886707]""","""[0.93906164]""",40.076934814453125,0.003176838858053088,"""[[-0.]]""","""[[-0.]]""",NA,NA,NA,NA,NA,NA,NA
534,1.3837356567382812,"""[39.873314]""","""[0.9376634]""",39.93146896362305,0.003118284745141864,"""[[-0.]]""","""[[-0.]]""",NA,NA,NA,NA,NA,NA,NA
535,-1.4476165771484375,"""[39.860737]""","""[0.9364638]""",39.96492385864258,0.0030668971594423056,"""[[-0.]]""","""[[-0.]]""",NA,NA,NA,NA,NA,NA,NA
536,-3.2375221252441406,"""[39.848995]""","""[0.93548447]""",39.93227767944336,0.003018968738615513,"""[[-0.]]""","""[[-0.]]""",NA,NA,NA,NA,NA,NA,NA
537,-5.50726318359375,"""[39.838017]""","""[0.9347309]""",40.21684265136719,0.0029746058862656355,"""[[-0.]]""","""[[-0.]]""",NA,NA,NA,NA,NA,NA,NA
538,-9.048431396484375,"""[39.82745]""","""[0.93416196]""",40.9267463684082,0.002941601676866412,"""[[-0.]]""","""[[-0.]]""",NA,NA,NA,NA,NA,NA,NA
539,-9.194671630859375,"""[39.81836]""","""[0.93396986]""",40.18218994140625,0.002884697401896119,"""[[-0.]]""","""[[-0.]]""",NA,NA,NA,NA,NA,NA,NA
540,-10.983339309692383,"""[39.809624]""","""[0.9339941]""",39.86545181274414,0.002837959211319685,"""[[-0.]]""","""[[-0.]]""",NA,NA,NA,NA,NA,NA,NA
541,-13.038284301757812,"""[39.80141]""","""[0.9342453]""",39.84957504272461,0.002793218707665801,"""[[-0.]]""","""[[-0.]]""",NA,NA,NA,NA,NA,NA,NA
542,-14.766510009765625,"""[39.793777]""","""[0.9347017]""",41.00770568847656,0.0027451745700091124,"""[[-0.]]""","""[[-0.]]""",NA,NA,NA,NA,NA,NA,NA
543,-19.780715942382812,"""[39.78563]""","""[0.9354219]""",39.89775848388672,0.0027407973539084196,"""[[-0.]]""","""[[-0.]]""",NA,NA,NA,NA,NA,NA,NA
544,-23.673721313476562,"""[39.77807]""","""[0.9363728]""",40.25628662109375,0.0027314708568155766,"""[[-0.]]""","""[[-0.]]""",NA,NA,NA,NA,NA,NA,NA
545,-25.176177978515625,"""[39.771793]""","""[0.9374638]""",39.838890075683594,0.002684210427105427,"""[[-0.]]""","""[[-0.]]""",NA,NA,NA,NA,NA,NA,NA
546,-26.15393829345703,"""[39.766186]""","""[0.93873096]""",41.34904098510742,0.0026262516621500254,"""[[-0.]]""","""[[-0.]]""",NA,NA,NA,NA,NA,NA,NA
547,-23.680389404296875,"""[39.762802]""","""[0.9403076]""",39.8076057434082,0.0024982704780995846,"""[[-0.]]""","""[[-0.]]""",NA,NA,NA,NA,NA,NA,NA
548,-21.326065063476562,"""[39.759552]""","""[0.9419854]""",39.920528411865234,0.002377438824623823,"""[[-0.]]""","""[[-0.]]""",NA,NA,NA,NA,NA,NA,NA
549,-20.424827575683594,"""[39.755936]""","""[0.94375366]""",39.78757858276367,0.00228346255607903,"""[[-0.]]""","""[[-0.]]""",NA,NA,NA,NA,NA,NA,NA
550,-19.760772705078125,"""[39.752434]""","""[0.94557196]""",39.79975891113281,0.002195472829043865,"""[[-0.]]""","""[[-0.]]""",NA,NA,NA,NA,NA,NA,NA
551,-18.840843200683594,"""[39.74921]""","""[0.94742846]""",39.82781982421875,0.002106346422806382,"""[[-0.]]""","""[[-0.]]""",NA,NA,NA,NA,NA,NA,NA
552,-17.368980407714844,"""[39.746315]""","""[0.94929165]""",39.788352966308594,0.002013356192037463,"""[[-0.]]""","""[[-0.]]""",NA,NA,NA,NA,NA,NA,NA
553,-15.755626678466797,"""[39.743546]""","""[0.9511499]""",39.79328536987305,0.0019233670318499207,"""[[-0.]]""","""[[-0.]]""",NA,NA,NA,NA,NA,NA,NA
554,-15.011795043945312,"""[39.740604]""","""[0.9529681]""",41.007164001464844,0.0018483471358194947,"""[[-0.]]""","""[[-0.]]""",NA,NA,NA,NA,NA,NA,NA
555,-10.726287841796875,"""[39.738617]""","""[0.9548006]""",39.915626525878906,0.0017433796310797334,"""[[-0.]]""","""[[-0.]]""",NA,NA,NA,NA,NA,NA,NA
556,-5.517677307128906,"""[39.736492]""","""[0.95659435]""",39.75880432128906,0.0016515647293999791,"""[[-0.]]""","""[[-0.]]""",NA,NA,NA,NA,NA,NA,NA
557,-1.0296173095703125,"""[39.73392]""","""[0.95831406]""",40.0163688659668,0.0015841241693124175,"""[[-0.]]""","""[[-0.]]""",NA,NA,NA,NA,NA,NA,NA
558,4.762077331542969,"""[39.730873]""","""[0.95991606]""",40.25307846069336,0.0015397885581478477,"""[[-0.]]""","""[[-0.]]""",NA,NA,NA,NA,NA,NA,NA
559,12.212051391601562,"""[39.727158]""","""[0.96162385]""",41.607017517089844,0.0015360512770712376,"""[[-0.]]""","""[[-0.]]""",NA,NA,NA,NA,NA,NA,NA
560,14.38323974609375,"""[39.72418]""","""[0.96327436]""",39.741092681884766,0.0015093710971996188,"""[[-0.]]""","""[[-0.]]""",NA,NA,NA,NA,NA,NA,NA
561,16.625274658203125,"""[39.7211]""","""[0.9648101]""",40.016021728515625,0.0014904832933098078,"""[[-0.]]""","""[[-0.]]""",NA,NA,NA,NA,NA,NA,NA
562,17.065574645996094,"""[39.71848]""","""[0.9661711]""",40.4705696105957,0.0014547667233273387,"""[[-0.]]""","""[[-0.]]""",NA,NA,NA,NA,NA,NA,NA
563,14.489273071289062,"""[39.716755]""","""[0.967413]""",40.292808532714844,0.0013861032202839851,"""[[-0.]]""","""[[-0.]]""",NA,NA,NA,NA,NA,NA,NA
564,14.562278747558594,"""[39.71428]""","""[0.9685365]""",39.72420120239258,0.0013512999285012484,"""[[-0.]]""","""[[-0.]]""",NA,NA,NA,NA,NA,NA,NA
565,14.712127685546875,"""[39.71177]""","""[0.96952283]""",40.050113677978516,0.0013199327513575554,"""[[-0.]]""","""[[-0.]]""",NA,NA,NA,NA,NA,NA,NA
566,16.87737274169922,"""[39.708637]""","""[0.9703511]""",39.724185943603516,0.001314874622039497,"""[[-0.]]""","""[[-0.]]""",NA,NA,NA,NA,NA,NA,NA
567,18.681228637695312,"""[39.70557]""","""[0.9710704]""",39.893558502197266,0.0013101735385134816,"""[[-0.]]""","""[[-0.]]""",NA,NA,NA,NA,NA,NA,NA
568,21.984710693359375,"""[39.701885]""","""[0.9716909]""",39.71011734008789,0.0013332320377230644,"""[[-0.]]""","""[[-0.]]""",NA,NA,NA,NA,NA,NA,NA
569,25.07000732421875,"""[39.698135]""","""[0.9722076]""",40.4913444519043,0.0013618883676826954,"""[[-0.]]""","""[[-0.]]""",NA,NA,NA,NA,NA,NA,NA
570,25.198348999023438,"""[39.695568]""","""[0.9725301]""",39.945762634277344,0.0013413040433079004,"""[[-0.]]""","""[[-0.]]""",NA,NA,NA,NA,NA,NA,NA
571,23.80120849609375,"""[39.69374]""","""[0.97279876]""",39.740352630615234,0.0012942816829308867,"""[[-0.]]""","""[[-0.]]""",NA,NA,NA,NA,NA,NA,NA
572,23.387874603271484,"""[39.69158]""","""[0.97307384]""",40.13693618774414,0.0012661656364798546,"""[[-0.]]""","""[[-0.]]""",NA,NA,NA,NA,NA,NA,NA
573,20.803485870361328,"""[39.690323]""","""[0.9732817]""",39.82971954345703,0.0012043366441503167,"""[[-0.]]""","""[[-0.]]""",NA,NA,NA,NA,NA,NA,NA
574,17.345611572265625,"""[39.689278]""","""[0.9734413]""",39.99628829956055,0.001137072453275323,"""[[-0.]]""","""[[-0.]]""",NA,NA,NA,NA,NA,NA,NA
575,12.46502685546875,"""[39.688347]""","""[0.9734855]""",40.239105224609375,0.0010662602726370096,"""[[-0.]]""","""[[-0.]]""",NA,NA,NA,NA,NA,NA,NA
576,10.521690368652344,"""[39.686535]""","""[0.973485]""",39.739585876464844,0.0010335369734093547,"""[[-0.]]""","""[[-0.]]""",NA,NA,NA,NA,NA,NA,NA
577,8.108230590820312,"""[39.68482]""","""[0.9734795]""",39.99094009399414,0.0010013539576902986,"""[[-0.]]""","""[[-0.]]""",NA,NA,NA,NA,NA,NA,NA
578,4.090396881103516,"""[39.683273]""","""[0.9735574]""",39.83758544921875,0.0009676662739366293,"""[[-0.]]""","""[[-0.]]""",NA,NA,NA,NA,NA,NA,NA
579,-0.7405014038085938,"""[39.68151]""","""[0.9736269]""",39.691532135009766,0.0009465378243476152,"""[[-0.]]""","""[[-0.]]""",NA,NA,NA,NA,NA,NA,NA
580,-4.903587341308594,"""[39.679455]""","""[0.97371]""",40.906028747558594,0.0009403143194504082,"""[[-0.]]""","""[[-0.]]""",NA,NA,NA,NA,NA,NA,NA
581,-4.562801361083984,"""[39.677776]""","""[0.9738974]""",40.48176193237305,0.0009242213563993573,"""[[-0.]]""","""[[-0.]]""",NA,NA,NA,NA,NA,NA,NA
582,-1.0831527709960938,"""[39.676395]""","""[0.9742261]""",39.711952209472656,0.0009017224074341357,"""[[-0.]]""","""[[-0.]]""",NA,NA,NA,NA,NA,NA,NA
583,2.6788482666015625,"""[39.674847]""","""[0.9745775]""",40.084197998046875,0.000888838607352227,"""[[-0.]]""","""[[-0.]]""",NA,NA,NA,NA,NA,NA,NA
584,3.712158203125,"""[39.67339]""","""[0.97498244]""",42.041996002197266,0.0008761044591665268,"""[[-0.]]""","""[[-0.]]""",NA,NA,NA,NA,NA,NA,NA
585,-0.6612129211425781,"""[39.672096]""","""[0.9752918]""",40.690040588378906,0.0008569107158109546,"""[[-0.]]""","""[[-0.]]""",NA,NA,NA,NA,NA,NA,NA
586,-1.1580886840820312,"""[39.6707]""","""[0.9755874]""",40.344139099121094,0.000843509566038847,"""[[-0.]]""","""[[-0.]]""",NA,NA,NA,NA,NA,NA,NA
587,-4.55535888671875,"""[39.669163]""","""[0.9758405]""",39.885284423828125,0.0008373369346372783,"""[[-0.]]""","""[[-0.]]""",NA,NA,NA,NA,NA,NA,NA
588,-6.0976715087890625,"""[39.667763]""","""[0.9762133]""",39.99668502807617,0.0008297131862491369,"""[[-0.]]""","""[[-0.]]""",NA,NA,NA,NA,NA,NA,NA
589,-9.309005737304688,"""[39.666008]""","""[0.97642905]""",39.726078033447266,0.0008353154407814145,"""[[-0.]]""","""[[-0.]]""",NA,NA,NA,NA,NA,NA,NA
590,-13.137126922607422,"""[39.66398]""","""[0.97666675]""",40.879859924316406,0.0008542522555217147,"""[[-0.]]""","""[[-0.]]""",NA,NA,NA,NA,NA,NA,NA
591,-12.877357482910156,"""[39.662994]""","""[0.9771857]""",39.842899322509766,0.0008382985834032297,"""[[-0.]]""","""[[-0.]]""",NA,NA,NA,NA,NA,NA,NA
592,-14.263565063476562,"""[39.66159]""","""[0.9776269]""",40.30842971801758,0.0008391730953007936,"""[[-0.]]""","""[[-0.]]""",NA,NA,NA,NA,NA,NA,NA
593,-18.508163452148438,"""[39.659378]""","""[0.97813183]""",39.66427993774414,0.000876581878401339,"""[[-0.]]""","""[[-0.]]""",NA,NA,NA,NA,NA,NA,NA
594,-22.430641174316406,"""[39.656994]""","""[0.97862315]""",39.71442413330078,0.0009221293148584664,"""[[-0.]]""","""[[-0.]]""",NA,NA,NA,NA,NA,NA,NA
595,-26.887290954589844,"""[39.654106]""","""[0.97909373]""",39.65890121459961,0.0009894223185256124,"""[[-0.]]""","""[[-0.]]""",NA,NA,NA,NA,NA,NA,NA
596,-31.033096313476562,"""[39.651066]""","""[0.9795481]""",39.73557662963867,0.0010643925052136183,"""[[-0.]]""","""[[-0.]]""",NA,NA,NA,NA,NA,NA,NA
597,-36.02680206298828,"""[39.647163]""","""[0.9799141]""",39.68413543701172,0.0011741964844986796,"""[[-0.]]""","""[[-0.]]""",NA,NA,NA,NA,NA,NA,NA
598,-41.427978515625,"""[39.642544]""","""[0.98025274]""",40.15174865722656,0.001314394874498248,"""[[-0.]]""","""[[-0.]]""",NA,NA,NA,NA,NA,NA,NA
599,-49.15919494628906,"""[39.63541]""","""[0.9804965]""",39.64247131347656,0.0015568073140457273,"""[[-0.]]""","""[[-0.]]""",NA,NA,NA,NA,NA,NA,NA
600,-56.69636535644531,"""[39.62747]""","""[0.98075825]""",41.10753631591797,0.0018343570409342647,"""[[-0.]]""","""[[-0.]]""",NA,NA,NA,NA,NA,NA,NA
601,-68.24760437011719,"""[39.613823]""","""[0.98097104]""",39.659549713134766,0.0023448928259313107,"""[[-0.]]""","""[[-0.]]""",NA,NA,NA,NA,NA,NA,NA
602,-79.8919448852539,"""[39.597736]""","""[0.9812215]""",39.7181282043457,0.0029571023769676685,"""[[-0.]]""","""[[-0.]]""",NA,NA,NA,NA,NA,NA,NA
603,-92.23780822753906,"""[39.57814]""","""[0.98149884]""",40.32040786743164,0.003714036662131548,"""[[-0.]]""","""[[-0.]]""",NA,NA,NA,NA,NA,NA,NA
604,-106.95655822753906,"""[39.55148]""","""[0.9818689]""",39.936195373535156,0.004762900061905384,"""[[-0.]]""","""[[-0.]]""",NA,NA,NA,NA,NA,NA,NA
605,-118.87313842773438,"""[39.52699]""","""[0.98232913]""",40.71520233154297,0.005725443363189697,"""[[-0.]]""","""[[-0.]]""",NA,NA,NA,NA,NA,NA,NA
606,-126.73698425292969,"""[39.509453]""","""[0.9830957]""",39.9914436340332,0.006412007380276918,"""[[-0.]]""","""[[-0.]]""",NA,NA,NA,NA,NA,NA,NA
607,-132.25885009765625,"""[39.496326]""","""[0.98376554]""",42.06243896484375,0.00691768154501915,"""[[-0.]]""","""[[-0.]]""",NA,NA,NA,NA,NA,NA,NA
608,-133.22625732421875,"""[39.493664]""","""[0.98445076]""",42.00613784790039,0.006998013239353895,"""[[-0.]]""","""[[-0.]]""",NA,NA,NA,NA,NA,NA,NA
609,-129.5714111328125,"""[39.501945]""","""[0.9853445]""",39.60736083984375,0.0066368007101118565,"""[[-0.]]""","""[[-0.]]""",NA,NA,NA,NA,NA,NA,NA
610,-126.09215545654297,"""[39.50952]""","""[0.98610467]""",40.91992950439453,0.0063029807060956955,"""[[-0.]]""","""[[-0.]]""",NA,NA,NA,NA,NA,NA,NA
611,-119.66476440429688,"""[39.523186]""","""[0.98687154]""",39.66112518310547,0.00572102889418602,"""[[-0.]]""","""[[-0.]]""",NA,NA,NA,NA,NA,NA,NA
612,-113.60493469238281,"""[39.535343]""","""[0.9876042]""",40.05598449707031,0.00520091550424695,"""[[-0.]]""","""[[-0.]]""",NA,NA,NA,NA,NA,NA,NA
613,-106.264892578125,"""[39.54921]""","""[0.98823965]""",40.00198745727539,0.004610557574778795,"""[[-0.]]""","""[[-0.]]""",NA,NA,NA,NA,NA,NA,NA
614,-102.9602279663086,"""[39.554802]""","""[0.9885949]""",39.55841827392578,0.004353990312665701,"""[[-0.]]""","""[[-0.]]""",NA,NA,NA,NA,NA,NA,NA
615,-100.90251159667969,"""[39.557945]""","""[0.9888195]""",39.57004165649414,0.00419598538428545,"""[[-0.]]""","""[[-0.]]""",NA,NA,NA,NA,NA,NA,NA
616,-99.40280151367188,"""[39.56]""","""[0.98891157]""",39.562583923339844,0.004081400111317635,"""[[-0.]]""","""[[-0.]]""",NA,NA,NA,NA,NA,NA,NA
617,-98.65049743652344,"""[39.560688]""","""[0.98890173]""",39.570587158203125,0.004021655768156052,"""[[-0.]]""","""[[-0.]]""",NA,NA,NA,NA,NA,NA,NA
618,-99.01010131835938,"""[39.559418]""","""[0.98878515]""",40.19975280761719,0.004041283391416073,"""[[-0.]]""","""[[-0.]]""",NA,NA,NA,NA,NA,NA,NA
619,-97.11115264892578,"""[39.56209]""","""[0.98873764]""",39.593116760253906,0.003901981981471181,"""[[-0.]]""","""[[-0.]]""",NA,NA,NA,NA,NA,NA,NA
620,-96.7574462890625,"""[39.562084]""","""[0.9886075]""",40.53499221801758,0.003871995024383068,"""[[-0.]]""","""[[-0.]]""",NA,NA,NA,NA,NA,NA,NA
621,-93.49817657470703,"""[39.566917]""","""[0.98845303]""",39.75407028198242,0.0036448731552809477,"""[[-0.]]""","""[[-0.]]""",NA,NA,NA,NA,NA,NA,NA
622,-92.85061645507812,"""[39.567356]""","""[0.98825216]""",40.95595932006836,0.0035969065502285957,"""[[-0.]]""","""[[-0.]]""",NA,NA,NA,NA,NA,NA,NA
623,-88.45063018798828,"""[39.573833]""","""[0.98822784]""",40.515933990478516,0.0033067206386476755,"""[[-0.]]""","""[[-0.]]""",NA,NA,NA,NA,NA,NA,NA
624,-81.58625793457031,"""[39.583557]""","""[0.9882604]""",39.584938049316406,0.002885127440094948,"""[[-0.]]""","""[[-0.]]""",NA,NA,NA,NA,NA,NA,NA
625,-76.0045166015625,"""[39.590763]""","""[0.9882641]""",41.20326232910156,0.0025669101160019636,"""[[-0.]]""","""[[-0.]]""",NA,NA,NA,NA,NA,NA,NA
626,-66.87100219726562,"""[39.60164]""","""[0.9881972]""",39.96017837524414,0.0020981719717383385,"""[[-0.]]""","""[[-0.]]""",NA,NA,NA,NA,NA,NA,NA
627,-61.186279296875,"""[39.607445]""","""[0.9879997]""",39.61170959472656,0.00183575670234859,"""[[-0.]]""","""[[-0.]]""",NA,NA,NA,NA,NA,NA,NA
628,-56.31864929199219,"""[39.6119]""","""[0.98781973]""",39.62700271606445,0.0016291957581415772,"""[[-0.]]""","""[[-0.]]""",NA,NA,NA,NA,NA,NA,NA
629,-52.724082946777344,"""[39.614796]""","""[0.9876521]""",40.66525650024414,0.0014868202852085233,"""[[-0.]]""","""[[-0.]]""",NA,NA,NA,NA,NA,NA,NA
630,-46.15057373046875,"""[39.620026]""","""[0.9876811]""",40.48133850097656,0.0012527268845587969,"""[[-0.]]""","""[[-0.]]""",NA,NA,NA,NA,NA,NA,NA
631,-37.03828430175781,"""[39.626167]""","""[0.9876551]""",39.63467025756836,0.0009810305200517178,"""[[-0.]]""","""[[-0.]]""",NA,NA,NA,NA,NA,NA,NA
632,-28.785560607910156,"""[39.63047]""","""[0.9877002]""",40.07807922363281,0.0007856424781493843,"""[[-0.]]""","""[[-0.]]""",NA,NA,NA,NA,NA,NA,NA
633,-19.145858764648438,"""[39.634052]""","""[0.98772985]""",39.80523681640625,0.0006194976158440113,"""[[-0.]]""","""[[-0.]]""",NA,NA,NA,NA,NA,NA,NA
634,-9.09423828125,"""[39.63615]""","""[0.98790663]""",41.1337890625,0.0005162727320566773,"""[[-0.]]""","""[[-0.]]""",NA,NA,NA,NA,NA,NA,NA
635,-4.733970642089844,"""[39.636387]""","""[0.988316]""",39.849327087402344,0.0004911049618385732,"""[[-0.]]""","""[[-0.]]""",NA,NA,NA,NA,NA,NA,NA
636,0.7098579406738281,"""[39.63629]""","""[0.98871857]""",39.64574432373047,0.00047979247756302357,"""[[-0.]]""","""[[-0.]]""",NA,NA,NA,NA,NA,NA,NA
637,5.288917541503906,"""[39.635765]""","""[0.98908204]""",40.5391731262207,0.0004860939225181937,"""[[-0.]]""","""[[-0.]]""",NA,NA,NA,NA,NA,NA,NA
638,13.174591064453125,"""[39.634216]""","""[0.98945063]""",40.441776275634766,0.0005345833487808704,"""[[-0.]]""","""[[-0.]]""",NA,NA,NA,NA,NA,NA,NA
639,17.04576873779297,"""[39.632908]""","""[0.9897593]""",40.24713897705078,0.0005728054675273597,"""[[-0.]]""","""[[-0.]]""",NA,NA,NA,NA,NA,NA,NA
640,17.757293701171875,"""[39.63238]""","""[0.9899663]""",40.36232376098633,0.0005784164532087743,"""[[-0.]]""","""[[-0.]]""",NA,NA,NA,NA,NA,NA,NA
641,15.491992950439453,"""[39.632725]""","""[0.99009854]""",39.64099884033203,0.0005486333975568414,"""[[-0.]]""","""[[-0.]]""",NA,NA,NA,NA,NA,NA,NA
642,13.900306701660156,"""[39.632812]""","""[0.99022156]""",39.79048156738281,0.000529094657395035,"""[[-0.]]""","""[[-0.]]""",NA,NA,NA,NA,NA,NA,NA
643,13.908523559570312,"""[39.632515]""","""[0.99039066]""",40.75825881958008,0.0005262852646410465,"""[[-0.]]""","""[[-0.]]""",NA,NA,NA,NA,NA,NA,NA
644,10.387008666992188,"""[39.632984]""","""[0.9905645]""",39.71226501464844,0.0004929134738631546,"""[[-0.]]""","""[[-0.]]""",NA,NA,NA,NA,NA,NA,NA
645,8.260665893554688,"""[39.633057]""","""[0.9907604]""",39.699764251708984,0.0004759124421980232,"""[[-0.]]""","""[[-0.]]""",NA,NA,NA,NA,NA,NA,NA
646,7.289188385009766,"""[39.632927]""","""[0.99094754]""",41.25048828125,0.00046777966781519353,"""[[-0.]]""","""[[-0.]]""",NA,NA,NA,NA,NA,NA,NA
647,11.040313720703125,"""[39.632103]""","""[0.9912816]""",40.523643493652344,0.0004894979647360742,"""[[-0.]]""","""[[-0.]]""",NA,NA,NA,NA,NA,NA,NA
648,11.173812866210938,"""[39.63181]""","""[0.9914321]""",39.632816314697266,0.0004880429187323898,"""[[-0.]]""","""[[-0.]]""",NA,NA,NA,NA,NA,NA,NA
649,11.316703796386719,"""[39.631516]""","""[0.99156165]""",40.92710876464844,0.0004867777170147747,"""[[-0.]]""","""[[-0.]]""",NA,NA,NA,NA,NA,NA,NA
650,7.340950012207031,"""[39.631958]""","""[0.9918678]""",40.54193115234375,0.0004575973725877702,"""[[-0.]]""","""[[-0.]]""",NA,NA,NA,NA,NA,NA,NA
651,0.2307281494140625,"""[39.63222]""","""[0.99211186]""",39.90360641479492,0.00043543093488551676,"""[[-0.]]""","""[[-0.]]""",NA,NA,NA,NA,NA,NA,NA
652,-8.166473388671875,"""[39.63146]""","""[0.9923883]""",39.86728286743164,0.0004555426421575248,"""[[-0.]]""","""[[-0.]]""",NA,NA,NA,NA,NA,NA,NA
653,-14.024581909179688,"""[39.630146]""","""[0.99264824]""",40.35034942626953,0.0004983081016689539,"""[[-0.]]""","""[[-0.]]""",NA,NA,NA,NA,NA,NA,NA
654,-22.704952239990234,"""[39.62717]""","""[0.9927296]""",40.42097091674805,0.0006074385601095855,"""[[-0.]]""","""[[-0.]]""",NA,NA,NA,NA,NA,NA,NA
655,-27.609298706054688,"""[39.62487]""","""[0.9930053]""",40.344112396240234,0.0006914436817169189,"""[[-0.]]""","""[[-0.]]""",NA,NA,NA,NA,NA,NA,NA
656,-29.12000274658203,"""[39.623905]""","""[0.99308354]""",39.6861686706543,0.0007194636855274439,"""[[-0.]]""","""[[-0.]]""",NA,NA,NA,NA,NA,NA,NA
657,-29.82343292236328,"""[39.623314]""","""[0.9931349]""",39.70323181152344,0.0007320920121856034,"""[[-0.]]""","""[[-0.]]""",NA,NA,NA,NA,NA,NA,NA
658,-29.686553955078125,"""[39.623158]""","""[0.9931706]""",39.783512115478516,0.0007274352828972042,"""[[-0.]]""","""[[-0.]]""",NA,NA,NA,NA,NA,NA,NA
659,-28.21881103515625,"""[39.62367]""","""[0.9932124]""",39.7888069152832,0.0006959678721614182,"""[[-0.]]""","""[[-0.]]""",NA,NA,NA,NA,NA,NA,NA
660,-25.76947021484375,"""[39.624584]""","""[0.993243]""",40.18902587890625,0.0006480906740762293,"""[[-0.]]""","""[[-0.]]""",NA,NA,NA,NA,NA,NA,NA
661,-26.137001037597656,"""[39.624195]""","""[0.9932029]""",39.995967864990234,0.0006531571852974594,"""[[-0.]]""","""[[-0.]]""",NA,NA,NA,NA,NA,NA,NA
662,-24.379554748535156,"""[39.624702]""","""[0.9930345]""",39.64329528808594,0.0006207994883880019,"""[[-0.]]""","""[[-0.]]""",NA,NA,NA,NA,NA,NA,NA
663,-23.50006103515625,"""[39.624813]""","""[0.9928731]""",39.8575325012207,0.0006047905771993101,"""[[-0.]]""","""[[-0.]]""",NA,NA,NA,NA,NA,NA,NA
664,-24.56346893310547,"""[39.624134]""","""[0.9927028]""",40.05193328857422,0.0006213454762473702,"""[[-0.]]""","""[[-0.]]""",NA,NA,NA,NA,NA,NA,NA
665,-23.402908325195312,"""[39.62437]""","""[0.9925017]""",39.68843078613281,0.000600791594479233,"""[[-0.]]""","""[[-0.]]""",NA,NA,NA,NA,NA,NA,NA
666,-23.42560577392578,"""[39.624123]""","""[0.99230415]""",41.894954681396484,0.0006000578869134188,"""[[-0.]]""","""[[-0.]]""",NA,NA,NA,NA,NA,NA,NA
667,-17.903472900390625,"""[39.625874]""","""[0.992253]""",39.70138168334961,0.0005193324177525938,"""[[-0.]]""","""[[-0.]]""",NA,NA,NA,NA,NA,NA,NA
668,-12.049537658691406,"""[39.627182]""","""[0.992263]""",39.635074615478516,0.0004571291501633823,"""[[-0.]]""","""[[-0.]]""",NA,NA,NA,NA,NA,NA,NA
669,-6.555908203125,"""[39.62787]""","""[0.9923217]""",40.495018005371094,0.00042046059388667345,"""[[-0.]]""","""[[-0.]]""",NA,NA,NA,NA,NA,NA,NA
670,-5.076324462890625,"""[39.627865]""","""[0.99250555]""",39.750640869140625,0.0004129130393266678,"""[[-0.]]""","""[[-0.]]""",NA,NA,NA,NA,NA,NA,NA
671,-2.4985198974609375,"""[39.627865]""","""[0.9926326]""",40.067893981933594,0.00040481158066540956,"""[[-0.]]""","""[[-0.]]""",NA,NA,NA,NA,NA,NA,NA
672,-2.6172943115234375,"""[39.627693]""","""[0.99269927]""",40.5052604675293,0.00040360138518735766,"""[[-0.]]""","""[[-0.]]""",NA,NA,NA,NA,NA,NA,NA
673,0.7236671447753906,"""[39.627563]""","""[0.99268156]""",39.6300163269043,0.0004005204245913774,"""[[-0.]]""","""[[-0.]]""",NA,NA,NA,NA,NA,NA,NA
674,3.5787277221679688,"""[39.627274]""","""[0.9927023]""",39.792320251464844,0.000403847370762378,"""[[-0.]]""","""[[-0.]]""",NA,NA,NA,NA,NA,NA,NA
675,4.829154968261719,"""[39.627026]""","""[0.9928206]""",39.7387580871582,0.00040622259257361293,"""[[-0.]]""","""[[-0.]]""",NA,NA,NA,NA,NA,NA,NA
676,4.727386474609375,"""[39.62688]""","""[0.9929022]""",40.219322204589844,0.0004045238019898534,"""[[-0.]]""","""[[-0.]]""",NA,NA,NA,NA,NA,NA,NA
677,2.036102294921875,"""[39.62686]""","""[0.99281317]""",39.963531494140625,0.0003968538367189467,"""[[-0.]]""","""[[-0.]]""",NA,NA,NA,NA,NA,NA,NA
678,1.4930801391601562,"""[39.626705]""","""[0.9927389]""",40.57190704345703,0.0003951106336899102,"""[[-0.]]""","""[[-0.]]""",NA,NA,NA,NA,NA,NA,NA
679,-2.502960205078125,"""[39.626476]""","""[0.9924991]""",40.82838821411133,0.00039543493767268956,"""[[-0.]]""","""[[-0.]]""",NA,NA,NA,NA,NA,NA,NA
680,-10.019912719726562,"""[39.62551]""","""[0.99239933]""",40.082481384277344,0.0004265782190486789,"""[[-0.]]""","""[[-0.]]""",NA,NA,NA,NA,NA,NA,NA
681,-14.19140625,"""[39.62451]""","""[0.9925252]""",40.344112396240234,0.0004599899402819574,"""[[-0.]]""","""[[-0.]]""",NA,NA,NA,NA,NA,NA,NA
682,-21.390541076660156,"""[39.622196]""","""[0.9926784]""",39.9669303894043,0.0005471787881106138,"""[[-0.]]""","""[[-0.]]""",NA,NA,NA,NA,NA,NA,NA
683,-25.885726928710938,"""[39.62026]""","""[0.99289465]""",39.645347595214844,0.0006192977889440954,"""[[-0.]]""","""[[-0.]]""",NA,NA,NA,NA,NA,NA,NA
684,-29.537837982177734,"""[39.618423]""","""[0.99319094]""",40.466060638427734,0.0006878391141071916,"""[[-0.]]""","""[[-0.]]""",NA,NA,NA,NA,NA,NA,NA
685,-29.589107513427734,"""[39.618298]""","""[0.99354535]""",39.73856735229492,0.0006871194927953184,"""[[-0.]]""","""[[-0.]]""",NA,NA,NA,NA,NA,NA,NA
686,-31.051246643066406,"""[39.617443]""","""[0.99386096]""",39.7090950012207,0.0007162512629292905,"""[[-0.]]""","""[[-0.]]""",NA,NA,NA,NA,NA,NA,NA
687,-31.448410034179688,"""[39.617138]""","""[0.9941927]""",39.66116714477539,0.000723264878615737,"""[[-0.]]""","""[[-0.]]""",NA,NA,NA,NA,NA,NA,NA
688,-31.308605194091797,"""[39.61712]""","""[0.9945014]""",39.70899200439453,0.0007187272422015667,"""[[-0.]]""","""[[-0.]]""",NA,NA,NA,NA,NA,NA,NA
689,-32.647491455078125,"""[39.61629]""","""[0.9947941]""",39.61697006225586,0.0007470236159861088,"""[[-0.]]""","""[[-0.]]""",NA,NA,NA,NA,NA,NA,NA
690,-34.028900146484375,"""[39.615417]""","""[0.99507886]""",39.899322509765625,0.0007776378188282251,"""[[-0.]]""","""[[-0.]]""",NA,NA,NA,NA,NA,NA,NA
691,-33.60270690917969,"""[39.615578]""","""[0.9953523]""",40.034339904785156,0.000766377430409193,"""[[-0.]]""","""[[-0.]]""",NA,NA,NA,NA,NA,NA,NA
692,-31.137802124023438,"""[39.616837]""","""[0.9955226]""",39.63145065307617,0.0007099517388269305,"""[[-0.]]""","""[[-0.]]""",NA,NA,NA,NA,NA,NA,NA
693,-28.690933227539062,"""[39.61798]""","""[0.9956913]""",40.098506927490234,0.0006581860943697393,"""[[-0.]]""","""[[-0.]]""",NA,NA,NA,NA,NA,NA,NA
694,-24.115760803222656,"""[39.619953]""","""[0.99592155]""",40.66590118408203,0.0005735533777624369,"""[[-0.]]""","""[[-0.]]""",NA,NA,NA,NA,NA,NA,NA
695,-24.045867919921875,"""[39.619873]""","""[0.9960095]""",41.05598068237305,0.0005715042934753001,"""[[-0.]]""","""[[-0.]]""",NA,NA,NA,NA,NA,NA,NA
696,-19.860794067382812,"""[39.621307]""","""[0.99576175]""",39.62148666381836,0.0005074284854345024,"""[[-0.]]""","""[[-0.]]""",NA,NA,NA,NA,NA,NA,NA
697,-16.239036560058594,"""[39.622284]""","""[0.9955557]""",40.2989616394043,0.00046178261982277036,"""[[-0.]]""","""[[-0.]]""",NA,NA,NA,NA,NA,NA,NA
698,-16.346332550048828,"""[39.622128]""","""[0.99537665]""",39.78057861328125,0.0004624408611562103,"""[[-0.]]""","""[[-0.]]""",NA,NA,NA,NA,NA,NA,NA
699,-14.956253051757812,"""[39.622375]""","""[0.99520475]""",39.71775436401367,0.00044695130782201886,"""[[-0.]]""","""[[-0.]]""",NA,NA,NA,NA,NA,NA,NA
700,-12.770645141601562,"""[39.622784]""","""[0.9951137]""",39.623046875,0.00042555623804219067,"""[[-0.]]""","""[[-0.]]""",NA,NA,NA,NA,NA,NA,NA
701,-10.913429260253906,"""[39.62305]""","""[0.9950718]""",39.63524627685547,0.0004098638892173767,"""[[-0.]]""","""[[-0.]]""",NA,NA,NA,NA,NA,NA,NA
702,-8.91299057006836,"""[39.623295]""","""[0.9950964]""",40.41828918457031,0.0003956262080464512,"""[[-0.]]""","""[[-0.]]""",NA,NA,NA,NA,NA,NA,NA
703,-3.784076690673828,"""[39.623764]""","""[0.99527675]""",39.99730682373047,0.0003727206203620881,"""[[-0.]]""","""[[-0.]]""",NA,NA,NA,NA,NA,NA,NA
704,-1.3836288452148438,"""[39.623787]""","""[0.99545187]""",39.80624008178711,0.00036785335396416485,"""[[-0.]]""","""[[-0.]]""",NA,NA,NA,NA,NA,NA,NA
705,-0.8592300415039062,"""[39.623714]""","""[0.99554515]""",42.428199768066406,0.0003667832934297621,"""[[-0.]]""","""[[-0.]]""",NA,NA,NA,NA,NA,NA,NA
706,6.6724395751953125,"""[39.6233]""","""[0.9961993]""",41.05097961425781,0.0003816377429757267,"""[[-0.]]""","""[[-0.]]""",NA,NA,NA,NA,NA,NA,NA
707,17.885009765625,"""[39.62088]""","""[0.9968113]""",39.75790786743164,0.00047755392733961344,"""[[-0.]]""","""[[-0.]]""",NA,NA,NA,NA,NA,NA,NA
708,26.734344482421875,"""[39.61745]""","""[0.9973483]""",40.518760681152344,0.00061489810468629,"""[[-0.]]""","""[[-0.]]""",NA,NA,NA,NA,NA,NA,NA
709,31.10218048095703,"""[39.615242]""","""[0.99777675]""",41.482940673828125,0.0007024703081697226,"""[[-0.]]""","""[[-0.]]""",NA,NA,NA,NA,NA,NA,NA
710,40.220855712890625,"""[39.60966]""","""[0.99856687]""",39.609710693359375,0.0009289420559071004,"""[[-0.]]""","""[[-0.]]""",NA,NA,NA,NA,NA,NA,NA
711,48.75941467285156,"""[39.603157]""","""[0.99927837]""",39.61993408203125,0.0011936456430703402,"""[[-0.]]""","""[[-0.]]""",NA,NA,NA,NA,NA,NA,NA
712,56.302734375,"""[39.59636]""","""[0.99991477]""",39.80586242675781,0.0014698823215439916,"""[[-0.]]""","""[[-0.]]""",NA,NA,NA,NA,NA,NA,NA
713,61.74974822998047,"""[39.59085]""","""[1.0004264]""",39.725921630859375,0.0016940082423388958,"""[[-0.]]""","""[[-0.]]""",NA,NA,NA,NA,NA,NA,NA
714,65.7529296875,"""[39.586468]""","""[1.0008765]""",42.57594299316406,0.0018719641957432032,"""[[-0.]]""","""[[-0.]]""",NA,NA,NA,NA,NA,NA,NA
715,63.52923583984375,"""[39.588913]""","""[1.0013205]""",40.10495376586914,0.0017719018505886197,"""[[-0.]]""","""[[-0.]]""",NA,NA,NA,NA,NA,NA,NA
716,64.61597442626953,"""[39.587696]""","""[1.0016345]""",40.07780075073242,0.0018204846419394016,"""[[-0.]]""","""[[-0.]]""",NA,NA,NA,NA,NA,NA,NA
717,63.67389678955078,"""[39.588684]""","""[1.0017741]""",39.60741424560547,0.001778160803951323,"""[[-0.]]""","""[[-0.]]""",NA,NA,NA,NA,NA,NA,NA
718,63.81683349609375,"""[39.588474]""","""[1.0017813]""",39.595497131347656,0.0017840869259089231,"""[[-0.]]""","""[[-0.]]""",NA,NA,NA,NA,NA,NA,NA
719,64.07748413085938,"""[39.588127]""","""[1.0016805]""",40.186119079589844,0.001795097254216671,"""[[-0.]]""","""[[-0.]]""",NA,NA,NA,NA,NA,NA,NA
720,61.89426803588867,"""[39.590393]""","""[1.001418]""",41.48777389526367,0.0016984097892418504,"""[[-0.]]""","""[[-0.]]""",NA,NA,NA,NA,NA,NA,NA
721,55.345367431640625,"""[39.596886]""","""[1.0012004]""",39.68138885498047,0.0014302274212241173,"""[[-0.]]""","""[[-0.]]""",NA,NA,NA,NA,NA,NA,NA
722,48.663978576660156,"""[39.60275]""","""[1.0009465]""",39.8112678527832,0.0011874689953401685,"""[[-0.]]""","""[[-0.]]""",NA,NA,NA,NA,NA,NA,NA
723,41.26765441894531,"""[39.608353]""","""[1.0006158]""",39.61041259765625,0.0009550272952765226,"""[[-0.]]""","""[[-0.]]""",NA,NA,NA,NA,NA,NA,NA
724,35.093406677246094,"""[39.6123]""","""[1.000263]""",39.917110443115234,0.0007900576456449926,"""[[-0.]]""","""[[-0.]]""",NA,NA,NA,NA,NA,NA,NA
725,27.741790771484375,"""[39.616177]""","""[0.99985695]""",39.66520690917969,0.0006283459952101111,"""[[-0.]]""","""[[-0.]]""",NA,NA,NA,NA,NA,NA,NA
726,20.42613983154297,"""[39.619114]""","""[0.9994143]""",40.7025260925293,0.0005047313752584159,"""[[-0.]]""","""[[-0.]]""",NA,NA,NA,NA,NA,NA,NA
727,9.956268310546875,"""[39.62174]""","""[0.9986138]""",40.06538772583008,0.00039262467180378735,"""[[-0.]]""","""[[-0.]]""",NA,NA,NA,NA,NA,NA,NA
728,3.1353073120117188,"""[39.62244]""","""[0.99805874]""",39.62699508666992,0.00036057218676432967,"""[[-0.]]""","""[[-0.]]""",NA,NA,NA,NA,NA,NA,NA
729,-3.229705810546875,"""[39.622364]""","""[0.997569]""",39.719322204589844,0.0003598705807235092,"""[[-0.]]""","""[[-0.]]""",NA,NA,NA,NA,NA,NA,NA
730,-7.740638732910156,"""[39.621887]""","""[0.9971929]""",39.877044677734375,0.0003763931163121015,"""[[-0.]]""","""[[-0.]]""",NA,NA,NA,NA,NA,NA,NA
731,-9.911026000976562,"""[39.621506]""","""[0.99702305]""",39.64885711669922,0.00038925730041228235,"""[[-0.]]""","""[[-0.]]""",NA,NA,NA,NA,NA,NA,NA
732,-11.309150695800781,"""[39.6212]""","""[0.99691963]""",39.88560104370117,0.00039918057154864073,"""[[-0.]]""","""[[-0.]]""",NA,NA,NA,NA,NA,NA,NA
733,-14.549812316894531,"""[39.62044]""","""[0.9969009]""",40.37711715698242,0.0004275781975593418,"""[[-0.]]""","""[[-0.]]""",NA,NA,NA,NA,NA,NA,NA
734,-14.272697448730469,"""[39.620487]""","""[0.99725014]""",39.70286178588867,0.00042436900548636913,"""[[-0.]]""","""[[-0.]]""",NA,NA,NA,NA,NA,NA,NA
735,-13.01788330078125,"""[39.62075]""","""[0.99761254]""",39.62400817871094,0.00041222787695005536,"""[[-0.]]""","""[[-0.]]""",NA,NA,NA,NA,NA,NA,NA
736,-12.177635192871094,"""[39.6209]""","""[0.9979526]""",40.20366668701172,0.00040463119512423873,"""[[-0.]]""","""[[-0.]]""",NA,NA,NA,NA,NA,NA,NA
737,-14.554183959960938,"""[39.620323]""","""[0.99807006]""",40.26144027709961,0.0004260527202859521,"""[[-0.]]""","""[[-0.]]""",NA,NA,NA,NA,NA,NA,NA
738,-19.793087005615234,"""[39.618748]""","""[0.9982034]""",39.822383880615234,0.0004874605219811201,"""[[-0.]]""","""[[-0.]]""",NA,NA,NA,NA,NA,NA,NA
739,-22.976783752441406,"""[39.61756]""","""[0.99837613]""",39.72936248779297,0.0005339548806659877,"""[[-0.]]""","""[[-0.]]""",NA,NA,NA,NA,NA,NA,NA
740,-24.7557373046875,"""[39.6168]""","""[0.9985417]""",39.71535873413086,0.0005628768703900278,"""[[-0.]]""","""[[-0.]]""",NA,NA,NA,NA,NA,NA,NA
741,-27.76611328125,"""[39.615417]""","""[0.9986793]""",39.72433090209961,0.0006170080741867423,"""[[-0.]]""","""[[-0.]]""",NA,NA,NA,NA,NA,NA,NA
742,-29.417694091796875,"""[39.614582]""","""[0.99893165]""",39.9429931640625,0.0006492860848084092,"""[[-0.]]""","""[[-0.]]""",NA,NA,NA,NA,NA,NA,NA
743,-28.984275817871094,"""[39.61476]""","""[0.9991559]""",39.723724365234375,0.0006403603474609554,"""[[-0.]]""","""[[-0.]]""",NA,NA,NA,NA,NA,NA,NA
744,-27.4930419921875,"""[39.615444]""","""[0.9994281]""",41.070396423339844,0.0006112122791819274,"""[[-0.]]""","""[[-0.]]""",NA,NA,NA,NA,NA,NA,NA
745,-22.166358947753906,"""[39.617672]""","""[0.9999026]""",39.62569808959961,0.0005203179898671806,"""[[-0.]]""","""[[-0.]]""",NA,NA,NA,NA,NA,NA,NA
746,-17.185775756835938,"""[39.619305]""","""[1.0003288]""",40.399169921875,0.00045319448690861464,"""[[-0.]]""","""[[-0.]]""",NA,NA,NA,NA,NA,NA,NA
747,-9.62664794921875,"""[39.620995]""","""[1.0006894]""",40.46659851074219,0.0003840851422864944,"""[[-0.]]""","""[[-0.]]""",NA,NA,NA,NA,NA,NA,NA
748,0.5800933837890625,"""[39.62173]""","""[1.000988]""",39.62211990356445,0.00035343781928531826,"""[[-0.]]""","""[[-0.]]""",NA,NA,NA,NA,NA,NA,NA
749,9.850387573242188,"""[39.620865]""","""[1.001233]""",39.64296340942383,0.0003880340955220163,"""[[-0.]]""","""[[-0.]]""",NA,NA,NA,NA,NA,NA,NA
750,17.670852661132812,"""[39.618988]""","""[1.0013496]""",39.805419921875,0.0004632958734873682,"""[[-0.]]""","""[[-0.]]""",NA,NA,NA,NA,NA,NA,NA
751,23.19884490966797,"""[39.61701]""","""[1.0012487]""",40.433284759521484,0.0005416828207671642,"""[[-0.]]""","""[[-0.]]""",NA,NA,NA,NA,NA,NA,NA
752,25.097824096679688,"""[39.61617]""","""[1.0009563]""",39.69190979003906,0.0005730086704716086,"""[[-0.]]""","""[[-0.]]""",NA,NA,NA,NA,NA,NA,NA
753,25.923995971679688,"""[39.615753]""","""[1.0006136]""",40.1868782043457,0.0005870702443644404,"""[[-0.]]""","""[[-0.]]""",NA,NA,NA,NA,NA,NA,NA
754,29.837989807128906,"""[39.61383]""","""[1.0002612]""",39.75248718261719,0.0006624625530093908,"""[[-0.]]""","""[[-0.]]""",NA,NA,NA,NA,NA,NA,NA
755,35.07258605957031,"""[39.610878]""","""[0.9999766]""",39.75557327270508,0.0007801998290233314,"""[[-0.]]""","""[[-0.]]""",NA,NA,NA,NA,NA,NA,NA
756,41.528221130371094,"""[39.606598]""","""[0.99967414]""",39.69873809814453,0.0009516875725239515,"""[[-0.]]""","""[[-0.]]""",NA,NA,NA,NA,NA,NA,NA
757,46.51881408691406,"""[39.60279]""","""[0.9993641]""",39.75737380981445,0.001104031573049724,"""[[-0.]]""","""[[-0.]]""",NA,NA,NA,NA,NA,NA,NA
758,49.967437744140625,"""[39.5999]""","""[0.9991274]""",40.03837203979492,0.0012193741276860237,"""[[-0.]]""","""[[-0.]]""",NA,NA,NA,NA,NA,NA,NA
759,50.96612548828125,"""[39.59899]""","""[0.99893504]""",39.76247024536133,0.0012541681062430143,"""[[-0.]]""","""[[-0.]]""",NA,NA,NA,NA,NA,NA,NA
760,50.61431121826172,"""[39.599243]""","""[0.9986764]""",39.93297576904297,0.0012415118981152773,"""[[-0.]]""","""[[-0.]]""",NA,NA,NA,NA,NA,NA,NA
761,48.385826110839844,"""[39.601078]""","""[0.9983731]""",39.73934555053711,0.001164657762274146,"""[[-0.]]""","""[[-0.]]""",NA,NA,NA,NA,NA,NA,NA
762,48.212486267089844,"""[39.601173]""","""[0.998106]""",41.32732391357422,0.0011586745968088508,"""[[-0.]]""","""[[-0.]]""",NA,NA,NA,NA,NA,NA,NA
763,43.8311767578125,"""[39.604572]""","""[0.9976936]""",39.74184799194336,0.0010185572318732738,"""[[-0.]]""","""[[-0.]]""",NA,NA,NA,NA,NA,NA,NA
764,38.71134948730469,"""[39.608135]""","""[0.997348]""",39.608943939208984,0.0008717324817553163,"""[[-0.]]""","""[[-0.]]""",NA,NA,NA,NA,NA,NA,NA
765,34.50629425048828,"""[39.61072]""","""[0.9971061]""",40.49057388305664,0.0007647150196135044,"""[[-0.]]""","""[[-0.]]""",NA,NA,NA,NA,NA,NA,NA
766,27.423858642578125,"""[39.61444]""","""[0.99711365]""",39.91128921508789,0.0006119763711467385,"""[[-0.]]""","""[[-0.]]""",NA,NA,NA,NA,NA,NA,NA
767,23.209716796875,"""[39.61623]""","""[0.9971001]""",39.619483947753906,0.0005375049659051001,"""[[-0.]]""","""[[-0.]]""",NA,NA,NA,NA,NA,NA,NA
768,19.807395935058594,"""[39.61745]""","""[0.99716526]""",39.62165832519531,0.0004862424684688449,"""[[-0.]]""","""[[-0.]]""",NA,NA,NA,NA,NA,NA,NA
769,17.12316131591797,"""[39.618263]""","""[0.99729156]""",39.74958801269531,0.00045135003165341914,"""[[-0.]]""","""[[-0.]]""",NA,NA,NA,NA,NA,NA,NA
770,16.2464599609375,"""[39.61848]""","""[0.9975344]""",39.6700553894043,0.0004407486994750798,"""[[-0.]]""","""[[-0.]]""",NA,NA,NA,NA,NA,NA,NA
771,16.470077514648438,"""[39.61838]""","""[0.99786484]""",40.44088363647461,0.0004429002874530852,"""[[-0.]]""","""[[-0.]]""",NA,NA,NA,NA,NA,NA,NA
772,19.852203369140625,"""[39.617302]""","""[0.99823123]""",39.990928649902344,0.00048536621034145355,"""[[-0.]]""","""[[-0.]]""",NA,NA,NA,NA,NA,NA,NA
773,25.373443603515625,"""[39.615143]""","""[0.9987977]""",39.64664840698242,0.0005719600594602525,"""[[-0.]]""","""[[-0.]]""",NA,NA,NA,NA,NA,NA,NA
774,29.919281005859375,"""[39.612972]""","""[0.9993181]""",39.614620208740234,0.0006591541459783912,"""[[-0.]]""","""[[-0.]]""",NA,NA,NA,NA,NA,NA,NA
775,34.084808349609375,"""[39.61067]""","""[0.9997999]""",40.77655029296875,0.0007516909972764552,"""[[-0.]]""","""[[-0.]]""",NA,NA,NA,NA,NA,NA,NA
776,33.89928436279297,"""[39.61074]""","""[0.9999665]""",40.182769775390625,0.0007471365388482809,"""[[-0.]]""","""[[-0.]]""",NA,NA,NA,NA,NA,NA,NA
777,36.918296813964844,"""[39.60889]""","""[1.0002126]""",39.665138244628906,0.000821253634057939,"""[[-0.]]""","""[[-0.]]""",NA,NA,NA,NA,NA,NA,NA
778,40.88264083862305,"""[39.606228]""","""[1.0004387]""",39.606590270996094,0.0009282066021114588,"""[[-0.]]""","""[[-0.]]""",NA,NA,NA,NA,NA,NA,NA
779,44.698150634765625,"""[39.603413]""","""[1.0006359]""",39.61341094970703,0.0010414037387818098,"""[[-0.]]""","""[[-0.]]""",NA,NA,NA,NA,NA,NA,NA
780,48.07011413574219,"""[39.60072]""","""[1.0007899]""",39.89630126953125,0.0011498047970235348,"""[[-0.]]""","""[[-0.]]""",NA,NA,NA,NA,NA,NA,NA
781,49.35527038574219,"""[39.599613]""","""[1.0009125]""",39.708560943603516,0.0011931010521948338,"""[[-0.]]""","""[[-0.]]""",NA,NA,NA,NA,NA,NA,NA
782,49.70293426513672,"""[39.59929]""","""[1.0009134]""",39.610382080078125,0.0012048057978972793,"""[[-0.]]""","""[[-0.]]""",NA,NA,NA,NA,NA,NA,NA
783,50.795894622802734,"""[39.598324]""","""[1.0008798]""",39.619224548339844,0.001242630765773356,"""[[-0.]]""","""[[-0.]]""",NA,NA,NA,NA,NA,NA,NA
784,51.6179313659668,"""[39.59757]""","""[1.0007918]""",39.84258270263672,0.0012715092161670327,"""[[-0.]]""","""[[-0.]]""",NA,NA,NA,NA,NA,NA,NA
785,50.807701110839844,"""[39.59824]""","""[1.0006276]""",40.24100112915039,0.0012423688312992454,"""[[-0.]]""","""[[-0.]]""",NA,NA,NA,NA,NA,NA,NA
786,47.67387390136719,"""[39.600838]""","""[1.000516]""",39.601749420166016,0.0011350763961672783,"""[[-0.]]""","""[[-0.]]""",NA,NA,NA,NA,NA,NA,NA
787,45.3363037109375,"""[39.602657]""","""[1.0004038]""",39.76251220703125,0.0010594272753223777,"""[[-0.]]""","""[[-0.]]""",NA,NA,NA,NA,NA,NA,NA
788,42.12060546875,"""[39.605026]""","""[1.0003746]""",39.60564422607422,0.0009617276373319328,"""[[-0.]]""","""[[-0.]]""",NA,NA,NA,NA,NA,NA,NA
789,39.634613037109375,"""[39.606728]""","""[1.0003414]""",39.679595947265625,0.0008910708129405975,"""[[-0.]]""","""[[-0.]]""",NA,NA,NA,NA,NA,NA,NA
790,38.64653015136719,"""[39.607357]""","""[1.0002881]""",39.68730545043945,0.0008640505839139223,"""[[-0.]]""","""[[-0.]]""",NA,NA,NA,NA,NA,NA,NA
791,36.981903076171875,"""[39.6084]""","""[1.0001887]""",39.70452117919922,0.0008201709133572876,"""[[-0.]]""","""[[-0.]]""",NA,NA,NA,NA,NA,NA,NA
792,34.590606689453125,"""[39.60983]""","""[1.0000848]""",40.76280212402344,0.0007606010767631233,"""[[-0.]]""","""[[-0.]]""",NA,NA,NA,NA,NA,NA,NA
793,28.60779571533203,"""[39.613026]""","""[0.99995]""",39.61899185180664,0.0006292175385169685,"""[[-0.]]""","""[[-0.]]""",NA,NA,NA,NA,NA,NA,NA
794,23.744155883789062,"""[39.615166]""","""[0.999829]""",39.82695388793945,0.0005406263517215848,"""[[-0.]]""","""[[-0.]]""",NA,NA,NA,NA,NA,NA,NA
795,17.838409423828125,"""[39.617237]""","""[0.9996747]""",39.877159118652344,0.00045506193418987095,"""[[-0.]]""","""[[-0.]]""",NA,NA,NA,NA,NA,NA,NA
796,10.708564758300781,"""[39.61895]""","""[0.9995535]""",40.270599365234375,0.00038390353438444436,"""[[-0.]]""","""[[-0.]]""",NA,NA,NA,NA,NA,NA,NA
797,7.209007263183594,"""[39.619453]""","""[0.9994878]""",39.73860168457031,0.00036174594424664974,"""[[-0.]]""","""[[-0.]]""",NA,NA,NA,NA,NA,NA,NA
798,2.7888450622558594,"""[39.61981]""","""[0.99935275]""",39.84385681152344,0.00034587099798955023,"""[[-0.]]""","""[[-0.]]""",NA,NA,NA,NA,NA,NA,NA
799,0.5923576354980469,"""[39.619846]""","""[0.9993249]""",39.9897346496582,0.000342940678820014,"""[[-0.]]""","""[[-0.]]""",NA,NA,NA,NA,NA,NA,NA
800,-3.890300750732422,"""[39.6197]""","""[0.9994132]""",39.6771240234375,0.00034744772710837424,"""[[-0.]]""","""[[-0.]]""",NA,NA,NA,NA,NA,NA,NA
801,-8.943801879882812,"""[39.61913]""","""[0.9995809]""",39.98396301269531,0.0003691886377055198,"""[[-0.]]""","""[[-0.]]""",NA,NA,NA,NA,NA,NA,NA
802,-11.226974487304688,"""[39.618713]""","""[0.9996864]""",39.87190246582031,0.0003847330517601222,"""[[-0.]]""","""[[-0.]]""",NA,NA,NA,NA,NA,NA,NA
803,-15.4404296875,"""[39.617737]""","""[0.99973804]""",39.624263763427734,0.0004229336918797344,"""[[-0.]]""","""[[-0.]]""",NA,NA,NA,NA,NA,NA,NA
804,-19.67578125,"""[39.61645]""","""[0.99980605]""",39.65860366821289,0.00047368480591103435,"""[[-0.]]""","""[[-0.]]""",NA,NA,NA,NA,NA,NA,NA
805,-22.808334350585938,"""[39.6153]""","""[0.9999368]""",40.2308349609375,0.0005191828822717071,"""[[-0.]]""","""[[-0.]]""",NA,NA,NA,NA,NA,NA,NA
806,-29.066429138183594,"""[39.612522]""","""[0.9999511]""",40.6094970703125,0.0006303962436504662,"""[[-0.]]""","""[[-0.]]""",NA,NA,NA,NA,NA,NA,NA
807,-38.4920654296875,"""[39.607094]""","""[1.0000515]""",39.80599594116211,0.0008490399341098964,"""[[-0.]]""","""[[-0.]]""",NA,NA,NA,NA,NA,NA,NA
808,-45.412376403808594,"""[39.602142]""","""[1.0002447]""",39.64863586425781,0.0010486813262104988,"""[[-0.]]""","""[[-0.]]""",NA,NA,NA,NA,NA,NA,NA
809,-51.114505767822266,"""[39.597446]""","""[1.0004027]""",39.61199188232422,0.0012380676344037056,"""[[-0.]]""","""[[-0.]]""",NA,NA,NA,NA,NA,NA,NA
810,-57.141845703125,"""[39.591873]""","""[1.0005122]""",40.846927642822266,0.0014627196360379457,"""[[-0.]]""","""[[-0.]]""",NA,NA,NA,NA,NA,NA,NA
811,-58.930511474609375,"""[39.590088]""","""[1.0007119]""",39.743160247802734,0.0015342459082603455,"""[[-0.]]""","""[[-0.]]""",NA,NA,NA,NA,NA,NA,NA
812,-59.46464538574219,"""[39.589527]""","""[1.0008919]""",41.824951171875,0.0015560236060991883,"""[[-0.]]""","""[[-0.]]""",NA,NA,NA,NA,NA,NA,NA
813,-54.39231872558594,"""[39.59441]""","""[1.0010446]""",39.61371994018555,0.0013569854199886322,"""[[-0.]]""","""[[-0.]]""",NA,NA,NA,NA,NA,NA,NA
814,-50.83732604980469,"""[39.597557]""","""[1.0011392]""",39.81380844116211,0.001228084322065115,"""[[-0.]]""","""[[-0.]]""",NA,NA,NA,NA,NA,NA,NA
815,-49.73228454589844,"""[39.598476]""","""[1.0010399]""",39.928524017333984,0.0011895725037902594,"""[[-0.]]""","""[[-0.]]""",NA,NA,NA,NA,NA,NA,NA
816,-46.91676330566406,"""[39.600754]""","""[1.000988]""",39.8656005859375,0.0010957386111840606,"""[[-0.]]""","""[[-0.]]""",NA,NA,NA,NA,NA,NA,NA
817,-42.81434631347656,"""[39.60385]""","""[1.0009146]""",40.09178161621094,0.0009689258295111358,"""[[-0.]]""","""[[-0.]]""",NA,NA,NA,NA,NA,NA,NA
818,-36.697608947753906,"""[39.60795]""","""[1.0009575]""",39.73471450805664,0.0008016871870495379,"""[[-0.]]""","""[[-0.]]""",NA,NA,NA,NA,NA,NA,NA
819,-30.060684204101562,"""[39.61168]""","""[1.001073]""",40.002967834472656,0.0006495711277239025,"""[[-0.]]""","""[[-0.]]""",NA,NA,NA,NA,NA,NA,NA
820,-26.599334716796875,"""[39.61331]""","""[1.0009811]""",39.61332321166992,0.0005821106024086475,"""[[-0.]]""","""[[-0.]]""",NA,NA,NA,NA,NA,NA,NA
821,-23.687244415283203,"""[39.614525]""","""[1.0008883]""",39.899166107177734,0.0005317400791682303,"""[[-0.]]""","""[[-0.]]""",NA,NA,NA,NA,NA,NA,NA
822,-19.196189880371094,"""[39.616127]""","""[1.0007578]""",39.682281494140625,0.0004656296514440328,"""[[-0.]]""","""[[-0.]]""",NA,NA,NA,NA,NA,NA,NA
823,-14.277069091796875,"""[39.617493]""","""[1.0006602]""",39.762027740478516,0.0004092521849088371,"""[[-0.]]""","""[[-0.]]""",NA,NA,NA,NA,NA,NA,NA
824,-8.477943420410156,"""[39.618584]""","""[1.0006341]""",40.16237258911133,0.0003643119416665286,"""[[-0.]]""","""[[-0.]]""",NA,NA,NA,NA,NA,NA,NA
825,-6.1283111572265625,"""[39.618843]""","""[1.0008007]""",39.78958511352539,0.0003527773078531027,"""[[-0.]]""","""[[-0.]]""",NA,NA,NA,NA,NA,NA,NA
826,-2.4543609619140625,"""[39.619076]""","""[1.0010372]""",39.78021240234375,0.00034243642585352063,"""[[-0.]]""","""[[-0.]]""",NA,NA,NA,NA,NA,NA,NA
827,-0.7121810913085938,"""[39.619095]""","""[1.0011349]""",39.63126754760742,0.0003407328331377357,"""[[-0.]]""","""[[-0.]]""",NA,NA,NA,NA,NA,NA,NA
828,1.322998046875,"""[39.619053]""","""[1.0012082]""",39.62934112548828,0.00034137605689466,"""[[-0.]]""","""[[-0.]]""",NA,NA,NA,NA,NA,NA,NA
829,3.5470962524414062,"""[39.618935]""","""[1.0012816]""",39.62030792236328,0.00034535047598183155,"""[[-0.]]""","""[[-0.]]""",NA,NA,NA,NA,NA,NA,NA
830,5.732940673828125,"""[39.618732]""","""[1.0013456]""",40.64479446411133,0.0003525728243403137,"""[[-0.]]""","""[[-0.]]""",NA,NA,NA,NA,NA,NA,NA
831,3.8643646240234375,"""[39.618862]""","""[1.0011755]""",39.61888122558594,0.00034592035808600485,"""[[-0.]]""","""[[-0.]]""",NA,NA,NA,NA,NA,NA,NA
832,2.218505859375,"""[39.618923]""","""[1.0010155]""",40.114376068115234,0.0003420465509407222,"""[[-0.]]""","""[[-0.]]""",NA,NA,NA,NA,NA,NA,NA
833,3.61279296875,"""[39.618828]""","""[1.0010182]""",39.65266036987305,0.0003449314972385764,"""[[-0.]]""","""[[-0.]]""",NA,NA,NA,NA,NA,NA,NA
834,4.145904541015625,"""[39.618774]""","""[1.0009489]""",39.688358306884766,0.0003462773165665567,"""[[-0.]]""","""[[-0.]]""",NA,NA,NA,NA,NA,NA,NA
835,3.597808837890625,"""[39.618786]""","""[1.0009015]""",39.82837677001953,0.00034462788607925177,"""[[-0.]]""","""[[-0.]]""",NA,NA,NA,NA,NA,NA,NA
836,4.969310760498047,"""[39.618664]""","""[1.0007817]""",39.713111877441406,0.00034866490750573575,"""[[-0.]]""","""[[-0.]]""",NA,NA,NA,NA,NA,NA,NA
837,7.3646697998046875,"""[39.618385]""","""[1.0006537]""",39.83536911010742,0.0003589574189390987,"""[[-0.]]""","""[[-0.]]""",NA,NA,NA,NA,NA,NA,NA
838,7.6180572509765625,"""[39.618336]""","""[1.0004814]""",39.70072937011719,0.0003601059434004128,"""[[-0.]]""","""[[-0.]]""",NA,NA,NA,NA,NA,NA,NA
839,6.801750183105469,"""[39.618412]""","""[1.0003214]""",39.61844253540039,0.0003557864110916853,"""[[-0.]]""","""[[-0.]]""",NA,NA,NA,NA,NA,NA,NA
840,6.145805358886719,"""[39.618465]""","""[1.0002025]""",40.310791015625,0.0003526447108015418,"""[[-0.]]""","""[[-0.]]""",NA,NA,NA,NA,NA,NA,NA
841,8.708580017089844,"""[39.61811]""","""[1.0001365]""",39.66686248779297,0.0003659574722405523,"""[[-0.]]""","""[[-0.]]""",NA,NA,NA,NA,NA,NA,NA
842,10.258800506591797,"""[39.61784]""","""[1.0001066]""",39.94499206542969,0.0003761787957046181,"""[[-0.]]""","""[[-0.]]""",NA,NA,NA,NA,NA,NA,NA
843,9.420440673828125,"""[39.617954]""","""[1.0001503]""",39.7436408996582,0.00037032554973848164,"""[[-0.]]""","""[[-0.]]""",NA,NA,NA,NA,NA,NA,NA
844,10.125259399414062,"""[39.61781]""","""[1.0002736]""",39.865516662597656,0.00037512133712880313,"""[[-0.]]""","""[[-0.]]""",NA,NA,NA,NA,NA,NA,NA
845,8.89324951171875,"""[39.61799]""","""[1.0003803]""",40.85585021972656,0.00036686507519334555,"""[[-0.]]""","""[[-0.]]""",NA,NA,NA,NA,NA,NA,NA
846,12.40386962890625,"""[39.61731]""","""[1.0007861]""",39.6573600769043,0.0003932055551558733,"""[[-0.]]""","""[[-0.]]""",NA,NA,NA,NA,NA,NA,NA
847,14.894317626953125,"""[39.616703]""","""[1.0011765]""",39.9166259765625,0.0004171609180048108,"""[[-0.]]""","""[[-0.]]""",NA,NA,NA,NA,NA,NA,NA
848,15.055137634277344,"""[39.616634]""","""[1.0014747]""",39.90676498413086,0.0004190477484371513,"""[[-0.]]""","""[[-0.]]""",NA,NA,NA,NA,NA,NA,NA
849,13.205825805664062,"""[39.617054]""","""[1.0017327]""",39.725528717041016,0.00040102802449837327,"""[[-0.]]""","""[[-0.]]""",NA,NA,NA,NA,NA,NA,NA
850,10.29510498046875,"""[39.61761]""","""[1.0019169]""",39.62030792236328,0.00037725918809883296,"""[[-0.]]""","""[[-0.]]""",NA,NA,NA,NA,NA,NA,NA
851,7.5423431396484375,"""[39.61801]""","""[1.0020489]""",39.8724250793457,0.00036010556505061686,"""[[-0.]]""","""[[-0.]]""",NA,NA,NA,NA,NA,NA,NA
852,3.0146942138671875,"""[39.6184]""","""[1.0020545]""",39.63759231567383,0.00034301617415621877,"""[[-0.]]""","""[[-0.]]""",NA,NA,NA,NA,NA,NA,NA
853,-0.5108108520507812,"""[39.618454]""","""[1.002039]""",40.5242805480957,0.0003394450177438557,"""[[-0.]]""","""[[-0.]]""",NA,NA,NA,NA,NA,NA,NA
854,-7.332733154296875,"""[39.617996]""","""[1.0017748]""",41.381412506103516,0.00035662244772538543,"""[[-0.]]""","""[[-0.]]""",NA,NA,NA,NA,NA,NA,NA
855,-18.763351440429688,"""[39.615463]""","""[1.0015538]""",39.99239730834961,0.00045764155220240355,"""[[-0.]]""","""[[-0.]]""",NA,NA,NA,NA,NA,NA,NA
856,-31.794113159179688,"""[39.609875]""","""[1.0013357]""",39.795162200927734,0.0006827543838880956,"""[[-0.]]""","""[[-0.]]""",NA,NA,NA,NA,NA,NA,NA
857,-42.00945281982422,"""[39.603474]""","""[1.001193]""",39.67852020263672,0.0009412167710252106,"""[[-0.]]""","""[[-0.]]""",NA,NA,NA,NA,NA,NA,NA
858,-50.42402267456055,"""[39.596855]""","""[1.0011914]""",39.82538986206055,0.0012084023328498006,"""[[-0.]]""","""[[-0.]]""",NA,NA,NA,NA,NA,NA,NA
859,-56.49774169921875,"""[39.59132]""","""[1.0012468]""",39.62558364868164,0.0014317479217424989,"""[[-0.]]""","""[[-0.]]""",NA,NA,NA,NA,NA,NA,NA
860,-63.232025146484375,"""[39.584446]""","""[1.0013431]""",39.871700286865234,0.0017093479400500655,"""[[-0.]]""","""[[-0.]]""",NA,NA,NA,NA,NA,NA,NA
861,-67.62755584716797,"""[39.579533]""","""[1.0014416]""",40.411720275878906,0.0019075180171057582,"""[[-0.]]""","""[[-0.]]""",NA,NA,NA,NA,NA,NA,NA
862,-68.6390380859375,"""[39.57834]""","""[1.0015941]""",39.58000946044922,0.0019550896249711514,"""[[-0.]]""","""[[-0.]]""",NA,NA,NA,NA,NA,NA,NA
863,-70.26588439941406,"""[39.5764]""","""[1.0016875]""",40.20811080932617,0.002033005002886057,"""[[-0.]]""","""[[-0.]]""",NA,NA,NA,NA,NA,NA,NA
864,-68.98182678222656,"""[39.577904]""","""[1.0019964]""",40.64793395996094,0.0019716229289770126,"""[[-0.]]""","""[[-0.]]""",NA,NA,NA,NA,NA,NA,NA
865,-72.28992462158203,"""[39.57391]""","""[1.0018891]""",39.75800323486328,0.0021325298584997654,"""[[-0.]]""","""[[-0.]]""",NA,NA,NA,NA,NA,NA,NA
866,-77.49147033691406,"""[39.56725]""","""[1.0014856]""",39.586082458496094,0.0024007840547710657,"""[[-0.]]""","""[[-0.]]""",NA,NA,NA,NA,NA,NA,NA
867,-82.2248764038086,"""[39.560787]""","""[1.0011345]""",40.28947067260742,0.002661382779479027,"""[[-0.]]""","""[[-0.]]""",NA,NA,NA,NA,NA,NA,NA
868,-83.96890258789062,"""[39.558292]""","""[1.0008769]""",39.67375183105469,0.002761232201009989,"""[[-0.]]""","""[[-0.]]""",NA,NA,NA,NA,NA,NA,NA
869,-87.54129028320312,"""[39.55304]""","""[1.0005515]""",40.173133850097656,0.002972695743665099,"""[[-0.]]""","""[[-0.]]""",NA,NA,NA,NA,NA,NA,NA
870,-88.40281677246094,"""[39.55172]""","""[1.0004208]""",39.916229248046875,0.0030249240808188915,"""[[-0.]]""","""[[-0.]]""",NA,NA,NA,NA,NA,NA,NA
871,-87.63125610351562,"""[39.55285]""","""[1.0003577]""",40.598628997802734,0.0029778333846479654,"""[[-0.]]""","""[[-0.]]""",NA,NA,NA,NA,NA,NA,NA
872,-83.59973907470703,"""[39.558716]""","""[1.000411]""",39.55959701538086,0.00273918267339468,"""[[-0.]]""","""[[-0.]]""",NA,NA,NA,NA,NA,NA,NA
873,-80.515625,"""[39.563004]""","""[1.0004677]""",39.690406799316406,0.002564272377640009,"""[[-0.]]""","""[[-0.]]""",NA,NA,NA,NA,NA,NA,NA
874,-79.83333587646484,"""[39.563915]""","""[1.0004743]""",40.21435546875,0.0025263638235628605,"""[[-0.]]""","""[[-0.]]""",NA,NA,NA,NA,NA,NA,NA
875,-76.80203247070312,"""[39.567936]""","""[1.0008634]""",41.0311164855957,0.002362558851018548,"""[[-0.]]""","""[[-0.]]""",NA,NA,NA,NA,NA,NA,NA
876,-69.92910766601562,"""[39.5765]""","""[1.0016397]""",39.59385681152344,0.0020152453798800707,"""[[-0.]]""","""[[-0.]]""",NA,NA,NA,NA,NA,NA,NA
877,-63.77140808105469,"""[39.58348]""","""[1.0023113]""",39.655494689941406,0.0017322733765468001,"""[[-0.]]""","""[[-0.]]""",NA,NA,NA,NA,NA,NA,NA
878,-57.76481628417969,"""[39.589653]""","""[1.0029622]""",39.64690017700195,0.0014818902127444744,"""[[-0.]]""","""[[-0.]]""",NA,NA,NA,NA,NA,NA,NA
879,-51.86149597167969,"""[39.59512]""","""[1.0035161]""",39.745079040527344,0.0012602716451510787,"""[[-0.]]""","""[[-0.]]""",NA,NA,NA,NA,NA,NA,NA
880,-45.44761657714844,"""[39.60038]""","""[1.0040768]""",39.90153884887695,0.0010469714179635048,"""[[-0.]]""","""[[-0.]]""",NA,NA,NA,NA,NA,NA,NA
881,-37.72956848144531,"""[39.60579]""","""[1.0047065]""",39.87273406982422,0.0008281618356704712,"""[[-0.]]""","""[[-0.]]""",NA,NA,NA,NA,NA,NA,NA
882,-28.956802368164062,"""[39.6107]""","""[1.005422]""",40.01847457885742,0.0006297171348705888,"""[[-0.]]""","""[[-0.]]""",NA,NA,NA,NA,NA,NA,NA
883,-18.764144897460938,"""[39.614777]""","""[1.0061638]""",40.002750396728516,0.0004659041005652398,"""[[-0.]]""","""[[-0.]]""",NA,NA,NA,NA,NA,NA,NA
884,-7.038444519042969,"""[39.617302]""","""[1.0067703]""",39.877742767333984,0.00036546203773468733,"""[[-0.]]""","""[[-0.]]""",NA,NA,NA,NA,NA,NA,NA
885,1.3626708984375,"""[39.61767]""","""[1.0071212]""",40.66811752319336,0.0003515391726978123,"""[[-0.]]""","""[[-0.]]""",NA,NA,NA,NA,NA,NA,NA
886,4.7809600830078125,"""[39.617466]""","""[1.0070354]""",39.72738265991211,0.00035888911224901676,"""[[-0.]]""","""[[-0.]]""",NA,NA,NA,NA,NA,NA,NA
887,9.215232849121094,"""[39.616917]""","""[1.0067228]""",39.81119155883789,0.00037966587115079165,"""[[-0.]]""","""[[-0.]]""",NA,NA,NA,NA,NA,NA,NA
888,15.014556884765625,"""[39.6157]""","""[1.0063441]""",41.542198181152344,0.00042748800478875637,"""[[-0.]]""","""[[-0.]]""",NA,NA,NA,NA,NA,NA,NA
889,14.863754272460938,"""[39.61572]""","""[1.0056626]""",39.75135803222656,0.00042359784129075706,"""[[-0.]]""","""[[-0.]]""",NA,NA,NA,NA,NA,NA,NA
890,16.393966674804688,"""[39.6153]""","""[1.0050918]""",39.61923599243164,0.0004385517677292228,"""[[-0.]]""","""[[-0.]]""",NA,NA,NA,NA,NA,NA,NA
891,18.139198303222656,"""[39.61477]""","""[1.0044364]""",40.49066162109375,0.00045776928891427815,"""[[-0.]]""","""[[-0.]]""",NA,NA,NA,NA,NA,NA,NA
892,23.750686645507812,"""[39.61275]""","""[1.0036169]""",39.759586334228516,0.0005376618937589228,"""[[-0.]]""","""[[-0.]]""",NA,NA,NA,NA,NA,NA,NA
893,30.511459350585938,"""[39.60961]""","""[1.0028628]""",39.61774444580078,0.0006636737380176783,"""[[-0.]]""","""[[-0.]]""",NA,NA,NA,NA,NA,NA,NA
894,36.51777648925781,"""[39.606163]""","""[1.0021361]""",39.7883415222168,0.0008023146656341851,"""[[-0.]]""","""[[-0.]]""",NA,NA,NA,NA,NA,NA,NA
895,43.86259460449219,"""[39.601116]""","""[1.0012935]""",40.2319221496582,0.0010062071960419416,"""[[-0.]]""","""[[-0.]]""",NA,NA,NA,NA,NA,NA,NA
896,47.92203903198242,"""[39.59792]""","""[1.0004748]""",39.69114303588867,0.0011349259875714779,"""[[-0.]]""","""[[-0.]]""",NA,NA,NA,NA,NA,NA,NA
897,50.73908996582031,"""[39.595535]""","""[0.9998129]""",41.75688552856445,0.0012311796890571713,"""[[-0.]]""","""[[-0.]]""",NA,NA,NA,NA,NA,NA,NA
898,47.67609405517578,"""[39.598083]""","""[0.99938947]""",39.815025329589844,0.0011266098590567708,"""[[-0.]]""","""[[-0.]]""",NA,NA,NA,NA,NA,NA,NA
899,47.03692626953125,"""[39.598587]""","""[0.99908966]""",39.599063873291016,0.001105642062611878,"""[[-0.]]""","""[[-0.]]""",NA,NA,NA,NA,NA,NA,NA
900,46.751197814941406,"""[39.59879]""","""[0.9988853]""",39.60149383544922,0.0010963848326355219,"""[[-0.]]""","""[[-0.]]""",NA,NA,NA,NA,NA,NA,NA
901,46.66948699951172,"""[39.598835]""","""[0.99877876]""",40.40432357788086,0.0010937429033219814,"""[[-0.]]""","""[[-0.]]""",NA,NA,NA,NA,NA,NA,NA
902,50.50303649902344,"""[39.595627]""","""[0.99880385]""",40.24322509765625,0.0012229537824168801,"""[[-0.]]""","""[[-0.]]""",NA,NA,NA,NA,NA,NA,NA
903,57.69673156738281,"""[39.58895]""","""[0.99911445]""",39.749725341796875,0.001492947805672884,"""[[-0.]]""","""[[-0.]]""",NA,NA,NA,NA,NA,NA,NA
904,66.16717529296875,"""[39.57996]""","""[0.9995294]""",42.642982482910156,0.0018570247339084744,"""[[-0.]]""","""[[-0.]]""",NA,NA,NA,NA,NA,NA,NA
905,67.386962890625,"""[39.578545]""","""[0.99969745]""",39.66325378417969,0.0019135099137201905,"""[[-0.]]""","""[[-0.]]""",NA,NA,NA,NA,NA,NA,NA
906,67.82340240478516,"""[39.578022]""","""[0.9998902]""",40.092689514160156,0.0019339316058903933,"""[[-0.]]""","""[[-0.]]""",NA,NA,NA,NA,NA,NA,NA
907,65.98712158203125,"""[39.580097]""","""[0.99983627]""",39.869598388671875,0.0018485264154151082,"""[[-0.]]""","""[[-0.]]""",NA,NA,NA,NA,NA,NA,NA
908,62.81770324707031,"""[39.583565]""","""[0.99979347]""",40.164276123046875,0.0017067259177565575,"""[[-0.]]""","""[[-0.]]""",NA,NA,NA,NA,NA,NA,NA
909,63.44310760498047,"""[39.582867]""","""[0.9999109]""",40.25889587402344,0.0017340417252853513,"""[[-0.]]""","""[[-0.]]""",NA,NA,NA,NA,NA,NA,NA
910,61.24060821533203,"""[39.58519]""","""[1.0000015]""",39.74378967285156,0.0016386393690481782,"""[[-0.]]""","""[[-0.]]""",NA,NA,NA,NA,NA,NA,NA
911,57.9586181640625,"""[39.58851]""","""[1.0000685]""",40.552162170410156,0.0015027654590085149,"""[[-0.]]""","""[[-0.]]""",NA,NA,NA,NA,NA,NA,NA
912,59.1956787109375,"""[39.587246]""","""[1.0001844]""",40.89568328857422,0.0015529575757682323,"""[[-0.]]""","""[[-0.]]""",NA,NA,NA,NA,NA,NA,NA
913,65.01588439941406,"""[39.581055]""","""[1.0005727]""",40.24345016479492,0.0018038509879261255,"""[[-0.]]""","""[[-0.]]""",NA,NA,NA,NA,NA,NA,NA
914,67.29216003417969,"""[39.57846]""","""[1.0008739]""",39.644588470458984,0.0019083679653704166,"""[[-0.]]""","""[[-0.]]""",NA,NA,NA,NA,NA,NA,NA
915,70.84408569335938,"""[39.57425]""","""[1.0011102]""",40.51926040649414,0.002078651450574398,"""[[-0.]]""","""[[-0.]]""",NA,NA,NA,NA,NA,NA,NA
916,71.00344848632812,"""[39.574036]""","""[1.0010887]""",40.50657272338867,0.00208629434928298,"""[[-0.]]""","""[[-0.]]""",NA,NA,NA,NA,NA,NA,NA
917,68.22647094726562,"""[39.577312]""","""[1.0012624]""",39.85284423828125,0.001952095073647797,"""[[-0.]]""","""[[-0.]]""",NA,NA,NA,NA,NA,NA,NA
918,64.23177337646484,"""[39.581806]""","""[1.0014681]""",40.131996154785156,0.0017685422208160162,"""[[-0.]]""","""[[-0.]]""",NA,NA,NA,NA,NA,NA,NA
919,58.261474609375,"""[39.588024]""","""[1.0017357]""",39.66654968261719,0.001515001174993813,"""[[-0.]]""","""[[-0.]]""",NA,NA,NA,NA,NA,NA,NA
920,54.39237976074219,"""[39.591717]""","""[1.0019625]""",39.908226013183594,0.0013639689423143864,"""[[-0.]]""","""[[-0.]]""",NA,NA,NA,NA,NA,NA,NA
921,49.439247131347656,"""[39.59608]""","""[1.0020435]""",39.703983306884766,0.001185605418868363,"""[[-0.]]""","""[[-0.]]""",NA,NA,NA,NA,NA,NA,NA
922,44.19120788574219,"""[39.60024]""","""[1.0021354]""",40.82875061035156,0.0010152091272175312,"""[[-0.]]""","""[[-0.]]""",NA,NA,NA,NA,NA,NA,NA
923,35.44264221191406,"""[39.606155]""","""[1.0022103]""",39.9428825378418,0.0007735061808489263,"""[[-0.]]""","""[[-0.]]""",NA,NA,NA,NA,NA,NA,NA
924,30.205184936523438,"""[39.609066]""","""[1.0023942]""",39.64506149291992,0.000654318486340344,"""[[-0.]]""","""[[-0.]]""",NA,NA,NA,NA,NA,NA,NA
925,25.009872436523438,"""[39.611485]""","""[1.0025296]""",40.025081634521484,0.0005547592882066965,"""[[-0.]]""","""[[-0.]]""",NA,NA,NA,NA,NA,NA,NA
926,17.903488159179688,"""[39.614063]""","""[1.0026569]""",40.03619384765625,0.00044869896373711526,"""[[-0.]]""","""[[-0.]]""",NA,NA,NA,NA,NA,NA,NA
927,8.902679443359375,"""[39.616108]""","""[1.0025522]""",41.4169807434082,0.00036396848736330867,"""[[-0.]]""","""[[-0.]]""",NA,NA,NA,NA,NA,NA,NA
928,6.6181640625,"""[39.616398]""","""[1.0022002]""",39.81262969970703,0.00035082321846857667,"""[[-0.]]""","""[[-0.]]""",NA,NA,NA,NA,NA,NA,NA
929,2.7557220458984375,"""[39.6167]""","""[1.00178]""",40.32341003417969,0.0003371770726516843,"""[[-0.]]""","""[[-0.]]""",NA,NA,NA,NA,NA,NA,NA
930,-3.91168212890625,"""[39.616634]""","""[1.0013024]""",39.684818267822266,0.00033830926986411214,"""[[-0.]]""","""[[-0.]]""",NA,NA,NA,NA,NA,NA,NA
931,-10.980361938476562,"""[39.61574]""","""[1.000906]""",40.963401794433594,0.0003732039767783135,"""[[-0.]]""","""[[-0.]]""",NA,NA,NA,NA,NA,NA,NA
932,-12.509353637695312,"""[39.61542]""","""[1.0008428]""",39.63749694824219,0.00038525776471942663,"""[[-0.]]""","""[[-0.]]""",NA,NA,NA,NA,NA,NA,NA
933,-14.601272583007812,"""[39.61492]""","""[1.000756]""",39.820945739746094,0.0004043889930471778,"""[[-0.]]""","""[[-0.]]""",NA,NA,NA,NA,NA,NA,NA
934,-14.727874755859375,"""[39.614872]""","""[1.0006897]""",40.71773910522461,0.00040553940925747156,"""[[-0.]]""","""[[-0.]]""",NA,NA,NA,NA,NA,NA,NA
935,-19.15955352783203,"""[39.613586]""","""[1.0004836]""",39.61892318725586,0.00045651185791939497,"""[[-0.]]""","""[[-0.]]""",NA,NA,NA,NA,NA,NA,NA
936,-23.609416961669922,"""[39.61196]""","""[1.0003458]""",40.30955123901367,0.0005213861586526036,"""[[-0.]]""","""[[-0.]]""",NA,NA,NA,NA,NA,NA,NA
937,-24.502361297607422,"""[39.611565]""","""[1.0004985]""",41.657249450683594,0.0005360647919587791,"""[[-0.]]""","""[[-0.]]""",NA,NA,NA,NA,NA,NA,NA
938,-19.704833984375,"""[39.61333]""","""[1.0008069]""",39.68573760986328,0.00046368499170057476,"""[[-0.]]""","""[[-0.]]""",NA,NA,NA,NA,NA,NA,NA
939,-14.431961059570312,"""[39.61482]""","""[1.0011153]""",39.66834259033203,0.00040251101017929614,"""[[-0.]]""","""[[-0.]]""",NA,NA,NA,NA,NA,NA,NA
940,-10.798690795898438,"""[39.615562]""","""[1.0013661]""",39.61558151245117,0.0003715713683050126,"""[[-0.]]""","""[[-0.]]""",NA,NA,NA,NA,NA,NA,NA
941,-7.6087493896484375,"""[39.61603]""","""[1.001594]""",39.87861251831055,0.0003519456076901406,"""[[-0.]]""","""[[-0.]]""",NA,NA,NA,NA,NA,NA,NA
942,-2.696075439453125,"""[39.616417]""","""[1.0019733]""",39.65389633178711,0.0003355886146891862,"""[[-0.]]""","""[[-0.]]""",NA,NA,NA,NA,NA,NA,NA
943,0.919189453125,"""[39.616436]""","""[1.0022956]""",39.732139587402344,0.00033428132883273065,"""[[-0.]]""","""[[-0.]]""",NA,NA,NA,NA,NA,NA,NA
944,2.7003555297851562,"""[39.616344]""","""[1.0024906]""",39.84433364868164,0.0003369940386619419,"""[[-0.]]""","""[[-0.]]""",NA,NA,NA,NA,NA,NA,NA
945,6.3138885498046875,"""[39.616043]""","""[1.002692]""",41.25721740722656,0.000349026988260448,"""[[-0.]]""","""[[-0.]]""",NA,NA,NA,NA,NA,NA,NA
946,15.074516296386719,"""[39.614407]""","""[1.0027856]""",39.62449264526367,0.0004150773456785828,"""[[-0.]]""","""[[-0.]]""",NA,NA,NA,NA,NA,NA,NA
947,22.69915008544922,"""[39.611923]""","""[1.0028398]""",39.7234001159668,0.0005156368133611977,"""[[-0.]]""","""[[-0.]]""",NA,NA,NA,NA,NA,NA,NA
948,31.115127563476562,"""[39.60804]""","""[1.0029525]""",40.9670524597168,0.0006733638001605868,"""[[-0.]]""","""[[-0.]]""",NA,NA,NA,NA,NA,NA,NA
949,34.72374725341797,"""[39.605984]""","""[1.0031278]""",39.61806106567383,0.0007562284008599818,"""[[-0.]]""","""[[-0.]]""",NA,NA,NA,NA,NA,NA,NA
950,38.63032531738281,"""[39.603527]""","""[1.0032331]""",40.02750778198242,0.0008559504058212042,"""[[-0.]]""","""[[-0.]]""",NA,NA,NA,NA,NA,NA,NA
951,39.64762878417969,"""[39.602818]""","""[1.0032761]""",41.8406867980957,0.0008836604538373649,"""[[-0.]]""","""[[-0.]]""",NA,NA,NA,NA,NA,NA,NA
952,35.264495849609375,"""[39.6056]""","""[1.0033758]""",39.60622024536133,0.000769822159782052,"""[[-0.]]""","""[[-0.]]""",NA,NA,NA,NA,NA,NA,NA
953,31.68963623046875,"""[39.60761]""","""[1.0034093]""",40.32584762573242,0.0006867085467092693,"""[[-0.]]""","""[[-0.]]""",NA,NA,NA,NA,NA,NA,NA
954,25.281356811523438,"""[39.610706]""","""[1.003535]""",40.54740905761719,0.000559935811907053,"""[[-0.]]""","""[[-0.]]""",NA,NA,NA,NA,NA,NA,NA
955,23.48316192626953,"""[39.611427]""","""[1.0036478]""",40.79710006713867,0.0005296093877404928,"""[[-0.]]""","""[[-0.]]""",NA,NA,NA,NA,NA,NA,NA
956,17.893569946289062,"""[39.613384]""","""[1.0035602]""",39.92360305786133,0.0004487058031372726,"""[[-0.]]""","""[[-0.]]""",NA,NA,NA,NA,NA,NA,NA
957,15.316726684570312,"""[39.614098]""","""[1.0035294]""",40.532318115234375,0.0004186815058346838,"""[[-0.]]""","""[[-0.]]""",NA,NA,NA,NA,NA,NA,NA
958,9.368743896484375,"""[39.615337]""","""[1.003411]""",39.6597900390625,0.0003667862620204687,"""[[-0.]]""","""[[-0.]]""",NA,NA,NA,NA,NA,NA,NA
959,3.1649627685546875,"""[39.61599]""","""[1.0032557]""",39.64680862426758,0.0003386082244105637,"""[[-0.]]""","""[[-0.]]""",NA,NA,NA,NA,NA,NA,NA
960,-3.0652542114257812,"""[39.61599]""","""[1.0030773]""",40.18405532836914,0.0003370004124008119,"""[[-0.]]""","""[[-0.]]""",NA,NA,NA,NA,NA,NA,NA
961,-11.69140625,"""[39.61491]""","""[1.0025651]""",39.619388580322266,0.00037858542054891586,"""[[-0.]]""","""[[-0.]]""",NA,NA,NA,NA,NA,NA,NA
962,-19.270164489746094,"""[39.612923]""","""[1.0020932]""",39.642784118652344,0.00045759230852127075,"""[[-0.]]""","""[[-0.]]""",NA,NA,NA,NA,NA,NA,NA
963,-25.582611083984375,"""[39.61052]""","""[1.0016187]""",39.61456298828125,0.0005536795360967517,"""[[-0.]]""","""[[-0.]]""",NA,NA,NA,NA,NA,NA,NA
964,-31.2088623046875,"""[39.607803]""","""[1.001172]""",39.77708435058594,0.0006626222748309374,"""[[-0.]]""","""[[-0.]]""",NA,NA,NA,NA,NA,NA,NA
965,-34.883018493652344,"""[39.605724]""","""[1.0008618]""",39.641639709472656,0.0007456173771061003,"""[[-0.]]""","""[[-0.]]""",NA,NA,NA,NA,NA,NA,NA
966,-39.20709991455078,"""[39.60299]""","""[1.0006121]""",39.64009094238281,0.0008553942898288369,"""[[-0.]]""","""[[-0.]]""",NA,NA,NA,NA,NA,NA,NA
967,-44.236995697021484,"""[39.599407]""","""[1.0003701]""",40.67498016357422,0.0009994660504162312,"""[[-0.]]""","""[[-0.]]""",NA,NA,NA,NA,NA,NA,NA
968,-45.118072509765625,"""[39.59871]""","""[1.0003601]""",40.640586853027344,0.0010264883749186993,"""[[-0.]]""","""[[-0.]]""",NA,NA,NA,NA,NA,NA,NA
969,-42.280426025390625,"""[39.600796]""","""[1.0007113]""",39.962120056152344,0.000941354432143271,"""[[-0.]]""","""[[-0.]]""",NA,NA,NA,NA,NA,NA,NA
970,-37.862640380859375,"""[39.603767]""","""[1.0014148]""",43.52101516723633,0.0008202341850847006,"""[[-0.]]""","""[[-0.]]""",NA,NA,NA,NA,NA,NA,NA
971,-25.778839111328125,"""[39.61024]""","""[1.0029433]""",39.751312255859375,0.0005586378974840045,"""[[-0.]]""","""[[-0.]]""",NA,NA,NA,NA,NA,NA,NA
972,-16.53030776977539,"""[39.613518]""","""[1.004086]""",39.729705810546875,0.00042742196819745004,"""[[-0.]]""","""[[-0.]]""",NA,NA,NA,NA,NA,NA,NA
973,-9.689800262451172,"""[39.614998]""","""[1.0049111]""",39.874996185302734,0.0003687791177071631,"""[[-0.]]""","""[[-0.]]""",NA,NA,NA,NA,NA,NA,NA
974,-1.5743865966796875,"""[39.615734]""","""[1.0055238]""",39.95213317871094,0.0003404085582587868,"""[[-0.]]""","""[[-0.]]""",NA,NA,NA,NA,NA,NA,NA
975,8.129257202148438,"""[39.615154]""","""[1.0059481]""",39.62130355834961,0.00036538924905471504,"""[[-0.]]""","""[[-0.]]""",NA,NA,NA,NA,NA,NA,NA
976,16.637351989746094,"""[39.613335]""","""[1.0061755]""",40.29650115966797,0.00044037692714482546,"""[[-0.]]""","""[[-0.]]""",NA,NA,NA,NA,NA,NA,NA
977,27.796798706054688,"""[39.60909]""","""[1.0060617]""",39.61196517944336,0.0006131576956249774,"""[[-0.]]""","""[[-0.]]""",NA,NA,NA,NA,NA,NA,NA
978,38.27519989013672,"""[39.603172]""","""[1.0058377]""",39.98302459716797,0.0008534747175872326,"""[[-0.]]""","""[[-0.]]""",NA,NA,NA,NA,NA,NA,NA
979,50.30427551269531,"""[39.594086]""","""[1.0057356]""",39.609413146972656,0.0012237579794600606,"""[[-0.]]""","""[[-0.]]""",NA,NA,NA,NA,NA,NA,NA
980,61.063385009765625,"""[39.583855]""","""[1.0055301]""",42.33415603637695,0.0016398205189034343,"""[[-0.]]""","""[[-0.]]""",NA,NA,NA,NA,NA,NA,NA
981,64.72262573242188,"""[39.579914]""","""[1.0053858]""",39.657936096191406,0.0017995903035625815,"""[[-0.]]""","""[[-0.]]""",NA,NA,NA,NA,NA,NA,NA
982,67.37962341308594,"""[39.5769]""","""[1.0050321]""",39.57716369628906,0.0019207808654755354,"""[[-0.]]""","""[[-0.]]""",NA,NA,NA,NA,NA,NA,NA
983,70.31114196777344,"""[39.573425]""","""[1.0045707]""",39.582279205322266,0.002060116268694401,"""[[-0.]]""","""[[-0.]]""",NA,NA,NA,NA,NA,NA,NA
984,73.13650512695312,"""[39.56993]""","""[1.0040561]""",40.4081916809082,0.002200052374973893,"""[[-0.]]""","""[[-0.]]""",NA,NA,NA,NA,NA,NA,NA
985,72.59375,"""[39.570568]""","""[1.0034187]""",39.61810302734375,0.0021712889429181814,"""[[-0.]]""","""[[-0.]]""",NA,NA,NA,NA,NA,NA,NA
986,73.45527648925781,"""[39.569454]""","""[1.0027727]""",40.06595993041992,0.0022140303626656532,"""[[-0.]]""","""[[-0.]]""",NA,NA,NA,NA,NA,NA,NA
987,72.11829376220703,"""[39.571075]""","""[1.0020103]""",39.60451889038086,0.00214526429772377,"""[[-0.]]""","""[[-0.]]""",NA,NA,NA,NA,NA,NA,NA
988,70.79798889160156,"""[39.572655]""","""[1.0012702]""",39.583805084228516,0.0020788591355085373,"""[[-0.]]""","""[[-0.]]""",NA,NA,NA,NA,NA,NA,NA
989,70.56365966796875,"""[39.572906]""","""[1.0005563]""",40.13128662109375,0.0020668860524892807,"""[[-0.]]""","""[[-0.]]""",NA,NA,NA,NA,NA,NA,NA
990,73.9521484375,"""[39.56868]""","""[0.9998791]""",39.919837951660156,0.0022372384555637836,"""[[-0.]]""","""[[-0.]]""",NA,NA,NA,NA,NA,NA,NA
991,75.16673278808594,"""[39.567097]""","""[0.99924827]""",39.586036682128906,0.002300327643752098,"""[[-0.]]""","""[[-0.]]""",NA,NA,NA,NA,NA,NA,NA
992,76.29832458496094,"""[39.565594]""","""[0.9987602]""",39.80867385864258,0.0023601525463163853,"""[[-0.]]""","""[[-0.]]""",NA,NA,NA,NA,NA,NA,NA
993,79.88582611083984,"""[39.560753]""","""[0.9982747]""",39.59717559814453,0.0025556175969541073,"""[[-0.]]""","""[[-0.]]""",NA,NA,NA,NA,NA,NA,NA
994,83.0228042602539,"""[39.556343]""","""[0.99794066]""",40.35261535644531,0.0027339369989931583,"""[[-0.]]""","""[[-0.]]""",NA,NA,NA,NA,NA,NA,NA
995,82.71952819824219,"""[39.556747]""","""[0.99796474]""",39.8951301574707,0.0027162518817931414,"""[[-0.]]""","""[[-0.]]""",NA,NA,NA,NA,NA,NA,NA
996,80.89509582519531,"""[39.55929]""","""[0.99805266]""",40.56280517578125,0.0026119535323232412,"""[[-0.]]""","""[[-0.]]""",NA,NA,NA,NA,NA,NA,NA
997,75.90005493164062,"""[39.565998]""","""[0.9984297]""",39.72964859008789,0.002338550752028823,"""[[-0.]]""","""[[-0.]]""",NA,NA,NA,NA,NA,NA,NA
998,73.58659362792969,"""[39.568943]""","""[0.998818]""",40.99410629272461,0.002217665081843734,"""[[-0.]]""","""[[-0.]]""",NA,NA,NA,NA,NA,NA,NA
999,67.27452087402344,"""[39.57655]""","""[0.9994511]""",39.922874450683594,0.0019076757598668337,"""[[-0.]]""","""[[-0.]]""",NA,NA,NA,NA,NA,NA,NA
1000,59.676116943359375,"""[39.584793]""","""[1.0000299]""",39.592342376708984,0.0015717505011707544,"""[[-0.]]""","""[[-0.]]""",NA,NA,NA,NA,NA,NA,NA
1001,53.66648864746094,"""[39.5906]""","""[1.0006127]""",40.1606559753418,0.001334767322987318,"""[[-0.]]""","""[[-0.]]""",NA,NA,NA,NA,NA,NA,NA
1002,45.83168029785156,"""[39.597237]""","""[1.0010002]""",39.597496032714844,0.0010635886574164033,"""[[-0.]]""","""[[-0.]]""",NA,NA,NA,NA,NA,NA,NA
1003,39.19304275512695,"""[39.60204]""","""[1.0013703]""",40.86616897583008,0.0008673055563122034,"""[[-0.]]""","""[[-0.]]""",NA,NA,NA,NA,NA,NA,NA
1004,28.754966735839844,"""[39.608074]""","""[1.0016881]""",39.817874908447266,0.000620479229837656,"""[[-0.]]""","""[[-0.]]""",NA,NA,NA,NA,NA,NA,NA
1005,17.826202392578125,"""[39.612404]""","""[1.0021273]""",39.69358444213867,0.0004432032292243093,"""[[-0.]]""","""[[-0.]]""",NA,NA,NA,NA,NA,NA,NA
1006,9.181159973144531,"""[39.614376]""","""[1.0025468]""",39.639259338378906,0.00036172213731333613,"""[[-0.]]""","""[[-0.]]""",NA,NA,NA,NA,NA,NA,NA
1007,2.098369598388672,"""[39.615047]""","""[1.0028765]""",39.61520767211914,0.000333537464030087,"""[[-0.]]""","""[[-0.]]""",NA,NA,NA,NA,NA,NA,NA
1008,-4.292491912841797,"""[39.614914]""","""[1.0031155]""",40.00471115112305,0.0003378197143319994,"""[[-0.]]""","""[[-0.]]""",NA,NA,NA,NA,NA,NA,NA
1009,-12.363052368164062,"""[39.613766]""","""[1.0031402]""",39.6388053894043,0.00038308874354697764,"""[[-0.]]""","""[[-0.]]""",NA,NA,NA,NA,NA,NA,NA
1010,-19.141563415527344,"""[39.611946]""","""[1.0031158]""",39.69864273071289,0.00045583475730381906,"""[[-0.]]""","""[[-0.]]""",NA,NA,NA,NA,NA,NA,NA
1011,-24.092803955078125,"""[39.610104]""","""[1.0029931]""",40.33405303955078,0.0005288576940074563,"""[[-0.]]""","""[[-0.]]""",NA,NA,NA,NA,NA,NA,NA
1012,-32.322845458984375,"""[39.606155]""","""[1.0028208]""",39.95532989501953,0.0006879277061671019,"""[[-0.]]""","""[[-0.]]""",NA,NA,NA,NA,NA,NA,NA
1013,-42.29304504394531,"""[39.599815]""","""[1.0025448]""",39.89493179321289,0.0009434660314582288,"""[[-0.]]""","""[[-0.]]""",NA,NA,NA,NA,NA,NA,NA
1014,-53.77153778076172,"""[39.590424]""","""[1.0020322]""",41.33195114135742,0.0013229555916041136,"""[[-0.]]""","""[[-0.]]""",NA,NA,NA,NA,NA,NA,NA
1015,-58.913963317871094,"""[39.58547]""","""[1.0022941]""",39.713706970214844,0.0015233887825161219,"""[[-0.]]""","""[[-0.]]""",NA,NA,NA,NA,NA,NA,NA
1016,-65.33145141601562,"""[39.57866]""","""[1.0024394]""",39.92546463012695,0.0017991274362429976,"""[[-0.]]""","""[[-0.]]""",NA,NA,NA,NA,NA,NA,NA
1017,-69.16493225097656,"""[39.57425]""","""[1.0025309]""",39.773681640625,0.0019775338005274534,"""[[-0.]]""","""[[-0.]]""",NA,NA,NA,NA,NA,NA,NA
1018,-74.871337890625,"""[39.56722]""","""[1.002366]""",40.20685577392578,0.002261691726744175,"""[[-0.]]""","""[[-0.]]""",NA,NA,NA,NA,NA,NA,NA
1019,-77.18341064453125,"""[39.564194]""","""[1.0022076]""",40.111083984375,0.002383117564022541,"""[[-0.]]""","""[[-0.]]""",NA,NA,NA,NA,NA,NA,NA
1020,-76.87319946289062,"""[39.564583]""","""[1.0022725]""",39.72625732421875,0.002366560511291027,"""[[-0.]]""","""[[-0.]]""",NA,NA,NA,NA,NA,NA,NA
1021,-78.77297973632812,"""[39.562035]""","""[1.002124]""",39.70546340942383,0.0024686905089765787,"""[[-0.]]""","""[[-0.]]""",NA,NA,NA,NA,NA,NA,NA
1022,-79.68978881835938,"""[39.56077]""","""[1.0018643]""",40.20163345336914,0.0025186114944517612,"""[[-0.]]""","""[[-0.]]""",NA,NA,NA,NA,NA,NA,NA
1023,-77.92815399169922,"""[39.563103]""","""[1.0017436]""",39.76032257080078,0.0024221790954470634,"""[[-0.]]""","""[[-0.]]""",NA,NA,NA,NA,NA,NA,NA
1024,-75.27912902832031,"""[39.566547]""","""[1.0016454]""",39.64018249511719,0.0022814013063907623,"""[[-0.]]""","""[[-0.]]""",NA,NA,NA,NA,NA,NA,NA
1025,-74.56635284423828,"""[39.567432]""","""[1.0015359]""",39.78072738647461,0.002244221977889538,"""[[-0.]]""","""[[-0.]]""",NA,NA,NA,NA,NA,NA,NA
1026,-76.336669921875,"""[39.565125]""","""[1.0012498]""",39.87168884277344,0.0023363803047686815,"""[[-0.]]""","""[[-0.]]""",NA,NA,NA,NA,NA,NA,NA
1027,-80.75535583496094,"""[39.559166]""","""[1.0007645]""",39.947566986083984,0.0025764398742467165,"""[[-0.]]""","""[[-0.]]""",NA,NA,NA,NA,NA,NA,NA
1028,-82.83106994628906,"""[39.556232]""","""[1.0005466]""",40.36939239501953,0.0026939541567116976,"""[[-0.]]""","""[[-0.]]""",NA,NA,NA,NA,NA,NA,NA
1029,-81.78035736083984,"""[39.557697]""","""[1.0006999]""",39.7055778503418,0.0026340014301240444,"""[[-0.]]""","""[[-0.]]""",NA,NA,NA,NA,NA,NA,NA
1030,-82.90780639648438,"""[39.556087]""","""[1.0007719]""",39.55647659301758,0.002698322292417288,"""[[-0.]]""","""[[-0.]]""",NA,NA,NA,NA,NA,NA,NA
1031,-84.49822998046875,"""[39.553787]""","""[1.0008067]""",40.926605224609375,0.002790572587400675,"""[[-0.]]""","""[[-0.]]""",NA,NA,NA,NA,NA,NA,NA
1032,-82.07539367675781,"""[39.557228]""","""[1.0012962]""",39.58238220214844,0.0026509263552725315,"""[[-0.]]""","""[[-0.]]""",NA,NA,NA,NA,NA,NA,NA
1033,-81.20542907714844,"""[39.558437]""","""[1.0017004]""",39.559085845947266,0.002602004911750555,"""[[-0.]]""","""[[-0.]]""",NA,NA,NA,NA,NA,NA,NA
1034,-80.96321105957031,"""[39.55876]""","""[1.0020032]""",39.78876876831055,0.002588666044175625,"""[[-0.]]""","""[[-0.]]""",NA,NA,NA,NA,NA,NA,NA
1035,-79.45559692382812,"""[39.560806]""","""[1.0021832]""",39.59757614135742,0.0025049892719835043,"""[[-0.]]""","""[[-0.]]""",NA,NA,NA,NA,NA,NA,NA
1036,-77.98895263671875,"""[39.56276]""","""[1.0023128]""",39.5825309753418,0.002425067825242877,"""[[-0.]]""","""[[-0.]]""",NA,NA,NA,NA,NA,NA,NA
1037,-77.86869049072266,"""[39.562897]""","""[1.0022637]""",39.562992095947266,0.002418405609205365,"""[[-0.]]""","""[[-0.]]""",NA,NA,NA,NA,NA,NA,NA
1038,-78.35069274902344,"""[39.562225]""","""[1.0021389]""",39.66694259643555,0.002444235607981682,"""[[-0.]]""","""[[-0.]]""",NA,NA,NA,NA,NA,NA,NA
1039,-78.16732788085938,"""[39.562447]""","""[1.0020024]""",39.710662841796875,0.002434027148410678,"""[[-0.]]""","""[[-0.]]""",NA,NA,NA,NA,NA,NA,NA
1040,-77.14750671386719,"""[39.56377]""","""[1.0018438]""",39.565982818603516,0.002378882374614477,"""[[-0.]]""","""[[-0.]]""",NA,NA,NA,NA,NA,NA,NA
1041,-77.02894592285156,"""[39.563904]""","""[1.0016304]""",39.90546798706055,0.002372231800109148,"""[[-0.]]""","""[[-0.]]""",NA,NA,NA,NA,NA,NA,NA
1042,-79.81204223632812,"""[39.560146]""","""[1.001361]""",40.96205520629883,0.0025231309700757265,"""[[-0.]]""","""[[-0.]]""",NA,NA,NA,NA,NA,NA,NA
1043,-78.35088348388672,"""[39.56211]""","""[1.0016961]""",40.23501205444336,0.002443336183205247,"""[[-0.]]""","""[[-0.]]""",NA,NA,NA,NA,NA,NA,NA
1044,-74.18680572509766,"""[39.56752]""","""[1.0021541]""",40.03422546386719,0.0022238048259168863,"""[[-0.]]""","""[[-0.]]""",NA,NA,NA,NA,NA,NA,NA
1045,-73.5753173828125,"""[39.56827]""","""[1.0023869]""",40.16855239868164,0.002192764775827527,"""[[-0.]]""","""[[-0.]]""",NA,NA,NA,NA,NA,NA,NA
1046,-70.62846374511719,"""[39.57188]""","""[1.002636]""",40.055519104003906,0.002045981353148818,"""[[-0.]]""","""[[-0.]]""",NA,NA,NA,NA,NA,NA,NA
1047,-65.76101684570312,"""[39.577526]""","""[1.0030278]""",39.64741134643555,0.0018169388640671968,"""[[-0.]]""","""[[-0.]]""",NA,NA,NA,NA,NA,NA,NA
1048,-60.89961242675781,"""[39.582756]""","""[1.0033858]""",41.396663665771484,0.001604736316949129,"""[[-0.]]""","""[[-0.]]""",NA,NA,NA,NA,NA,NA,NA
1049,-62.28047180175781,"""[39.58128]""","""[1.0031018]""",39.890594482421875,0.0016628678422421217,"""[[-0.]]""","""[[-0.]]""",NA,NA,NA,NA,NA,NA,NA
1050,-61.78184509277344,"""[39.581776]""","""[1.0028065]""",39.81710433959961,0.0016408874653279781,"""[[-0.]]""","""[[-0.]]""",NA,NA,NA,NA,NA,NA,NA
1051,-63.60101318359375,"""[39.579815]""","""[1.0024573]""",39.5863037109375,0.0017190763028338552,"""[[-0.]]""","""[[-0.]]""",NA,NA,NA,NA,NA,NA,NA
1052,-65.42479705810547,"""[39.57778]""","""[1.0020721]""",39.857032775878906,0.0017998123075813055,"""[[-0.]]""","""[[-0.]]""",NA,NA,NA,NA,NA,NA,NA
1053,-65.55546569824219,"""[39.577606]""","""[1.0017482]""",39.59598922729492,0.0018052613595500588,"""[[-0.]]""","""[[-0.]]""",NA,NA,NA,NA,NA,NA,NA
1054,-66.71861267089844,"""[39.576263]""","""[1.0013465]""",39.58952331542969,0.001857978873886168,"""[[-0.]]""","""[[-0.]]""",NA,NA,NA,NA,NA,NA,NA
1055,-67.82209777832031,"""[39.57497]""","""[1.0009819]""",39.987300872802734,0.0019089611014351249,"""[[-0.]]""","""[[-0.]]""",NA,NA,NA,NA,NA,NA,NA
1056,-71.90931701660156,"""[39.57007]""","""[1.0004246]""",39.577239990234375,0.0021062244195491076,"""[[-0.]]""","""[[-0.]]""",NA,NA,NA,NA,NA,NA,NA
1057,-75.83255004882812,"""[39.56508]""","""[0.99993664]""",39.700748443603516,0.0023067425936460495,"""[[-0.]]""","""[[-0.]]""",NA,NA,NA,NA,NA,NA,NA
1058,-78.3841552734375,"""[39.56169]""","""[0.9997319]""",39.634334564208984,0.0024429887998849154,"""[[-0.]]""","""[[-0.]]""",NA,NA,NA,NA,NA,NA,NA
1059,-80.30943298339844,"""[39.55905]""","""[0.9996005]""",39.56245422363281,0.0025488052051514387,"""[[-0.]]""","""[[-0.]]""",NA,NA,NA,NA,NA,NA,NA
1060,-82.90019989013672,"""[39.555405]""","""[0.99946976]""",39.87257385253906,0.0026953318156301975,"""[[-0.]]""","""[[-0.]]""",NA,NA,NA,NA,NA,NA,NA
1061,-83.81776428222656,"""[39.55408]""","""[0.99959725]""",39.7579460144043,0.002748276339843869,"""[[-0.]]""","""[[-0.]]""",NA,NA,NA,NA,NA,NA,NA
1062,-83.47407531738281,"""[39.554558]""","""[0.9997679]""",39.555179595947266,0.0027282042428851128,"""[[-0.]]""","""[[-0.]]""",NA,NA,NA,NA,NA,NA,NA
1063,-83.92365264892578,"""[39.553894]""","""[0.9999154]""",40.02504348754883,0.0027541883755475283,"""[[-0.]]""","""[[-0.]]""",NA,NA,NA,NA,NA,NA,NA
1064,-82.29926300048828,"""[39.55619]""","""[1.0002254]""",39.889320373535156,0.0026604498270899057,"""[[-0.]]""","""[[-0.]]""",NA,NA,NA,NA,NA,NA,NA
1065,-83.85321044921875,"""[39.553967]""","""[1.0003966]""",40.2756233215332,0.0027499189600348473,"""[[-0.]]""","""[[-0.]]""",NA,NA,NA,NA,NA,NA,NA
1066,-82.63528442382812,"""[39.55569]""","""[1.000901]""",39.704830169677734,0.0026797247119247913,"""[[-0.]]""","""[[-0.]]""",NA,NA,NA,NA,NA,NA,NA
1067,-80.648193359375,"""[39.558456]""","""[1.0013816]""",41.518253326416016,0.0025674744974821806,"""[[-0.]]""","""[[-0.]]""",NA,NA,NA,NA,NA,NA,NA
1068,-85.24496459960938,"""[39.551918]""","""[1.0016181]""",39.82394027709961,0.0028320681303739548,"""[[-0.]]""","""[[-0.]]""",NA,NA,NA,NA,NA,NA,NA
1069,-88.0479965209961,"""[39.547752]""","""[1.0019045]""",39.58458709716797,0.003000852419063449,"""[[-0.]]""","""[[-0.]]""",NA,NA,NA,NA,NA,NA,NA
1070,-90.4534912109375,"""[39.54407]""","""[1.0021057]""",39.55208206176758,0.0031500605400651693,"""[[-0.]]""","""[[-0.]]""",NA,NA,NA,NA,NA,NA,NA
1071,-93.66588592529297,"""[39.538986]""","""[1.0021857]""",39.72835159301758,0.0033554777037352324,"""[[-0.]]""","""[[-0.]]""",NA,NA,NA,NA,NA,NA,NA
1072,-95.46768951416016,"""[39.536053]""","""[1.0022391]""",40.308860778808594,0.003473843913525343,"""[[-0.]]""","""[[-0.]]""",NA,NA,NA,NA,NA,NA,NA
1073,-94.614013671875,"""[39.537415]""","""[1.0020261]""",39.62498474121094,0.0034170919097959995,"""[[-0.]]""","""[[-0.]]""",NA,NA,NA,NA,NA,NA,NA
1074,-95.8052978515625,"""[39.535423]""","""[1.0016769]""",40.18870162963867,0.0034954342991113663,"""[[-0.]]""","""[[-0.]]""",NA,NA,NA,NA,NA,NA,NA
1075,-94.29707336425781,"""[39.537853]""","""[1.0014845]""",39.538787841796875,0.0033954905811697245,"""[[-0.]]""","""[[-0.]]""",NA,NA,NA,NA,NA,NA,NA
1076,-93.81362915039062,"""[39.538593]""","""[1.001236]""",39.74360656738281,0.0033635518047958612,"""[[-0.]]""","""[[-0.]]""",NA,NA,NA,NA,NA,NA,NA
1077,-92.33161926269531,"""[39.540928]""","""[1.0010524]""",40.20599365234375,0.003267464926466346,"""[[-0.]]""","""[[-0.]]""",NA,NA,NA,NA,NA,NA,NA
1078,-88.48687744140625,"""[39.546844]""","""[1.0006704]""",39.61308670043945,0.0030256835743784904,"""[[-0.]]""","""[[-0.]]""",NA,NA,NA,NA,NA,NA,NA
1079,-86.86445617675781,"""[39.549248]""","""[1.0003006]""",39.549312591552734,0.002926646266132593,"""[[-0.]]""","""[[-0.]]""",NA,NA,NA,NA,NA,NA,NA
1080,-86.1341323852539,"""[39.5503]""","""[0.9999565]""",39.58670425415039,0.0028825753834098577,"""[[-0.]]""","""[[-0.]]""",NA,NA,NA,NA,NA,NA,NA
1081,-85.40142822265625,"""[39.551342]""","""[0.9996786]""",39.55243682861328,0.0028387911152094603,"""[[-0.]]""","""[[-0.]]""",NA,NA,NA,NA,NA,NA,NA
1082,-85.56588745117188,"""[39.55108]""","""[0.9994277]""",39.683074951171875,0.0028484005015343428,"""[[-0.]]""","""[[-0.]]""",NA,NA,NA,NA,NA,NA,NA
1083,-85.085205078125,"""[39.55176]""","""[0.99930453]""",39.576271057128906,0.002819799818098545,"""[[-0.]]""","""[[-0.]]""",NA,NA,NA,NA,NA,NA,NA
1084,-84.69590759277344,"""[39.5523]""","""[0.9992903]""",39.698421478271484,0.002796692308038473,"""[[-0.]]""","""[[-0.]]""",NA,NA,NA,NA,NA,NA,NA
1085,-83.44671630859375,"""[39.55408]""","""[0.99936277]""",39.84779739379883,0.0027236277237534523,"""[[-0.]]""","""[[-0.]]""",NA,NA,NA,NA,NA,NA,NA
1086,-80.84126281738281,"""[39.557724]""","""[0.9997063]""",39.61967086791992,0.0025749970227479935,"""[[-0.]]""","""[[-0.]]""",NA,NA,NA,NA,NA,NA,NA
1087,-80.23069763183594,"""[39.55855]""","""[0.99988145]""",39.565887451171875,0.00254071899689734,"""[[-0.]]""","""[[-0.]]""",NA,NA,NA,NA,NA,NA,NA
1088,-79.99634552001953,"""[39.55885]""","""[1.000064]""",40.217041015625,0.0025275289081037045,"""[[-0.]]""","""[[-0.]]""",NA,NA,NA,NA,NA,NA,NA
1089,-77.48721313476562,"""[39.562214]""","""[1.0003577]""",39.720008850097656,0.002390553243458271,"""[[-0.]]""","""[[-0.]]""",NA,NA,NA,NA,NA,NA,NA
1090,-74.22140502929688,"""[39.56643]""","""[1.0007931]""",39.6561164855957,0.0022190390154719353,"""[[-0.]]""","""[[-0.]]""",NA,NA,NA,NA,NA,NA,NA
1091,-73.12593078613281,"""[39.56779]""","""[1.0010953]""",39.906707763671875,0.0021632264833897352,"""[[-0.]]""","""[[-0.]]""",NA,NA,NA,NA,NA,NA,NA
1092,-70.48013305664062,"""[39.571014]""","""[1.0014681]""",39.814449310302734,0.0020319437608122826,"""[[-0.]]""","""[[-0.]]""",NA,NA,NA,NA,NA,NA,NA
1093,-70.60628509521484,"""[39.57084]""","""[1.0017339]""",40.91583251953125,0.0020382634829729795,"""[[-0.]]""","""[[-0.]]""",NA,NA,NA,NA,NA,NA,NA
1094,-66.87510681152344,"""[39.575207]""","""[1.002743]""",41.51946258544922,0.0018621671479195356,"""[[-0.]]""","""[[-0.]]""",NA,NA,NA,NA,NA,NA,NA
1095,-58.421539306640625,"""[39.584217]""","""[1.0042348]""",39.58679962158203,0.0014992505311965942,"""[[-0.]]""","""[[-0.]]""",NA,NA,NA,NA,NA,NA,NA
1096,-51.09123229980469,"""[39.591034]""","""[1.0054874]""",39.59245681762695,0.0012257802300155163,"""[[-0.]]""","""[[-0.]]""",NA,NA,NA,NA,NA,NA,NA
1097,-45.03912353515625,"""[39.595955]""","""[1.0064424]""",40.90033721923828,0.0010285530006513,"""[[-0.]]""","""[[-0.]]""",NA,NA,NA,NA,NA,NA,NA
1098,-44.39524841308594,"""[39.596428]""","""[1.006803]""",39.83287811279297,0.0010100628715008497,"""[[-0.]]""","""[[-0.]]""",NA,NA,NA,NA,NA,NA,NA
1099,-42.28614807128906,"""[39.59796]""","""[1.0070555]""",39.65148162841797,0.0009481413871981204,"""[[-0.]]""","""[[-0.]]""",NA,NA,NA,NA,NA,NA,NA
1100,-39.745670318603516,"""[39.599712]""","""[1.0070708]""",39.60837173461914,0.0008765401435084641,"""[[-0.]]""","""[[-0.]]""",NA,NA,NA,NA,NA,NA,NA
1101,-38.15327453613281,"""[39.600742]""","""[1.0068357]""",39.61237716674805,0.0008330060518346727,"""[[-0.]]""","""[[-0.]]""",NA,NA,NA,NA,NA,NA,NA
1102,-36.603424072265625,"""[39.6017]""","""[1.0063918]""",39.62834548950195,0.0007915637688711286,"""[[-0.]]""","""[[-0.]]""",NA,NA,NA,NA,NA,NA,NA
1103,-34.86705017089844,"""[39.60273]""","""[1.0058172]""",41.85665512084961,0.0007469694246537983,"""[[-0.]]""","""[[-0.]]""",NA,NA,NA,NA,NA,NA,NA
1104,-27.198501586914062,"""[39.606743]""","""[1.0053328]""",39.984107971191406,0.0005821490776725113,"""[[-0.]]""","""[[-0.]]""",NA,NA,NA,NA,NA,NA,NA
1105,-17.873138427734375,"""[39.610283]""","""[1.0049046]""",39.674163818359375,0.00043727722368203104,"""[[-0.]]""","""[[-0.]]""",NA,NA,NA,NA,NA,NA,NA
1106,-10.57815933227539,"""[39.61201]""","""[1.0043154]""",39.648094177246094,0.0003653597959782928,"""[[-0.]]""","""[[-0.]]""",NA,NA,NA,NA,NA,NA,NA
1107,-3.24505615234375,"""[39.612846]""","""[1.003753]""",39.62397766113281,0.0003304859565105289,"""[[-0.]]""","""[[-0.]]""",NA,NA,NA,NA,NA,NA,NA
1108,3.71630859375,"""[39.61279]""","""[1.0031542]""",39.61534881591797,0.00033188483212143183,"""[[-0.]]""","""[[-0.]]""",NA,NA,NA,NA,NA,NA,NA
1109,10.210102081298828,"""[39.611988]""","""[1.0025524]""",40.001895904541016,0.00036357567296363413,"""[[-0.]]""","""[[-0.]]""",NA,NA,NA,NA,NA,NA,NA
1110,13.699943542480469,"""[39.611256]""","""[1.0016689]""",39.903602600097656,0.0003920094750355929,"""[[-0.]]""","""[[-0.]]""",NA,NA,NA,NA,NA,NA,NA
1111,14.848373413085938,"""[39.610962]""","""[1.0008003]""",40.65838623046875,0.0004027789691463113,"""[[-0.]]""","""[[-0.]]""",NA,NA,NA,NA,NA,NA,NA
1112,12.113868713378906,"""[39.611595]""","""[0.99970573]""",40.79944610595703,0.0003760764084290713,"""[[-0.]]""","""[[-0.]]""",NA,NA,NA,NA,NA,NA,NA
1113,5.2352752685546875,"""[39.612625]""","""[0.998881]""",40.11629104614258,0.00033315218752250075,"""[[-0.]]""","""[[-0.]]""",NA,NA,NA,NA,NA,NA,NA
1114,2.0427169799804688,"""[39.612816]""","""[0.9984624]""",39.61397933959961,0.00032448844285681844,"""[[-0.]]""","""[[-0.]]""",NA,NA,NA,NA,NA,NA,NA
1115,-0.9481048583984375,"""[39.612843]""","""[0.9981755]""",39.663822174072266,0.0003227856650482863,"""[[-0.]]""","""[[-0.]]""",NA,NA,NA,NA,NA,NA,NA
1116,-2.766529083251953,"""[39.61277]""","""[0.99803954]""",40.4468879699707,0.00032474796171300113,"""[[-0.]]""","""[[-0.]]""",NA,NA,NA,NA,NA,NA,NA
1117,-0.6553878784179688,"""[39.6128]""","""[0.9980979]""",39.61831283569336,0.0003226178523618728,"""[[-0.]]""","""[[-0.]]""",NA,NA,NA,NA,NA,NA,NA
1118,0.9549789428710938,"""[39.612766]""","""[0.99825066]""",40.158912658691406,0.00032298770383931696,"""[[-0.]]""","""[[-0.]]""",NA,NA,NA,NA,NA,NA,NA
1119,-0.5902252197265625,"""[39.61275]""","""[0.9985064]""",39.7696418762207,0.000322234962368384,"""[[-0.]]""","""[[-0.]]""",NA,NA,NA,NA,NA,NA,NA
1120,-3.56329345703125,"""[39.612625]""","""[0.9986469]""",39.86629867553711,0.00032570131588727236,"""[[-0.]]""","""[[-0.]]""",NA,NA,NA,NA,NA,NA,NA
1121,-4.1741790771484375,"""[39.612553]""","""[0.99900573]""",40.13648986816406,0.0003270164888817817,"""[[-0.]]""","""[[-0.]]""",NA,NA,NA,NA,NA,NA,NA
1122,-1.9857025146484375,"""[39.612633]""","""[0.99941343]""",40.37644958496094,0.00032272253884002566,"""[[-0.]]""","""[[-0.]]""",NA,NA,NA,NA,NA,NA,NA
1123,-3.7510910034179688,"""[39.61253]""","""[0.9992614]""",40.43404006958008,0.00032574054785072803,"""[[-0.]]""","""[[-0.]]""",NA,NA,NA,NA,NA,NA,NA
1124,-8.620880126953125,"""[39.612003]""","""[0.9993684]""",39.61228942871094,0.00034542111097835004,"""[[-0.]]""","""[[-0.]]""",NA,NA,NA,NA,NA,NA,NA
1125,-13.012092590332031,"""[39.611176]""","""[0.99953544]""",40.534393310546875,0.0003772660274989903,"""[[-0.]]""","""[[-0.]]""",NA,NA,NA,NA,NA,NA,NA
1126,-21.015960693359375,"""[39.608845]""","""[0.9997019]""",39.87265396118164,0.0004698059055954218,"""[[-0.]]""","""[[-0.]]""",NA,NA,NA,NA,NA,NA,NA
1127,-26.310684204101562,"""[39.60669]""","""[0.9999812]""",39.60675048828125,0.0005554676754400134,"""[[-0.]]""","""[[-0.]]""",NA,NA,NA,NA,NA,NA,NA
1128,-31.258270263671875,"""[39.604244]""","""[1.0002754]""",39.7130126953125,0.0006531402468681335,"""[[-0.]]""","""[[-0.]]""",NA,NA,NA,NA,NA,NA,NA
1129,-37.33788299560547,"""[39.600666]""","""[1.0004041]""",40.02790451049805,0.0007963988464325666,"""[[-0.]]""","""[[-0.]]""",NA,NA,NA,NA,NA,NA,NA
1130,-40.52777099609375,"""[39.598534]""","""[1.0006566]""",39.85177993774414,0.000881896005012095,"""[[-0.]]""","""[[-0.]]""",NA,NA,NA,NA,NA,NA,NA
1131,-41.484710693359375,"""[39.597843]""","""[1.0009103]""",40.0076904296875,0.0009089639061130583,"""[[-0.]]""","""[[-0.]]""",NA,NA,NA,NA,NA,NA,NA
1132,-45.146453857421875,"""[39.59511]""","""[1.0009952]""",39.64479064941406,0.0010181767866015434,"""[[-0.]]""","""[[-0.]]""",NA,NA,NA,NA,NA,NA,NA
1133,-49.686134338378906,"""[39.591423]""","""[1.0009434]""",40.448848724365234,0.0011664341436699033,"""[[-0.]]""","""[[-0.]]""",NA,NA,NA,NA,NA,NA,NA
1134,-50.56884002685547,"""[39.590652]""","""[1.000762]""",40.31859588623047,0.0011967259924858809,"""[[-0.]]""","""[[-0.]]""",NA,NA,NA,NA,NA,NA,NA
1135,-48.139381408691406,"""[39.592674]""","""[1.0007045]""",40.06220245361328,0.0011138584231957793,"""[[-0.]]""","""[[-0.]]""",NA,NA,NA,NA,NA,NA,NA
1136,-43.503990173339844,"""[39.596268]""","""[1.0009027]""",40.18922424316406,0.0009674723260104656,"""[[-0.]]""","""[[-0.]]""",NA,NA,NA,NA,NA,NA,NA
1137,-36.71202087402344,"""[39.600876]""","""[1.0013195]""",40.139434814453125,0.0007802271866239607,"""[[-0.]]""","""[[-0.]]""",NA,NA,NA,NA,NA,NA,NA
1138,-33.62345886230469,"""[39.6027]""","""[1.0016537]""",39.8477668762207,0.0007058240007609129,"""[[-0.]]""","""[[-0.]]""",NA,NA,NA,NA,NA,NA,NA
1139,-29.08875274658203,"""[39.605083]""","""[1.0022106]""",40.066951751708984,0.0006088628433644772,"""[[-0.]]""","""[[-0.]]""",NA,NA,NA,NA,NA,NA,NA
1140,-22.669143676757812,"""[39.60787]""","""[1.0028781]""",39.749935150146484,0.0004961492377333343,"""[[-0.]]""","""[[-0.]]""",NA,NA,NA,NA,NA,NA,NA
1141,-18.6207275390625,"""[39.609264]""","""[1.0032245]""",39.952781677246094,0.0004397247394081205,"""[[-0.]]""","""[[-0.]]""",NA,NA,NA,NA,NA,NA,NA
1142,-12.679428100585938,"""[39.610806]""","""[1.0034541]""",39.61198806762695,0.00037706297007389367,"""[[-0.]]""","""[[-0.]]""",NA,NA,NA,NA,NA,NA,NA
1143,-7.561553955078125,"""[39.61165]""","""[1.0035682]""",39.97591781616211,0.0003425477189011872,"""[[-0.]]""","""[[-0.]]""",NA,NA,NA,NA,NA,NA,NA
1144,-0.47843170166015625,"""[39.61209]""","""[1.0036203]""",40.794742584228516,0.0003245475236326456,"""[[-0.]]""","""[[-0.]]""",NA,NA,NA,NA,NA,NA,NA
1145,1.356689453125,"""[39.612064]""","""[1.0032806]""",39.82796096801758,0.0003247718559578061,"""[[-0.]]""","""[[-0.]]""",NA,NA,NA,NA,NA,NA,NA
1146,4.8324737548828125,"""[39.61185]""","""[1.0030478]""",39.7977294921875,0.000332552008330822,"""[[-0.]]""","""[[-0.]]""",NA,NA,NA,NA,NA,NA,NA
1147,6.330451965332031,"""[39.611683]""","""[1.0028571]""",39.79268264770508,0.0003383082221262157,"""[[-0.]]""","""[[-0.]]""",NA,NA,NA,NA,NA,NA,NA
1148,5.8772735595703125,"""[39.611717]""","""[1.0025852]""",39.86891174316406,0.00033577013527974486,"""[[-0.]]""","""[[-0.]]""",NA,NA,NA,NA,NA,NA,NA
1149,7.598258972167969,"""[39.6115]""","""[1.0023148]""",39.6262321472168,0.0003437473496887833,"""[[-0.]]""","""[[-0.]]""",NA,NA,NA,NA,NA,NA,NA
1150,8.713516235351562,"""[39.611324]""","""[1.0020202]""",39.748008728027344,0.0003498545556794852,"""[[-0.]]""","""[[-0.]]""",NA,NA,NA,NA,NA,NA,NA
1151,8.18145751953125,"""[39.61139]""","""[1.001562]""",39.61141586303711,0.00034600001526996493,"""[[-0.]]""","""[[-0.]]""",NA,NA,NA,NA,NA,NA,NA
1152,7.7635955810546875,"""[39.611435]""","""[1.0011326]""",39.641563415527344,0.0003431124205235392,"""[[-0.]]""","""[[-0.]]""",NA,NA,NA,NA,NA,NA,NA
1153,6.74456787109375,"""[39.611553]""","""[1.0007817]""",39.78306579589844,0.00033741683000698686,"""[[-0.]]""","""[[-0.]]""",NA,NA,NA,NA,NA,NA,NA
1154,7.68914794921875,"""[39.611412]""","""[1.0005854]""",39.623775482177734,0.0003421894507482648,"""[[-0.]]""","""[[-0.]]""",NA,NA,NA,NA,NA,NA,NA
1155,9.048686981201172,"""[39.6112]""","""[1.0003927]""",39.648494720458984,0.0003502443141769618,"""[[-0.]]""","""[[-0.]]""",NA,NA,NA,NA,NA,NA,NA
1156,9.597057342529297,"""[39.611095]""","""[1.0002493]""",39.722599029541016,0.00035379797918722034,"""[[-0.]]""","""[[-0.]]""",NA,NA,NA,NA,NA,NA,NA
1157,11.504348754882812,"""[39.610725]""","""[1.0001597]""",39.64628219604492,0.00036811589961871505,"""[[-0.]]""","""[[-0.]]""",NA,NA,NA,NA,NA,NA,NA
1158,12.53271484375,"""[39.610497]""","""[1.0000108]""",41.30658721923828,0.0003768238821066916,"""[[-0.]]""","""[[-0.]]""",NA,NA,NA,NA,NA,NA,NA
1159,19.207191467285156,"""[39.608646]""","""[1.0000008]""",39.68598175048828,0.00045183292240835726,"""[[-0.]]""","""[[-0.]]""",NA,NA,NA,NA,NA,NA,NA
1160,24.246627807617188,"""[39.606743]""","""[0.9999571]""",39.77001190185547,0.000528941280208528,"""[[-0.]]""","""[[-0.]]""",NA,NA,NA,NA,NA,NA,NA
1161,27.320701599121094,"""[39.605362]""","""[0.9999647]""",39.715511322021484,0.000584620691370219,"""[[-0.]]""","""[[-0.]]""",NA,NA,NA,NA,NA,NA,NA
1162,28.844985961914062,"""[39.604595]""","""[1.000081]""",39.898406982421875,0.0006146617233753204,"""[[-0.]]""","""[[-0.]]""",NA,NA,NA,NA,NA,NA,NA
1163,28.134807586669922,"""[39.604923]""","""[1.0003321]""",41.505977630615234,0.0006004708120599389,"""[[-0.]]""","""[[-0.]]""",NA,NA,NA,NA,NA,NA,NA
1164,21.80901336669922,"""[39.607597]""","""[1.0014131]""",40.262451171875,0.0004900599014945328,"""[[-0.]]""","""[[-0.]]""",NA,NA,NA,NA,NA,NA,NA
1165,13.205657958984375,"""[39.610157]""","""[1.0020607]""",39.617332458496094,0.000384221290005371,"""[[-0.]]""","""[[-0.]]""",NA,NA,NA,NA,NA,NA,NA
1166,5.87677001953125,"""[39.611336]""","""[1.0026207]""",42.82847213745117,0.00033475563395768404,"""[[-0.]]""","""[[-0.]]""",NA,NA,NA,NA,NA,NA,NA
1167,6.017059326171875,"""[39.611305]""","""[1.0024314]""",41.489463806152344,0.0003349876496940851,"""[[-0.]]""","""[[-0.]]""",NA,NA,NA,NA,NA,NA,NA
1168,0.46038818359375,"""[39.611614]""","""[1.0017598]""",39.6134147644043,0.0003201928630005568,"""[[-0.]]""","""[[-0.]]""",NA,NA,NA,NA,NA,NA,NA
1169,-4.697349548339844,"""[39.611435]""","""[1.001131]""",39.82220458984375,0.0003258458455093205,"""[[-0.]]""","""[[-0.]]""",NA,NA,NA,NA,NA,NA,NA
1170,-11.053398132324219,"""[39.610588]""","""[1.0005286]""",39.69916534423828,0.00035859961644746363,"""[[-0.]]""","""[[-0.]]""",NA,NA,NA,NA,NA,NA,NA
1171,-15.55712890625,"""[39.609566]""","""[1.0000316]""",39.62160873413086,0.0003988626122009009,"""[[-0.]]""","""[[-0.]]""",NA,NA,NA,NA,NA,NA,NA
1172,-20.21112060546875,"""[39.60815]""","""[0.99961543]""",39.845157623291016,0.00045541234430857003,"""[[-0.]]""","""[[-0.]]""",NA,NA,NA,NA,NA,NA,NA
1173,-22.636459350585938,"""[39.60725]""","""[0.9993034]""",40.17261505126953,0.0004908610135316849,"""[[-0.]]""","""[[-0.]]""",NA,NA,NA,NA,NA,NA,NA
1174,-28.288177490234375,"""[39.604797]""","""[0.99895024]""",39.62191390991211,0.0005894567002542317,"""[[-0.]]""","""[[-0.]]""",NA,NA,NA,NA,NA,NA,NA
1175,-33.09541320800781,"""[39.60227]""","""[0.9987753]""",39.81605911254883,0.0006907841307111084,"""[[-0.]]""","""[[-0.]]""",NA,NA,NA,NA,NA,NA,NA
1176,-35.803253173828125,"""[39.600655]""","""[0.9990018]""",39.600669860839844,0.0007547933491878211,"""[[-0.]]""","""[[-0.]]""",NA,NA,NA,NA,NA,NA,NA
1177,-38.52452850341797,"""[39.598896]""","""[0.99929136]""",39.752567291259766,0.0008242686744779348,"""[[-0.]]""","""[[-0.]]""",NA,NA,NA,NA,NA,NA,NA
1178,-39.759727478027344,"""[39.59804]""","""[0.99975246]""",39.61969757080078,0.000857473467476666,"""[[-0.]]""","""[[-0.]]""",NA,NA,NA,NA,NA,NA,NA
1179,-40.639617919921875,"""[39.59741]""","""[1.0002773]""",40.24706268310547,0.0008818829082883894,"""[[-0.]]""","""[[-0.]]""",NA,NA,NA,NA,NA,NA,NA
1180,-38.519561767578125,"""[39.598804]""","""[1.0007064]""",39.6700439453125,0.0008242212352342904,"""[[-0.]]""","""[[-0.]]""",NA,NA,NA,NA,NA,NA,NA
1181,-37.95585632324219,"""[39.59915]""","""[1.0009981]""",39.613643646240234,0.0008094888180494308,"""[[-0.]]""","""[[-0.]]""",NA,NA,NA,NA,NA,NA,NA
1182,-38.21470642089844,"""[39.598957]""","""[1.0012445]""",39.88477325439453,0.0008163859019987285,"""[[-0.]]""","""[[-0.]]""",NA,NA,NA,NA,NA,NA,NA
1183,-36.499385833740234,"""[39.60002]""","""[1.0015944]""",40.151031494140625,0.0007725408067926764,"""[[-0.]]""","""[[-0.]]""",NA,NA,NA,NA,NA,NA,NA
1184,-32.25938415527344,"""[39.602467]""","""[1.0023152]""",39.65696334838867,0.0006731498287990689,"""[[-0.]]""","""[[-0.]]""",NA,NA,NA,NA,NA,NA,NA
1185,-29.666793823242188,"""[39.603798]""","""[1.0027981]""",39.64635467529297,0.0006187161197885871,"""[[-0.]]""","""[[-0.]]""",NA,NA,NA,NA,NA,NA,NA
1186,-28.4222412109375,"""[39.60438]""","""[1.0030833]""",39.611907958984375,0.0005943529540672898,"""[[-0.]]""","""[[-0.]]""",NA,NA,NA,NA,NA,NA,NA
1187,-27.167938232421875,"""[39.60495]""","""[1.0032719]""",39.60671615600586,0.0005707418313249946,"""[[-0.]]""","""[[-0.]]""",NA,NA,NA,NA,NA,NA,NA
1188,-26.110458374023438,"""[39.605404]""","""[1.0033493]""",40.026756286621094,0.0005515319062396884,"""[[-0.]]""","""[[-0.]]""",NA,NA,NA,NA,NA,NA,NA
1189,-27.993270874023438,"""[39.604527]""","""[1.0031009]""",41.01738357543945,0.0005859072552993894,"""[[-0.]]""","""[[-0.]]""",NA,NA,NA,NA,NA,NA,NA
1190,-24.509414672851562,"""[39.606052]""","""[1.0032176]""",39.72378921508789,0.0005233939737081528,"""[[-0.]]""","""[[-0.]]""",NA,NA,NA,NA,NA,NA,NA
1191,-22.894676208496094,"""[39.606674]""","""[1.0031741]""",39.607032775878906,0.0004970651934854686,"""[[-0.]]""","""[[-0.]]""",NA,NA,NA,NA,NA,NA,NA
1192,-21.563724517822266,"""[39.607166]""","""[1.0030525]""",39.62704849243164,0.0004765571793541312,"""[[-0.]]""","""[[-0.]]""",NA,NA,NA,NA,NA,NA,NA
1193,-19.960586547851562,"""[39.607716]""","""[1.0028455]""",39.722530364990234,0.0004534096224233508,"""[[-0.]]""","""[[-0.]]""",NA,NA,NA,NA,NA,NA,NA
1194,-17.386566162109375,"""[39.60851]""","""[1.0025171]""",41.945430755615234,0.000420065363869071,"""[[-0.]]""","""[[-0.]]""",NA,NA,NA,NA,NA,NA,NA
1195,-9.212226867675781,"""[39.61032]""","""[1.002651]""",39.8945426940918,0.0003467094211373478,"""[[-0.]]""","""[[-0.]]""",NA,NA,NA,NA,NA,NA,NA
1196,-3.97760009765625,"""[39.610874]""","""[1.0027875]""",39.62507247924805,0.0003241610247641802,"""[[-0.]]""","""[[-0.]]""",NA,NA,NA,NA,NA,NA,NA
1197,1.198455810546875,"""[39.610962]""","""[1.002901]""",39.64872741699219,0.0003205341345164925,"""[[-0.]]""","""[[-0.]]""",NA,NA,NA,NA,NA,NA,NA
1198,5.017051696777344,"""[39.61073]""","""[1.0029361]""",40.09665298461914,0.00032968365121632814,"""[[-0.]]""","""[[-0.]]""",NA,NA,NA,NA,NA,NA,NA
1199,11.365234375,"""[39.609802]""","""[1.0029942]""",39.66720962524414,0.000367319502402097,"""[[-0.]]""","""[[-0.]]""",NA,NA,NA,NA,NA,NA,NA
1200,18.064620971679688,"""[39.60809]""","""[1.0029631]""",40.037845611572266,0.00043721633846871555,"""[[-0.]]""","""[[-0.]]""",NA,NA,NA,NA,NA,NA,NA
1201,21.68621063232422,"""[39.60684]""","""[1.0027369]""",40.11915588378906,0.0004876122111454606,"""[[-0.]]""","""[[-0.]]""",NA,NA,NA,NA,NA,NA,NA
1202,28.068389892578125,"""[39.60409]""","""[1.0024921]""",39.754573822021484,0.0005989214987494051,"""[[-0.]]""","""[[-0.]]""",NA,NA,NA,NA,NA,NA,NA
1203,35.832000732421875,"""[39.599823]""","""[1.0022441]""",41.43048858642578,0.000772654777392745,"""[[-0.]]""","""[[-0.]]""",NA,NA,NA,NA,NA,NA,NA
1204,37.48602294921875,"""[39.59876]""","""[1.0019749]""",39.79279708862305,0.0008148050983436406,"""[[-0.]]""","""[[-0.]]""",NA,NA,NA,NA,NA,NA,NA
1205,37.47418975830078,"""[39.598747]""","""[1.001776]""",39.73991775512695,0.000814244442153722,"""[[-0.]]""","""[[-0.]]""",NA,NA,NA,NA,NA,NA,NA
1206,36.386962890625,"""[39.599422]""","""[1.0015666]""",39.599449157714844,0.000785853189881891,"""[[-0.]]""","""[[-0.]]""",NA,NA,NA,NA,NA,NA,NA
1207,35.71661376953125,"""[39.59981]""","""[1.0013663]""",39.599979400634766,0.0007686881581321359,"""[[-0.]]""","""[[-0.]]""",NA,NA,NA,NA,NA,NA,NA
1208,35.45207595825195,"""[39.599957]""","""[1.0011839]""",41.03132629394531,0.0007619017269462347,"""[[-0.]]""","""[[-0.]]""",NA,NA,NA,NA,NA,NA,NA
1209,30.139022827148438,"""[39.602936]""","""[1.0009522]""",39.70137405395508,0.0006393577205017209,"""[[-0.]]""","""[[-0.]]""",NA,NA,NA,NA,NA,NA,NA
1210,26.94512939453125,"""[39.60448]""","""[1.0007744]""",39.61300277709961,0.0005751081043854356,"""[[-0.]]""","""[[-0.]]""",NA,NA,NA,NA,NA,NA,NA
1211,23.900985717773438,"""[39.605793]""","""[1.000642]""",39.63182067871094,0.0005205004126764834,"""[[-0.]]""","""[[-0.]]""",NA,NA,NA,NA,NA,NA,NA
1212,22.005905151367188,"""[39.60653]""","""[1.0005107]""",39.77812576293945,0.0004897136241197586,"""[[-0.]]""","""[[-0.]]""",NA,NA,NA,NA,NA,NA,NA
1213,22.2369384765625,"""[39.606415]""","""[1.0005349]""",39.63843536376953,0.000493279192596674,"""[[-0.]]""","""[[-0.]]""",NA,NA,NA,NA,NA,NA,NA
1214,21.93463134765625,"""[39.606503]""","""[1.000535]""",39.89994812011719,0.0004885202506557107,"""[[-0.]]""","""[[-0.]]""",NA,NA,NA,NA,NA,NA,NA
1215,24.136215209960938,"""[39.60561]""","""[1.0008092]""",39.89008712768555,0.0005243922350928187,"""[[-0.]]""","""[[-0.]]""",NA,NA,NA,NA,NA,NA,NA
1216,24.141571044921875,"""[39.605583]""","""[1.0009795]""",39.62528610229492,0.0005245583597570658,"""[[-0.]]""","""[[-0.]]""",NA,NA,NA,NA,NA,NA,NA
1217,23.7744140625,"""[39.605713]""","""[1.0011201]""",39.71475601196289,0.0005184211768209934,"""[[-0.]]""","""[[-0.]]""",NA,NA,NA,NA,NA,NA,NA
1218,22.353240966796875,"""[39.606255]""","""[1.0012707]""",39.60699462890625,0.0004953942261636257,"""[[-0.]]""","""[[-0.]]""",NA,NA,NA,NA,NA,NA,NA
1219,21.3743896484375,"""[39.606594]""","""[1.0014038]""",39.75434494018555,0.00048036754014901817,"""[[-0.]]""","""[[-0.]]""",NA,NA,NA,NA,NA,NA,NA
1220,22.302642822265625,"""[39.60622]""","""[1.0016607]""",39.87877655029297,0.0004948966670781374,"""[[-0.]]""","""[[-0.]]""",NA,NA,NA,NA,NA,NA,NA
1221,21.294342041015625,"""[39.606575]""","""[1.0016904]""",39.6180534362793,0.00047937329509295523,"""[[-0.]]""","""[[-0.]]""",NA,NA,NA,NA,NA,NA,NA
1222,20.101547241210938,"""[39.606976]""","""[1.0016458]""",39.60780715942383,0.0004618356470018625,"""[[-0.]]""","""[[-0.]]""",NA,NA,NA,NA,NA,NA,NA
1223,19.296295166015625,"""[39.60723]""","""[1.0015849]""",39.60853576660156,0.00045050273183733225,"""[[-0.]]""","""[[-0.]]""",NA,NA,NA,NA,NA,NA,NA
1224,18.87848663330078,"""[39.60735]""","""[1.0015123]""",39.627132415771484,0.0004447315586730838,"""[[-0.]]""","""[[-0.]]""",NA,NA,NA,NA,NA,NA,NA
1225,19.256729125976562,"""[39.60721]""","""[1.0014925]""",42.899593353271484,0.0004497613408602774,"""[[-0.]]""","""[[-0.]]""",NA,NA,NA,NA,NA,NA,NA
1226,27.27283477783203,"""[39.603985]""","""[1.0013661]""",39.85284423828125,0.0005810889415442944,"""[[-0.]]""","""[[-0.]]""",NA,NA,NA,NA,NA,NA,NA
1227,36.798919677734375,"""[39.598717]""","""[1.0013063]""",41.300472259521484,0.0007954063476063311,"""[[-0.]]""","""[[-0.]]""",NA,NA,NA,NA,NA,NA,NA
1228,51.134857177734375,"""[39.58788]""","""[1.0015613]""",40.368263244628906,0.001237515127286315,"""[[-0.]]""","""[[-0.]]""",NA,NA,NA,NA,NA,NA,NA
1229,60.71770477294922,"""[39.57866]""","""[1.0019237]""",39.58430862426758,0.001613323693163693,"""[[-0.]]""","""[[-0.]]""",NA,NA,NA,NA,NA,NA,NA
1230,70.13885498046875,"""[39.56806]""","""[1.0022724]""",39.569522857666016,0.002045548753812909,"""[[-0.]]""","""[[-0.]]""",NA,NA,NA,NA,NA,NA,NA
1231,79.04095458984375,"""[39.55664]""","""[1.0025762]""",39.59098434448242,0.0025112724397331476,"""[[-0.]]""","""[[-0.]]""",NA,NA,NA,NA,NA,NA,NA
1232,86.89059448242188,"""[39.54544]""","""[1.0027933]""",39.87247848510742,0.002968207700178027,"""[[-0.]]""","""[[-0.]]""",NA,NA,NA,NA,NA,NA,NA
1233,92.28316497802734,"""[39.537117]""","""[1.0029403]""",40.52546310424805,0.0033073604572564363,"""[[-0.]]""","""[[-0.]]""",NA,NA,NA,NA,NA,NA,NA
1234,94.05496215820312,"""[39.534267]""","""[1.0032843]""",41.60431671142578,0.0034239115193486214,"""[[-0.]]""","""[[-0.]]""",NA,NA,NA,NA,NA,NA,NA
1235,89.78425598144531,"""[39.541008]""","""[1.0037282]""",39.62315368652344,0.003149409545585513,"""[[-0.]]""","""[[-0.]]""",NA,NA,NA,NA,NA,NA,NA
1236,85.53475952148438,"""[39.547398]""","""[1.0040201]""",41.23305130004883,0.0028888238593935966,"""[[-0.]]""","""[[-0.]]""",NA,NA,NA,NA,NA,NA,NA
1237,77.26292419433594,"""[39.558945]""","""[1.0042884]""",39.74124526977539,0.0024174689315259457,"""[[-0.]]""","""[[-0.]]""",NA,NA,NA,NA,NA,NA,NA
1238,68.77999114990234,"""[39.569546]""","""[1.0044184]""",39.57192611694336,0.0019837822765111923,"""[[-0.]]""","""[[-0.]]""",NA,NA,NA,NA,NA,NA,NA
1239,61.87998962402344,"""[39.57725]""","""[1.0043912]""",39.98419189453125,0.0016679364489391446,"""[[-0.]]""","""[[-0.]]""",NA,NA,NA,NA,NA,NA,NA
1240,58.71562194824219,"""[39.5805]""","""[1.0045007]""",40.68837356567383,0.0015345934079959989,"""[[-0.]]""","""[[-0.]]""",NA,NA,NA,NA,NA,NA,NA
1241,52.318641662597656,"""[39.58658]""","""[1.0046691]""",39.90274429321289,0.0012862501898780465,"""[[-0.]]""","""[[-0.]]""",NA,NA,NA,NA,NA,NA,NA
1242,44.609649658203125,"""[39.592957]""","""[1.004802]""",42.2136344909668,0.0010247635655105114,"""[[-0.]]""","""[[-0.]]""",NA,NA,NA,NA,NA,NA,NA
1243,31.16522216796875,"""[39.601665]""","""[1.0043247]""",41.351539611816406,0.0006658986676484346,"""[[-0.]]""","""[[-0.]]""",NA,NA,NA,NA,NA,NA,NA
1244,24.85430908203125,"""[39.604675]""","""[1.0040938]""",40.02619171142578,0.0005409123841673136,"""[[-0.]]""","""[[-0.]]""",NA,NA,NA,NA,NA,NA,NA
1245,16.636459350585938,"""[39.607594]""","""[1.0040002]""",39.65113830566406,0.00042023160494863987,"""[[-0.]]""","""[[-0.]]""",NA,NA,NA,NA,NA,NA,NA
1246,10.209827423095703,"""[39.609062]""","""[1.0037944]""",39.64230728149414,0.00035828034742735326,"""[[-0.]]""","""[[-0.]]""",NA,NA,NA,NA,NA,NA,NA
1247,3.6998214721679688,"""[39.60984]""","""[1.0034584]""",39.6622200012207,0.0003245511034037918,"""[[-0.]]""","""[[-0.]]""",NA,NA,NA,NA,NA,NA,NA
1248,-3.076801300048828,"""[39.609875]""","""[1.0030204]""",39.6410026550293,0.0003206404799129814,"""[[-0.]]""","""[[-0.]]""",NA,NA,NA,NA,NA,NA,NA
1249,-8.462020874023438,"""[39.60935]""","""[1.0026032]""",39.61374282836914,0.0003402709844522178,"""[[-0.]]""","""[[-0.]]""",NA,NA,NA,NA,NA,NA,NA
1250,-13.106266021728516,"""[39.608482]""","""[1.0021809]""",39.86445617675781,0.00037338922265917063,"""[[-0.]]""","""[[-0.]]""",NA,NA,NA,NA,NA,NA,NA
1251,-19.485931396484375,"""[39.606705]""","""[1.0017285]""",41.09254837036133,0.0004436735180206597,"""[[-0.]]""","""[[-0.]]""",NA,NA,NA,NA,NA,NA,NA
1252,-20.394149780273438,"""[39.60638]""","""[1.0012604]""",39.79712677001953,0.00045553818927146494,"""[[-0.]]""","""[[-0.]]""",NA,NA,NA,NA,NA,NA,NA
1253,-23.195777893066406,"""[39.605328]""","""[1.0009831]""",39.60919189453125,0.0004971524467691779,"""[[-0.]]""","""[[-0.]]""",NA,NA,NA,NA,NA,NA,NA
1254,-26.170730590820312,"""[39.60406]""","""[1.0007443]""",39.60544204711914,0.0005474124918691814,"""[[-0.]]""","""[[-0.]]""",NA,NA,NA,NA,NA,NA,NA
1255,-28.9052734375,"""[39.60276]""","""[1.0005285]""",39.75615692138672,0.0005990845966152847,"""[[-0.]]""","""[[-0.]]""",NA,NA,NA,NA,NA,NA,NA
1256,-30.152816772460938,"""[39.602116]""","""[1.000391]""",39.7326774597168,0.0006243750685825944,"""[[-0.]]""","""[[-0.]]""",NA,NA,NA,NA,NA,NA,NA
1257,-32.9232177734375,"""[39.600597]""","""[1.0002562]""",39.728084564208984,0.0006845300085842609,"""[[-0.]]""","""[[-0.]]""",NA,NA,NA,NA,NA,NA,NA
1258,-34.20831298828125,"""[39.59985]""","""[1.0002381]""",40.01108932495117,0.0007142641115933657,"""[[-0.]]""","""[[-0.]]""",NA,NA,NA,NA,NA,NA,NA
1259,-38.29425048828125,"""[39.597298]""","""[1.0000492]""",39.70204544067383,0.0008164514438249171,"""[[-0.]]""","""[[-0.]]""",NA,NA,NA,NA,NA,NA,NA
1260,-40.940773010253906,"""[39.59548]""","""[0.9999682]""",39.633262634277344,0.000888876267708838,"""[[-0.]]""","""[[-0.]]""",NA,NA,NA,NA,NA,NA,NA
1261,-42.80050277709961,"""[39.59413]""","""[0.999938]""",40.58057403564453,0.0009426891338080168,"""[[-0.]]""","""[[-0.]]""",NA,NA,NA,NA,NA,NA,NA
1262,-40.617645263671875,"""[39.595665]""","""[0.99987686]""",39.608455657958984,0.0008796314941719174,"""[[-0.]]""","""[[-0.]]""",NA,NA,NA,NA,NA,NA,NA
1263,-39.442413330078125,"""[39.59645]""","""[0.9997933]""",39.625099182128906,0.0008470065658912063,"""[[-0.]]""","""[[-0.]]""",NA,NA,NA,NA,NA,NA,NA
1264,-39.37675476074219,"""[39.596474]""","""[0.99973994]""",39.920074462890625,0.0008451295434497297,"""[[-0.]]""","""[[-0.]]""",NA,NA,NA,NA,NA,NA,NA
1265,-37.47496795654297,"""[39.597702]""","""[0.9997178]""",40.066829681396484,0.000794542720541358,"""[[-0.]]""","""[[-0.]]""",NA,NA,NA,NA,NA,NA,NA
1266,-33.5048828125,"""[39.600082]""","""[0.9995224]""",39.605499267578125,0.0006971327820792794,"""[[-0.]]""","""[[-0.]]""",NA,NA,NA,NA,NA,NA,NA
1267,-29.913131713867188,"""[39.602005]""","""[0.9994093]""",41.01987075805664,0.0006184960948303342,"""[[-0.]]""","""[[-0.]]""",NA,NA,NA,NA,NA,NA,NA
1268,-22.32390594482422,"""[39.60536]""","""[0.9995052]""",39.97150421142578,0.0004820552421733737,"""[[-0.]]""","""[[-0.]]""",NA,NA,NA,NA,NA,NA,NA
1269,-18.16954803466797,"""[39.606773]""","""[0.99941456]""",39.93041229248047,0.0004243185685481876,"""[[-0.]]""","""[[-0.]]""",NA,NA,NA,NA,NA,NA,NA
1270,-17.057849884033203,"""[39.607082]""","""[0.9992453]""",39.61814498901367,0.000410851847846061,"""[[-0.]]""","""[[-0.]]""",NA,NA,NA,NA,NA,NA,NA
1271,-16.6307373046875,"""[39.60719]""","""[0.99919444]""",39.97478485107422,0.0004058591730426997,"""[[-0.]]""","""[[-0.]]""",NA,NA,NA,NA,NA,NA,NA
1272,-18.60699462890625,"""[39.60657]""","""[0.99925816]""",39.618412017822266,0.0004295732360333204,"""[[-0.]]""","""[[-0.]]""",NA,NA,NA,NA,NA,NA,NA
1273,-20.991758346557617,"""[39.605743]""","""[0.99936354]""",40.0034294128418,0.0004618294769898057,"""[[-0.]]""","""[[-0.]]""",NA,NA,NA,NA,NA,NA,NA
1274,-20.88409423828125,"""[39.605755]""","""[0.9996306]""",39.688926696777344,0.00046021706657484174,"""[[-0.]]""","""[[-0.]]""",NA,NA,NA,NA,NA,NA,NA
1275,-22.085464477539062,"""[39.605293]""","""[0.99979323]""",39.6946907043457,0.00047785855713300407,"""[[-0.]]""","""[[-0.]]""",NA,NA,NA,NA,NA,NA,NA
1276,-22.224578857421875,"""[39.605217]""","""[1.0000935]""",39.629268646240234,0.0004799762973561883,"""[[-0.]]""","""[[-0.]]""",NA,NA,NA,NA,NA,NA,NA
1277,-23.157470703125,"""[39.604828]""","""[1.0003598]""",39.86969757080078,0.0004945369437336922,"""[[-0.]]""","""[[-0.]]""",NA,NA,NA,NA,NA,NA,NA
1278,-22.143478393554688,"""[39.605194]""","""[1.0006288]""",41.2459831237793,0.000478836998809129,"""[[-0.]]""","""[[-0.]]""",NA,NA,NA,NA,NA,NA,NA
1279,-27.037796020507812,"""[39.60312]""","""[1.0007021]""",39.67511749267578,0.0005615203408524394,"""[[-0.]]""","""[[-0.]]""",NA,NA,NA,NA,NA,NA,NA
1280,-30.57849884033203,"""[39.60136]""","""[1.0007865]""",40.90925979614258,0.0006317477091215551,"""[[-0.]]""","""[[-0.]]""",NA,NA,NA,NA,NA,NA,NA
1281,-28.901199340820312,"""[39.602177]""","""[1.0012771]""",39.916561126708984,0.0005977125256322324,"""[[-0.]]""","""[[-0.]]""",NA,NA,NA,NA,NA,NA,NA
1282,-29.847625732421875,"""[39.60168]""","""[1.0017332]""",40.56489562988281,0.0006172805442474782,"""[[-0.]]""","""[[-0.]]""",NA,NA,NA,NA,NA,NA,NA
1283,-27.15679931640625,"""[39.60296]""","""[1.0022017]""",39.603050231933594,0.0005650231032632291,"""[[-0.]]""","""[[-0.]]""",NA,NA,NA,NA,NA,NA,NA
1284,-24.9825439453125,"""[39.603905]""","""[1.0025574]""",40.332481384277344,0.0005265215295366943,"""[[-0.]]""","""[[-0.]]""",NA,NA,NA,NA,NA,NA,NA
1285,-20.12676239013672,"""[39.60574]""","""[1.0028679]""",39.78507614135742,0.0004518299538176507,"""[[-0.]]""","""[[-0.]]""",NA,NA,NA,NA,NA,NA,NA
1286,-17.55020523071289,"""[39.60654]""","""[1.003058]""",39.62388610839844,0.000418908370193094,"""[[-0.]]""","""[[-0.]]""",NA,NA,NA,NA,NA,NA,NA
1287,-15.929229736328125,"""[39.60698]""","""[1.0031271]""",39.7140998840332,0.0004004575312137604,"""[[-0.]]""","""[[-0.]]""",NA,NA,NA,NA,NA,NA,NA
1288,-15.981277465820312,"""[39.60694]""","""[1.0029309]""",40.05110168457031,0.00040059510502032936,"""[[-0.]]""","""[[-0.]]""",NA,NA,NA,NA,NA,NA,NA
1289,-13.284160614013672,"""[39.607597]""","""[1.0027357]""",39.74506378173828,0.0003733116900548339,"""[[-0.]]""","""[[-0.]]""",NA,NA,NA,NA,NA,NA,NA
1290,-9.522842407226562,"""[39.608303]""","""[1.0024728]""",40.41944122314453,0.0003437881823629141,"""[[-0.]]""","""[[-0.]]""",NA,NA,NA,NA,NA,NA,NA
1291,-2.293609619140625,"""[39.609]""","""[1.0020808]""",39.76993179321289,0.00031499817850999534,"""[[-0.]]""","""[[-0.]]""",NA,NA,NA,NA,NA,NA,NA
1292,2.650909423828125,"""[39.60896]""","""[1.0017128]""",40.57209777832031,0.00031616006162948906,"""[[-0.]]""","""[[-0.]]""",NA,NA,NA,NA,NA,NA,NA
1293,11.141761779785156,"""[39.607918]""","""[1.0014868]""",39.62586212158203,0.00035847548861056566,"""[[-0.]]""","""[[-0.]]""",NA,NA,NA,NA,NA,NA,NA
1294,19.385208129882812,"""[39.605724]""","""[1.0012692]""",40.4262809753418,0.0004476156900636852,"""[[-0.]]""","""[[-0.]]""",NA,NA,NA,NA,NA,NA,NA
1295,30.96015167236328,"""[39.60069]""","""[1.0013263]""",40.163448333740234,0.0006531274411827326,"""[[-0.]]""","""[[-0.]]""",NA,NA,NA,NA,NA,NA,NA
1296,38.905784606933594,"""[39.595898]""","""[1.0012602]""",39.90056228637695,0.0008482223493047059,"""[[-0.]]""","""[[-0.]]""",NA,NA,NA,NA,NA,NA,NA
1297,44.24079895019531,"""[39.592064]""","""[1.0012296]""",39.802310943603516,0.0010039970511570573,"""[[-0.]]""","""[[-0.]]""",NA,NA,NA,NA,NA,NA,NA
1298,47.533775329589844,"""[39.589443]""","""[1.0012513]""",40.22957229614258,0.001110128709115088,"""[[-0.]]""","""[[-0.]]""",NA,NA,NA,NA,NA,NA,NA
1299,47.798858642578125,"""[39.589207]""","""[1.0011369]""",39.74694061279297,0.0011189109645783901,"""[[-0.]]""","""[[-0.]]""",NA,NA,NA,NA,NA,NA,NA
1300,50.115821838378906,"""[39.587234]""","""[1.0008758]""",39.648841857910156,0.0011983365984633565,"""[[-0.]]""","""[[-0.]]""",NA,NA,NA,NA,NA,NA,NA
1301,51.61106872558594,"""[39.585907]""","""[1.0007]""",42.403682708740234,0.0012516045244410634,"""[[-0.]]""","""[[-0.]]""",NA,NA,NA,NA,NA,NA,NA
1302,46.701873779296875,"""[39.590034]""","""[0.99993145]""",40.60131072998047,0.0010817807633429766,"""[[-0.]]""","""[[-0.]]""",NA,NA,NA,NA,NA,NA,NA
1303,38.37640380859375,"""[39.59612]""","""[0.99939334]""",39.81781005859375,0.0008328430121764541,"""[[-0.]]""","""[[-0.]]""",NA,NA,NA,NA,NA,NA,NA
1304,33.089599609375,"""[39.599358]""","""[0.99900424]""",39.7158203125,0.0006999623728916049,"""[[-0.]]""","""[[-0.]]""",NA,NA,NA,NA,NA,NA,NA
1305,29.994705200195312,"""[39.60102]""","""[0.9986147]""",39.65007781982422,0.0006312964833341539,"""[[-0.]]""","""[[-0.]]""",NA,NA,NA,NA,NA,NA,NA
1306,26.520416259765625,"""[39.602703]""","""[0.9983527]""",39.78092956542969,0.0005621639429591596,"""[[-0.]]""","""[[-0.]]""",NA,NA,NA,NA,NA,NA,NA
1307,25.371536254882812,"""[39.603203]""","""[0.99817485]""",39.866844177246094,0.0005411665770225227,"""[[-0.]]""","""[[-0.]]""",NA,NA,NA,NA,NA,NA,NA
1308,22.348461151123047,"""[39.604427]""","""[0.9980593]""",39.606143951416016,0.0004902273649349809,"""[[-0.]]""","""[[-0.]]""",NA,NA,NA,NA,NA,NA,NA
1309,19.650253295898438,"""[39.605385]""","""[0.9981123]""",39.64408874511719,0.00045002176193520427,"""[[-0.]]""","""[[-0.]]""",NA,NA,NA,NA,NA,NA,NA
1310,16.549636840820312,"""[39.60634]""","""[0.9982927]""",39.62257766723633,0.0004100213118363172,"""[[-0.]]""","""[[-0.]]""",NA,NA,NA,NA,NA,NA,NA
1311,13.349365234375,"""[39.607132]""","""[0.9985537]""",39.8663215637207,0.00037574590533040464,"""[[-0.]]""","""[[-0.]]""",NA,NA,NA,NA,NA,NA,NA
1312,12.765899658203125,"""[39.607235]""","""[0.9988735]""",39.661991119384766,0.00037009184597991407,"""[[-0.]]""","""[[-0.]]""",NA,NA,NA,NA,NA,NA,NA
1313,13.338554382324219,"""[39.607075]""","""[0.9991949]""",39.74140548706055,0.0003752585034817457,"""[[-0.]]""","""[[-0.]]""",NA,NA,NA,NA,NA,NA,NA
1314,12.434249877929688,"""[39.607254]""","""[0.99947315]""",41.364688873291016,0.00036682383506558836,"""[[-0.]]""","""[[-0.]]""",NA,NA,NA,NA,NA,NA,NA
1315,16.982376098632812,"""[39.60606]""","""[1.0000038]""",39.61651611328125,0.0004143909609410912,"""[[-0.]]""","""[[-0.]]""",NA,NA,NA,NA,NA,NA,NA
1316,20.816810607910156,"""[39.60477]""","""[1.0005015]""",40.40863800048828,0.0004658005782403052,"""[[-0.]]""","""[[-0.]]""",NA,NA,NA,NA,NA,NA,NA
1317,20.877822875976562,"""[39.604717]""","""[1.0010116]""",39.768218994140625,0.00046693056356161833,"""[[-0.]]""","""[[-0.]]""",NA,NA,NA,NA,NA,NA,NA
1318,22.715789794921875,"""[39.604]""","""[1.0013355]""",39.611846923828125,0.0004954151227138937,"""[[-0.]]""","""[[-0.]]""",NA,NA,NA,NA,NA,NA,NA
1319,24.938140869140625,"""[39.603065]""","""[1.0016422]""",39.604251861572266,0.0005329901468940079,"""[[-0.]]""","""[[-0.]]""",NA,NA,NA,NA,NA,NA,NA
1320,27.2926025390625,"""[39.60198]""","""[1.0018915]""",40.10300827026367,0.0005765229579992592,"""[[-0.]]""","""[[-0.]]""",NA,NA,NA,NA,NA,NA,NA
1321,26.864906311035156,"""[39.602154]""","""[1.0021422]""",39.95840835571289,0.0005685969372279942,"""[[-0.]]""","""[[-0.]]""",NA,NA,NA,NA,NA,NA,NA
1322,24.34233856201172,"""[39.603237]""","""[1.0023729]""",39.621788024902344,0.0005233169067651033,"""[[-0.]]""","""[[-0.]]""",NA,NA,NA,NA,NA,NA,NA
1323,21.737777709960938,"""[39.604248]""","""[1.0025084]""",39.77581024169922,0.0004810921964235604,"""[[-0.]]""","""[[-0.]]""",NA,NA,NA,NA,NA,NA,NA
1324,17.90198516845703,"""[39.605537]""","""[1.0024989]""",40.022701263427734,0.00042723247315734625,"""[[-0.]]""","""[[-0.]]""",NA,NA,NA,NA,NA,NA,NA
1325,12.22479248046875,"""[39.606987]""","""[1.0026573]""",40.7119140625,0.0003666403645183891,"""[[-0.]]""","""[[-0.]]""",NA,NA,NA,NA,NA,NA,NA
1326,2.915771484375,"""[39.60819]""","""[1.0027211]""",39.63726806640625,0.0003155677404720336,"""[[-0.]]""","""[[-0.]]""",NA,NA,NA,NA,NA,NA,NA
1327,-4.797210693359375,"""[39.608067]""","""[1.002722]""",39.647891998291016,0.000318840699037537,"""[[-0.]]""","""[[-0.]]""",NA,NA,NA,NA,NA,NA,NA
1328,-10.934776306152344,"""[39.607227]""","""[1.0027632]""",39.76215744018555,0.00035108771407976747,"""[[-0.]]""","""[[-0.]]""",NA,NA,NA,NA,NA,NA,NA
1329,-18.2210693359375,"""[39.605415]""","""[1.0027493]""",39.665035247802734,0.00042332656448706985,"""[[-0.]]""","""[[-0.]]""",NA,NA,NA,NA,NA,NA,NA
1330,-23.970802307128906,"""[39.603333]""","""[1.002809]""",39.60966873168945,0.0005065535078756511,"""[[-0.]]""","""[[-0.]]""",NA,NA,NA,NA,NA,NA,NA
1331,-29.02141571044922,"""[39.60104]""","""[1.0028324]""",39.64555740356445,0.0005986291798762977,"""[[-0.]]""","""[[-0.]]""",NA,NA,NA,NA,NA,NA,NA
1332,-32.950889587402344,"""[39.598938]""","""[1.0028656]""",39.62385177612305,0.0006825971067883074,"""[[-0.]]""","""[[-0.]]""",NA,NA,NA,NA,NA,NA,NA
1333,-36.03147888183594,"""[39.59711]""","""[1.0027896]""",39.61689758300781,0.0007557891076430678,"""[[-0.]]""","""[[-0.]]""",NA,NA,NA,NA,NA,NA,NA
1334,-39.693328857421875,"""[39.594727]""","""[1.002643]""",40.119632720947266,0.0008513352368026972,"""[[-0.]]""","""[[-0.]]""",NA,NA,NA,NA,NA,NA,NA
1335,-40.314056396484375,"""[39.594284]""","""[1.0026553]""",40.003997802734375,0.0008685223874635994,"""[[-0.]]""","""[[-0.]]""",NA,NA,NA,NA,NA,NA,NA
1336,-38.70414733886719,"""[39.59535]""","""[1.0026376]""",40.97574234008789,0.0008245233329944313,"""[[-0.]]""","""[[-0.]]""",NA,NA,NA,NA,NA,NA,NA
1337,-32.750701904296875,"""[39.598946]""","""[1.0030568]""",39.609798431396484,0.0006783605203963816,"""[[-0.]]""","""[[-0.]]""",NA,NA,NA,NA,NA,NA,NA
1338,-28.0599365234375,"""[39.60135]""","""[1.0033416]""",39.711002349853516,0.0005805857945233583,"""[[-0.]]""","""[[-0.]]""",NA,NA,NA,NA,NA,NA,NA
1339,-25.463912963867188,"""[39.60252]""","""[1.0032448]""",40.11848449707031,0.0005325621459633112,"""[[-0.]]""","""[[-0.]]""",NA,NA,NA,NA,NA,NA,NA
1340,-26.38915252685547,"""[39.60209]""","""[1.0028912]""",41.09276580810547,0.0005483985296450555,"""[[-0.]]""","""[[-0.]]""",NA,NA,NA,NA,NA,NA,NA
1341,-22.601234436035156,"""[39.603645]""","""[1.0029998]""",39.717567443847656,0.0004847952222917229,"""[[-0.]]""","""[[-0.]]""",NA,NA,NA,NA,NA,NA,NA
1342,-20.688705444335938,"""[39.604332]""","""[1.0028633]""",39.61290740966797,0.00045612530084326863,"""[[-0.]]""","""[[-0.]]""",NA,NA,NA,NA,NA,NA,NA
1343,-19.547393798828125,"""[39.60471]""","""[1.002662]""",40.06925582885742,0.0004400236066430807,"""[[-0.]]""","""[[-0.]]""",NA,NA,NA,NA,NA,NA,NA
1344,-21.602996826171875,"""[39.60397]""","""[1.0024695]""",39.86438751220703,0.00046872024540789425,"""[[-0.]]""","""[[-0.]]""",NA,NA,NA,NA,NA,NA,NA
1345,-25.720962524414062,"""[39.602295]""","""[1.0022141]""",39.74299240112305,0.0005353295709937811,"""[[-0.]]""","""[[-0.]]""",NA,NA,NA,NA,NA,NA,NA
1346,-28.031822204589844,"""[39.601215]""","""[1.0021887]""",39.679134368896484,0.0005780775682069361,"""[[-0.]]""","""[[-0.]]""",NA,NA,NA,NA,NA,NA,NA
1347,-31.307037353515625,"""[39.599545]""","""[1.0020452]""",39.782928466796875,0.0006448976928368211,"""[[-0.]]""","""[[-0.]]""",NA,NA,NA,NA,NA,NA,NA
1348,-32.57931137084961,"""[39.59883]""","""[1.0022705]""",40.0323486328125,0.0006732736364938319,"""[[-0.]]""","""[[-0.]]""",NA,NA,NA,NA,NA,NA,NA
1349,-30.996810913085938,"""[39.599667]""","""[1.00286]""",39.91050720214844,0.0006395174423232675,"""[[-0.]]""","""[[-0.]]""",NA,NA,NA,NA,NA,NA,NA
1350,-32.25389862060547,"""[39.59897]""","""[1.0032392]""",39.60063934326172,0.0006677035707980394,"""[[-0.]]""","""[[-0.]]""",NA,NA,NA,NA,NA,NA,NA
1351,-33.483489990234375,"""[39.59826]""","""[1.0034606]""",42.71449279785156,0.0006960928440093994,"""[[-0.]]""","""[[-0.]]""",NA,NA,NA,NA,NA,NA,NA
1352,-28.02690887451172,"""[39.601097]""","""[1.0036563]""",40.37692642211914,0.0005807155393995345,"""[[-0.]]""","""[[-0.]]""",NA,NA,NA,NA,NA,NA,NA
1353,-26.872314453125,"""[39.601627]""","""[1.0038508]""",41.024715423583984,0.0005593421519733965,"""[[-0.]]""","""[[-0.]]""",NA,NA,NA,NA,NA,NA,NA
1354,-20.789154052734375,"""[39.60407]""","""[1.0038593]""",39.67927932739258,0.0004596381331793964,"""[[-0.]]""","""[[-0.]]""",NA,NA,NA,NA,NA,NA,NA
1355,-16.694847106933594,"""[39.60536]""","""[1.0036246]""",39.719661712646484,0.00040651188464835286,"""[[-0.]]""","""[[-0.]]""",NA,NA,NA,NA,NA,NA,NA
1356,-14.583511352539062,"""[39.605904]""","""[1.003319]""",39.658172607421875,0.00038330606184899807,"""[[-0.]]""","""[[-0.]]""",NA,NA,NA,NA,NA,NA,NA
1357,-11.977058410644531,"""[39.606472]""","""[1.0029377]""",41.25937271118164,0.00035899534123018384,"""[[-0.]]""","""[[-0.]]""",NA,NA,NA,NA,NA,NA,NA
1358,-14.664009094238281,"""[39.60585]""","""[1.0027843]""",39.90830612182617,0.0003830876084975898,"""[[-0.]]""","""[[-0.]]""",NA,NA,NA,NA,NA,NA,NA
1359,-19.492263793945312,"""[39.60443]""","""[1.002444]""",39.61161422729492,0.00043895316775888205,"""[[-0.]]""","""[[-0.]]""",NA,NA,NA,NA,NA,NA,NA
1360,-24.330581665039062,"""[39.602608]""","""[1.0020396]""",40.44235610961914,0.0005112360813654959,"""[[-0.]]""","""[[-0.]]""",NA,NA,NA,NA,NA,NA,NA
1361,-32.833282470703125,"""[39.59845]""","""[1.0013376]""",39.639217376708984,0.0006781124975532293,"""[[-0.]]""","""[[-0.]]""",NA,NA,NA,NA,NA,NA,NA
1362,-41.613075256347656,"""[39.592846]""","""[1.0006515]""",39.62614822387695,0.0009038232383318245,"""[[-0.]]""","""[[-0.]]""",NA,NA,NA,NA,NA,NA,NA
1363,-50.58653259277344,"""[39.585743]""","""[0.99998015]""",39.6380500793457,0.0011906076688319445,"""[[-0.]]""","""[[-0.]]""",NA,NA,NA,NA,NA,NA,NA
1364,-60.01678466796875,"""[39.576775]""","""[0.99927664]""",42.43202209472656,0.0015531886601820588,"""[[-0.]]""","""[[-0.]]""",NA,NA,NA,NA,NA,NA,NA
1365,-62.032196044921875,"""[39.574646]""","""[0.99964315]""",39.841033935546875,0.001638846006244421,"""[[-0.]]""","""[[-0.]]""",NA,NA,NA,NA,NA,NA,NA
1366,-66.36225891113281,"""[39.569855]""","""[1.0000123]""",39.57903289794922,0.0018325714627280831,"""[[-0.]]""","""[[-0.]]""",NA,NA,NA,NA,NA,NA,NA
1367,-71.20025634765625,"""[39.564117]""","""[1.0003588]""",41.301849365234375,0.002064694883301854,"""[[-0.]]""","""[[-0.]]""",NA,NA,NA,NA,NA,NA,NA
1368,-70.48118591308594,"""[39.564987]""","""[1.0007591]""",39.65747833251953,0.0020293905399739742,"""[[-0.]]""","""[[-0.]]""",NA,NA,NA,NA,NA,NA,NA
1369,-71.67093658447266,"""[39.56352]""","""[1.0009904]""",39.602664947509766,0.0020885064732283354,"""[[-0.]]""","""[[-0.]]""",NA,NA,NA,NA,NA,NA,NA
1370,-72.58271789550781,"""[39.562378]""","""[1.0012127]""",41.59260940551758,0.0021345375571399927,"""[[-0.]]""","""[[-0.]]""",NA,NA,NA,NA,NA,NA,NA
1371,-68.9356918334961,"""[39.566803]""","""[1.0019141]""",39.674373626708984,0.0019554246682673693,"""[[-0.]]""","""[[-0.]]""",NA,NA,NA,NA,NA,NA,NA
1372,-64.88938903808594,"""[39.57144]""","""[1.0025054]""",39.770301818847656,0.0017676495481282473,"""[[-0.]]""","""[[-0.]]""",NA,NA,NA,NA,NA,NA,NA
1373,-60.01625061035156,"""[39.576645]""","""[1.0029782]""",39.76554489135742,0.0015565860085189342,"""[[-0.]]""","""[[-0.]]""",NA,NA,NA,NA,NA,NA,NA
1374,-54.3042106628418,"""[39.58223]""","""[1.0032991]""",39.62288284301758,0.0013300840510055423,"""[[-0.]]""","""[[-0.]]""",NA,NA,NA,NA,NA,NA,NA
1375,-48.79759216308594,"""[39.587067]""","""[1.0034603]""",39.790889739990234,0.0011331519344821572,"""[[-0.]]""","""[[-0.]]""",NA,NA,NA,NA,NA,NA,NA
1376,-42.40977478027344,"""[39.592033]""","""[1.0038869]""",40.21540451049805,0.0009319508681073785,"""[[-0.]]""","""[[-0.]]""",NA,NA,NA,NA,NA,NA,NA
1377,-33.81599426269531,"""[39.597614]""","""[1.0043931]""",39.67715835571289,0.0007063387311063707,"""[[-0.]]""","""[[-0.]]""",NA,NA,NA,NA,NA,NA,NA
1378,-25.230377197265625,"""[39.60192]""","""[1.0047722]""",40.21054458618164,0.0005323158111423254,"""[[-0.]]""","""[[-0.]]""",NA,NA,NA,NA,NA,NA,NA
1379,-21.003875732421875,"""[39.603573]""","""[1.0048351]""",39.607608795166016,0.0004652472853194922,"""[[-0.]]""","""[[-0.]]""",NA,NA,NA,NA,NA,NA,NA
1380,-17.61255645751953,"""[39.604664]""","""[1.0046769]""",39.954132080078125,0.0004198519454803318,"""[[-0.]]""","""[[-0.]]""",NA,NA,NA,NA,NA,NA,NA
1381,-12.194793701171875,"""[39.60601]""","""[1.0042591]""",39.71870803833008,0.00036355023621581495,"""[[-0.]]""","""[[-0.]]""",NA,NA,NA,NA,NA,NA,NA
1382,-8.865951538085938,"""[39.606583]""","""[1.0034977]""",39.9118537902832,0.0003379496920388192,"""[[-0.]]""","""[[-0.]]""",NA,NA,NA,NA,NA,NA,NA
1383,-8.352851867675781,"""[39.60664]""","""[1.0026519]""",39.71367263793945,0.0003332497435621917,"""[[-0.]]""","""[[-0.]]""",NA,NA,NA,NA,NA,NA,NA
1384,-6.639495849609375,"""[39.606827]""","""[1.0017848]""",39.86252975463867,0.00032327405642718077,"""[[-0.]]""","""[[-0.]]""",NA,NA,NA,NA,NA,NA,NA
1385,-7.3094024658203125,"""[39.606735]""","""[1.0009162]""",39.7291374206543,0.00032537945662625134,"""[[-0.]]""","""[[-0.]]""",NA,NA,NA,NA,NA,NA,NA
1386,-9.43231201171875,"""[39.606422]""","""[0.99999565]""",39.75333786010742,0.0003366728196851909,"""[[-0.]]""","""[[-0.]]""",NA,NA,NA,NA,NA,NA,NA
1387,-9.902198791503906,"""[39.606327]""","""[0.99926895]""",40.76906204223633,0.0003395390813238919,"""[[-0.]]""","""[[-0.]]""",NA,NA,NA,NA,NA,NA,NA
1388,-5.9784698486328125,"""[39.606834]""","""[0.9992685]""",39.67539978027344,0.00031863205367699265,"""[[-0.]]""","""[[-0.]]""",NA,NA,NA,NA,NA,NA,NA
1389,-3.602550506591797,"""[39.60701]""","""[0.9992575]""",39.89493942260742,0.0003111845289822668,"""[[-0.]]""","""[[-0.]]""",NA,NA,NA,NA,NA,NA,NA
1390,-3.6962127685546875,"""[39.60698]""","""[0.99923825]""",39.76654815673828,0.0003113604907412082,"""[[-0.]]""","""[[-0.]]""",NA,NA,NA,NA,NA,NA,NA
1391,-2.1612548828125,"""[39.607033]""","""[0.9992703]""",40.28961944580078,0.00030851957853883505,"""[[-0.]]""","""[[-0.]]""",NA,NA,NA,NA,NA,NA,NA
1392,-4.35516357421875,"""[39.6069]""","""[0.99895453]""",39.65636444091797,0.00031295939697884023,"""[[-0.]]""","""[[-0.]]""",NA,NA,NA,NA,NA,NA,NA
1393,-7.2700958251953125,"""[39.606594]""","""[0.9986357]""",41.92225646972656,0.0003241316881030798,"""[[-0.]]""","""[[-0.]]""",NA,NA,NA,NA,NA,NA,NA
1394,-16.01598358154297,"""[39.60485]""","""[0.9979489]""",39.61178207397461,0.00039357569767162204,"""[[-0.]]""","""[[-0.]]""",NA,NA,NA,NA,NA,NA,NA
1395,-23.668228149414062,"""[39.602238]""","""[0.99748653]""",41.793704986572266,0.0004982922691851854,"""[[-0.]]""","""[[-0.]]""",NA,NA,NA,NA,NA,NA,NA
1396,-24.83580780029297,"""[39.601723]""","""[0.99791557]""",40.627925872802734,0.0005174173275008798,"""[[-0.]]""","""[[-0.]]""",NA,NA,NA,NA,NA,NA,NA
1397,-30.312789916992188,"""[39.599117]""","""[0.9985167]""",43.1408805847168,0.000621423008851707,"""[[-0.]]""","""[[-0.]]""",NA,NA,NA,NA,NA,NA,NA
1398,-27.709640502929688,"""[39.60038]""","""[0.9991682]""",40.303104400634766,0.0005689666140824556,"""[[-0.]]""","""[[-0.]]""",NA,NA,NA,NA,NA,NA,NA
1399,-22.2901611328125,"""[39.602673]""","""[0.99978846]""",40.42079162597656,0.0004754344408866018,"""[[-0.]]""","""[[-0.]]""",NA,NA,NA,NA,NA,NA,NA
1400,-14.193511962890625,"""[39.605167]""","""[1.0008514]""",39.752220153808594,0.0003745494468603283,"""[[-0.]]""","""[[-0.]]""",NA,NA,NA,NA,NA,NA,NA
1401,-5.533088684082031,"""[39.60659]""","""[1.0018026]""",39.88623046875,0.0003177790204063058,"""[[-0.]]""","""[[-0.]]""",NA,NA,NA,NA,NA,NA,NA
1402,0.09760284423828125,"""[39.60681]""","""[1.0022669]""",39.93211364746094,0.000308949442114681,"""[[-0.]]""","""[[-0.]]""",NA,NA,NA,NA,NA,NA,NA
1403,7.740242004394531,"""[39.60626]""","""[1.00277]""",40.6259651184082,0.00033239086042158306,"""[[-0.]]""","""[[-0.]]""",NA,NA,NA,NA,NA,NA,NA
1404,18.666854858398438,"""[39.60375]""","""[1.003235]""",39.912052154541016,0.0004365186905488372,"""[[-0.]]""","""[[-0.]]""",NA,NA,NA,NA,NA,NA,NA
1405,26.454986572265625,"""[39.6007]""","""[1.0035434]""",39.607330322265625,0.0005616971175186336,"""[[-0.]]""","""[[-0.]]""",NA,NA,NA,NA,NA,NA,NA
1406,34.008026123046875,"""[39.596752]""","""[1.0036868]""",39.63796615600586,0.0007233279757201672,"""[[-0.]]""","""[[-0.]]""",NA,NA,NA,NA,NA,NA,NA
1407,40.30854034423828,"""[39.5927]""","""[1.0037434]""",40.03634262084961,0.0008885953575372696,"""[[-0.]]""","""[[-0.]]""",NA,NA,NA,NA,NA,NA,NA
1408,49.205596923828125,"""[39.58584]""","""[1.00392]""",39.6773681640625,0.0011696912115439773,"""[[-0.]]""","""[[-0.]]""",NA,NA,NA,NA,NA,NA,NA
1409,56.44810485839844,"""[39.57923]""","""[1.0039232]""",39.63592529296875,0.0014392744051292539,"""[[-0.]]""","""[[-0.]]""",NA,NA,NA,NA,NA,NA,NA
1410,62.4739990234375,"""[39.573044]""","""[1.0037309]""",39.85910415649414,0.0016912850551307201,"""[[-0.]]""","""[[-0.]]""",NA,NA,NA,NA,NA,NA,NA
1411,66.28695678710938,"""[39.568787]""","""[1.0035148]""",40.328365325927734,0.0018638191977515817,"""[[-0.]]""","""[[-0.]]""",NA,NA,NA,NA,NA,NA,NA
1412,66.87333679199219,"""[39.568085]""","""[1.0031743]""",39.584938049316406,0.001890695421025157,"""[[-0.]]""","""[[-0.]]""",NA,NA,NA,NA,NA,NA,NA
1413,67.44318389892578,"""[39.56739]""","""[1.0027002]""",40.535667419433594,0.001916848705150187,"""[[-0.]]""","""[[-0.]]""",NA,NA,NA,NA,NA,NA,NA
1414,72.48458862304688,"""[39.56127]""","""[1.0021193]""",41.555877685546875,0.002164616947993636,"""[[-0.]]""","""[[-0.]]""",NA,NA,NA,NA,NA,NA,NA
1415,71.73345947265625,"""[39.56218]""","""[1.0019534]""",39.5843505859375,0.002126275794580579,"""[[-0.]]""","""[[-0.]]""",NA,NA,NA,NA,NA,NA,NA
1416,71.08787536621094,"""[39.56295]""","""[1.0017478]""",39.67110824584961,0.002093577990308404,"""[[-0.]]""","""[[-0.]]""",NA,NA,NA,NA,NA,NA,NA
1417,69.59593963623047,"""[39.564728]""","""[1.0013739]""",40.263404846191406,0.0020191885996609926,"""[[-0.]]""","""[[-0.]]""",NA,NA,NA,NA,NA,NA,NA
1418,65.20075988769531,"""[39.569813]""","""[1.0010508]""",40.4909782409668,0.001810047891922295,"""[[-0.]]""","""[[-0.]]""",NA,NA,NA,NA,NA,NA,NA
1419,58.1195068359375,"""[39.577328]""","""[1.0010501]""",39.7249870300293,0.0015022801235318184,"""[[-0.]]""","""[[-0.]]""",NA,NA,NA,NA,NA,NA,NA
1420,53.75532531738281,"""[39.581516]""","""[1.0008566]""",39.599788665771484,0.0013300128048285842,"""[[-0.]]""","""[[-0.]]""",NA,NA,NA,NA,NA,NA,NA
1421,49.626304626464844,"""[39.585182]""","""[1.0006634]""",39.88842010498047,0.0011793472804129124,"""[[-0.]]""","""[[-0.]]""",NA,NA,NA,NA,NA,NA,NA
1422,44.0430908203125,"""[39.589672]""","""[1.0005888]""",39.9997673034668,0.0009948330698534846,"""[[-0.]]""","""[[-0.]]""",NA,NA,NA,NA,NA,NA,NA
1423,36.7913818359375,"""[39.594707]""","""[1.000661]""",39.594905853271484,0.0007879865006543696,"""[[-0.]]""","""[[-0.]]""",NA,NA,NA,NA,NA,NA,NA
1424,30.621910095214844,"""[39.598274]""","""[1.0007322]""",40.87260055541992,0.0006410619826056063,"""[[-0.]]""","""[[-0.]]""",NA,NA,NA,NA,NA,NA,NA
1425,29.626380920410156,"""[39.598778]""","""[1.0008836]""",39.75944519042969,0.0006199310882948339,"""[[-0.]]""","""[[-0.]]""",NA,NA,NA,NA,NA,NA,NA
1426,30.500045776367188,"""[39.598305]""","""[1.0009063]""",39.880775451660156,0.0006384628941304982,"""[[-0.]]""","""[[-0.]]""",NA,NA,NA,NA,NA,NA,NA
1427,33.585906982421875,"""[39.59658]""","""[1.00092]""",40.047096252441406,0.0007083005621097982,"""[[-0.]]""","""[[-0.]]""",NA,NA,NA,NA,NA,NA,NA
1428,34.31159973144531,"""[39.596134]""","""[1.0006934]""",39.700077056884766,0.0007254453958012164,"""[[-0.]]""","""[[-0.]]""",NA,NA,NA,NA,NA,NA,NA
1429,33.93843078613281,"""[39.59633]""","""[1.0003073]""",40.76773452758789,0.0007161020766943693,"""[[-0.]]""","""[[-0.]]""",NA,NA,NA,NA,NA,NA,NA
1430,29.505168914794922,"""[39.598736]""","""[1.0005147]""",39.96303176879883,0.000616770121268928,"""[[-0.]]""","""[[-0.]]""",NA,NA,NA,NA,NA,NA,NA
1431,23.29479217529297,"""[39.601555]""","""[1.0009983]""",39.61378860473633,0.0005010463064536452,"""[[-0.]]""","""[[-0.]]""",NA,NA,NA,NA,NA,NA,NA
1432,17.471054077148438,"""[39.60359]""","""[1.0013945]""",39.91117858886719,0.00041712168604135513,"""[[-0.]]""","""[[-0.]]""",NA,NA,NA,NA,NA,NA,NA
1433,14.561279296875,"""[39.604378]""","""[1.0017394]""",40.22647476196289,0.0003842934675049037,"""[[-0.]]""","""[[-0.]]""",NA,NA,NA,NA,NA,NA,NA
1434,8.963251113891602,"""[39.6055]""","""[1.0015409]""",39.88018035888672,0.00033671598066575825,"""[[-0.]]""","""[[-0.]]""",NA,NA,NA,NA,NA,NA,NA
1435,6.0870513916015625,"""[39.60586]""","""[1.0012716]""",40.08580017089844,0.0003205802640877664,"""[[-0.]]""","""[[-0.]]""",NA,NA,NA,NA,NA,NA,NA
1436,0.8318634033203125,"""[39.60616]""","""[1.000977]""",39.67325210571289,0.00030638984753750265,"""[[-0.]]""","""[[-0.]]""",NA,NA,NA,NA,NA,NA,NA
1437,-2.8485107421875,"""[39.606083]""","""[1.0005907]""",39.98576736450195,0.00030781689565628767,"""[[-0.]]""","""[[-0.]]""",NA,NA,NA,NA,NA,NA,NA
1438,-8.7203369140625,"""[39.60549]""","""[1.0002259]""",39.68864822387695,0.00033005909062922,"""[[-0.]]""","""[[-0.]]""",NA,NA,NA,NA,NA,NA,NA
1439,-15.192916870117188,"""[39.604156]""","""[0.99993926]""",39.78371810913086,0.00038268332718871534,"""[[-0.]]""","""[[-0.]]""",NA,NA,NA,NA,NA,NA,NA
1440,-19.429786682128906,"""[39.60288]""","""[0.9994873]""",40.006141662597656,0.0004329415678512305,"""[[-0.]]""","""[[-0.]]""",NA,NA,NA,NA,NA,NA,NA
1441,-21.167327880859375,"""[39.60226]""","""[0.9992128]""",39.619720458984375,0.00045717903412878513,"""[[-0.]]""","""[[-0.]]""",NA,NA,NA,NA,NA,NA,NA
1442,-23.44732666015625,"""[39.601368]""","""[0.9989995]""",39.6043815612793,0.0004922568332403898,"""[[-0.]]""","""[[-0.]]""",NA,NA,NA,NA,NA,NA,NA
1443,-25.46319580078125,"""[39.600502]""","""[0.99890614]""",39.81398391723633,0.0005262976046651602,"""[[-0.]]""","""[[-0.]]""",NA,NA,NA,NA,NA,NA,NA
1444,-25.510337829589844,"""[39.600456]""","""[0.9989568]""",39.612422943115234,0.0005270394030958414,"""[[-0.]]""","""[[-0.]]""",NA,NA,NA,NA,NA,NA,NA
1445,-25.32265853881836,"""[39.600517]""","""[0.99902433]""",39.8956298828125,0.0005236403667367995,"""[[-0.]]""","""[[-0.]]""",NA,NA,NA,NA,NA,NA,NA
1446,-23.298873901367188,"""[39.601345]""","""[0.9991851]""",39.67588806152344,0.0004895062884315848,"""[[-0.]]""","""[[-0.]]""",NA,NA,NA,NA,NA,NA,NA
1447,-20.577529907226562,"""[39.602345]""","""[0.9993395]""",39.79446029663086,0.0004481782380025834,"""[[-0.]]""","""[[-0.]]""",NA,NA,NA,NA,NA,NA,NA
1448,-20.060836791992188,"""[39.6025]""","""[0.9995129]""",39.790401458740234,0.00044086272828280926,"""[[-0.]]""","""[[-0.]]""",NA,NA,NA,NA,NA,NA,NA
1449,-21.503753662109375,"""[39.601963]""","""[0.99948883]""",39.65802764892578,0.00046145322266966105,"""[[-0.]]""","""[[-0.]]""",NA,NA,NA,NA,NA,NA,NA
1450,-23.9429931640625,"""[39.600994]""","""[0.9994557]""",41.269222259521484,0.0004996529896743596,"""[[-0.]]""","""[[-0.]]""",NA,NA,NA,NA,NA,NA,NA
1451,-20.829574584960938,"""[39.60216]""","""[1.0000343]""",40.052433013916016,0.00045156682608649135,"""[[-0.]]""","""[[-0.]]""",NA,NA,NA,NA,NA,NA,NA
1452,-21.03360366821289,"""[39.602066]""","""[1.0004054]""",39.70608901977539,0.0004546101263258606,"""[[-0.]]""","""[[-0.]]""",NA,NA,NA,NA,NA,NA,NA
1453,-20.047595977783203,"""[39.60239]""","""[1.000774]""",41.16962432861328,0.000440805742982775,"""[[-0.]]""","""[[-0.]]""",NA,NA,NA,NA,NA,NA,NA
1454,-14.57818603515625,"""[39.603985]""","""[1.0012094]""",41.130496978759766,0.00037597407936118543,"""[[-0.]]""","""[[-0.]]""",NA,NA,NA,NA,NA,NA,NA
1455,-14.528514862060547,"""[39.60397]""","""[1.0020487]""",40.379676818847656,0.0003764801367651671,"""[[-0.]]""","""[[-0.]]""",NA,NA,NA,NA,NA,NA,NA
1456,-18.389923095703125,"""[39.602863]""","""[1.0022686]""",39.63668441772461,0.0004204373399261385,"""[[-0.]]""","""[[-0.]]""",NA,NA,NA,NA,NA,NA,NA
1457,-21.27490234375,"""[39.60187]""","""[1.0024105]""",41.30519104003906,0.00046006173943169415,"""[[-0.]]""","""[[-0.]]""",NA,NA,NA,NA,NA,NA,NA
1458,-29.1605224609375,"""[39.598454]""","""[1.0017577]""",39.68246841430664,0.0005965865566395223,"""[[-0.]]""","""[[-0.]]""",NA,NA,NA,NA,NA,NA,NA
1459,-35.33620071411133,"""[39.595016]""","""[1.0012387]""",39.60411071777344,0.0007340870215557516,"""[[-0.]]""","""[[-0.]]""",NA,NA,NA,NA,NA,NA,NA
1460,-41.5792236328125,"""[39.59088]""","""[1.0007026]""",40.312313079833984,0.0009004394523799419,"""[[-0.]]""","""[[-0.]]""",NA,NA,NA,NA,NA,NA,NA
1461,-44.110313415527344,"""[39.589005]""","""[1.0004544]""",39.78739547729492,0.0009756723884493113,"""[[-0.]]""","""[[-0.]]""",NA,NA,NA,NA,NA,NA,NA
1462,-44.981781005859375,"""[39.588318]""","""[1.000509]""",39.98070526123047,0.0010026799282059073,"""[[-0.]]""","""[[-0.]]""",NA,NA,NA,NA,NA,NA,NA
1463,-43.638427734375,"""[39.589314]""","""[1.0004953]""",40.17423629760742,0.0009611736750230193,"""[[-0.]]""","""[[-0.]]""",NA,NA,NA,NA,NA,NA,NA
1464,-45.8851318359375,"""[39.58757]""","""[1.000319]""",40.00217819213867,0.0010310219367966056,"""[[-0.]]""","""[[-0.]]""",NA,NA,NA,NA,NA,NA,NA
1465,-50.57014465332031,"""[39.583668]""","""[0.999868]""",40.8840217590332,0.0011881607351824641,"""[[-0.]]""","""[[-0.]]""",NA,NA,NA,NA,NA,NA,NA
1466,-60.143714904785156,"""[39.574528]""","""[0.99900305]""",40.2260856628418,0.0015577414305880666,"""[[-0.]]""","""[[-0.]]""",NA,NA,NA,NA,NA,NA,NA
1467,-66.20333862304688,"""[39.567917]""","""[0.998512]""",39.57242202758789,0.0018252305453643203,"""[[-0.]]""","""[[-0.]]""",NA,NA,NA,NA,NA,NA,NA
1468,-71.93069458007812,"""[39.56107]""","""[0.99818057]""",40.078125,0.002101917052641511,"""[[-0.]]""","""[[-0.]]""",NA,NA,NA,NA,NA,NA,NA
1469,-74.67330932617188,"""[39.55759]""","""[0.998458]""",39.557823181152344,0.0022423050832003355,"""[[-0.]]""","""[[-0.]]""",NA,NA,NA,NA,NA,NA,NA
1470,-77.70567321777344,"""[39.553593]""","""[0.9987842]""",40.34614944458008,0.0024037521798163652,"""[[-0.]]""","""[[-0.]]""",NA,NA,NA,NA,NA,NA,NA
1471,-77.36563110351562,"""[39.554035]""","""[0.9991745]""",40.56512451171875,0.0023850237485021353,"""[[-0.]]""","""[[-0.]]""",NA,NA,NA,NA,NA,NA,NA
1472,-73.59671783447266,"""[39.558933]""","""[0.9999404]""",39.56283187866211,0.0021857928950339556,"""[[-0.]]""","""[[-0.]]""",NA,NA,NA,NA,NA,NA,NA
1473,-70.5761947631836,"""[39.562675]""","""[1.000689]""",39.87541580200195,0.0020336799789220095,"""[[-0.]]""","""[[-0.]]""",NA,NA,NA,NA,NA,NA,NA
1474,-66.30155181884766,"""[39.5677]""","""[1.0013369]""",39.75617980957031,0.00182959227822721,"""[[-0.]]""","""[[-0.]]""",NA,NA,NA,NA,NA,NA,NA
1475,-64.89628601074219,"""[39.569267]""","""[1.0017258]""",39.713321685791016,0.0017655008705332875,"""[[-0.]]""","""[[-0.]]""",NA,NA,NA,NA,NA,NA,NA
1476,-62.58079528808594,"""[39.57179]""","""[1.0020851]""",39.57183837890625,0.0016627877485007048,"""[[-0.]]""","""[[-0.]]""",NA,NA,NA,NA,NA,NA,NA
1477,-60.99931716918945,"""[39.57345]""","""[1.0023065]""",39.611907958984375,0.0015947910724207759,"""[[-0.]]""","""[[-0.]]""",NA,NA,NA,NA,NA,NA,NA
1478,-59.20234680175781,"""[39.57529]""","""[1.0025171]""",39.72006607055664,0.001519672921858728,"""[[-0.]]""","""[[-0.]]""",NA,NA,NA,NA,NA,NA,NA
1479,-59.54498291015625,"""[39.574917]""","""[1.0024836]""",39.58283233642578,0.0015337351942434907,"""[[-0.]]""","""[[-0.]]""",NA,NA,NA,NA,NA,NA,NA
1480,-60.733970642089844,"""[39.57366]""","""[1.0023239]""",39.66359329223633,0.001583331380970776,"""[[-0.]]""","""[[-0.]]""",NA,NA,NA,NA,NA,NA,NA
1481,-61.05419921875,"""[39.573307]""","""[1.0020015]""",39.856441497802734,0.0015964219346642494,"""[[-0.]]""","""[[-0.]]""",NA,NA,NA,NA,NA,NA,NA
1482,-63.918426513671875,"""[39.5702]""","""[1.0015122]""",39.664024353027344,0.0017207340570166707,"""[[-0.]]""","""[[-0.]]""",NA,NA,NA,NA,NA,NA,NA
1483,-65.69932556152344,"""[39.5682]""","""[1.0011053]""",42.534305572509766,0.0018009091727435589,"""[[-0.]]""","""[[-0.]]""",NA,NA,NA,NA,NA,NA,NA
1484,-60.60687255859375,"""[39.573704]""","""[1.0005697]""",39.93863296508789,0.0015758468070998788,"""[[-0.]]""","""[[-0.]]""",NA,NA,NA,NA,NA,NA,NA
1485,-58.647125244140625,"""[39.575687]""","""[0.9999191]""",39.596290588378906,0.0014939068350940943,"""[[-0.]]""","""[[-0.]]""",NA,NA,NA,NA,NA,NA,NA
1486,-57.96258544921875,"""[39.576355]""","""[0.99933696]""",39.71517562866211,0.001465894398279488,"""[[-0.]]""","""[[-0.]]""",NA,NA,NA,NA,NA,NA,NA
1487,-59.29924774169922,"""[39.57499]""","""[0.99861777]""",39.7061653137207,0.001520644873380661,"""[[-0.]]""","""[[-0.]]""",NA,NA,NA,NA,NA,NA,NA
1488,-62.572601318359375,"""[39.571537]""","""[0.9979036]""",39.98740005493164,0.001660231384448707,"""[[-0.]]""","""[[-0.]]""",NA,NA,NA,NA,NA,NA,NA
1489,-63.69165802001953,"""[39.570305]""","""[0.9973763]""",39.75076675415039,0.0017099635442718863,"""[[-0.]]""","""[[-0.]]""",NA,NA,NA,NA,NA,NA,NA
1490,-63.618202209472656,"""[39.570374]""","""[0.997115]""",40.38856506347656,0.0017068790039047599,"""[[-0.]]""","""[[-0.]]""",NA,NA,NA,NA,NA,NA,NA
1491,-67.73265838623047,"""[39.565704]""","""[0.99670744]""",39.67475128173828,0.0018960797460749745,"""[[-0.]]""","""[[-0.]]""",NA,NA,NA,NA,NA,NA,NA
1492,-70.66184997558594,"""[39.562183]""","""[0.9965814]""",40.20173263549805,0.0020377864129841328,"""[[-0.]]""","""[[-0.]]""",NA,NA,NA,NA,NA,NA,NA
1493,-70.62004852294922,"""[39.562225]""","""[0.9967034]""",39.57426834106445,0.002035316312685609,"""[[-0.]]""","""[[-0.]]""",NA,NA,NA,NA,NA,NA,NA
1494,-71.61116027832031,"""[39.56099]""","""[0.9969804]""",40.367679595947266,0.0020839606877416372,"""[[-0.]]""","""[[-0.]]""",NA,NA,NA,NA,NA,NA,NA
1495,-69.72604370117188,"""[39.563274]""","""[0.9977386]""",40.029109954833984,0.0019897271413356066,"""[[-0.]]""","""[[-0.]]""",NA,NA,NA,NA,NA,NA,NA
1496,-65.85186004638672,"""[39.567776]""","""[0.9985361]""",39.669315338134766,0.0018054214306175709,"""[[-0.]]""","""[[-0.]]""",NA,NA,NA,NA,NA,NA,NA
1497,-64.21084594726562,"""[39.5696]""","""[0.9992454]""",39.603702545166016,0.0017304341308772564,"""[[-0.]]""","""[[-0.]]""",NA,NA,NA,NA,NA,NA,NA
1498,-64.02975463867188,"""[39.56978]""","""[0.9998433]""",40.9126091003418,0.00172210275195539,"""[[-0.]]""","""[[-0.]]""",NA,NA,NA,NA,NA,NA,NA
1499,-59.607261657714844,"""[39.57446]""","""[1.0005482]""",40.65694808959961,0.001531390706077218,"""[[-0.]]""","""[[-0.]]""",NA,NA,NA,NA,NA,NA,NA
1500,-51.715789794921875,"""[39.58198]""","""[1.0011337]""",41.781986236572266,0.0012255087494850159,"""[[-0.]]""","""[[-0.]]""",NA,NA,NA,NA,NA,NA,NA
1501,-39.33912658691406,"""[39.59161]""","""[1.0024188]""",39.80731964111328,0.0008350397110916674,"""[[-0.]]""","""[[-0.]]""",NA,NA,NA,NA,NA,NA,NA
1502,-30.539390563964844,"""[39.596836]""","""[1.0034212]""",39.80058670043945,0.0006235088221728802,"""[[-0.]]""","""[[-0.]]""",NA,NA,NA,NA,NA,NA,NA
1503,-21.12353515625,"""[39.60096]""","""[1.0044255]""",39.76596450805664,0.00045767586561851203,"""[[-0.]]""","""[[-0.]]""",NA,NA,NA,NA,NA,NA,NA
1504,-14.5279541015625,"""[39.602924]""","""[1.0051448]""",40.51118850708008,0.00037881199386902153,"""[[-0.]]""","""[[-0.]]""",NA,NA,NA,NA,NA,NA,NA
1505,-4.4491729736328125,"""[39.60451]""","""[1.006192]""",39.84551239013672,0.00031743559520691633,"""[[-0.]]""","""[[-0.]]""",NA,NA,NA,NA,NA,NA,NA
1506,6.543121337890625,"""[39.604275]""","""[1.0069436]""",39.60736083984375,0.0003305387799628079,"""[[-0.]]""","""[[-0.]]""",NA,NA,NA,NA,NA,NA,NA
1507,16.681842803955078,"""[39.60222]""","""[1.0073613]""",39.89939880371094,0.000416609866078943,"""[[-0.]]""","""[[-0.]]""",NA,NA,NA,NA,NA,NA,NA
1508,28.274002075195312,"""[39.597725]""","""[1.0074357]""",40.593589782714844,0.0006015257677063346,"""[[-0.]]""","""[[-0.]]""",NA,NA,NA,NA,NA,NA,NA
1509,43.074668884277344,"""[39.588646]""","""[1.0074838]""",39.70138931274414,0.0009742896072566509,"""[[-0.]]""","""[[-0.]]""",NA,NA,NA,NA,NA,NA,NA
1510,58.1162109375,"""[39.575558]""","""[1.0072969]""",39.73067092895508,0.0015098066069185734,"""[[-0.]]""","""[[-0.]]""",NA,NA,NA,NA,NA,NA,NA
1511,73.74746704101562,"""[39.55782]""","""[1.0068752]""",40.596561431884766,0.002234530868008733,"""[[-0.]]""","""[[-0.]]""",NA,NA,NA,NA,NA,NA,NA
1512,84.12933349609375,"""[39.54368]""","""[1.0064378]""",39.54890060424805,0.002811192302033305,"""[[-0.]]""","""[[-0.]]""",NA,NA,NA,NA,NA,NA,NA
1513,93.85838317871094,"""[39.5287]""","""[1.0057706]""",39.967716217041016,0.003420585300773382,"""[[-0.]]""","""[[-0.]]""",NA,NA,NA,NA,NA,NA,NA
1514,100.62645721435547,"""[39.517273]""","""[1.0049912]""",39.94966125488281,0.003883908735588193,"""[[-0.]]""","""[[-0.]]""",NA,NA,NA,NA,NA,NA,NA
1515,104.97738647460938,"""[39.50948]""","""[1.0044321]""",39.560752868652344,0.004199482500553131,"""[[-0.]]""","""[[-0.]]""",NA,NA,NA,NA,NA,NA,NA
1516,108.88119506835938,"""[39.502186]""","""[1.0037773]""",39.77446746826172,0.004494164604693651,"""[[-0.]]""","""[[-0.]]""",NA,NA,NA,NA,NA,NA,NA
1517,111.22306060791016,"""[39.497665]""","""[1.003262]""",39.615787506103516,0.004676471929997206,"""[[-0.]]""","""[[-0.]]""",NA,NA,NA,NA,NA,NA,NA
1518,112.84980010986328,"""[39.494434]""","""[1.002739]""",39.692527770996094,0.004805488977581263,"""[[-0.]]""","""[[-0.]]""",NA,NA,NA,NA,NA,NA,NA
1519,113.36796569824219,"""[39.493366]""","""[1.0023601]""",41.09823989868164,0.0048472462221980095,"""[[-0.]]""","""[[-0.]]""",NA,NA,NA,NA,NA,NA,NA
1520,109.73253631591797,"""[39.500393]""","""[1.0025824]""",39.53590393066406,0.004560961853712797,"""[[-0.]]""","""[[-0.]]""",NA,NA,NA,NA,NA,NA,NA
1521,108.13676452636719,"""[39.503387]""","""[1.0026057]""",39.639339447021484,0.004438537638634443,"""[[-0.]]""","""[[-0.]]""",NA,NA,NA,NA,NA,NA,NA
1522,106.06361389160156,"""[39.507214]""","""[1.0026268]""",41.27366638183594,0.004281904082745314,"""[[-0.]]""","""[[-0.]]""",NA,NA,NA,NA,NA,NA,NA
1523,99.43603515625,"""[39.51901]""","""[1.0028664]""",39.568607330322266,0.003800623817369342,"""[[-0.]]""","""[[-0.]]""",NA,NA,NA,NA,NA,NA,NA
1524,93.32086181640625,"""[39.529198]""","""[1.0029641]""",39.551639556884766,0.00338414846919477,"""[[-0.]]""","""[[-0.]]""",NA,NA,NA,NA,NA,NA,NA
1525,87.97589874267578,"""[39.53756]""","""[1.0028961]""",41.03895568847656,0.0030417004600167274,"""[[-0.]]""","""[[-0.]]""",NA,NA,NA,NA,NA,NA,NA
1526,78.89837646484375,"""[39.550632]""","""[1.0028809]""",39.87154769897461,0.0025064938236027956,"""[[-0.]]""","""[[-0.]]""",NA,NA,NA,NA,NA,NA,NA
1527,69.1951904296875,"""[39.563026]""","""[1.0027856]""",40.03189468383789,0.001998850144445896,"""[[-0.]]""","""[[-0.]]""",NA,NA,NA,NA,NA,NA,NA
1528,58.37166976928711,"""[39.574932]""","""[1.0029005]""",40.99686050415039,0.001511593465693295,"""[[-0.]]""","""[[-0.]]""",NA,NA,NA,NA,NA,NA,NA
1529,44.1265869140625,"""[39.587505]""","""[1.0025156]""",39.60427474975586,0.0009951983811333776,"""[[-0.]]""","""[[-0.]]""",NA,NA,NA,NA,NA,NA,NA
1530,31.148231506347656,"""[39.595924]""","""[1.0020701]""",40.99030303955078,0.0006490058731287718,"""[[-0.]]""","""[[-0.]]""",NA,NA,NA,NA,NA,NA,NA
1531,14.61627197265625,"""[39.602436]""","""[1.0012279]""",39.7147331237793,0.0003791808267123997,"""[[-0.]]""","""[[-0.]]""",NA,NA,NA,NA,NA,NA,NA
1532,-1.3939971923828125,"""[39.604275]""","""[1.0003928]""",40.7612190246582,0.00030105444602668285,"""[[-0.]]""","""[[-0.]]""",NA,NA,NA,NA,NA,NA,NA
1533,-11.942497253417969,"""[39.60306]""","""[0.9999723]""",39.61835861206055,0.0003481584135442972,"""[[-0.]]""","""[[-0.]]""",NA,NA,NA,NA,NA,NA,NA
1534,-21.022933959960938,"""[39.600487]""","""[0.9996968]""",39.60435485839844,0.00045139656867831945,"""[[-0.]]""","""[[-0.]]""",NA,NA,NA,NA,NA,NA,NA
1535,-29.116546630859375,"""[39.59699]""","""[0.99950874]""",39.61075973510742,0.0005923123098909855,"""[[-0.]]""","""[[-0.]]""",NA,NA,NA,NA,NA,NA,NA
1536,-37.08396911621094,"""[39.592434]""","""[0.99938107]""",39.59269332885742,0.0007760784938000143,"""[[-0.]]""","""[[-0.]]""",NA,NA,NA,NA,NA,NA,NA
1537,-44.48262023925781,"""[39.587223]""","""[0.99931175]""",39.98028564453125,0.0009867734042927623,"""[[-0.]]""","""[[-0.]]""",NA,NA,NA,NA,NA,NA,NA
1538,-54.1488037109375,"""[39.57899]""","""[0.9994876]""",41.39669418334961,0.0013202769914641976,"""[[-0.]]""","""[[-0.]]""",NA,NA,NA,NA,NA,NA,NA
1539,-58.14757537841797,"""[39.575115]""","""[1.0001702]""",39.987098693847656,0.001477851066738367,"""[[-0.]]""","""[[-0.]]""",NA,NA,NA,NA,NA,NA,NA
1540,-64.66294860839844,"""[39.568214]""","""[1.000683]""",39.60881042480469,0.0017586997710168362,"""[[-0.]]""","""[[-0.]]""",NA,NA,NA,NA,NA,NA,NA
1541,-70.29995727539062,"""[39.561653]""","""[1.0011574]""",41.24969482421875,0.002026110189035535,"""[[-0.]]""","""[[-0.]]""",NA,NA,NA,NA,NA,NA,NA
1542,-70.67855834960938,"""[39.56119]""","""[1.0015891]""",39.59670639038086,0.002045384142547846,"""[[-0.]]""","""[[-0.]]""",NA,NA,NA,NA,NA,NA,NA
1543,-72.36871337890625,"""[39.55909]""","""[1.0017298]""",40.422157287597656,0.0021304632537066936,"""[[-0.]]""","""[[-0.]]""",NA,NA,NA,NA,NA,NA,NA
1544,-70.88029479980469,"""[39.56091]""","""[1.0017579]""",40.13005447387695,0.0020556666422635317,"""[[-0.]]""","""[[-0.]]""",NA,NA,NA,NA,NA,NA,NA
1545,-73.2013168334961,"""[39.55797]""","""[1.000854]""",39.61334991455078,0.002172019798308611,"""[[-0.]]""","""[[-0.]]""",NA,NA,NA,NA,NA,NA,NA
1546,-74.92845153808594,"""[39.555702]""","""[0.99988264]""",39.935691833496094,0.002261222805827856,"""[[-0.]]""","""[[-0.]]""",NA,NA,NA,NA,NA,NA,NA
1547,-74.5422134399414,"""[39.556156]""","""[0.99931693]""",39.765892028808594,0.002240771194919944,"""[[-0.]]""","""[[-0.]]""",NA,NA,NA,NA,NA,NA,NA
1548,-72.99578857421875,"""[39.558105]""","""[0.9992327]""",39.619590759277344,0.002160588512197137,"""[[-0.]]""","""[[-0.]]""",NA,NA,NA,NA,NA,NA,NA
1549,-73.26445007324219,"""[39.557743]""","""[0.99906385]""",40.95181655883789,0.002174332970753312,"""[[-0.]]""","""[[-0.]]""",NA,NA,NA,NA,NA,NA,NA
1550,-69.22402954101562,"""[39.5627]""","""[0.9991557]""",39.56629180908203,0.001972080208361149,"""[[-0.]]""","""[[-0.]]""",NA,NA,NA,NA,NA,NA,NA
1551,-66.38140869140625,"""[39.566006]""","""[0.9992199]""",39.93974685668945,0.0018367011798545718,"""[[-0.]]""","""[[-0.]]""",NA,NA,NA,NA,NA,NA,NA
1552,-61.885528564453125,"""[39.570965]""","""[0.9994232]""",40.50814437866211,0.0016343495808541775,"""[[-0.]]""","""[[-0.]]""",NA,NA,NA,NA,NA,NA,NA
1553,-54.56550216674805,"""[39.578316]""","""[1.0002743]""",39.611572265625,0.001335913548246026,"""[[-0.]]""","""[[-0.]]""",NA,NA,NA,NA,NA,NA,NA
1554,-49.16279602050781,"""[39.583138]""","""[1.0009618]""",39.813045501708984,0.0011402416275814176,"""[[-0.]]""","""[[-0.]]""",NA,NA,NA,NA,NA,NA,NA
1555,-46.562660217285156,"""[39.585262]""","""[1.0012046]""",39.62096405029297,0.0010533550521358848,"""[[-0.]]""","""[[-0.]]""",NA,NA,NA,NA,NA,NA,NA
1556,-43.83995819091797,"""[39.587364]""","""[1.0014722]""",39.58751678466797,0.0009675461333245039,"""[[-0.]]""","""[[-0.]]""",NA,NA,NA,NA,NA,NA,NA
1557,-41.79106140136719,"""[39.588856]""","""[1.0016125]""",40.19380569458008,0.0009063457837328315,"""[[-0.]]""","""[[-0.]]""",NA,NA,NA,NA,NA,NA,NA
1558,-37.36592102050781,"""[39.591846]""","""[1.001871]""",39.672733306884766,0.0007843657513149083,"""[[-0.]]""","""[[-0.]]""",NA,NA,NA,NA,NA,NA,NA
1559,-34.892242431640625,"""[39.593365]""","""[1.002141]""",39.64554977416992,0.0007223906577564776,"""[[-0.]]""","""[[-0.]]""",NA,NA,NA,NA,NA,NA,NA
1560,-32.0455322265625,"""[39.59499]""","""[1.0023338]""",39.7591552734375,0.0006562529597431421,"""[[-0.]]""","""[[-0.]]""",NA,NA,NA,NA,NA,NA,NA
1561,-31.415878295898438,"""[39.595306]""","""[1.0021822]""",40.61488342285156,0.000642027473077178,"""[[-0.]]""","""[[-0.]]""",NA,NA,NA,NA,NA,NA,NA
1562,-26.964874267578125,"""[39.59752]""","""[1.002224]""",39.60425567626953,0.0005516186356544495,"""[[-0.]]""","""[[-0.]]""",NA,NA,NA,NA,NA,NA,NA
1563,-22.831680297851562,"""[39.599266]""","""[1.0021803]""",39.77861022949219,0.0004800019087269902,"""[[-0.]]""","""[[-0.]]""",NA,NA,NA,NA,NA,NA,NA
1564,-17.576812744140625,"""[39.601063]""","""[1.0022507]""",40.219886779785156,0.00040651511517353356,"""[[-0.]]""","""[[-0.]]""",NA,NA,NA,NA,NA,NA,NA
1565,-9.869598388671875,"""[39.602856]""","""[1.0023946]""",39.92425537109375,0.0003339270770084113,"""[[-0.]]""","""[[-0.]]""",NA,NA,NA,NA,NA,NA,NA
1566,-0.8880844116210938,"""[39.603653]""","""[1.0024375]""",40.762142181396484,0.00030177278677001595,"""[[-0.]]""","""[[-0.]]""",NA,NA,NA,NA,NA,NA,NA
1567,11.391036987304688,"""[39.60251]""","""[1.002796]""",39.67948532104492,0.00035009891143999994,"""[[-0.]]""","""[[-0.]]""",NA,NA,NA,NA,NA,NA,NA
1568,21.390975952148438,"""[39.599655]""","""[1.0028554]""",40.158660888671875,0.0004672895011026412,"""[[-0.]]""","""[[-0.]]""",NA,NA,NA,NA,NA,NA,NA
1569,33.266815185546875,"""[39.59402]""","""[1.0028193]""",39.73279571533203,0.0006976137519814074,"""[[-0.]]""","""[[-0.]]""",NA,NA,NA,NA,NA,NA,NA
1570,45.69140625,"""[39.58554]""","""[1.002822]""",39.69732666015625,0.001045023207552731,"""[[-0.]]""","""[[-0.]]""",NA,NA,NA,NA,NA,NA,NA
1571,55.934906005859375,"""[39.576523]""","""[1.0027144]""",40.169761657714844,0.0014132214710116386,"""[[-0.]]""","""[[-0.]]""",NA,NA,NA,NA,NA,NA,NA
1572,62.619293212890625,"""[39.569664]""","""[1.0025493]""",40.56605529785156,0.0016934189479798079,"""[[-0.]]""","""[[-0.]]""",NA,NA,NA,NA,NA,NA,NA
1573,65.14375305175781,"""[39.566853]""","""[1.0025353]""",39.66598129272461,0.0018076817505061626,"""[[-0.]]""","""[[-0.]]""",NA,NA,NA,NA,NA,NA,NA
1574,66.6971435546875,"""[39.565056]""","""[1.0022286]""",39.63795471191406,0.0018797744996845722,"""[[-0.]]""","""[[-0.]]""",NA,NA,NA,NA,NA,NA,NA
1575,67.60782623291016,"""[39.563957]""","""[1.0018005]""",39.6093864440918,0.0019225477008149028,"""[[-0.]]""","""[[-0.]]""",NA,NA,NA,NA,NA,NA,NA
1576,69.7901382446289,"""[39.56132]""","""[1.0012119]""",39.72137451171875,0.0020280813332647085,"""[[-0.]]""","""[[-0.]]""",NA,NA,NA,NA,NA,NA,NA
1577,73.76152038574219,"""[39.55634]""","""[1.000642]""",40.090206146240234,0.002229538047686219,"""[[-0.]]""","""[[-0.]]""",NA,NA,NA,NA,NA,NA,NA
1578,81.07765197753906,"""[39.546467]""","""[0.99989086]""",39.547340393066406,0.0026305357459932566,"""[[-0.]]""","""[[-0.]]""",NA,NA,NA,NA,NA,NA,NA
1579,88.19386291503906,"""[39.535954]""","""[0.99921966]""",40.03179168701172,0.0030575415585190058,"""[[-0.]]""","""[[-0.]]""",NA,NA,NA,NA,NA,NA,NA
1580,92.40762329101562,"""[39.52928]""","""[0.9985018]""",40.38872528076172,0.0033276670146733522,"""[[-0.]]""","""[[-0.]]""",NA,NA,NA,NA,NA,NA,NA
1581,93.12753295898438,"""[39.528076]""","""[0.99815357]""",43.66716766357422,0.0033752196468412876,"""[[-0.]]""","""[[-0.]]""",NA,NA,NA,NA,NA,NA,NA
1582,86.7253189086914,"""[39.538097]""","""[0.9985736]""",39.62071228027344,0.002966520842164755,"""[[-0.]]""","""[[-0.]]""",NA,NA,NA,NA,NA,NA,NA
1583,80.45114135742188,"""[39.54721]""","""[0.9991443]""",39.5683708190918,0.0025944989174604416,"""[[-0.]]""","""[[-0.]]""",NA,NA,NA,NA,NA,NA,NA
1584,74.85829162597656,"""[39.554752]""","""[0.9996189]""",40.97114562988281,0.002286662347614765,"""[[-0.]]""","""[[-0.]]""",NA,NA,NA,NA,NA,NA,NA
1585,65.6534423828125,"""[39.56597]""","""[1.0002946]""",39.59506607055664,0.0018287666607648134,"""[[-0.]]""","""[[-0.]]""",NA,NA,NA,NA,NA,NA,NA
1586,58.52537536621094,"""[39.573635]""","""[1.0008448]""",39.57887268066406,0.001515698037110269,"""[[-0.]]""","""[[-0.]]""",NA,NA,NA,NA,NA,NA,NA
1587,52.87974548339844,"""[39.579067]""","""[1.0013399]""",39.60215759277344,0.0012934703845530748,"""[[-0.]]""","""[[-0.]]""",NA,NA,NA,NA,NA,NA,NA
1588,48.8615837097168,"""[39.582596]""","""[1.0016874]""",39.599029541015625,0.0011491035111248493,"""[[-0.]]""","""[[-0.]]""",NA,NA,NA,NA,NA,NA,NA
1589,45.112953186035156,"""[39.58563]""","""[1.0019332]""",39.7440071105957,0.0010246512247249484,"""[[-0.]]""","""[[-0.]]""",NA,NA,NA,NA,NA,NA,NA
1590,43.65092468261719,"""[39.58674]""","""[1.0022228]""",39.840702056884766,0.0009791034972295165,"""[[-0.]]""","""[[-0.]]""",NA,NA,NA,NA,NA,NA,NA
1591,40.573055267333984,"""[39.588974]""","""[1.0024631]""",39.591304779052734,0.0008876565261743963,"""[[-0.]]""","""[[-0.]]""",NA,NA,NA,NA,NA,NA,NA
1592,38.323486328125,"""[39.590485]""","""[1.0025387]""",39.61131286621094,0.0008248690282925963,"""[[-0.]]""","""[[-0.]]""",NA,NA,NA,NA,NA,NA,NA
1593,37.17565155029297,"""[39.59122]""","""[1.0024675]""",40.7734260559082,0.0007939913193695247,"""[[-0.]]""","""[[-0.]]""",NA,NA,NA,NA,NA,NA,NA
1594,31.770645141601562,"""[39.594418]""","""[1.002066]""",39.95146942138672,0.0006611169083043933,"""[[-0.]]""","""[[-0.]]""",NA,NA,NA,NA,NA,NA,NA
1595,29.470321655273438,"""[39.5956]""","""[1.0014601]""",39.65072250366211,0.0006101819453760982,"""[[-0.]]""","""[[-0.]]""",NA,NA,NA,NA,NA,NA,NA
1596,26.798583984375,"""[39.596878]""","""[1.0008686]""",39.60515594482422,0.0005560673889704049,"""[[-0.]]""","""[[-0.]]""",NA,NA,NA,NA,NA,NA,NA
1597,24.984901428222656,"""[39.597664]""","""[1.0002717]""",40.27485275268555,0.0005221359897404909,"""[[-0.]]""","""[[-0.]]""",NA,NA,NA,NA,NA,NA,NA
1598,26.657943725585938,"""[39.596893]""","""[1.0001715]""",39.84247589111328,0.0005527285393327475,"""[[-0.]]""","""[[-0.]]""",NA,NA,NA,NA,NA,NA,NA
1599,26.529251098632812,"""[39.596928]""","""[1.0001101]""",40.76108932495117,0.000550211756490171,"""[[-0.]]""","""[[-0.]]""",NA,NA,NA,NA,NA,NA,NA
1600,30.879058837890625,"""[39.59474]""","""[0.99972785]""",39.65142059326172,0.0006386107415892184,"""[[-0.]]""","""[[-0.]]""",NA,NA,NA,NA,NA,NA,NA
1601,35.9830322265625,"""[39.591766]""","""[0.99958724]""",39.9264030456543,0.0007595318020321429,"""[[-0.]]""","""[[-0.]]""",NA,NA,NA,NA,NA,NA,NA
1602,42.921844482421875,"""[39.587]""","""[0.9991078]""",39.66185760498047,0.0009533773991279304,"""[[-0.]]""","""[[-0.]]""",NA,NA,NA,NA,NA,NA,NA
1603,48.433876037597656,"""[39.582607]""","""[0.9987022]""",39.76707458496094,0.0011316650779917836,"""[[-0.]]""","""[[-0.]]""",NA,NA,NA,NA,NA,NA,NA
1604,52.114501953125,"""[39.579376]""","""[0.99825287]""",39.66322708129883,0.0012627439573407173,"""[[-0.]]""","""[[-0.]]""",NA,NA,NA,NA,NA,NA,NA
1605,57.07207489013672,"""[39.574654]""","""[0.99788344]""",39.6198844909668,0.001454498153179884,"""[[-0.]]""","""[[-0.]]""",NA,NA,NA,NA,NA,NA,NA
1606,61.179222106933594,"""[39.570415]""","""[0.9977165]""",40.54008483886719,0.0016264457954093814,"""[[-0.]]""","""[[-0.]]""",NA,NA,NA,NA,NA,NA,NA
1607,61.584014892578125,"""[39.569973]""","""[0.9980561]""",40.65396499633789,0.0016436779405921698,"""[[-0.]]""","""[[-0.]]""",NA,NA,NA,NA,NA,NA,NA
1608,58.238433837890625,"""[39.573433]""","""[0.997991]""",39.578407287597656,0.0015015776734799147,"""[[-0.]]""","""[[-0.]]""",NA,NA,NA,NA,NA,NA,NA
1609,55.97705078125,"""[39.57565]""","""[0.99804837]""",39.88172149658203,0.0014099001418799162,"""[[-0.]]""","""[[-0.]]""",NA,NA,NA,NA,NA,NA,NA
1610,52.14415740966797,"""[39.57923]""","""[0.99838084]""",39.58418273925781,0.001262824865989387,"""[[-0.]]""","""[[-0.]]""",NA,NA,NA,NA,NA,NA,NA
1611,49.399269104003906,"""[39.58163]""","""[0.99873036]""",39.693756103515625,0.0011638521682471037,"""[[-0.]]""","""[[-0.]]""",NA,NA,NA,NA,NA,NA,NA
1612,45.958465576171875,"""[39.584457]""","""[0.99907315]""",39.6026611328125,0.0010474653681740165,"""[[-0.]]""","""[[-0.]]""",NA,NA,NA,NA,NA,NA,NA
1613,43.71832275390625,"""[39.58618]""","""[0.9994693]""",39.95914077758789,0.0009761899127624929,"""[[-0.]]""","""[[-0.]]""",NA,NA,NA,NA,NA,NA,NA
1614,39.71142578125,"""[39.58906]""","""[0.9995523]""",39.65269470214844,0.0008576562977395952,"""[[-0.]]""","""[[-0.]]""",NA,NA,NA,NA,NA,NA,NA
1615,37.54011535644531,"""[39.590492]""","""[0.9997462]""",39.610076904296875,0.0007981393719092011,"""[[-0.]]""","""[[-0.]]""",NA,NA,NA,NA,NA,NA,NA
1616,36.397369384765625,"""[39.591206]""","""[0.9999168]""",40.14875793457031,0.0007681199349462986,"""[[-0.]]""","""[[-0.]]""",NA,NA,NA,NA,NA,NA,NA
1617,38.71855163574219,"""[39.589676]""","""[1.0001757]""",39.710968017578125,0.0008298378670588136,"""[[-0.]]""","""[[-0.]]""",NA,NA,NA,NA,NA,NA,NA
1618,42.51361083984375,"""[39.586994]""","""[1.0005863]""",39.601806640625,0.000939096964430064,"""[[-0.]]""","""[[-0.]]""",NA,NA,NA,NA,NA,NA,NA
1619,46.78033447265625,"""[39.583675]""","""[1.0009248]""",39.75639724731445,0.0010740655707195401,"""[[-0.]]""","""[[-0.]]""",NA,NA,NA,NA,NA,NA,NA
1620,49.441368103027344,"""[39.581448]""","""[1.0011636]""",40.456756591796875,0.0011647521751001477,"""[[-0.]]""","""[[-0.]]""",NA,NA,NA,NA,NA,NA,NA
1621,48.434478759765625,"""[39.582294]""","""[1.0014428]""",41.054710388183594,0.0011300615733489394,"""[[-0.]]""","""[[-0.]]""",NA,NA,NA,NA,NA,NA,NA
1622,43.02854919433594,"""[39.586544]""","""[1.0015321]""",40.531005859375,0.0009550957474857569,"""[[-0.]]""","""[[-0.]]""",NA,NA,NA,NA,NA,NA,NA
1623,34.38548278808594,"""[39.592316]""","""[1.0021024]""",39.59784698486328,0.0007189493626356125,"""[[-0.]]""","""[[-0.]]""",NA,NA,NA,NA,NA,NA,NA
1624,27.1705322265625,"""[39.59614]""","""[1.0025748]""",39.668033599853516,0.0005622727330774069,"""[[-0.]]""","""[[-0.]]""",NA,NA,NA,NA,NA,NA,NA
1625,21.957077026367188,"""[39.598343]""","""[1.0028157]""",39.96461868286133,0.0004717372066807002,"""[[-0.]]""","""[[-0.]]""",NA,NA,NA,NA,NA,NA,NA
1626,14.917533874511719,"""[39.60057]""","""[1.0029901]""",39.60205078125,0.0003796056262217462,"""[[-0.]]""","""[[-0.]]""",NA,NA,NA,NA,NA,NA,NA
1627,8.561569213867188,"""[39.601845]""","""[1.0030125]""",40.0782356262207,0.0003260975063312799,"""[[-0.]]""","""[[-0.]]""",NA,NA,NA,NA,NA,NA,NA
1628,0.1939697265625,"""[39.602474]""","""[1.0027034]""",39.70530319213867,0.00029830343555659056,"""[[-0.]]""","""[[-0.]]""",NA,NA,NA,NA,NA,NA,NA
1629,-8.58132553100586,"""[39.601833]""","""[1.0020359]""",39.65367889404297,0.00032152284984476864,"""[[-0.]]""","""[[-0.]]""",NA,NA,NA,NA,NA,NA,NA
1630,-15.673103332519531,"""[39.600346]""","""[1.0015155]""",40.065757751464844,0.0003800467529799789,"""[[-0.]]""","""[[-0.]]""",NA,NA,NA,NA,NA,NA,NA
1631,-24.93865966796875,"""[39.597103]""","""[1.0006944]""",40.16141128540039,0.0005099199479445815,"""[[-0.]]""","""[[-0.]]""",NA,NA,NA,NA,NA,NA,NA
1632,-30.349990844726562,"""[39.59451]""","""[1.0004423]""",39.630584716796875,0.0006140436744317412,"""[[-0.]]""","""[[-0.]]""",NA,NA,NA,NA,NA,NA,NA
1633,-34.71051025390625,"""[39.592052]""","""[1.000294]""",39.633853912353516,0.0007130122394300997,"""[[-0.]]""","""[[-0.]]""",NA,NA,NA,NA,NA,NA,NA
1634,-39.701744079589844,"""[39.588837]""","""[1.0001024]""",39.80262756347656,0.0008427572902292013,"""[[-0.]]""","""[[-0.]]""",NA,NA,NA,NA,NA,NA,NA
1635,-46.31878662109375,"""[39.583916]""","""[0.9999501]""",42.029052734375,0.0010419543832540512,"""[[-0.]]""","""[[-0.]]""",NA,NA,NA,NA,NA,NA,NA
1636,-46.72160339355469,"""[39.583576]""","""[1.0002352]""",39.604469299316406,0.0010552152525633574,"""[[-0.]]""","""[[-0.]]""",NA,NA,NA,NA,NA,NA,NA
1637,-46.889251708984375,"""[39.583424]""","""[1.000459]""",39.612281799316406,0.0010608402080833912,"""[[-0.]]""","""[[-0.]]""",NA,NA,NA,NA,NA,NA,NA
1638,-46.78246307373047,"""[39.5835]""","""[1.0007186]""",39.76059341430664,0.001057515968568623,"""[[-0.]]""","""[[-0.]]""",NA,NA,NA,NA,NA,NA,NA
1639,-45.49235534667969,"""[39.58451]""","""[1.0008742]""",39.596336364746094,0.0010159277589991689,"""[[-0.]]""","""[[-0.]]""",NA,NA,NA,NA,NA,NA,NA
1640,-44.26073455810547,"""[39.58544]""","""[1.0010031]""",39.75935745239258,0.0009773082565516233,"""[[-0.]]""","""[[-0.]]""",NA,NA,NA,NA,NA,NA,NA
1641,-45.05158996582031,"""[39.584812]""","""[1.0007088]""",41.032737731933594,0.0010017389431595802,"""[[-0.]]""","""[[-0.]]""",NA,NA,NA,NA,NA,NA,NA
1642,-41.324310302734375,"""[39.587574]""","""[1.0010462]""",40.0029411315918,0.000889285933226347,"""[[-0.]]""","""[[-0.]]""",NA,NA,NA,NA,NA,NA,NA
1643,-35.6422119140625,"""[39.591324]""","""[1.0015197]""",39.645477294921875,0.0007367986254394054,"""[[-0.]]""","""[[-0.]]""",NA,NA,NA,NA,NA,NA,NA
1644,-29.912071228027344,"""[39.59454]""","""[1.0018104]""",39.83001708984375,0.0006059264997020364,"""[[-0.]]""","""[[-0.]]""",NA,NA,NA,NA,NA,NA,NA
1645,-22.931190490722656,"""[39.597694]""","""[1.0020745]""",41.504398345947266,0.0004776734858751297,"""[[-0.]]""","""[[-0.]]""",NA,NA,NA,NA,NA,NA,NA
1646,-11.327728271484375,"""[39.60108]""","""[1.0021708]""",39.87291717529297,0.00033991143573075533,"""[[-0.]]""","""[[-0.]]""",NA,NA,NA,NA,NA,NA,NA
1647,-3.0667343139648438,"""[39.602074]""","""[1.002193]""",39.65027618408203,0.00029947844450362027,"""[[-0.]]""","""[[-0.]]""",NA,NA,NA,NA,NA,NA,NA
1648,3.4388275146484375,"""[39.60203]""","""[1.0022013]""",40.060340881347656,0.0003014070098288357,"""[[-0.]]""","""[[-0.]]""",NA,NA,NA,NA,NA,NA,NA
1649,6.5008544921875,"""[39.60175]""","""[1.0025464]""",39.70893096923828,0.00031321949791163206,"""[[-0.]]""","""[[-0.]]""",NA,NA,NA,NA,NA,NA,NA
1650,10.552680969238281,"""[39.60113]""","""[1.0028787]""",39.673095703125,0.00033884166623465717,"""[[-0.]]""","""[[-0.]]""",NA,NA,NA,NA,NA,NA,NA
1651,15.322006225585938,"""[39.600048]""","""[1.0029159]""",40.289058685302734,0.0003831269859801978,"""[[-0.]]""","""[[-0.]]""",NA,NA,NA,NA,NA,NA,NA
1652,22.970245361328125,"""[39.597492]""","""[1.0027387]""",39.99991226196289,0.00048710484406910837,"""[[-0.]]""","""[[-0.]]""",NA,NA,NA,NA,NA,NA,NA
1653,32.45265197753906,"""[39.592934]""","""[1.0025544]""",40.49362564086914,0.0006733365589752793,"""[[-0.]]""","""[[-0.]]""",NA,NA,NA,NA,NA,NA,NA
1654,37.58875274658203,"""[39.589806]""","""[1.002318]""",40.16563415527344,0.0008004877017810941,"""[[-0.]]""","""[[-0.]]""",NA,NA,NA,NA,NA,NA,NA
1655,45.43504333496094,"""[39.584156]""","""[1.0022634]""",40.078338623046875,0.0010312519734725356,"""[[-0.]]""","""[[-0.]]""",NA,NA,NA,NA,NA,NA,NA
1656,50.23211669921875,"""[39.58017]""","""[1.0022414]""",39.72512435913086,0.00119386101141572,"""[[-0.]]""","""[[-0.]]""",NA,NA,NA,NA,NA,NA,NA
1657,53.541648864746094,"""[39.577183]""","""[1.0019962]""",39.59470748901367,0.0013152215396985412,"""[[-0.]]""","""[[-0.]]""",NA,NA,NA,NA,NA,NA,NA
1658,56.421417236328125,"""[39.574413]""","""[1.0016619]""",39.85749435424805,0.0014270218089222908,"""[[-0.]]""","""[[-0.]]""",NA,NA,NA,NA,NA,NA,NA
1659,61.52587890625,"""[39.569176]""","""[1.0013386]""",39.8696403503418,0.001640023780055344,"""[[-0.]]""","""[[-0.]]""",NA,NA,NA,NA,NA,NA,NA
1660,64.297119140625,"""[39.566135]""","""[1.0012589]""",40.158180236816406,0.0017636060947552323,"""[[-0.]]""","""[[-0.]]""",NA,NA,NA,NA,NA,NA,NA
1661,64.00798034667969,"""[39.566425]""","""[1.0008878]""",41.941043853759766,0.0017501653637737036,"""[[-0.]]""","""[[-0.]]""",NA,NA,NA,NA,NA,NA,NA
1662,58.101165771484375,"""[39.572655]""","""[1.0006334]""",39.57720184326172,0.0014943990390747786,"""[[-0.]]""","""[[-0.]]""",NA,NA,NA,NA,NA,NA,NA
1663,52.95818328857422,"""[39.57758]""","""[1.0003567]""",39.79598617553711,0.0012918268330395222,"""[[-0.]]""","""[[-0.]]""",NA,NA,NA,NA,NA,NA,NA
1664,46.8759765625,"""[39.582825]""","""[1.0002104]""",39.84135818481445,0.0010765576735138893,"""[[-0.]]""","""[[-0.]]""",NA,NA,NA,NA,NA,NA,NA
1665,39.647613525390625,"""[39.588226]""","""[1.000176]""",39.881126403808594,0.0008548147161491215,"""[[-0.]]""","""[[-0.]]""",NA,NA,NA,NA,NA,NA,NA
1666,35.964385986328125,"""[39.590626]""","""[1.0002085]""",40.22831726074219,0.000756050634663552,"""[[-0.]]""","""[[-0.]]""",NA,NA,NA,NA,NA,NA,NA
1667,29.727386474609375,"""[39.594162]""","""[1.0004597]""",40.326194763183594,0.0006107916706241667,"""[[-0.]]""","""[[-0.]]""",NA,NA,NA,NA,NA,NA,NA
1668,20.694046020507812,"""[39.5981]""","""[1.0010318]""",40.45460891723633,0.00044935717596672475,"""[[-0.]]""","""[[-0.]]""",NA,NA,NA,NA,NA,NA,NA
1669,8.759689331054688,"""[39.60114]""","""[1.0015393]""",39.739315032958984,0.00032419656054116786,"""[[-0.]]""","""[[-0.]]""",NA,NA,NA,NA,NA,NA,NA
1670,-3.4315414428710938,"""[39.601715]""","""[1.0020134]""",39.631446838378906,0.00030002984567545354,"""[[-0.]]""","""[[-0.]]""",NA,NA,NA,NA,NA,NA,NA
1671,-13.769287109375,"""[39.60019]""","""[1.002415]""",40.08419418334961,0.0003616732428781688,"""[[-0.]]""","""[[-0.]]""",NA,NA,NA,NA,NA,NA,NA
1672,-25.86553955078125,"""[39.596058]""","""[1.002406]""",39.6725959777832,0.0005286104860715568,"""[[-0.]]""","""[[-0.]]""",NA,NA,NA,NA,NA,NA,NA
1673,-35.862884521484375,"""[39.590736]""","""[1.0024728]""",39.65550231933594,0.000744665798265487,"""[[-0.]]""","""[[-0.]]""",NA,NA,NA,NA,NA,NA,NA
1674,-44.129791259765625,"""[39.585026]""","""[1.0024171]""",39.594722747802734,0.000976488518062979,"""[[-0.]]""","""[[-0.]]""",NA,NA,NA,NA,NA,NA,NA
1675,-51.511993408203125,"""[39.578922]""","""[1.0022416]""",39.639747619628906,0.001224189531058073,"""[[-0.]]""","""[[-0.]]""",NA,NA,NA,NA,NA,NA,NA
1676,-57.51695251464844,"""[39.57325]""","""[1.0020204]""",39.80490493774414,0.0014540946576744318,"""[[-0.]]""","""[[-0.]]""",NA,NA,NA,NA,NA,NA,NA
1677,-61.42121887207031,"""[39.56922]""","""[1.0017596]""",40.28287124633789,0.0016171926399692893,"""[[-0.]]""","""[[-0.]]""",NA,NA,NA,NA,NA,NA,NA
1678,-68.73439025878906,"""[39.560947]""","""[1.0010756]""",39.58720016479492,0.0019516630563884974,"""[[-0.]]""","""[[-0.]]""",NA,NA,NA,NA,NA,NA,NA
1679,-75.16837310791016,"""[39.55289]""","""[1.0004334]""",39.680809020996094,0.002277638763189316,"""[[-0.]]""","""[[-0.]]""",NA,NA,NA,NA,NA,NA,NA
1680,-80.11869812011719,"""[39.546192]""","""[0.99993694]""",39.59664535522461,0.002548743737861514,"""[[-0.]]""","""[[-0.]]""",NA,NA,NA,NA,NA,NA,NA
1681,-84.30361938476562,"""[39.540176]""","""[0.9995033]""",39.86834716796875,0.0027917250990867615,"""[[-0.]]""","""[[-0.]]""",NA,NA,NA,NA,NA,NA,NA
1682,-86.42018127441406,"""[39.537014]""","""[0.999336]""",40.44791793823242,0.002919446909800172,"""[[-0.]]""","""[[-0.]]""",NA,NA,NA,NA,NA,NA,NA
1683,-85.27914428710938,"""[39.538685]""","""[0.9990003]""",39.538875579833984,0.0028501905035227537,"""[[-0.]]""","""[[-0.]]""",NA,NA,NA,NA,NA,NA,NA
1684,-84.88626098632812,"""[39.539227]""","""[0.9986843]""",40.09833526611328,0.002826572163030505,"""[[-0.]]""","""[[-0.]]""",NA,NA,NA,NA,NA,NA,NA
1685,-82.02782440185547,"""[39.543346]""","""[0.9985268]""",39.55506134033203,0.002657948061823845,"""[[-0.]]""","""[[-0.]]""",NA,NA,NA,NA,NA,NA,NA
1686,-79.68580627441406,"""[39.546616]""","""[0.9984583]""",40.477718353271484,0.0025240874383598566,"""[[-0.]]""","""[[-0.]]""",NA,NA,NA,NA,NA,NA,NA
1687,-74.57814025878906,"""[39.55347]""","""[0.99944115]""",40.8731803894043,0.0022458271123468876,"""[[-0.]]""","""[[-0.]]""",NA,NA,NA,NA,NA,NA,NA
1688,-74.92221069335938,"""[39.55303]""","""[0.99993896]""",39.73180389404297,0.002264035865664482,"""[[-0.]]""","""[[-0.]]""",NA,NA,NA,NA,NA,NA,NA
1689,-74.17002868652344,"""[39.55402]""","""[1.0006634]""",39.60203170776367,0.0022248411551117897,"""[[-0.]]""","""[[-0.]]""",NA,NA,NA,NA,NA,NA,NA
1690,-73.15452575683594,"""[39.555317]""","""[1.0012234]""",39.93333435058594,0.002172512002289295,"""[[-0.]]""","""[[-0.]]""",NA,NA,NA,NA,NA,NA,NA
1691,-70.29267883300781,"""[39.558872]""","""[1.001736]""",40.24687576293945,0.0020283106714487076,"""[[-0.]]""","""[[-0.]]""",NA,NA,NA,NA,NA,NA,NA
1692,-64.80821228027344,"""[39.56528]""","""[1.0022653]""",40.2453727722168,0.001767957815900445,"""[[-0.]]""","""[[-0.]]""",NA,NA,NA,NA,NA,NA,NA
1693,-63.53602600097656,"""[39.566658]""","""[1.001922]""",40.34151077270508,0.0017097705276682973,"""[[-0.]]""","""[[-0.]]""",NA,NA,NA,NA,NA,NA,NA
1694,-59.53224563598633,"""[39.570892]""","""[1.0017413]""",39.939422607421875,0.0015359418466687202,"""[[-0.]]""","""[[-0.]]""",NA,NA,NA,NA,NA,NA,NA
1695,-54.03343200683594,"""[39.576256]""","""[1.0013618]""",39.62324523925781,0.0013156665954738855,"""[[-0.]]""","""[[-0.]]""",NA,NA,NA,NA,NA,NA,NA
1696,-48.68623352050781,"""[39.580963]""","""[1.0008583]""",39.78712463378906,0.0011219572043046355,"""[[-0.]]""","""[[-0.]]""",NA,NA,NA,NA,NA,NA,NA
1697,-46.08604431152344,"""[39.583057]""","""[1.0002387]""",40.194915771484375,0.0010348166106268764,"""[[-0.]]""","""[[-0.]]""",NA,NA,NA,NA,NA,NA,NA
1698,-41.10554504394531,"""[39.58679]""","""[0.9998537]""",40.46760559082031,0.0008820971706882119,"""[[-0.]]""","""[[-0.]]""",NA,NA,NA,NA,NA,NA,NA
1699,-33.249481201171875,"""[39.591797]""","""[0.9991633]""",39.89030075073242,0.000677035073749721,"""[[-0.]]""","""[[-0.]]""",NA,NA,NA,NA,NA,NA,NA
1700,-28.632469177246094,"""[39.59424]""","""[0.99828625]""",39.62190246582031,0.0005770542193204165,"""[[-0.]]""","""[[-0.]]""",NA,NA,NA,NA,NA,NA,NA
1701,-24.079193115234375,"""[39.59629]""","""[0.9975905]""",39.69595718383789,0.0004934667376801372,"""[[-0.]]""","""[[-0.]]""",NA,NA,NA,NA,NA,NA,NA
1702,-21.31353759765625,"""[39.597355]""","""[0.9970415]""",40.11598205566406,0.00045004498679190874,"""[[-0.]]""","""[[-0.]]""",NA,NA,NA,NA,NA,NA,NA
1703,-15.929901123046875,"""[39.599064]""","""[0.99750364]""",40.83952331542969,0.0003797623794525862,"""[[-0.]]""","""[[-0.]]""",NA,NA,NA,NA,NA,NA,NA
1704,-15.631301879882812,"""[39.59912]""","""[0.9982545]""",39.61130142211914,0.00037595798494294286,"""[[-0.]]""","""[[-0.]]""",NA,NA,NA,NA,NA,NA,NA
1705,-15.061511993408203,"""[39.599255]""","""[0.99905574]""",39.78681182861328,0.0003696480125654489,"""[[-0.]]""","""[[-0.]]""",NA,NA,NA,NA,NA,NA,NA
1706,-16.5596923828125,"""[39.598835]""","""[0.99970394]""",39.61402893066406,0.0003861129516735673,"""[[-0.]]""","""[[-0.]]""",NA,NA,NA,NA,NA,NA,NA
1707,-18.528167724609375,"""[39.598225]""","""[1.0003152]""",39.70201110839844,0.00041033740853890777,"""[[-0.]]""","""[[-0.]]""",NA,NA,NA,NA,NA,NA,NA
1708,-21.68474578857422,"""[39.59711]""","""[1.0006633]""",39.82453918457031,0.00045469088945537806,"""[[-0.]]""","""[[-0.]]""",NA,NA,NA,NA,NA,NA,NA
1709,-22.776611328125,"""[39.59668]""","""[1.0008839]""",40.519004821777344,0.0004716990515589714,"""[[-0.]]""","""[[-0.]]""",NA,NA,NA,NA,NA,NA,NA
1710,-20.009384155273438,"""[39.59769]""","""[1.0022184]""",39.608558654785156,0.00043217066559009254,"""[[-0.]]""","""[[-0.]]""",NA,NA,NA,NA,NA,NA,NA
1711,-18.139556884765625,"""[39.5983]""","""[1.0032765]""",39.98186492919922,0.0004093877214472741,"""[[-0.]]""","""[[-0.]]""",NA,NA,NA,NA,NA,NA,NA
1712,-19.179649353027344,"""[39.597958]""","""[1.0038264]""",39.64915466308594,0.00042415023199282587,"""[[-0.]]""","""[[-0.]]""",NA,NA,NA,NA,NA,NA,NA
1713,-21.222335815429688,"""[39.597244]""","""[1.0039461]""",42.216033935546875,0.00045314207090996206,"""[[-0.]]""","""[[-0.]]""",NA,NA,NA,NA,NA,NA,NA
1714,-16.840606689453125,"""[39.598656]""","""[1.0037936]""",39.60038375854492,0.0003946996876038611,"""[[-0.]]""","""[[-0.]]""",NA,NA,NA,NA,NA,NA,NA
1715,-13.195953369140625,"""[39.599567]""","""[1.0034194]""",41.56788635253906,0.0003558229363989085,"""[[-0.]]""","""[[-0.]]""",NA,NA,NA,NA,NA,NA,NA
1716,-16.339492797851562,"""[39.598743]""","""[1.0024114]""",40.54549026489258,0.0003858806157950312,"""[[-0.]]""","""[[-0.]]""",NA,NA,NA,NA,NA,NA,NA
1717,-23.20391845703125,"""[39.59638]""","""[1.0013695]""",39.597259521484375,0.00047875597374513745,"""[[-0.]]""","""[[-0.]]""",NA,NA,NA,NA,NA,NA,NA
1718,-29.681976318359375,"""[39.59341]""","""[1.0003452]""",39.98359680175781,0.0005974093801341951,"""[[-0.]]""","""[[-0.]]""",NA,NA,NA,NA,NA,NA,NA
1719,-33.150848388671875,"""[39.591507]""","""[0.9993031]""",40.05453872680664,0.0006732146721333265,"""[[-0.]]""","""[[-0.]]""",NA,NA,NA,NA,NA,NA,NA
1720,-39.165802001953125,"""[39.58773]""","""[0.99811435]""",39.602333068847656,0.0008257992449216545,"""[[-0.]]""","""[[-0.]]""",NA,NA,NA,NA,NA,NA,NA
1721,-45.36865234375,"""[39.583183]""","""[0.997132]""",39.66153335571289,0.001010487205348909,"""[[-0.]]""","""[[-0.]]""",NA,NA,NA,NA,NA,NA,NA
1722,-52.47126770019531,"""[39.577145]""","""[0.9963981]""",39.71504592895508,0.00125547731295228,"""[[-0.]]""","""[[-0.]]""",NA,NA,NA,NA,NA,NA,NA
1723,-60.846649169921875,"""[39.568897]""","""[0.9956723]""",39.58345413208008,0.001590461004525423,"""[[-0.]]""","""[[-0.]]""",NA,NA,NA,NA,NA,NA,NA
1724,-68.4618148803711,"""[39.560326]""","""[0.9953061]""",41.18096160888672,0.0019378906581550837,"""[[-0.]]""","""[[-0.]]""",NA,NA,NA,NA,NA,NA,NA
1725,-70.75312805175781,"""[39.557537]""","""[0.99506557]""",40.129051208496094,0.002050633542239666,"""[[-0.]]""","""[[-0.]]""",NA,NA,NA,NA,NA,NA,NA
1726,-70.53697204589844,"""[39.557793]""","""[0.9949929]""",39.59115982055664,0.002039761282503605,"""[[-0.]]""","""[[-0.]]""",NA,NA,NA,NA,NA,NA,NA
1727,-70.14862060546875,"""[39.55826]""","""[0.9954205]""",41.058475494384766,0.0020192957017570734,"""[[-0.]]""","""[[-0.]]""",NA,NA,NA,NA,NA,NA,NA
1728,-65.438720703125,"""[39.563797]""","""[0.99653697]""",39.766666412353516,0.0017920982791110873,"""[[-0.]]""","""[[-0.]]""",NA,NA,NA,NA,NA,NA,NA
1729,-63.65030288696289,"""[39.5658]""","""[0.99757457]""",39.572017669677734,0.001709322677925229,"""[[-0.]]""","""[[-0.]]""",NA,NA,NA,NA,NA,NA,NA
1730,-62.27140808105469,"""[39.567303]""","""[0.9986718]""",39.70170593261719,0.001647277968004346,"""[[-0.]]""","""[[-0.]]""",NA,NA,NA,NA,NA,NA,NA
1731,-63.01153564453125,"""[39.566498]""","""[0.99952424]""",40.24021530151367,0.001679537002928555,"""[[-0.]]""","""[[-0.]]""",NA,NA,NA,NA,NA,NA,NA
1732,-60.8823356628418,"""[39.56877]""","""[1.0002737]""",40.43467330932617,0.0015867023030295968,"""[[-0.]]""","""[[-0.]]""",NA,NA,NA,NA,NA,NA,NA
1733,-55.28230285644531,"""[39.574387]""","""[1.0012727]""",39.574764251708984,0.0013585725100710988,"""[[-0.]]""","""[[-0.]]""",NA,NA,NA,NA,NA,NA,NA
1734,-50.76348876953125,"""[39.578518]""","""[1.0020832]""",39.66666793823242,0.0011911052279174328,"""[[-0.]]""","""[[-0.]]""",NA,NA,NA,NA,NA,NA,NA
1735,-48.318328857421875,"""[39.580597]""","""[1.0025615]""",39.59200668334961,0.001106664421968162,"""[[-0.]]""","""[[-0.]]""",NA,NA,NA,NA,NA,NA,NA
1736,-46.09077453613281,"""[39.58239]""","""[1.0027887]""",39.6539306640625,0.0010331437224522233,"""[[-0.]]""","""[[-0.]]""",NA,NA,NA,NA,NA,NA,NA
1737,-45.44020080566406,"""[39.582882]""","""[1.0026188]""",40.64076232910156,0.0010117952479049563,"""[[-0.]]""","""[[-0.]]""",NA,NA,NA,NA,NA,NA,NA
1738,-49.359619140625,"""[39.579662]""","""[1.0017034]""",39.59207534790039,0.0011405408149585128,"""[[-0.]]""","""[[-0.]]""",NA,NA,NA,NA,NA,NA,NA
1739,-52.799842834472656,"""[39.576607]""","""[1.0007719]""",39.58514404296875,0.0012627731775864959,"""[[-0.]]""","""[[-0.]]""",NA,NA,NA,NA,NA,NA,NA
1740,-56.698486328125,"""[39.5729]""","""[0.9999052]""",40.352622985839844,0.0014120726846158504,"""[[-0.]]""","""[[-0.]]""",NA,NA,NA,NA,NA,NA,NA
1741,-56.98086166381836,"""[39.5726]""","""[0.9994008]""",40.30873107910156,0.0014231286477297544,"""[[-0.]]""","""[[-0.]]""",NA,NA,NA,NA,NA,NA,NA
1742,-53.98358917236328,"""[39.575462]""","""[0.999303]""",39.65460968017578,0.001306197140365839,"""[[-0.]]""","""[[-0.]]""",NA,NA,NA,NA,NA,NA,NA
1743,-50.57948303222656,"""[39.578518]""","""[0.999339]""",40.176490783691406,0.0011811397271230817,"""[[-0.]]""","""[[-0.]]""",NA,NA,NA,NA,NA,NA,NA
1744,-44.70115661621094,"""[39.58334]""","""[0.9995839]""",40.02302169799805,0.0009846300818026066,"""[[-0.]]""","""[[-0.]]""",NA,NA,NA,NA,NA,NA,NA
1745,-42.559165954589844,"""[39.584938]""","""[1.0000664]""",39.66047668457031,0.0009191663702949882,"""[[-0.]]""","""[[-0.]]""",NA,NA,NA,NA,NA,NA,NA
1746,-39.884979248046875,"""[39.586815]""","""[1.0008291]""",39.598602294921875,0.0008423317922279239,"""[[-0.]]""","""[[-0.]]""",NA,NA,NA,NA,NA,NA,NA
1747,-38.21830749511719,"""[39.58792]""","""[1.0014007]""",39.60359573364258,0.0007972363382577896,"""[[-0.]]""","""[[-0.]]""",NA,NA,NA,NA,NA,NA,NA
1748,-36.52130126953125,"""[39.588997]""","""[1.0018421]""",39.81051254272461,0.0007533282041549683,"""[[-0.]]""","""[[-0.]]""",NA,NA,NA,NA,NA,NA,NA
1749,-37.23028564453125,"""[39.588535]""","""[1.0017761]""",39.59476852416992,0.0007714490639045835,"""[[-0.]]""","""[[-0.]]""",NA,NA,NA,NA,NA,NA,NA
1750,-37.8619384765625,"""[39.588108]""","""[1.0017076]""",39.86997604370117,0.0007878821925260127,"""[[-0.]]""","""[[-0.]]""",NA,NA,NA,NA,NA,NA,NA
1751,-40.8876953125,"""[39.58604]""","""[1.0011678]""",40.02257537841797,0.0008705915533937514,"""[[-0.]]""","""[[-0.]]""",NA,NA,NA,NA,NA,NA,NA
1752,-41.154884338378906,"""[39.58584]""","""[1.0008457]""",39.62058639526367,0.0008779168711043894,"""[[-0.]]""","""[[-0.]]""",NA,NA,NA,NA,NA,NA,NA
1753,-41.06404113769531,"""[39.585888]""","""[1.0006316]""",39.70456314086914,0.0008750832639634609,"""[[-0.]]""","""[[-0.]]""",NA,NA,NA,NA,NA,NA,NA
1754,-39.884666442871094,"""[39.586697]""","""[1.0006757]""",39.690582275390625,0.0008416481432504952,"""[[-0.]]""","""[[-0.]]""",NA,NA,NA,NA,NA,NA,NA
1755,-37.7633056640625,"""[39.588097]""","""[1.0010942]""",39.59688186645508,0.0007843175553716719,"""[[-0.]]""","""[[-0.]]""",NA,NA,NA,NA,NA,NA,NA
1756,-36.57905578613281,"""[39.588844]""","""[1.0014362]""",40.262908935546875,0.0007538420031778514,"""[[-0.]]""","""[[-0.]]""",NA,NA,NA,NA,NA,NA,NA
1757,-39.060997009277344,"""[39.58721]""","""[1.0012492]""",39.67163848876953,0.0008192769601009786,"""[[-0.]]""","""[[-0.]]""",NA,NA,NA,NA,NA,NA,NA
1758,-40.32633972167969,"""[39.586323]""","""[1.0009779]""",39.62702178955078,0.0008541369461454451,"""[[-0.]]""","""[[-0.]]""",NA,NA,NA,NA,NA,NA,NA
1759,-40.99674987792969,"""[39.585846]""","""[1.0008217]""",43.366172790527344,0.0008730539702810347,"""[[-0.]]""","""[[-0.]]""",NA,NA,NA,NA,NA,NA,NA
1760,-49.84740447998047,"""[39.578896]""","""[1.0001202]""",39.82358169555664,0.0011543494183570147,"""[[-0.]]""","""[[-0.]]""",NA,NA,NA,NA,NA,NA,NA
1761,-60.110260009765625,"""[39.56913]""","""[0.99941975]""",40.00861358642578,0.001550330314785242,"""[[-0.]]""","""[[-0.]]""",NA,NA,NA,NA,NA,NA,NA
1762,-72.56648254394531,"""[39.554806]""","""[0.9983887]""",39.60424041748047,0.0021318593062460423,"""[[-0.]]""","""[[-0.]]""",NA,NA,NA,NA,NA,NA,NA
1763,-85.31024169921875,"""[39.537323]""","""[0.99747396]""",43.33823776245117,0.0028416814748197794,"""[[-0.]]""","""[[-0.]]""",NA,NA,NA,NA,NA,NA,NA
1764,-89.58139038085938,"""[39.530823]""","""[0.9977556]""",39.755523681640625,0.0031049568206071854,"""[[-0.]]""","""[[-0.]]""",NA,NA,NA,NA,NA,NA,NA
1765,-92.5041275024414,"""[39.526196]""","""[0.9982764]""",40.060096740722656,0.003292370354756713,"""[[-0.]]""","""[[-0.]]""",NA,NA,NA,NA,NA,NA,NA
1766,-93.16444396972656,"""[39.525154]""","""[0.99928284]""",40.00251770019531,0.0033351583406329155,"""[[-0.]]""","""[[-0.]]""",NA,NA,NA,NA,NA,NA,NA
1767,-97.03965759277344,"""[39.51875]""","""[0.99983984]""",39.62229537963867,0.0035954522900283337,"""[[-0.]]""","""[[-0.]]""",NA,NA,NA,NA,NA,NA,NA
1768,-99.92877960205078,"""[39.51382]""","""[1.0004691]""",39.83467483520508,0.0037966566160321236,"""[[-0.]]""","""[[-0.]]""",NA,NA,NA,NA,NA,NA,NA
1769,-101.12849426269531,"""[39.511753]""","""[1.0013604]""",39.915565490722656,0.0038824293296784163,"""[[-0.]]""","""[[-0.]]""",NA,NA,NA,NA,NA,NA,NA
1770,-105.49419403076172,"""[39.503937]""","""[1.0018756]""",40.46099090576172,0.004201987758278847,"""[[-0.]]""","""[[-0.]]""",NA,NA,NA,NA,NA,NA,NA
1771,-106.22993469238281,"""[39.50262]""","""[1.0027506]""",39.544490814208984,0.0042582787573337555,"""[[-0.]]""","""[[-0.]]""",NA,NA,NA,NA,NA,NA,NA
1772,-106.85604858398438,"""[39.5015]""","""[1.0035577]""",40.010494232177734,0.004306999500840902,"""[[-0.]]""","""[[-0.]]""",NA,NA,NA,NA,NA,NA,NA
1773,-111.48825073242188,"""[39.49272]""","""[1.003822]""",39.83055114746094,0.004665825981646776,"""[[-0.]]""","""[[-0.]]""",NA,NA,NA,NA,NA,NA,NA
1774,-114.32505798339844,"""[39.487167]""","""[1.0040904]""",39.83069610595703,0.004893622826784849,"""[[-0.]]""","""[[-0.]]""",NA,NA,NA,NA,NA,NA,NA
1775,-115.63731384277344,"""[39.484577]""","""[1.004697]""",40.336055755615234,0.005002458114176989,"""[[-0.]]""","""[[-0.]]""",NA,NA,NA,NA,NA,NA,NA
1776,-113.97035217285156,"""[39.48792]""","""[1.0052037]""",41.5736083984375,0.004868566058576107,"""[[-0.]]""","""[[-0.]]""",NA,NA,NA,NA,NA,NA,NA
1777,-107.39703369140625,"""[39.50064]""","""[1.0067848]""",40.14213943481445,0.004358871839940548,"""[[-0.]]""","""[[-0.]]""",NA,NA,NA,NA,NA,NA,NA
1778,-99.13114166259766,"""[39.515503]""","""[1.0081912]""",39.92008590698242,0.0037613140884786844,"""[[-0.]]""","""[[-0.]]""",NA,NA,NA,NA,NA,NA,NA
1779,-95.03251647949219,"""[39.522396]""","""[1.0086577]""",39.581207275390625,0.0034828386269509792,"""[[-0.]]""","""[[-0.]]""",NA,NA,NA,NA,NA,NA,NA
1780,-91.14332580566406,"""[39.528637]""","""[1.0086367]""",39.92387008666992,0.003227624809369445,"""[[-0.]]""","""[[-0.]]""",NA,NA,NA,NA,NA,NA,NA
1781,-90.85115814208984,"""[39.529026]""","""[1.0077628]""",41.20764923095703,0.003205520799383521,"""[[-0.]]""","""[[-0.]]""",NA,NA,NA,NA,NA,NA,NA
1782,-86.07014465332031,"""[39.53625]""","""[1.0068208]""",39.72541809082031,0.0029035755433142185,"""[[-0.]]""","""[[-0.]]""",NA,NA,NA,NA,NA,NA,NA
1783,-80.75083923339844,"""[39.54384]""","""[1.005727]""",39.99662399291992,0.002587051596492529,"""[[-0.]]""","""[[-0.]]""",NA,NA,NA,NA,NA,NA,NA
1784,-79.24252319335938,"""[39.54582]""","""[1.0039955]""",39.54608917236328,0.002497422508895397,"""[[-0.]]""","""[[-0.]]""",NA,NA,NA,NA,NA,NA,NA
1785,-78.56400299072266,"""[39.54665]""","""[1.0021132]""",39.97456359863281,0.0024564259219914675,"""[[-0.]]""","""[[-0.]]""",NA,NA,NA,NA,NA,NA,NA
1786,-81.34480285644531,"""[39.542694]""","""[1.0000615]""",39.7071647644043,0.0026119863614439964,"""[[-0.]]""","""[[-0.]]""",NA,NA,NA,NA,NA,NA,NA
1787,-86.10870361328125,"""[39.53566]""","""[0.99782544]""",39.53622055053711,0.0028947514947503805,"""[[-0.]]""","""[[-0.]]""",NA,NA,NA,NA,NA,NA,NA
1788,-91.00814056396484,"""[39.52802]""","""[0.99590236]""",39.60414505004883,0.003204618114978075,"""[[-0.]]""","""[[-0.]]""",NA,NA,NA,NA,NA,NA,NA
1789,-95.17378234863281,"""[39.521183]""","""[0.99460953]""",40.49156188964844,0.003482381347566843,"""[[-0.]]""","""[[-0.]]""",NA,NA,NA,NA,NA,NA,NA
1790,-95.3921890258789,"""[39.52078]""","""[0.9939674]""",39.86260986328125,0.003499015001580119,"""[[-0.]]""","""[[-0.]]""",NA,NA,NA,NA,NA,NA,NA
1791,-94.18843078613281,"""[39.52276]""","""[0.99410856]""",41.17141342163086,0.003417842322960496,"""[[-0.]]""","""[[-0.]]""",NA,NA,NA,NA,NA,NA,NA
1792,-88.77633666992188,"""[39.531406]""","""[0.99500966]""",40.30316162109375,0.003064907155930996,"""[[-0.]]""","""[[-0.]]""",NA,NA,NA,NA,NA,NA,NA
1793,-81.23834228515625,"""[39.542614]""","""[0.9967453]""",39.647674560546875,0.0026084566488862038,"""[[-0.]]""","""[[-0.]]""",NA,NA,NA,NA,NA,NA,NA
1794,-76.43609619140625,"""[39.549232]""","""[0.9984239]""",39.89182662963867,0.002339397557079792,"""[[-0.]]""","""[[-0.]]""",NA,NA,NA,NA,NA,NA,NA
1795,-70.342529296875,"""[39.55703]""","""[1.000219]""",40.466552734375,0.002023732988163829,"""[[-0.]]""","""[[-0.]]""",NA,NA,NA,NA,NA,NA,NA
1796,-69.01409912109375,"""[39.55865]""","""[1.0010768]""",39.931400299072266,0.001958951586857438,"""[[-0.]]""","""[[-0.]]""",NA,NA,NA,NA,NA,NA,NA
1797,-70.787109375,"""[39.556503]""","""[1.0015441]""",39.6024055480957,0.002046743407845497,"""[[-0.]]""","""[[-0.]]""",NA,NA,NA,NA,NA,NA,NA
1798,-72.05682373046875,"""[39.554935]""","""[1.0020236]""",39.5551643371582,0.002111253794282675,"""[[-0.]]""","""[[-0.]]""",NA,NA,NA,NA,NA,NA,NA
1799,-73.73248291015625,"""[39.552814]""","""[1.0022709]""",39.839237213134766,0.002197729190811515,"""[[-0.]]""","""[[-0.]]""",NA,NA,NA,NA,NA,NA,NA
1800,-73.58200073242188,"""[39.55301]""","""[1.0026318]""",40.480220794677734,0.002190453466027975,"""[[-0.]]""","""[[-0.]]""",NA,NA,NA,NA,NA,NA,NA
1801,-70.429443359375,"""[39.55694]""","""[1.0029376]""",40.42831039428711,0.0020308340899646282,"""[[-0.]]""","""[[-0.]]""",NA,NA,NA,NA,NA,NA,NA
1802,-64.80431365966797,"""[39.563496]""","""[1.0030029]""",40.04584503173828,0.0017627882771193981,"""[[-0.]]""","""[[-0.]]""",NA,NA,NA,NA,NA,NA,NA
1803,-63.068756103515625,"""[39.56538]""","""[1.0023086]""",39.68608856201172,0.0016832775436341763,"""[[-0.]]""","""[[-0.]]""",NA,NA,NA,NA,NA,NA,NA
1804,-63.424041748046875,"""[39.564945]""","""[1.0014797]""",39.663108825683594,0.0016978899948298931,"""[[-0.]]""","""[[-0.]]""",NA,NA,NA,NA,NA,NA,NA
1805,-65.62747192382812,"""[39.56243]""","""[1.0003142]""",39.64873123168945,0.0017969954060390592,"""[[-0.]]""","""[[-0.]]""",NA,NA,NA,NA,NA,NA,NA
1806,-67.02195739746094,"""[39.560795]""","""[0.9994951]""",39.56406021118164,0.00186187494546175,"""[[-0.]]""","""[[-0.]]""",NA,NA,NA,NA,NA,NA,NA
1807,-69.05321502685547,"""[39.558365]""","""[0.9987312]""",39.60387420654297,0.0019593462347984314,"""[[-0.]]""","""[[-0.]]""",NA,NA,NA,NA,NA,NA,NA
1808,-70.56231689453125,"""[39.556507]""","""[0.9981492]""",41.95882797241211,0.0020338573958724737,"""[[-0.]]""","""[[-0.]]""",NA,NA,NA,NA,NA,NA,NA
1809,-66.42952728271484,"""[39.561405]""","""[0.9978025]""",40.543731689453125,0.0018343101255595684,"""[[-0.]]""","""[[-0.]]""",NA,NA,NA,NA,NA,NA,NA
1810,-59.06175231933594,"""[39.569416]""","""[0.99829084]""",39.56954574584961,0.0015081575838848948,"""[[-0.]]""","""[[-0.]]""",NA,NA,NA,NA,NA,NA,NA
1811,-52.94615173339844,"""[39.57534]""","""[0.99882215]""",40.344261169433594,0.0012668335111811757,"""[[-0.]]""","""[[-0.]]""",NA,NA,NA,NA,NA,NA,NA
1812,-44.18121337890625,"""[39.582695]""","""[0.9997715]""",40.775691986083984,0.0009676713380031288,"""[[-0.]]""","""[[-0.]]""",NA,NA,NA,NA,NA,NA,NA
1813,-32.359710693359375,"""[39.590504]""","""[1.0005054]""",40.1876106262207,0.0006507766083814204,"""[[-0.]]""","""[[-0.]]""",NA,NA,NA,NA,NA,NA,NA
1814,-19.176345825195312,"""[39.59634]""","""[1.0014004]""",39.80746078491211,0.0004144989652559161,"""[[-0.]]""","""[[-0.]]""",NA,NA,NA,NA,NA,NA,NA
1815,-9.34393310546875,"""[39.598732]""","""[1.002004]""",39.7896842956543,0.00031841269810684025,"""[[-0.]]""","""[[-0.]]""",NA,NA,NA,NA,NA,NA,NA
1816,-2.4589157104492188,"""[39.59941]""","""[1.0023779]""",39.845726013183594,0.00029178912518545985,"""[[-0.]]""","""[[-0.]]""",NA,NA,NA,NA,NA,NA,NA
1817,5.7548980712890625,"""[39.59915]""","""[1.0028558]""",39.932098388671875,0.0003039889270439744,"""[[-0.]]""","""[[-0.]]""",NA,NA,NA,NA,NA,NA,NA
1818,10.874481201171875,"""[39.59839]""","""[1.0028645]""",39.70378112792969,0.00033513258676975965,"""[[-0.]]""","""[[-0.]]""",NA,NA,NA,NA,NA,NA,NA
1819,16.948486328125,"""[39.5969]""","""[1.002579]""",39.690486907958984,0.0003955263237003237,"""[[-0.]]""","""[[-0.]]""",NA,NA,NA,NA,NA,NA,NA
1820,23.802017211914062,"""[39.59446]""","""[1.0022304]""",40.08990478515625,0.0004949955618940294,"""[[-0.]]""","""[[-0.]]""",NA,NA,NA,NA,NA,NA,NA
1821,27.52356719970703,"""[39.592785]""","""[1.0021714]""",39.60173034667969,0.00056318542920053,"""[[-0.]]""","""[[-0.]]""",NA,NA,NA,NA,NA,NA,NA
1822,31.48065948486328,"""[39.59075]""","""[1.0020479]""",40.4232177734375,0.0006463543395511806,"""[[-0.]]""","""[[-0.]]""",NA,NA,NA,NA,NA,NA,NA
1823,39.046966552734375,"""[39.586105]""","""[1.0019457]""",40.52924346923828,0.0008364607347175479,"""[[-0.]]""","""[[-0.]]""",NA,NA,NA,NA,NA,NA,NA
1824,49.76055145263672,"""[39.577816]""","""[1.0012926]""",39.58016586303711,0.0011744030052796006,"""[[-0.]]""","""[[-0.]]""",NA,NA,NA,NA,NA,NA,NA
1825,59.59385681152344,"""[39.56845]""","""[1.0006217]""",39.57528305053711,0.001556525705382228,"""[[-0.]]""","""[[-0.]]""",NA,NA,NA,NA,NA,NA,NA
1826,69.24110412597656,"""[39.557617]""","""[0.9999822]""",42.17678451538086,0.0019986091647297144,"""[[-0.]]""","""[[-0.]]""",NA,NA,NA,NA,NA,NA,NA
1827,71.47282409667969,"""[39.554874]""","""[1.0001763]""",40.000160217285156,0.0021105778869241476,"""[[-0.]]""","""[[-0.]]""",NA,NA,NA,NA,NA,NA,NA
1828,76.584716796875,"""[39.54828]""","""[1.0002751]""",40.32474136352539,0.002380204852670431,"""[[-0.]]""","""[[-0.]]""",NA,NA,NA,NA,NA,NA,NA
1829,77.87786865234375,"""[39.54654]""","""[1.000565]""",39.84013366699219,0.002451573498547077,"""[[-0.]]""","""[[-0.]]""",NA,NA,NA,NA,NA,NA,NA
1830,82.01399230957031,"""[39.540768]""","""[1.0005043]""",40.16142654418945,0.0026871527079492807,"""[[-0.]]""","""[[-0.]]""",NA,NA,NA,NA,NA,NA,NA
1831,89.59774780273438,"""[39.5294]""","""[1.0002667]""",39.76898956298828,0.0031509220134466887,"""[[-0.]]""","""[[-0.]]""",NA,NA,NA,NA,NA,NA,NA
1832,99.01181030273438,"""[39.51385]""","""[0.9994867]""",39.77024459838867,0.0037840818986296654,"""[[-0.]]""","""[[-0.]]""",NA,NA,NA,NA,NA,NA,NA
1833,110.37352752685547,"""[39.492985]""","""[0.9985834]""",40.293941497802734,0.004633971955627203,"""[[-0.]]""","""[[-0.]]""",NA,NA,NA,NA,NA,NA,NA
1834,118.1064224243164,"""[39.477463]""","""[0.99817085]""",40.11985397338867,0.005266131833195686,"""[[-0.]]""","""[[-0.]]""",NA,NA,NA,NA,NA,NA,NA
1835,122.57296752929688,"""[39.468044]""","""[0.9983484]""",40.87921905517578,0.005650797393172979,"""[[-0.]]""","""[[-0.]]""",NA,NA,NA,NA,NA,NA,NA
1836,122.68821716308594,"""[39.467865]""","""[0.9992837]""",41.717044830322266,0.005660479888319969,"""[[-0.]]""","""[[-0.]]""",NA,NA,NA,NA,NA,NA,NA
1837,118.13327026367188,"""[39.477604]""","""[1.0008442]""",39.53028869628906,0.005268218461424112,"""[[-0.]]""","""[[-0.]]""",NA,NA,NA,NA,NA,NA,NA
1838,114.04917907714844,"""[39.48602]""","""[1.0023518]""",39.830902099609375,0.00493068341165781,"""[[-0.]]""","""[[-0.]]""",NA,NA,NA,NA,NA,NA,NA
1839,108.71935272216797,"""[39.496483]""","""[1.0036818]""",41.55110549926758,0.004508809186518192,"""[[-0.]]""","""[[-0.]]""",NA,NA,NA,NA,NA,NA,NA
1840,99.20240783691406,"""[39.513866]""","""[1.0055114]""",40.715423583984375,0.0038074469193816185,"""[[-0.]]""","""[[-0.]]""",NA,NA,NA,NA,NA,NA,NA
1841,95.80498504638672,"""[39.51965]""","""[1.0059736]""",39.52310562133789,0.003572783200070262,"""[[-0.]]""","""[[-0.]]""",NA,NA,NA,NA,NA,NA,NA
1842,93.71253967285156,"""[39.52308]""","""[1.0059088]""",39.55705642700195,0.0034313031937927008,"""[[-0.]]""","""[[-0.]]""",NA,NA,NA,NA,NA,NA,NA
1843,91.88699340820312,"""[39.525974]""","""[1.0054765]""",39.780517578125,0.003309274325147271,"""[[-0.]]""","""[[-0.]]""",NA,NA,NA,NA,NA,NA,NA
1844,93.17648315429688,"""[39.52383]""","""[1.0047328]""",40.13783264160156,0.0033924432937055826,"""[[-0.]]""","""[[-0.]]""",NA,NA,NA,NA,NA,NA,NA
1845,97.89495849609375,"""[39.515903]""","""[1.0037838]""",39.55925369262695,0.003712061094120145,"""[[-0.]]""","""[[-0.]]""",NA,NA,NA,NA,NA,NA,NA
1846,103.74768829345703,"""[39.5055]""","""[1.0025634]""",39.92270278930664,0.004131489899009466,"""[[-0.]]""","""[[-0.]]""",NA,NA,NA,NA,NA,NA,NA
1847,107.233642578125,"""[39.498985]""","""[1.0015416]""",39.59046173095703,0.004393348470330238,"""[[-0.]]""","""[[-0.]]""",NA,NA,NA,NA,NA,NA,NA
1848,112.27946472167969,"""[39.489185]""","""[1.0004362]""",39.659061431884766,0.0047890315763652325,"""[[-0.]]""","""[[-0.]]""",NA,NA,NA,NA,NA,NA,NA
1849,116.17694091796875,"""[39.481297]""","""[0.999514]""",39.49962615966797,0.005107931327074766,"""[[-0.]]""","""[[-0.]]""",NA,NA,NA,NA,NA,NA,NA
1850,120.12364196777344,"""[39.47302]""","""[0.998691]""",40.974159240722656,0.005442542489618063,"""[[-0.]]""","""[[-0.]]""",NA,NA,NA,NA,NA,NA,NA
1851,120.37126159667969,"""[39.472492]""","""[0.9988383]""",40.53468704223633,0.005464315414428711,"""[[-0.]]""","""[[-0.]]""",NA,NA,NA,NA,NA,NA,NA
1852,117.5068130493164,"""[39.47861]""","""[1.0003544]""",40.295013427734375,0.005220906343311071,"""[[-0.]]""","""[[-0.]]""",NA,NA,NA,NA,NA,NA,NA
1853,112.47633361816406,"""[39.488834]""","""[1.0015346]""",39.53789138793945,0.004808051977306604,"""[[-0.]]""","""[[-0.]]""",NA,NA,NA,NA,NA,NA,NA
1854,107.96585083007812,"""[39.49762]""","""[1.0026809]""",40.37924575805664,0.004454359412193298,"""[[-0.]]""","""[[-0.]]""",NA,NA,NA,NA,NA,NA,NA
1855,100.71818542480469,"""[39.510914]""","""[1.003879]""",39.6412353515625,0.003916471730917692,"""[[-0.]]""","""[[-0.]]""",NA,NA,NA,NA,NA,NA,NA
1856,93.597412109375,"""[39.52304]""","""[1.0047867]""",39.74855041503906,0.003424987429752946,"""[[-0.]]""","""[[-0.]]""",NA,NA,NA,NA,NA,NA,NA
1857,86.20034790039062,"""[39.534653]""","""[1.005401]""",39.54270553588867,0.0029524927958846092,"""[[-0.]]""","""[[-0.]]""",NA,NA,NA,NA,NA,NA,NA
1858,79.89231872558594,"""[39.543762]""","""[1.0055948]""",40.655433654785156,0.0025796962436288595,"""[[-0.]]""","""[[-0.]]""",NA,NA,NA,NA,NA,NA,NA
1859,70.07109069824219,"""[39.55654]""","""[1.0055507]""",39.859683990478516,0.0020545972511172295,"""[[-0.]]""","""[[-0.]]""",NA,NA,NA,NA,NA,NA,NA
1860,59.533966064453125,"""[39.56836]""","""[1.0051334]""",40.315528869628906,0.0015665749087929726,"""[[-0.]]""","""[[-0.]]""",NA,NA,NA,NA,NA,NA,NA
1861,46.965087890625,"""[39.57996]""","""[1.0049914]""",40.15214538574219,0.0010891713900491595,"""[[-0.]]""","""[[-0.]]""",NA,NA,NA,NA,NA,NA,NA
1862,32.97877502441406,"""[39.589653]""","""[1.0047693]""",42.11607360839844,0.0006897398852743208,"""[[-0.]]""","""[[-0.]]""",NA,NA,NA,NA,NA,NA,NA
1863,14.371986389160156,"""[39.597282]""","""[1.0041338]""",40.63916015625,0.00037242911639623344,"""[[-0.]]""","""[[-0.]]""",NA,NA,NA,NA,NA,NA,NA
1864,-6.4142913818359375,"""[39.598736]""","""[1.0036618]""",39.59942626953125,0.000308988121105358,"""[[-0.]]""","""[[-0.]]""",NA,NA,NA,NA,NA,NA,NA
1865,-25.063682556152344,"""[39.59367]""","""[1.0030711]""",41.12847137451172,0.0005124963354319334,"""[[-0.]]""","""[[-0.]]""",NA,NA,NA,NA,NA,NA,NA
1866,-37.360740661621094,"""[39.587006]""","""[1.0021174]""",39.85327911376953,0.0007808682275936007,"""[[-0.]]""","""[[-0.]]""",NA,NA,NA,NA,NA,NA,NA
1867,-46.689327239990234,"""[39.580173]""","""[1.0011629]""",39.960079193115234,0.0010563500691205263,"""[[-0.]]""","""[[-0.]]""",NA,NA,NA,NA,NA,NA,NA
1868,-53.168212890625,"""[39.57451]""","""[1.0002276]""",39.7044792175293,0.0012843585573136806,"""[[-0.]]""","""[[-0.]]""",NA,NA,NA,NA,NA,NA,NA
1869,-57.96891784667969,"""[39.56984]""","""[0.9995966]""",40.294673919677734,0.0014730921247974038,"""[[-0.]]""","""[[-0.]]""",NA,NA,NA,NA,NA,NA,NA
1870,-59.51110076904297,"""[39.56825]""","""[0.9992448]""",40.678707122802734,0.001537435338832438,"""[[-0.]]""","""[[-0.]]""",NA,NA,NA,NA,NA,NA,NA
1871,-56.57420349121094,"""[39.571205]""","""[0.9991987]""",42.75475311279297,0.0014169629430398345,"""[[-0.]]""","""[[-0.]]""",NA,NA,NA,NA,NA,NA,NA
1872,-61.15190124511719,"""[39.566483]""","""[0.99861455]""",42.344764709472656,0.0016079464694485068,"""[[-0.]]""","""[[-0.]]""",NA,NA,NA,NA,NA,NA,NA
1873,-59.15142822265625,"""[39.56857]""","""[0.9987319]""",39.57087707519531,0.0015228592092171311,"""[[-0.]]""","""[[-0.]]""",NA,NA,NA,NA,NA,NA,NA
1874,-57.64501953125,"""[39.570095]""","""[0.9988346]""",41.1363410949707,0.0014606737531721592,"""[[-0.]]""","""[[-0.]]""",NA,NA,NA,NA,NA,NA,NA
1875,-51.85823059082031,"""[39.575634]""","""[0.99956775]""",39.734458923339844,0.0012366940500214696,"""[[-0.]]""","""[[-0.]]""",NA,NA,NA,NA,NA,NA,NA
1876,-45.59170150756836,"""[39.58097]""","""[1.0003663]""",39.79347610473633,0.0010214172070845962,"""[[-0.]]""","""[[-0.]]""",NA,NA,NA,NA,NA,NA,NA
1877,-38.50830078125,"""[39.586163]""","""[1.0010707]""",39.80611038208008,0.0008118884870782495,"""[[-0.]]""","""[[-0.]]""",NA,NA,NA,NA,NA,NA,NA
1878,-30.573974609375,"""[39.590942]""","""[1.0018134]""",40.357398986816406,0.000619842205196619,"""[[-0.]]""","""[[-0.]]""",NA,NA,NA,NA,NA,NA,NA
1879,-20.321868896484375,"""[39.595493]""","""[1.0027691]""",40.19015884399414,0.00043844152241945267,"""[[-0.]]""","""[[-0.]]""",NA,NA,NA,NA,NA,NA,NA
1880,-14.184722900390625,"""[39.597366]""","""[1.0036446]""",39.59749984741211,0.00036669758264906704,"""[[-0.]]""","""[[-0.]]""",NA,NA,NA,NA,NA,NA,NA
1881,-8.77679443359375,"""[39.598454]""","""[1.0040915]""",39.619140625,0.00032499924418516457,"""[[-0.]]""","""[[-0.]]""",NA,NA,NA,NA,NA,NA,NA
1882,-4.514892578125,"""[39.598934]""","""[1.0040773]""",39.604183197021484,0.0003057311987504363,"""[[-0.]]""","""[[-0.]]""",NA,NA,NA,NA,NA,NA,NA
1883,-0.4507598876953125,"""[39.599075]""","""[1.0036864]""",39.875118255615234,0.0002982788428198546,"""[[-0.]]""","""[[-0.]]""",NA,NA,NA,NA,NA,NA,NA
1884,5.233684539794922,"""[39.598793]""","""[1.0029039]""",41.451663970947266,0.0003070303937420249,"""[[-0.]]""","""[[-0.]]""",NA,NA,NA,NA,NA,NA,NA
1885,5.422674179077148,"""[39.598663]""","""[1.0010916]""",39.60785675048828,0.00030433235224336386,"""[[-0.]]""","""[[-0.]]""",NA,NA,NA,NA,NA,NA,NA
1886,5.264495849609375,"""[39.59859]""","""[0.99926066]""",39.671688079833984,0.00030196449370123446,"""[[-0.]]""","""[[-0.]]""",NA,NA,NA,NA,NA,NA,NA
1887,4.136543273925781,"""[39.598606]""","""[0.99753004]""",39.99458312988281,0.00029795916634611785,"""[[-0.]]""","""[[-0.]]""",NA,NA,NA,NA,NA,NA,NA
1888,5.818595886230469,"""[39.5984]""","""[0.9960679]""",40.53727722167969,0.00030540619627572596,"""[[-0.]]""","""[[-0.]]""",NA,NA,NA,NA,NA,NA,NA
1889,3.2541046142578125,"""[39.598553]""","""[0.994596]""",39.63822555541992,0.0002989695349242538,"""[[-0.]]""","""[[-0.]]""",NA,NA,NA,NA,NA,NA,NA
1890,0.22216796875,"""[39.598606]""","""[0.9934564]""",39.65165328979492,0.00029719609301537275,"""[[-0.]]""","""[[-0.]]""",NA,NA,NA,NA,NA,NA,NA
1891,-3.4474716186523438,"""[39.598488]""","""[0.9927247]""",40.61402893066406,0.00030264892848208547,"""[[-0.]]""","""[[-0.]]""",NA,NA,NA,NA,NA,NA,NA
1892,-10.50439453125,"""[39.59761]""","""[0.9920698]""",39.620849609375,0.00033823857665993273,"""[[-0.]]""","""[[-0.]]""",NA,NA,NA,NA,NA,NA,NA
1893,-16.360851287841797,"""[39.596222]""","""[0.9919396]""",39.62089157104492,0.00039329048013314605,"""[[-0.]]""","""[[-0.]]""",NA,NA,NA,NA,NA,NA,NA
1894,-22.32720947265625,"""[39.594204]""","""[0.99224484]""",39.729759216308594,0.00047291419468820095,"""[[-0.]]""","""[[-0.]]""",NA,NA,NA,NA,NA,NA,NA
1895,-26.540512084960938,"""[39.5924]""","""[0.99296767]""",39.61433792114258,0.0005427280557341874,"""[[-0.]]""","""[[-0.]]""",NA,NA,NA,NA,NA,NA,NA
1896,-31.142547607421875,"""[39.59008]""","""[0.9940116]""",39.790077209472656,0.0006330657633952796,"""[[-0.]]""","""[[-0.]]""",NA,NA,NA,NA,NA,NA,NA
1897,-33.81439208984375,"""[39.588577]""","""[0.9953356]""",39.720123291015625,0.0006911216187290847,"""[[-0.]]""","""[[-0.]]""",NA,NA,NA,NA,NA,NA,NA
1898,-37.836334228515625,"""[39.586086]""","""[0.99694717]""",39.61661148071289,0.0007902537472546101,"""[[-0.]]""","""[[-0.]]""",NA,NA,NA,NA,NA,NA,NA
1899,-42.38945007324219,"""[39.58294]""","""[0.99856055]""",39.583221435546875,0.0009179897024296224,"""[[-0.]]""","""[[-0.]]""",NA,NA,NA,NA,NA,NA,NA
1900,-46.89316177368164,"""[39.579483]""","""[1.0000286]""",40.4365348815918,0.0010600317036733031,"""[[-0.]]""","""[[-0.]]""",NA,NA,NA,NA,NA,NA,NA
1901,-47.825897216796875,"""[39.57876]""","""[1.0016671]""",42.39875411987305,0.0010927096009254456,"""[[-0.]]""","""[[-0.]]""",NA,NA,NA,NA,NA,NA,NA
1902,-42.57426452636719,"""[39.582916]""","""[1.0031968]""",40.06478500366211,0.0009277830249629915,"""[[-0.]]""","""[[-0.]]""",NA,NA,NA,NA,NA,NA,NA
1903,-35.846031188964844,"""[39.587486]""","""[1.00408]""",39.889984130859375,0.0007438049651682377,"""[[-0.]]""","""[[-0.]]""",NA,NA,NA,NA,NA,NA,NA
1904,-32.39115905761719,"""[39.589516]""","""[1.0045176]""",39.660484313964844,0.0006618733750656247,"""[[-0.]]""","""[[-0.]]""",NA,NA,NA,NA,NA,NA,NA
1905,-28.465972900390625,"""[39.591564]""","""[1.00471]""",40.262176513671875,0.0005783125525340438,"""[[-0.]]""","""[[-0.]]""",NA,NA,NA,NA,NA,NA,NA
1906,-28.5911865234375,"""[39.591476]""","""[1.0045737]""",39.87876510620117,0.0005802672239951789,"""[[-0.]]""","""[[-0.]]""",NA,NA,NA,NA,NA,NA,NA
1907,-26.86871337890625,"""[39.592278]""","""[1.0043817]""",40.81319808959961,0.0005460617830976844,"""[[-0.]]""","""[[-0.]]""",NA,NA,NA,NA,NA,NA,NA
1908,-21.075119018554688,"""[39.594646]""","""[1.0040687]""",39.59786605834961,0.0004477180482354015,"""[[-0.]]""","""[[-0.]]""",NA,NA,NA,NA,NA,NA,NA
1909,-15.804885864257812,"""[39.59628]""","""[1.003472]""",39.992332458496094,0.00037818134296685457,"""[[-0.]]""","""[[-0.]]""",NA,NA,NA,NA,NA,NA,NA
1910,-13.791404724121094,"""[39.596745]""","""[1.0023972]""",39.606842041015625,0.00035500663216225803,"""[[-0.]]""","""[[-0.]]""",NA,NA,NA,NA,NA,NA,NA
1911,-12.484527587890625,"""[39.596996]""","""[1.0012345]""",39.59723663330078,0.0003411438374314457,"""[[-0.]]""","""[[-0.]]""",NA,NA,NA,NA,NA,NA,NA
1912,-11.467842102050781,"""[39.59716]""","""[1.0000453]""",40.357208251953125,0.0003314623318146914,"""[[-0.]]""","""[[-0.]]""",NA,NA,NA,NA,NA,NA,NA
1913,-7.41094970703125,"""[39.59779]""","""[0.999032]""",41.57986068725586,0.0003045864577870816,"""[[-0.]]""","""[[-0.]]""",NA,NA,NA,NA,NA,NA,NA
1914,-9.568592071533203,"""[39.597435]""","""[0.9969698]""",40.77246856689453,0.00031787194893695414,"""[[-0.]]""","""[[-0.]]""",NA,NA,NA,NA,NA,NA,NA
1915,-7.0197906494140625,"""[39.59778]""","""[0.9953519]""",40.20208740234375,0.0003054631524719298,"""[[-0.]]""","""[[-0.]]""",NA,NA,NA,NA,NA,NA,NA
1916,-1.9980239868164062,"""[39.598145]""","""[0.99435925]""",39.628936767578125,0.00029228601488284767,"""[[-0.]]""","""[[-0.]]""",NA,NA,NA,NA,NA,NA,NA
1917,3.2010116577148438,"""[39.598072]""","""[0.9938279]""",39.63484191894531,0.00029667263152077794,"""[[-0.]]""","""[[-0.]]""",NA,NA,NA,NA,NA,NA,NA
1918,8.668731689453125,"""[39.597485]""","""[0.9938805]""",39.64607620239258,0.00032043911051005125,"""[[-0.]]""","""[[-0.]]""",NA,NA,NA,NA,NA,NA,NA
1919,12.843215942382812,"""[39.59668]""","""[0.9942276]""",41.19340133666992,0.00035203929292038083,"""[[-0.]]""","""[[-0.]]""",NA,NA,NA,NA,NA,NA,NA
1920,11.649627685546875,"""[39.596924]""","""[0.994284]""",40.31553649902344,0.00034114759182557464,"""[[-0.]]""","""[[-0.]]""",NA,NA,NA,NA,NA,NA,NA
1921,13.956939697265625,"""[39.59638]""","""[0.9952081]""",40.415103912353516,0.00036034625372849405,"""[[-0.]]""","""[[-0.]]""",NA,NA,NA,NA,NA,NA,NA
1922,12.625823974609375,"""[39.596676]""","""[0.99613696]""",40.81184768676758,0.0003458104620222002,"""[[-0.]]""","""[[-0.]]""",NA,NA,NA,NA,NA,NA,NA
1923,15.562431335449219,"""[39.595936]""","""[0.9975617]""",40.50263214111328,0.0003739702224265784,"""[[-0.]]""","""[[-0.]]""",NA,NA,NA,NA,NA,NA,NA
1924,22.072975158691406,"""[39.593792]""","""[0.99927664]""",39.67230224609375,0.0004613508644979447,"""[[-0.]]""","""[[-0.]]""",NA,NA,NA,NA,NA,NA,NA
1925,29.202308654785156,"""[39.59061]""","""[1.001089]""",39.597381591796875,0.0005931862979196012,"""[[-0.]]""","""[[-0.]]""",NA,NA,NA,NA,NA,NA,NA
1926,35.53010177612305,"""[39.587067]""","""[1.0026497]""",40.00687026977539,0.0007416826556436718,"""[[-0.]]""","""[[-0.]]""",NA,NA,NA,NA,NA,NA,NA
1927,39.248504638671875,"""[39.58465]""","""[1.0031976]""",40.082862854003906,0.0008418093784712255,"""[[-0.]]""","""[[-0.]]""",NA,NA,NA,NA,NA,NA,NA
1928,45.71607208251953,"""[39.579845]""","""[1.002611]""",39.66532897949219,0.0010362841421738267,"""[[-0.]]""","""[[-0.]]""",NA,NA,NA,NA,NA,NA,NA
1929,50.689186096191406,"""[39.57563]""","""[1.0017307]""",40.21813201904297,0.0012054700637236238,"""[[-0.]]""","""[[-0.]]""",NA,NA,NA,NA,NA,NA,NA
1930,52.27058410644531,"""[39.574173]""","""[1.0004783]""",39.66141891479492,0.001261905999854207,"""[[-0.]]""","""[[-0.]]""",NA,NA,NA,NA,NA,NA,NA
1931,53.00782012939453,"""[39.57346]""","""[0.9992429]""",39.578304290771484,0.0012888492783531547,"""[[-0.]]""","""[[-0.]]""",NA,NA,NA,NA,NA,NA,NA
1932,53.83634948730469,"""[39.572655]""","""[0.998229]""",39.829010009765625,0.0013204036513343453,"""[[-0.]]""","""[[-0.]]""",NA,NA,NA,NA,NA,NA,NA
1933,52.83856201171875,"""[39.57357]""","""[0.9976704]""",39.98710632324219,0.0012826367747038603,"""[[-0.]]""","""[[-0.]]""",NA,NA,NA,NA,NA,NA,NA
1934,49.938072204589844,"""[39.576157]""","""[0.99719334]""",39.7163200378418,0.0011766520328819752,"""[[-0.]]""","""[[-0.]]""",NA,NA,NA,NA,NA,NA,NA
1935,46.38417053222656,"""[39.579124]""","""[0.99675786]""",39.623779296875,0.0010549749713391066,"""[[-0.]]""","""[[-0.]]""",NA,NA,NA,NA,NA,NA,NA
1936,44.384727478027344,"""[39.5807]""","""[0.9966772]""",39.60100173950195,0.0009902246529236436,"""[[-0.]]""","""[[-0.]]""",NA,NA,NA,NA,NA,NA,NA
1937,42.39982604980469,"""[39.582195]""","""[0.9969567]""",39.619163513183594,0.0009283109684474766,"""[[-0.]]""","""[[-0.]]""",NA,NA,NA,NA,NA,NA,NA
1938,41.700355529785156,"""[39.582687]""","""[0.9975936]""",39.628177642822266,0.0009065482299774885,"""[[-0.]]""","""[[-0.]]""",NA,NA,NA,NA,NA,NA,NA
1939,42.27873229980469,"""[39.582256]""","""[0.9982931]""",39.60747146606445,0.0009232291486114264,"""[[-0.]]""","""[[-0.]]""",NA,NA,NA,NA,NA,NA,NA
1940,42.46563720703125,"""[39.582108]""","""[0.9991955]""",39.75543212890625,0.0009284951374866068,"""[[-0.]]""","""[[-0.]]""",NA,NA,NA,NA,NA,NA,NA
1941,41.365928649902344,"""[39.5829]""","""[1.0001525]""",39.98810958862305,0.0008957315003499389,"""[[-0.]]""","""[[-0.]]""",NA,NA,NA,NA,NA,NA,NA
1942,43.32362365722656,"""[39.58145]""","""[1.0010176]""",39.83477020263672,0.0009552690316922963,"""[[-0.]]""","""[[-0.]]""",NA,NA,NA,NA,NA,NA,NA
1943,47.426177978515625,"""[39.57821]""","""[1.0014179]""",39.661014556884766,0.00108810025267303,"""[[-0.]]""","""[[-0.]]""",NA,NA,NA,NA,NA,NA,NA
1944,50.47439956665039,"""[39.575607]""","""[1.0017517]""",40.06991195678711,0.0011946031590923667,"""[[-0.]]""","""[[-0.]]""",NA,NA,NA,NA,NA,NA,NA
1945,50.90043640136719,"""[39.57522]""","""[1.0016754]""",40.6928825378418,0.0012097375001758337,"""[[-0.]]""","""[[-0.]]""",NA,NA,NA,NA,NA,NA,NA
1946,55.71998596191406,"""[39.57074]""","""[1.0011706]""",40.28966522216797,0.0013919121120125055,"""[[-0.]]""","""[[-0.]]""",NA,NA,NA,NA,NA,NA,NA
1947,57.2373046875,"""[39.56923]""","""[1.0007454]""",40.154441833496094,0.001452421653084457,"""[[-0.]]""","""[[-0.]]""",NA,NA,NA,NA,NA,NA,NA
1948,56.029632568359375,"""[39.5704]""","""[0.9998674]""",40.00112533569336,0.0014031418832018971,"""[[-0.]]""","""[[-0.]]""",NA,NA,NA,NA,NA,NA,NA
1949,52.7384033203125,"""[39.5735]""","""[0.99880195]""",40.17744064331055,0.001275583985261619,"""[[-0.]]""","""[[-0.]]""",NA,NA,NA,NA,NA,NA,NA
1950,46.90220642089844,"""[39.57856]""","""[0.9983571]""",40.04664611816406,0.00106865877751261,"""[[-0.]]""","""[[-0.]]""",NA,NA,NA,NA,NA,NA,NA
1951,39.31529235839844,"""[39.584248]""","""[0.9976162]""",39.59017562866211,0.0008361454238183796,"""[[-0.]]""","""[[-0.]]""",NA,NA,NA,NA,NA,NA,NA
1952,33.10899353027344,"""[39.588165]""","""[0.9971674]""",39.69315719604492,0.0006763369310647249,"""[[-0.]]""","""[[-0.]]""",NA,NA,NA,NA,NA,NA,NA
1953,29.077224731445312,"""[39.590347]""","""[0.9970345]""",39.701942443847656,0.0005869802553206682,"""[[-0.]]""","""[[-0.]]""",NA,NA,NA,NA,NA,NA,NA
1954,27.021041870117188,"""[39.59134]""","""[0.99722934]""",39.79594421386719,0.0005454999627545476,"""[[-0.]]""","""[[-0.]]""",NA,NA,NA,NA,NA,NA,NA
1955,27.08740234375,"""[39.591286]""","""[0.99783844]""",40.13496780395508,0.0005461197579279542,"""[[-0.]]""","""[[-0.]]""",NA,NA,NA,NA,NA,NA,NA
1956,30.320621490478516,"""[39.58964]""","""[0.9987901]""",39.6807975769043,0.0006117378361523151,"""[[-0.]]""","""[[-0.]]""",NA,NA,NA,NA,NA,NA,NA
1957,32.270416259765625,"""[39.588554]""","""[0.99977833]""",39.880035400390625,0.0006551182013936341,"""[[-0.]]""","""[[-0.]]""",NA,NA,NA,NA,NA,NA,NA
1958,32.06758117675781,"""[39.588642]""","""[1.0009696]""",39.620582580566406,0.000651031790766865,"""[[-0.]]""","""[[-0.]]""",NA,NA,NA,NA,NA,NA,NA
1959,32.83290100097656,"""[39.588196]""","""[1.0021024]""",39.59056854248047,0.0006699581281282008,"""[[-0.]]""","""[[-0.]]""",NA,NA,NA,NA,NA,NA,NA
1960,33.58689880371094,"""[39.587746]""","""[1.0030528]""",39.82389831542969,0.0006893460522405803,"""[[-0.]]""","""[[-0.]]""",NA,NA,NA,NA,NA,NA,NA
1961,32.543190002441406,"""[39.588337]""","""[1.0040206]""",39.905975341796875,0.0006668557762168348,"""[[-0.]]""","""[[-0.]]""",NA,NA,NA,NA,NA,NA,NA
1962,29.891632080078125,"""[39.589756]""","""[1.0049907]""",39.81962203979492,0.0006105114007368684,"""[[-0.]]""","""[[-0.]]""",NA,NA,NA,NA,NA,NA,NA
1963,25.802330017089844,"""[39.59172]""","""[1.005437]""",39.59296798706055,0.0005306913517415524,"""[[-0.]]""","""[[-0.]]""",NA,NA,NA,NA,NA,NA,NA
1964,22.444000244140625,"""[39.593117]""","""[1.005493]""",40.232505798339844,0.00047304783947765827,"""[[-0.]]""","""[[-0.]]""",NA,NA,NA,NA,NA,NA,NA
1965,22.29910659790039,"""[39.59316]""","""[1.0050853]""",40.049861907958984,0.00046947243390604854,"""[[-0.]]""","""[[-0.]]""",NA,NA,NA,NA,NA,NA,NA
1966,19.5987548828125,"""[39.59413]""","""[1.0041988]""",39.90130615234375,0.0004265391326043755,"""[[-0.]]""","""[[-0.]]""",NA,NA,NA,NA,NA,NA,NA
1967,19.59113311767578,"""[39.594124]""","""[1.003377]""",39.97258377075195,0.0004245262825861573,"""[[-0.]]""","""[[-0.]]""",NA,NA,NA,NA,NA,NA,NA
1968,22.281150817871094,"""[39.593136]""","""[1.0025544]""",39.62183380126953,0.00046327151358127594,"""[[-0.]]""","""[[-0.]]""",NA,NA,NA,NA,NA,NA,NA
1969,24.17693328857422,"""[39.59236]""","""[1.001779]""",39.70161437988281,0.0004936173791065812,"""[[-0.]]""","""[[-0.]]""",NA,NA,NA,NA,NA,NA,NA
1970,24.863563537597656,"""[39.592064]""","""[1.0010046]""",40.27079772949219,0.000504829571582377,"""[[-0.]]""","""[[-0.]]""",NA,NA,NA,NA,NA,NA,NA
1971,29.037220001220703,"""[39.5901]""","""[1.0003525]""",39.993186950683594,0.0005847003194503486,"""[[-0.]]""","""[[-0.]]""",NA,NA,NA,NA,NA,NA,NA
1972,35.512489318847656,"""[39.586452]""","""[0.99985176]""",39.58936309814453,0.000733571476303041,"""[[-0.]]""","""[[-0.]]""",NA,NA,NA,NA,NA,NA,NA
1973,41.399444580078125,"""[39.582504]""","""[0.99948597]""",40.01850128173828,0.0008948664180934429,"""[[-0.]]""","""[[-0.]]""",NA,NA,NA,NA,NA,NA,NA
1974,44.33552551269531,"""[39.580303]""","""[0.99954695]""",39.66285705566406,0.0009845956228673458,"""[[-0.]]""","""[[-0.]]""",NA,NA,NA,NA,NA,NA,NA
1975,46.21794891357422,"""[39.578808]""","""[0.99975413]""",39.78598403930664,0.0010454017901793122,"""[[-0.]]""","""[[-0.]]""",NA,NA,NA,NA,NA,NA,NA
1976,46.43115997314453,"""[39.578625]""","""[0.99998844]""",39.595027923583984,0.0010525751858949661,"""[[-0.]]""","""[[-0.]]""",NA,NA,NA,NA,NA,NA,NA
1977,46.50400161743164,"""[39.578552]""","""[1.0001879]""",40.048248291015625,0.001055123284459114,"""[[-0.]]""","""[[-0.]]""",NA,NA,NA,NA,NA,NA,NA
1978,49.80472183227539,"""[39.57578]""","""[1.0004519]""",39.633846282958984,0.0011685298522934318,"""[[-0.]]""","""[[-0.]]""",NA,NA,NA,NA,NA,NA,NA
1979,54.13829803466797,"""[39.571854]""","""[1.0009586]""",40.09376907348633,0.0013293891679495573,"""[[-0.]]""","""[[-0.]]""",NA,NA,NA,NA,NA,NA,NA
1980,55.55122375488281,"""[39.570496]""","""[1.0007772]""",39.83811569213867,0.0013844615314155817,"""[[-0.]]""","""[[-0.]]""",NA,NA,NA,NA,NA,NA,NA
1981,55.10190200805664,"""[39.570915]""","""[1.0008986]""",39.59628677368164,0.001366906799376011,"""[[-0.]]""","""[[-0.]]""",NA,NA,NA,NA,NA,NA,NA
1982,55.78563690185547,"""[39.570244]""","""[1.0009402]""",39.7435302734375,0.0013939904747530818,"""[[-0.]]""","""[[-0.]]""",NA,NA,NA,NA,NA,NA,NA
1983,58.664390563964844,"""[39.56737]""","""[1.0008897]""",40.01054000854492,0.0015113336266949773,"""[[-0.]]""","""[[-0.]]""",NA,NA,NA,NA,NA,NA,NA
1984,58.99568176269531,"""[39.567013]""","""[1.0007164]""",39.6221809387207,0.0015251184813678265,"""[[-0.]]""","""[[-0.]]""",NA,NA,NA,NA,NA,NA,NA
1985,60.59455871582031,"""[39.56533]""","""[1.000474]""",39.56898880004883,0.0015930909430608153,"""[[-0.]]""","""[[-0.]]""",NA,NA,NA,NA,NA,NA,NA
1986,62.29161834716797,"""[39.5635]""","""[1.0002531]""",40.132511138916016,0.0016672834753990173,"""[[-0.]]""","""[[-0.]]""",NA,NA,NA,NA,NA,NA,NA
1987,61.19178009033203,"""[39.564667]""","""[0.9998944]""",39.96775817871094,0.0016187499277293682,"""[[-0.]]""","""[[-0.]]""",NA,NA,NA,NA,NA,NA,NA
1988,58.16569519042969,"""[39.567806]""","""[1.000061]""",39.61900329589844,0.0014901625690981746,"""[[-0.]]""","""[[-0.]]""",NA,NA,NA,NA,NA,NA,NA
1989,56.81298065185547,"""[39.569145]""","""[1.0002432]""",39.89031219482422,0.0014348472468554974,"""[[-0.]]""","""[[-0.]]""",NA,NA,NA,NA,NA,NA,NA
1990,53.679954528808594,"""[39.57215]""","""[1.0007867]""",40.23003005981445,0.001311914762482047,"""[[-0.]]""","""[[-0.]]""",NA,NA,NA,NA,NA,NA,NA
1991,48.261802673339844,"""[39.576954]""","""[1.001334]""",39.64328384399414,0.001115697785280645,"""[[-0.]]""","""[[-0.]]""",NA,NA,NA,NA,NA,NA,NA
1992,44.83496856689453,"""[39.579716]""","""[1.0017436]""",40.290279388427734,0.0010025552473962307,"""[[-0.]]""","""[[-0.]]""",NA,NA,NA,NA,NA,NA,NA
1993,39.073036193847656,"""[39.583916]""","""[1.0021768]""",39.5966796875,0.0008309141267091036,"""[[-0.]]""","""[[-0.]]""",NA,NA,NA,NA,NA,NA,NA
1994,34.657989501953125,"""[39.58673]""","""[1.0024246]""",39.67793655395508,0.0007152783800847828,"""[[-0.]]""","""[[-0.]]""",NA,NA,NA,NA,NA,NA,NA
1995,32.12696075439453,"""[39.588192]""","""[1.0024195]""",39.59812545776367,0.0006549876416102052,"""[[-0.]]""","""[[-0.]]""",NA,NA,NA,NA,NA,NA,NA
1996,29.718185424804688,"""[39.58947]""","""[1.0023057]""",39.592430114746094,0.0006016488187015057,"""[[-0.]]""","""[[-0.]]""",NA,NA,NA,NA,NA,NA,NA
1997,27.580665588378906,"""[39.590527]""","""[1.0020441]""",39.59427261352539,0.0005575147806666791,"""[[-0.]]""","""[[-0.]]""",NA,NA,NA,NA,NA,NA,NA
1998,26.112594604492188,"""[39.591194]""","""[1.0016943]""",39.67023849487305,0.0005288649699650705,"""[[-0.]]""","""[[-0.]]""",NA,NA,NA,NA,NA,NA,NA
1999,26.0535888671875,"""[39.591213]""","""[1.0013735]""",39.98892593383789,0.0005273903370834887,"""[[-0.]]""","""[[-0.]]""",NA,NA,NA,NA,NA,NA,NA
