epoch,DE,E,I,loss,mse_odd_even_sol,y0,yL,val_DE,val_E,val_I,val_loss,val_mse_odd_even_sol,val_y0,val_yL
0,1.1820683312180336e-06,"""[0.69810134]""","""[0.0014072057]""",1.0054329633712769,1.0014071464538574,"""[[0.06420352]]""","""[[-0.06420352]]""",NA,NA,NA,NA,NA,NA,NA
1,1.0751150512078311e-06,"""[0.72552085]""","""[0.0011367097]""",1.0043818950653076,1.0011366605758667,"""[[0.05767562]]""","""[[-0.05767558]]""",NA,NA,NA,NA,NA,NA,NA
2,9.734920922710444e-07,"""[0.76003313]""","""[0.00089608296]""",1.0034476518630981,1.0008940696716309,"""[[0.05117562]]""","""[[-0.05117797]]""",NA,NA,NA,NA,NA,NA,NA
3,8.876752417563694e-07,"""[0.80455124]""","""[0.0006857018]""",1.0026319026947021,1.0004305839538574,"""[[0.04487203]]""","""[[-0.04459118]]""",NA,NA,NA,NA,NA,NA,NA
4,1.540241100883577e-06,"""[0.8616047]""","""[0.00050683547]""",1.0019348859786987,0.9984468221664429,"""[[0.03723605]]""","""[[-0.03949963]]""",NA,NA,NA,NA,NA,NA,NA
5,7.007218414400995e-07,"""[0.944434]""","""[0.0003553018]""",1.0013535022735596,1.0002158880233765,"""[[0.03219491]]""","""[[-0.03204242]]""",NA,NA,NA,NA,NA,NA,NA
6,1.5577180647596833e-06,"""[1.0565556]""","""[0.00023524511]""",1.0008875131607056,0.9983904361724854,"""[[0.02703536]]""","""[[-0.0250093]]""",NA,NA,NA,NA,NA,NA,NA
7,7.843925686756847e-07,"""[1.2383769]""","""[0.00014116526]""",1.0005288124084473,0.9993392825126648,"""[[0.02056503]]""","""[[-0.0196822]]""",NA,NA,NA,NA,NA,NA,NA
8,1.1058978088840377e-06,"""[1.5399864]""","""[7.407671e-05]""",1.000272512435913,0.9990081787109375,"""[[0.0138894]]""","""[[-0.01505559]]""",NA,NA,NA,NA,NA,NA,NA
9,9.331940873380518e-07,"""[2.1661625]""","""[3.0147754e-05]""",1.0001074075698853,0.9993188381195068,"""[[0.0087354]]""","""[[-0.00951334]]""",NA,NA,NA,NA,NA,NA,NA
10,5.428845724964049e-06,"""[3.936504]""","""[6.9902308e-06]""",1.0000263452529907,0.9989467859268188,"""[[0.00472025]]""","""[[-0.00355526]]""",NA,NA,NA,NA,NA,NA,NA
11,8.835456537781283e-05,"""[-3.709248]""","""[1.5213931e-07]""",1.0000885725021362,0.9993376731872559,"""[[-0.00077362]]""","""[[4.815314e-05]]""",NA,NA,NA,NA,NA,NA,NA
12,3.2988295970426407e-06,"""[-3.0160363]""","""[7.324653e-06]""",1.0000364780426025,0.9991629123687744,"""[[-0.0053331]]""","""[[0.00440591]]""",NA,NA,NA,NA,NA,NA,NA
13,7.056425488372042e-07,"""[-1.4808226]""","""[2.4354653e-05]""",1.0001059770584106,0.9999166131019592,"""[[-0.00883313]]""","""[[0.00871186]]""",NA,NA,NA,NA,NA,NA,NA
14,7.000853656791151e-07,"""[-0.9406707]""","""[4.703058e-05]""",1.0001980066299438,0.9994640946388245,"""[[-0.01174919]]""","""[[0.01238385]]""",NA,NA,NA,NA,NA,NA,NA
15,7.838372653168335e-07,"""[-0.68236357]""","""[7.091851e-05]""",1.000293493270874,0.9989354014396667,"""[[-0.01410766]]""","""[[0.01534688]]""",NA,NA,NA,NA,NA,NA,NA
16,8.24357073270221e-07,"""[-0.5415321]""","""[9.24012e-05]""",1.0003784894943237,0.9985345602035522,"""[[-0.01589818]]""","""[[0.01759964]]""",NA,NA,NA,NA,NA,NA,NA
17,8.438314580416773e-07,"""[-0.46224818]""","""[0.00010892763]""",1.0004433393478394,0.9982388019561768,"""[[-0.01712233]]""","""[[0.01916542]]""",NA,NA,NA,NA,NA,NA,NA
18,8.623548524155922e-07,"""[-0.42112592]""","""[0.00011904253]""",1.0004829168319702,0.9980300068855286,"""[[-0.01779931]]""","""[[0.02008225]]""",NA,NA,NA,NA,NA,NA,NA
19,8.906768016458955e-07,"""[-0.4074192]""","""[0.00012228951]""",1.0004950761795044,0.9978955984115601,"""[[-0.01796448]]""","""[[0.02039826]]""",NA,NA,NA,NA,NA,NA,NA
20,9.337782671536843e-07,"""[-0.416429]""","""[0.00011903005]""",1.0004817247390747,0.9978291988372803,"""[[-0.01766533]]""","""[[0.02016848]]""",NA,NA,NA,NA,NA,NA,NA
21,9.927799737852183e-07,"""[-0.44708514]""","""[0.000110227134]""",1.0004465579986572,0.9978297352790833,"""[[-0.01695845]]""","""[[0.01945182]]""",NA,NA,NA,NA,NA,NA,NA
22,1.0642736469890224e-06,"""[-0.50125486]""","""[9.7220625e-05]""",1.0003949403762817,0.9979013800621033,"""[[-0.01590673]]""","""[[0.01830802]]""",NA,NA,NA,NA,NA,NA,NA
23,1.1369201047273236e-06,"""[-0.584095]""","""[8.152836e-05]""",1.0003325939178467,0.9980533719062805,"""[[-0.01457769]]""","""[[0.01679605]]""",NA,NA,NA,NA,NA,NA,NA
24,1.1845171457025572e-06,"""[-0.70560545]""","""[6.4680156e-05]""",1.0002660751342773,0.9982999563217163,"""[[-0.01304186]]""","""[[0.01497225]]""",NA,NA,NA,NA,NA,NA,NA
25,1.157223437076027e-06,"""[-0.88427037]""","""[4.8093072e-05]""",1.0002003908157349,0.9986599087715149,"""[[-0.01137128]]""","""[[0.01289014]]""",NA,NA,NA,NA,NA,NA,NA
26,9.904134685712052e-07,"""[-1.1551279]""","""[3.299068e-05]""",1.0001403093338013,0.9991504549980164,"""[[-0.00963607]]""","""[[0.01060206]]""",NA,NA,NA,NA,NA,NA,NA
27,7.366020895460679e-07,"""[-1.5873668]""","""[2.0353891e-05]""",1.000089168548584,0.9997684955596924,"""[[-0.00789319]]""","""[[0.00816916]]""",NA,NA,NA,NA,NA,NA,NA
28,1.157432961917948e-06,"""[-2.323183]""","""[1.0837429e-05]""",1.0000497102737427,0.9995996952056885,"""[[-0.00614765]]""","""[[0.00569812]]""",NA,NA,NA,NA,NA,NA,NA
29,3.6654137147706933e-06,"""[-3.7811558]""","""[4.477257e-06]""",1.000024676322937,0.9992969632148743,"""[[-0.00423551]]""","""[[0.0034622]]""",NA,NA,NA,NA,NA,NA,NA
30,4.403603270475287e-06,"""[-8.948196]""","""[8.915336e-07]""",1.0000096559524536,0.9997498989105225,"""[[-0.00173295]]""","""[[0.00201231]]""",NA,NA,NA,NA,NA,NA,NA
31,7.68491008784622e-05,"""[5.4122887]""","""[2.3088992e-07]""",1.0000767707824707,0.9991849660873413,"""[[-0.00050649]]""","""[[-0.00038403]]""",NA,NA,NA,NA,NA,NA,NA
32,9.307409065684169e-09,"""[7.0442195]""","""[1.8768972e-06]""",1.0000050067901611,0.9999709129333496,"""[[0.00205863]]""","""[[-0.00208651]]""",NA,NA,NA,NA,NA,NA,NA
33,2.9255595563881798e-06,"""[3.9775705]""","""[6.26269e-06]""",1.0000221729278564,0.9992483258247375,"""[[0.0043829]]""","""[[-0.00354329]]""",NA,NA,NA,NA,NA,NA,NA
34,1.409695869369898e-06,"""[3.0354748]""","""[1.1777277e-05]""",1.0000406503677368,0.9993520975112915,"""[[0.00595666]]""","""[[-0.00522421]]""",NA,NA,NA,NA,NA,NA,NA
35,2.9286539415807056e-07,"""[2.5751]""","""[1.7536788e-05]""",1.0000611543655396,0.999843418598175,"""[[0.00702306]]""","""[[-0.00682342]]""",NA,NA,NA,NA,NA,NA,NA
36,3.9775608229319914e-07,"""[2.3024907]""","""[2.2889817e-05]""",1.000080943107605,0.9996693134307861,"""[[0.0077555]]""","""[[-0.00813504]]""",NA,NA,NA,NA,NA,NA,NA
37,8.757695013628108e-07,"""[2.141917]""","""[2.7119033e-05]""",1.0000967979431152,0.9992979168891907,"""[[0.00825804]]""","""[[-0.00904962]]""",NA,NA,NA,NA,NA,NA,NA
38,1.0920103932221537e-06,"""[2.0614707]""","""[2.9668961e-05]""",1.0001062154769897,0.9991560578346252,"""[[0.00858106]]""","""[[-0.00953073]]""",NA,NA,NA,NA,NA,NA,NA
39,9.092715345104807e-07,"""[2.04278]""","""[3.032004e-05]""",1.0001085996627808,0.9992454051971436,"""[[0.00874043]]""","""[[-0.00959184]]""",NA,NA,NA,NA,NA,NA,NA
40,5.280180630506948e-07,"""[2.0747232]""","""[2.9190793e-05]""",1.0001044273376465,0.9995176792144775,"""[[0.00873025]]""","""[[-0.0092803]]""",NA,NA,NA,NA,NA,NA,NA
41,2.739090518844023e-07,"""[2.1520004]""","""[2.6626523e-05]""",1.0000948905944824,0.9998890161514282,"""[[0.00853072]]""","""[[-0.00866922]]""",NA,NA,NA,NA,NA,NA,NA
42,3.6191653407513513e-07,"""[2.2767503]""","""[2.3054143e-05]""",1.0000816583633423,0.9997970461845398,"""[[0.0081125]]""","""[[-0.00785067]]""",NA,NA,NA,NA,NA,NA,NA
43,6.728686230417225e-07,"""[2.4639704]""","""[1.887524e-05]""",1.0000661611557007,0.9995601773262024,"""[[0.00744506]]""","""[[-0.00692688]]""",NA,NA,NA,NA,NA,NA,NA
44,7.482466912733798e-07,"""[2.749518]""","""[1.4457916e-05]""",1.0000500679016113,0.9995556473731995,"""[[0.0065112]]""","""[[-0.00599233]]""",NA,NA,NA,NA,NA,NA,NA
45,3.130769528070232e-07,"""[3.1944432]""","""[1.020587e-05]""",1.0000344514846802,0.9998165369033813,"""[[0.00533223]]""","""[[-0.00510418]]""",NA,NA,NA,NA,NA,NA,NA
46,2.368630589444365e-07,"""[3.8781676]""","""[6.5485265e-06]""",1.0000211000442505,0.9997878074645996,"""[[0.00401066]]""","""[[-0.00423539]]""",NA,NA,NA,NA,NA,NA,NA
47,1.050377022693283e-06,"""[4.998845]""","""[3.682134e-06]""",1.0000118017196655,0.9996038675308228,"""[[0.00279265]]""","""[[-0.00321597]]""",NA,NA,NA,NA,NA,NA,NA
48,2.429165704143088e-07,"""[7.3669024]""","""[1.6106695e-06]""",1.0000041723251343,0.9999018907546997,"""[[0.00196708]]""","""[[-0.00184162]]""",NA,NA,NA,NA,NA,NA,NA
49,9.505700973022613e-07,"""[13.682923]""","""[4.3635288e-07]""",1.0000015497207642,0.9999304413795471,"""[[0.00089797]]""","""[[-0.00080475]]""",NA,NA,NA,NA,NA,NA,NA
50,7.532431482104585e-05,"""[2.8825216]""","""[3.5287906e-07]""",1.000075340270996,0.9989570379257202,"""[[-0.00066385]]""","""[[-0.00046484]]""",NA,NA,NA,NA,NA,NA,NA
51,7.129684672690928e-05,"""[-2.3160295]""","""[7.5740417e-07]""",1.0000718832015991,0.998493492603302,"""[[-0.00147721]]""","""[[-0.00015991]]""",NA,NA,NA,NA,NA,NA,NA
52,3.8988699088804424e-05,"""[-5.696988]""","""[9.914614e-07]""",1.000042200088501,0.9987217783927917,"""[[-0.00215181]]""","""[[0.00076466]]""",NA,NA,NA,NA,NA,NA,NA
53,1.3515162208932452e-05,"""[-4.9576354]""","""[2.1295753e-06]""",1.0000226497650146,0.9988707900047302,"""[[-0.00189369]]""","""[[0.00315158]]""",NA,NA,NA,NA,NA,NA,NA
54,1.4105856280366424e-05,"""[-3.1987753]""","""[4.585303e-06]""",1.0000317096710205,0.9982240200042725,"""[[-0.00253995]]""","""[[0.00451037]]""",NA,NA,NA,NA,NA,NA,NA
55,6.703607596136862e-06,"""[-2.7813575]""","""[6.4806495e-06]""",1.0000337362289429,0.9985384941101074,"""[[-0.00359123]]""","""[[0.00521903]]""",NA,NA,NA,NA,NA,NA,NA
56,1.5613591131113935e-06,"""[-2.5449343]""","""[8.027372e-06]""",1.0000375509262085,0.9993672370910645,"""[[-0.00473001]]""","""[[0.0054506]]""",NA,NA,NA,NA,NA,NA,NA
57,9.736232868817751e-07,"""[-2.3036847]""","""[9.476372e-06]""",1.0000433921813965,0.9997075796127319,"""[[-0.00569851]]""","""[[0.00538508]]""",NA,NA,NA,NA,NA,NA,NA
58,2.7041637622460257e-06,"""[-2.110801]""","""[1.0594057e-05]""",1.0000485181808472,0.9989500641822815,"""[[-0.00633315]]""","""[[0.00518765]]""",NA,NA,NA,NA,NA,NA,NA
59,4.341380190453492e-06,"""[-2.0265658]""","""[1.0957797e-05]""",1.0000501871109009,0.9985228180885315,"""[[-0.00657463]]""","""[[0.00495997]]""",NA,NA,NA,NA,NA,NA,NA
60,4.815783995582024e-06,"""[-2.0763438]""","""[1.0355284e-05]""",1.0000479221343994,0.9984686374664307,"""[[-0.00642505]]""","""[[0.00475151]]""",NA,NA,NA,NA,NA,NA,NA
61,3.826909960480407e-06,"""[-2.280774]""","""[8.906595e-06]""",1.0000419616699219,0.9987800121307373,"""[[-0.00591379]]""","""[[0.00458326]]""",NA,NA,NA,NA,NA,NA,NA
62,1.798517814677325e-06,"""[-2.6582298]""","""[7.017073e-06]""",1.0000333786010742,0.9994083642959595,"""[[-0.00508937]]""","""[[0.00444992]]""",NA,NA,NA,NA,NA,NA,NA
63,9.631388593334123e-07,"""[-3.1622007]""","""[5.2138143e-06]""",1.0000253915786743,0.9997972846031189,"""[[-0.00404727]]""","""[[0.00429261]]""",NA,NA,NA,NA,NA,NA,NA
64,4.179748430033214e-06,"""[-3.6891685]""","""[3.7513478e-06]""",1.0000213384628296,0.9991511702537537,"""[[-0.00300017]]""","""[[0.00395246]]""",NA,NA,NA,NA,NA,NA,NA
65,6.6871812123281416e-06,"""[-4.6508036]""","""[2.3518944e-06]""",1.0000176429748535,0.9991393089294434,"""[[-0.00226806]]""","""[[0.00323148]]""",NA,NA,NA,NA,NA,NA,NA
66,1.8048070842269226e-06,"""[-7.2374306]""","""[1.1076271e-06]""",1.0000078678131104,0.9999830722808838,"""[[-0.00205374]]""","""[[0.00204969]]""",NA,NA,NA,NA,NA,NA,NA
67,2.0451985619729385e-05,"""[-8.434458]""","""[5.8622555e-07]""",1.000023365020752,0.9992687106132507,"""[[-0.00174863]]""","""[[0.00096097]]""",NA,NA,NA,NA,NA,NA,NA
68,3.520585232763551e-05,"""[-7.961102]""","""[4.3816664e-07]""",1.0000368356704712,0.9991397261619568,"""[[-0.00053694]]""","""[[0.00149751]]""",NA,NA,NA,NA,NA,NA,NA
69,5.929088274569949e-06,"""[-12.18738]""","""[3.7305028e-07]""",1.000008463859558,0.9997686147689819,"""[[-0.0011246]]""","""[[0.00139475]]""",NA,NA,NA,NA,NA,NA,NA
70,3.2866551919141784e-05,"""[-4.697146]""","""[1.2092029e-06]""",1.000036597251892,0.9985793828964233,"""[[-0.00232952]]""","""[[0.00078426]]""",NA,NA,NA,NA,NA,NA,NA
71,2.8116446628700942e-05,"""[-3.618935]""","""[2.1805229e-06]""",1.0000345706939697,0.9981980919837952,"""[[-0.00309051]]""","""[[0.00112502]]""",NA,NA,NA,NA,NA,NA,NA
72,1.2762858204951044e-05,"""[-3.8700125]""","""[2.7127912e-06]""",1.000023603439331,0.998653769493103,"""[[-0.00349526]]""","""[[0.00202864]]""",NA,NA,NA,NA,NA,NA,NA
73,1.359644670628768e-06,"""[-3.8414242]""","""[3.3235415e-06]""",1.0000172853469849,0.999733567237854,"""[[-0.00350232]]""","""[[0.00321952]]""",NA,NA,NA,NA,NA,NA,NA
74,3.178258111802279e-06,"""[-3.173886]""","""[4.469625e-06]""",1.0000232458114624,0.9991536140441895,"""[[-0.00330562]]""","""[[0.00425218]]""",NA,NA,NA,NA,NA,NA,NA
75,7.266049578902312e-06,"""[-2.640299]""","""[5.6523945e-06]""",1.0000299215316772,0.9984184503555298,"""[[-0.00315473]]""","""[[0.0049089]]""",NA,NA,NA,NA,NA,NA,NA
76,8.859616173140239e-06,"""[-2.4183533]""","""[6.2869076e-06]""",1.0000330209732056,0.9981217980384827,"""[[-0.00311206]]""","""[[0.00519225]]""",NA,NA,NA,NA,NA,NA,NA
77,8.006523785297759e-06,"""[-2.4457517]""","""[6.1839078e-06]""",1.0000320672988892,0.9982231259346008,"""[[-0.00317066]]""","""[[0.0051395]]""",NA,NA,NA,NA,NA,NA,NA
78,5.251603852229891e-06,"""[-2.6871078]""","""[5.470915e-06]""",1.000028133392334,0.9986719489097595,"""[[-0.00330804]]""","""[[0.00478355]]""",NA,NA,NA,NA,NA,NA,NA
79,1.8464511413185392e-06,"""[-3.1011803]""","""[4.4792855e-06]""",1.000022292137146,0.9993974566459656,"""[[-0.00348245]]""","""[[0.00416088]]""",NA,NA,NA,NA,NA,NA,NA
80,1.1083753861385048e-06,"""[-3.5204353]""","""[3.586252e-06]""",1.0000181198120117,0.9997642636299133,"""[[-0.00360106]]""","""[[0.00335068]]""",NA,NA,NA,NA,NA,NA,NA
81,5.217189936956856e-06,"""[-3.779561]""","""[2.8962586e-06]""",1.0000181198120117,0.9991086721420288,"""[[-0.00351026]]""","""[[0.00254146]]""",NA,NA,NA,NA,NA,NA,NA
82,8.899836757336743e-06,"""[-4.2545004]""","""[2.1473256e-06]""",1.0000182390213013,0.9989622235298157,"""[[-0.00310563]]""","""[[0.0019771]]""",NA,NA,NA,NA,NA,NA,NA
83,4.835611434828024e-06,"""[-5.888266]""","""[1.26857e-06]""",1.0000112056732178,0.9994732737541199,"""[[-0.0023755]]""","""[[0.00180913]]""",NA,NA,NA,NA,NA,NA,NA
84,7.249121154018212e-06,"""[-7.3089204]""","""[7.9714226e-07]""",1.0000114440917969,0.9994518160820007,"""[[-0.00135339]]""","""[[0.00196922]]""",NA,NA,NA,NA,NA,NA,NA
85,1.1905756764463149e-05,"""[-8.578991]""","""[5.245229e-07]""",1.0000145435333252,0.999416708946228,"""[[-0.00100146]]""","""[[0.00165553]]""",NA,NA,NA,NA,NA,NA,NA
86,1.6866753867361695e-05,"""[-8.324527]""","""[4.8314996e-07]""",1.0000190734863281,0.9993290901184082,"""[[-0.0015862]]""","""[[0.00086188]]""",NA,NA,NA,NA,NA,NA,NA
87,6.102586212364258e-06,"""[-8.908063]""","""[5.4087417e-07]""",1.0000091791152954,0.9996244311332703,"""[[-0.00162737]]""","""[[0.00122722]]""",NA,NA,NA,NA,NA,NA,NA
88,1.0614982784318272e-05,"""[-6.421015]""","""[8.9651024e-07]""",1.0000147819519043,0.999243974685669,"""[[-0.00125102]]""","""[[0.00209489]]""",NA,NA,NA,NA,NA,NA,NA
89,9.53534254222177e-06,"""[-5.227028]""","""[1.32935e-06]""",1.000015377998352,0.9991060495376587,"""[[-0.00150531]]""","""[[0.00250112]]""",NA,NA,NA,NA,NA,NA,NA
90,1.9538033484423067e-06,"""[-5.1621075]""","""[1.581558e-06]""",1.0000098943710327,0.9996604323387146,"""[[-0.00215809]]""","""[[0.00254569]]""",NA,NA,NA,NA,NA,NA,NA
91,2.180599040002562e-06,"""[-4.559772]""","""[1.9533538e-06]""",1.000011682510376,0.9995980262756348,"""[[-0.0028013]]""","""[[0.00237108]]""",NA,NA,NA,NA,NA,NA,NA
92,4.9878931349667255e-06,"""[-3.9977503]""","""[2.3104378e-06]""",1.000015377998352,0.9991782307624817,"""[[-0.00315205]]""","""[[0.00226069]]""",NA,NA,NA,NA,NA,NA,NA
93,4.676313437812496e-06,"""[-3.9222548]""","""[2.3804075e-06]""",1.000015377998352,0.9991911053657532,"""[[-0.00318892]]""","""[[0.00231162]]""",NA,NA,NA,NA,NA,NA,NA
94,2.056244966297527e-06,"""[-4.220469]""","""[2.1827789e-06]""",1.0000125169754028,0.9995748996734619,"""[[-0.00294668]]""","""[[0.00249064]]""",NA,NA,NA,NA,NA,NA,NA
95,1.0001323289543507e-06,"""[-4.5578437]""","""[1.9217139e-06]""",1.00001060962677,0.9998500943183899,"""[[-0.00249898]]""","""[[0.00267845]]""",NA,NA,NA,NA,NA,NA,NA
96,3.528595470925211e-06,"""[-4.739682]""","""[1.679258e-06]""",1.000011682510376,0.9994050860404968,"""[[-0.00202825]]""","""[[0.00269607]]""",NA,NA,NA,NA,NA,NA,NA
97,4.654712483898038e-06,"""[-5.2839026]""","""[1.3277344e-06]""",1.0000110864639282,0.9993800520896912,"""[[-0.00174946]]""","""[[0.00244428]]""",NA,NA,NA,NA,NA,NA,NA
98,1.5431925248776679e-06,"""[-6.7133574]""","""[9.022313e-07]""",1.0000064373016357,0.999844491481781,"""[[-0.00173908]]""","""[[0.00192346]]""",NA,NA,NA,NA,NA,NA,NA
99,5.768988557974808e-06,"""[-7.5294924]""","""[6.5398893e-07]""",1.0000091791152954,0.9995511770248413,"""[[-0.00176679]]""","""[[0.00128593]]""",NA,NA,NA,NA,NA,NA,NA
100,3.9208762245834805e-06,"""[-9.6286545]""","""[4.2400632e-07]""",1.0000064373016357,0.9997537732124329,"""[[-0.00142465]]""","""[[0.00116655]]""",NA,NA,NA,NA,NA,NA,NA
101,1.3781840607407503e-05,"""[-8.646089]""","""[3.9683286e-07]""",1.0000157356262207,0.9994001984596252,"""[[-0.00078075]]""","""[[0.00145246]]""",NA,NA,NA,NA,NA,NA,NA
102,2.4979381123557687e-06,"""[-10.216112]""","""[3.8380708e-07]""",1.0000050067901611,0.9998655915260315,"""[[-0.00117534]]""","""[[0.00133607]]""",NA,NA,NA,NA,NA,NA,NA
103,1.0720104910433292e-05,"""[-7.2084823]""","""[5.9719235e-07]""",1.0000135898590088,0.9993557929992676,"""[[-0.0017254]]""","""[[0.0010301]]""",NA,NA,NA,NA,NA,NA,NA
104,4.225034444971243e-06,"""[-6.875802]""","""[7.656543e-07]""",1.0000081062316895,0.9995883107185364,"""[[-0.00187209]]""","""[[0.00143183]]""",NA,NA,NA,NA,NA,NA,NA
105,2.352053570575663e-06,"""[-6.0256615]""","""[1.0149514e-06]""",1.0000076293945312,0.9996616840362549,"""[[-0.00170802]]""","""[[0.00209312]]""",NA,NA,NA,NA,NA,NA,NA
106,5.103115199744934e-06,"""[-4.9791465]""","""[1.337676e-06]""",1.0000114440917969,0.9993040561676025,"""[[-0.00168345]]""","""[[0.00246149]]""",NA,NA,NA,NA,NA,NA,NA
107,3.233944198655081e-06,"""[-4.831461]""","""[1.4657263e-06]""",1.0000101327896118,0.9994430541992188,"""[[-0.00189742]]""","""[[0.00252308]]""",NA,NA,NA,NA,NA,NA,NA
108,9.019523190545442e-07,"""[-4.954431]""","""[1.4652938e-06]""",1.0000083446502686,0.9999144077301025,"""[[-0.00222305]]""","""[[0.00233123]]""",NA,NA,NA,NA,NA,NA,NA
109,2.1648074834956788e-06,"""[-4.8743587]""","""[1.4515595e-06]""",1.0000094175338745,0.9996159076690674,"""[[-0.00244101]]""","""[[0.00203037]]""",NA,NA,NA,NA,NA,NA,NA
110,3.6252949939807877e-06,"""[-4.963614]""","""[1.3417023e-06]""",1.0000100135803223,0.9994549751281738,"""[[-0.00241204]]""","""[[0.00182496]]""",NA,NA,NA,NA,NA,NA,NA
111,2.0685015442722943e-06,"""[-5.653311]""","""[1.0874946e-06]""",1.0000076293945312,0.999695360660553,"""[[-0.00212538]]""","""[[0.00180244]]""",NA,NA,NA,NA,NA,NA,NA
112,1.5498694665438961e-06,"""[-6.506085]""","""[8.4075464e-07]""",1.000006079673767,0.9998049139976501,"""[[-0.00164436]]""","""[[0.00187206]]""",NA,NA,NA,NA,NA,NA,NA
113,4.50858306066948e-06,"""[-7.1538606]""","""[6.466897e-07]""",1.0000078678131104,0.9995644092559814,"""[[-0.0012636]]""","""[[0.0017551]]""",NA,NA,NA,NA,NA,NA,NA
114,1.6264189071080182e-06,"""[-9.222659]""","""[4.266205e-07]""",1.0000042915344238,0.9999439716339111,"""[[-0.00127378]]""","""[[0.00134826]]""",NA,NA,NA,NA,NA,NA,NA
115,7.66078483138699e-06,"""[-9.662723]""","""[3.2802177e-07]""",1.0000094175338745,0.9996034502983093,"""[[-0.00130851]]""","""[[0.00088535]]""",NA,NA,NA,NA,NA,NA,NA
116,3.822213784587802e-06,"""[-10.953397]""","""[2.849709e-07]""",1.0000056028366089,0.9997804760932922,"""[[-0.00095224]]""","""[[0.00120613]]""",NA,NA,NA,NA,NA,NA,NA
117,2.1393025235738605e-06,"""[-10.790044]""","""[3.0397626e-07]""",1.0000041723251343,0.9999074339866638,"""[[-0.00107223]]""","""[[0.00118662]]""",NA,NA,NA,NA,NA,NA,NA
118,4.474548404687084e-06,"""[-9.5935135]""","""[3.543276e-07]""",1.0000066757202148,0.9997131824493408,"""[[-0.00132364]]""","""[[0.00102085]]""",NA,NA,NA,NA,NA,NA,NA
119,1.7375250536133535e-06,"""[-9.22943]""","""[4.073566e-07]""",1.0000041723251343,0.9999024868011475,"""[[-0.00121886]]""","""[[0.00133881]]""",NA,NA,NA,NA,NA,NA,NA
120,2.6513773718761513e-06,"""[-8.371328]""","""[4.7482123e-07]""",1.0000053644180298,0.9997570514678955,"""[[-0.00120702]]""","""[[0.00148663]]""",NA,NA,NA,NA,NA,NA,NA
121,1.4313382052932866e-06,"""[-8.217963]""","""[5.0386615e-07]""",1.0000044107437134,0.9999368190765381,"""[[-0.00143284]]""","""[[0.0013752]]""",NA,NA,NA,NA,NA,NA,NA
122,2.263854639750207e-06,"""[-7.9595556]""","""[5.193736e-07]""",1.0000051259994507,0.9997940063476562,"""[[-0.00151531]]""","""[[0.00130083]]""",NA,NA,NA,NA,NA,NA,NA
123,1.3193339327699505e-06,"""[-8.280068]""","""[4.906182e-07]""",1.0000042915344238,0.9999642968177795,"""[[-0.00136141]]""","""[[0.00141339]]""",NA,NA,NA,NA,NA,NA,NA
124,2.2949175217945594e-06,"""[-8.507088]""","""[4.5050484e-07]""",1.000004768371582,0.9997931718826294,"""[[-0.00119928]]""","""[[0.00143926]]""",NA,NA,NA,NA,NA,NA,NA
125,1.5117517477847287e-06,"""[-9.333064]""","""[3.828974e-07]""",1.0000039339065552,0.9999747276306152,"""[[-0.0012532]]""","""[[0.00123722]]""",NA,NA,NA,NA,NA,NA,NA
126,2.512718992875307e-06,"""[-10.047707]""","""[3.2101843e-07]""",1.0000046491622925,0.9998456835746765,"""[[-0.00122227]]""","""[[0.00106451]]""",NA,NA,NA,NA,NA,NA,NA
127,2.895162879212876e-06,"""[-10.848286]""","""[2.7213576e-07]""",1.000004529953003,0.9998258948326111,"""[[-0.00095808]]""","""[[0.00116169]]""",NA,NA,NA,NA,NA,NA,NA
128,2.1105540781718446e-06,"""[-11.618024]""","""[2.420757e-07]""",1.000003695487976,0.9999390244483948,"""[[-0.00104943]]""","""[[0.00099431]]""",NA,NA,NA,NA,NA,NA,NA
129,2.023598881351063e-06,"""[-12.011965]""","""[2.2591824e-07]""",1.000003457069397,0.9999744296073914,"""[[-0.001002]]""","""[[0.00098581]]""",NA,NA,NA,NA,NA,NA,NA
130,2.742735659921891e-06,"""[-11.970558]""","""[2.2114682e-07]""",1.0000041723251343,0.999867856502533,"""[[-0.00089595]]""","""[[0.0010532]]""",NA,NA,NA,NA,NA,NA,NA
131,3.939477664971491e-06,"""[-11.117295]""","""[2.44097e-07]""",1.0000054836273193,0.9997851848602295,"""[[-0.00111283]]""","""[[0.00088865]]""",NA,NA,NA,NA,NA,NA,NA
132,3.0158894332998898e-06,"""[-9.939847]""","""[3.0884334e-07]""",1.0000048875808716,0.9997848272323608,"""[[-0.00098501]]""","""[[0.00123349]]""",NA,NA,NA,NA,NA,NA,NA
133,1.4012373412697343e-06,"""[-9.028842]""","""[3.8614795e-07]""",1.0000038146972656,0.9999516010284424,"""[[-0.00121143]]""","""[[0.00127694]]""",NA,NA,NA,NA,NA,NA,NA
134,2.089021108986344e-06,"""[-8.122086]""","""[4.593715e-07]""",1.000004768371582,0.9998104572296143,"""[[-0.00142661]]""","""[[0.00122998]]""",NA,NA,NA,NA,NA,NA,NA
135,1.2224594456711202e-06,"""[-7.9112363]""","""[4.9173866e-07]""",1.0000040531158447,0.9999553561210632,"""[[-0.00140032]]""","""[[0.00136263]]""",NA,NA,NA,NA,NA,NA,NA
136,1.7194969359479728e-06,"""[-7.7752213]""","""[4.9732444e-07]""",1.000004529953003,0.9998195767402649,"""[[-0.00127056]]""","""[[0.00148106]]""",NA,NA,NA,NA,NA,NA,NA
137,1.3657349882123526e-06,"""[-8.130502]""","""[4.5853443e-07]""",1.0000039339065552,0.9998986124992371,"""[[-0.00127334]]""","""[[0.00139706]]""",NA,NA,NA,NA,NA,NA,NA
138,1.791335193956911e-06,"""[-8.648536]""","""[3.9978414e-07]""",1.0000041723251343,0.9998637437820435,"""[[-0.00132283]]""","""[[0.00118447]]""",NA,NA,NA,NA,NA,NA,NA
139,1.5235335695251706e-06,"""[-9.629197]""","""[3.2614602e-07]""",1.000003695487976,0.9999493956565857,"""[[-0.00117578]]""","""[[0.00113163]]""",NA,NA,NA,NA,NA,NA,NA
140,2.6951422569254646e-06,"""[-10.54276]""","""[2.6265607e-07]""",1.0000044107437134,0.9998224377632141,"""[[-0.0009323]]""","""[[0.00113917]]""",NA,NA,NA,NA,NA,NA,NA
141,2.701387074921513e-06,"""[-11.52778]""","""[2.1954361e-07]""",1.0000041723251343,0.9998626112937927,"""[[-0.00103506]]""","""[[0.00089549]]""",NA,NA,NA,NA,NA,NA,NA
142,2.2917602109373547e-06,"""[-11.941099]""","""[2.063487e-07]""",1.0000038146972656,0.9998959302902222,"""[[-0.00088066]]""","""[[0.00100696]]""",NA,NA,NA,NA,NA,NA,NA
143,2.006439444812713e-06,"""[-11.847205]""","""[2.0986343e-07]""",1.0000033378601074,0.9999387860298157,"""[[-0.00098244]]""","""[[0.00092668]]""",NA,NA,NA,NA,NA,NA,NA
144,1.8027873238679604e-06,"""[-11.515465]""","""[2.2151667e-07]""",1.0000032186508179,0.9999498724937439,"""[[-0.00094291]]""","""[[0.00100975]]""",NA,NA,NA,NA,NA,NA,NA
145,1.6590281575190602e-06,"""[-11.204277]""","""[2.3289903e-07]""",1.0000030994415283,0.9999909996986389,"""[[-0.0009974]]""","""[[0.00099878]]""",NA,NA,NA,NA,NA,NA,NA
146,1.6104987707876717e-06,"""[-11.00399]""","""[2.3979166e-07]""",1.0000033378601074,0.999992847442627,"""[[-0.00100824]]""","""[[0.00101155]]""",NA,NA,NA,NA,NA,NA,NA
147,1.6334871588696842e-06,"""[-10.943116]""","""[2.4049893e-07]""",1.0000032186508179,0.9999578595161438,"""[[-0.00098059]]""","""[[0.00103853]]""",NA,NA,NA,NA,NA,NA,NA
148,1.6474565427415655e-06,"""[-11.0256]""","""[2.3528311e-07]""",1.0000032186508179,0.9999688863754272,"""[[-0.00101182]]""","""[[0.00098886]]""",NA,NA,NA,NA,NA,NA,NA
149,1.6405871292590746e-06,"""[-11.209399]""","""[2.2639675e-07]""",1.0000032186508179,0.9999682903289795,"""[[-0.00096036]]""","""[[0.00100689]]""",NA,NA,NA,NA,NA,NA,NA
150,1.654025595598796e-06,"""[-11.472516]""","""[2.1490905e-07]""",1.0000030994415283,0.9999997019767761,"""[[-0.00095704]]""","""[[0.00096796]]""",NA,NA,NA,NA,NA,NA,NA
151,1.7005670542857843e-06,"""[-11.759186]""","""[2.0319752e-07]""",1.0000029802322388,0.9999959468841553,"""[[-0.0009364]]""","""[[0.00094303]]""",NA,NA,NA,NA,NA,NA,NA
152,1.7662910067883786e-06,"""[-11.994034]""","""[1.9381672e-07]""",1.0000030994415283,0.9999669790267944,"""[[-0.00089626]]""","""[[0.0009441]]""",NA,NA,NA,NA,NA,NA,NA
153,1.8595491155792843e-06,"""[-12.082876]""","""[1.8913647e-07]""",1.0000032186508179,0.9999561309814453,"""[[-0.00092848]]""","""[[0.00089144]]""",NA,NA,NA,NA,NA,NA,NA
154,2.059583039226709e-06,"""[-11.864125]""","""[1.9323387e-07]""",1.0000033378601074,0.9999063611030579,"""[[-0.00085601]]""","""[[0.00097029]]""",NA,NA,NA,NA,NA,NA,NA
155,2.4200039661081973e-06,"""[-11.229777]""","""[2.1058297e-07]""",1.000003695487976,0.9998663067817688,"""[[-0.00100948]]""","""[[0.00087373]]""",NA,NA,NA,NA,NA,NA,NA
156,2.324331035197247e-06,"""[-10.296086]""","""[2.4782807e-07]""",1.0000038146972656,0.9998342394828796,"""[[-0.00090694]]""","""[[0.00110041]]""",NA,NA,NA,NA,NA,NA,NA
157,1.3666207223650417e-06,"""[-9.61825]""","""[2.8963288e-07]""",1.0000030994415283,0.9999555945396423,"""[[-0.00110636]]""","""[[0.00106837]]""",NA,NA,NA,NA,NA,NA,NA
158,1.4814202131674392e-06,"""[-9.039336]""","""[3.2244967e-07]""",1.000003457069397,0.9999046921730042,"""[[-0.00118192]]""","""[[0.00108804]]""",NA,NA,NA,NA,NA,NA,NA
159,1.3877602214051876e-06,"""[-8.858569]""","""[3.3383722e-07]""",1.0000033378601074,0.9998972415924072,"""[[-0.00108863]]""","""[[0.00121291]]""",NA,NA,NA,NA,NA,NA,NA
160,1.2680704912781948e-06,"""[-9.018525]""","""[3.216934e-07]""",1.0000033378601074,0.9999321699142456,"""[[-0.00109164]]""","""[[0.00117762]]""",NA,NA,NA,NA,NA,NA,NA
161,1.590489546288154e-06,"""[-9.388819]""","""[2.92479e-07]""",1.0000033378601074,0.9998961091041565,"""[[-0.00113731]]""","""[[0.00103392]]""",NA,NA,NA,NA,NA,NA,NA
162,1.3427625162876211e-06,"""[-10.150595]""","""[2.5238577e-07]""",1.0000028610229492,0.999973475933075,"""[[-0.00100302]]""","""[[0.00104348]]""",NA,NA,NA,NA,NA,NA,NA
163,1.7253422583962674e-06,"""[-11.017045]""","""[2.1127025e-07]""",1.0000029802322388,0.9999136924743652,"""[[-0.00089151]]""","""[[0.00099746]]""",NA,NA,NA,NA,NA,NA,NA
164,2.5929268758773105e-06,"""[-11.6562195]""","""[1.8224473e-07]""",1.0000038146972656,0.999858558177948,"""[[-0.00095158]]""","""[[0.00080696]]""",NA,NA,NA,NA,NA,NA,NA
165,3.774728156713536e-06,"""[-10.998403]""","""[1.933058e-07]""",1.0000051259994507,0.9997656941413879,"""[[-0.00074445]]""","""[[0.00101289]]""",NA,NA,NA,NA,NA,NA,NA
166,2.9507791623473167e-06,"""[-9.592537]""","""[2.572444e-07]""",1.0000046491622925,0.9997768998146057,"""[[-0.00112102]]""","""[[0.00088667]]""",NA,NA,NA,NA,NA,NA,NA
167,1.0744556675490458e-06,"""[-8.477171]""","""[3.4647968e-07]""",1.0000030994415283,0.9999780058860779,"""[[-0.001177]]""","""[[0.00116338]]""",NA,NA,NA,NA,NA,NA,NA
168,1.7473821571911685e-06,"""[-7.3753314]""","""[4.366764e-07]""",1.0000041723251343,0.9997765421867371,"""[[-0.0011457]]""","""[[0.00140234]]""",NA,NA,NA,NA,NA,NA,NA
169,1.0193672324021463e-06,"""[-7.1044736]""","""[4.7763365e-07]""",1.0000038146972656,0.9998930096626282,"""[[-0.00127741]]""","""[[0.00140621]]""",NA,NA,NA,NA,NA,NA,NA
170,1.22227083920734e-06,"""[-7.0166554]""","""[4.815735e-07]""",1.0000039339065552,0.9998600482940674,"""[[-0.00141506]]""","""[[0.00127171]]""",NA,NA,NA,NA,NA,NA,NA
171,1.3123394637659658e-06,"""[-7.3075876]""","""[4.4129146e-07]""",1.0000038146972656,0.9998546838760376,"""[[-0.00136527]]""","""[[0.00121605]]""",NA,NA,NA,NA,NA,NA,NA
172,1.118022510127048e-06,"""[-8.03274]""","""[3.6905573e-07]""",1.0000032186508179,0.9999063014984131,"""[[-0.00113929]]""","""[[0.00125334]]""",NA,NA,NA,NA,NA,NA,NA
173,1.6445279698018567e-06,"""[-9.020902]""","""[2.880139e-07]""",1.0000033378601074,0.9998504519462585,"""[[-0.00097821]]""","""[[0.0011535]]""",NA,NA,NA,NA,NA,NA,NA
174,2.0534694158413913e-06,"""[-10.3915205]""","""[2.1459665e-07]""",1.0000033378601074,0.9998621344566345,"""[[-0.00100927]]""","""[[0.00086832]]""",NA,NA,NA,NA,NA,NA,NA
175,1.6573222865190473e-06,"""[-11.973473]""","""[1.6473854e-07]""",1.0000027418136597,0.9999401569366455,"""[[-0.00080864]]""","""[[0.00088517]]""",NA,NA,NA,NA,NA,NA,NA
176,1.7170456203530193e-06,"""[-13.239591]""","""[1.3430697e-07]""",1.0000026226043701,0.9999889135360718,"""[[-0.00076864]]""","""[[0.00079167]]""",NA,NA,NA,NA,NA,NA,NA
177,2.1023840872658184e-06,"""[-13.710739]""","""[1.2261788e-07]""",1.0000029802322388,0.9999351501464844,"""[[-0.00077868]]""","""[[0.00071787]]""",NA,NA,NA,NA,NA,NA,NA
178,4.513703970587812e-06,"""[-11.527767]""","""[1.532735e-07]""",1.0000053644180298,0.9997501969337463,"""[[-0.0006356]]""","""[[0.00092066]]""",NA,NA,NA,NA,NA,NA,NA
179,5.355181656341301e-06,"""[-7.9025626]""","""[3.0010168e-07]""",1.000006914138794,0.9995885491371155,"""[[-0.00122883]]""","""[[0.00078717]]""",NA,NA,NA,NA,NA,NA,NA
180,1.6147614587680437e-06,"""[-6.4445314]""","""[5.1455476e-07]""",1.0000044107437134,0.9997627139091492,"""[[-0.00149026]]""","""[[0.00123949]]""",NA,NA,NA,NA,NA,NA,NA
181,1.0069049949379405e-06,"""[-5.237253]""","""[7.68589e-07]""",1.0000048875808716,0.9997777342796326,"""[[-0.00151693]]""","""[[0.00177212]]""",NA,NA,NA,NA,NA,NA,NA
182,1.9298856841487577e-06,"""[-4.4146075]""","""[1.0029712e-06]""",1.0000065565109253,0.9995318651199341,"""[[-0.00155199]]""","""[[0.00207733]]""",NA,NA,NA,NA,NA,NA,NA
183,1.5492172451558872e-06,"""[-4.233408]""","""[1.0894264e-06]""",1.0000066757202148,0.9995735883712769,"""[[-0.00165929]]""","""[[0.00213893]]""",NA,NA,NA,NA,NA,NA,NA
184,6.713450488859962e-07,"""[-4.4285674]""","""[1.0312186e-06]""",1.0000057220458984,0.9998316764831543,"""[[-0.00179122]]""","""[[0.00198757]]""",NA,NA,NA,NA,NA,NA,NA
185,7.628984235452663e-07,"""[-4.7499743]""","""[8.960608e-07]""",1.0000052452087402,0.9998474717140198,"""[[-0.00185033]]""","""[[0.00169238]]""",NA,NA,NA,NA,NA,NA,NA
186,1.7160989500553114e-06,"""[-5.247379]""","""[7.105023e-07]""",1.0000051259994507,0.9996708631515503,"""[[-0.00174018]]""","""[[0.00138845]]""",NA,NA,NA,NA,NA,NA,NA
187,1.3816377304465277e-06,"""[-6.5170584]""","""[4.776246e-07]""",1.0000039339065552,0.9997958540916443,"""[[-0.00142729]]""","""[[0.00121322]]""",NA,NA,NA,NA,NA,NA,NA
188,1.650318722568045e-06,"""[-8.422012]""","""[2.885367e-07]""",1.0000033378601074,0.9998182654380798,"""[[-0.00094759]]""","""[[0.00115796]]""",NA,NA,NA,NA,NA,NA,NA
189,2.4484647838107776e-06,"""[-11.305826]""","""[1.5705336e-07]""",1.000003457069397,0.9998345971107483,"""[[-0.00070967]]""","""[[0.00090189]]""",NA,NA,NA,NA,NA,NA,NA
190,1.0542677046032622e-05,"""[-8.898485]""","""[1.5330309e-07]""",1.0000110864639282,0.9995512366294861,"""[[-0.00090306]]""","""[[0.00042042]]""",NA,NA,NA,NA,NA,NA,NA
191,1.0292794740962563e-06,"""[-8.90821]""","""[2.589152e-07]""",1.0000026226043701,0.9999397993087769,"""[[-0.00097847]]""","""[[0.00105517]]""",NA,NA,NA,NA,NA,NA,NA
192,2.586306891316781e-06,"""[-5.997384]""","""[5.0277094e-07]""",1.0000052452087402,0.9996023774147034,"""[[-0.00107903]]""","""[[0.00152637]]""",NA,NA,NA,NA,NA,NA,NA
193,1.2397488262649858e-06,"""[-5.1300597]""","""[7.0685746e-07]""",1.000004768371582,0.9997093081474304,"""[[-0.00139787]]""","""[[0.00172812]]""",NA,NA,NA,NA,NA,NA,NA
194,5.226748953646165e-07,"""[-4.6982203]""","""[8.485288e-07]""",1.0000048875808716,0.9999786615371704,"""[[-0.00173509]]""","""[[0.00172097]]""",NA,NA,NA,NA,NA,NA,NA
195,1.065728042703995e-06,"""[-4.4108157]""","""[9.194041e-07]""",1.0000056028366089,0.9997209906578064,"""[[-0.00191946]]""","""[[0.00162235]]""",NA,NA,NA,NA,NA,NA,NA
196,1.3567561154559371e-06,"""[-4.482951]""","""[8.717812e-07]""",1.0000056028366089,0.9996626377105713,"""[[-0.0018965]]""","""[[0.00153544]]""",NA,NA,NA,NA,NA,NA,NA
197,8.363961114810081e-07,"""[-5.0410824]""","""[7.1361086e-07]""",1.000004529953003,0.9998254179954529,"""[[-0.00167616]]""","""[[0.0014939]]""",NA,NA,NA,NA,NA,NA,NA
198,7.355772027040075e-07,"""[-5.9463887]""","""[5.232901e-07]""",1.000003457069397,0.9998833537101746,"""[[-0.00131008]]""","""[[0.0014489]]""",NA,NA,NA,NA,NA,NA,NA
199,1.9272076769993873e-06,"""[-7.143038]""","""[3.471812e-07]""",1.0000038146972656,0.9997307658195496,"""[[-0.00096588]]""","""[[0.00127194]]""",NA,NA,NA,NA,NA,NA,NA
200,1.0220167041552486e-06,"""[-10.02354]""","""[1.887832e-07]""",1.0000022649765015,0.9999896287918091,"""[[-0.00087342]]""","""[[0.00089502]]""",NA,NA,NA,NA,NA,NA,NA
201,4.7361868382722605e-06,"""[-12.089923]""","""[1.06788036e-07]""",1.0000053644180298,0.9997650384902954,"""[[-0.00077395]]""","""[[0.00052573]]""",NA,NA,NA,NA,NA,NA,NA
202,1.0089974239235744e-05,"""[-6.7603946]""","""[2.1656592e-07]""",1.0000108480453491,0.9994250535964966,"""[[-0.00039515]]""","""[[0.00103663]]""",NA,NA,NA,NA,NA,NA,NA
203,4.239216650603339e-06,"""[-5.682428]""","""[4.484716e-07]""",1.0000061988830566,0.9994619488716125,"""[[-0.00086636]]""","""[[0.00146764]]""",NA,NA,NA,NA,NA,NA,NA
204,4.768933763443783e-07,"""[-4.671542]""","""[7.760626e-07]""",1.0000044107437134,0.9999994039535522,"""[[-0.00164626]]""","""[[0.00165804]]""",NA,NA,NA,NA,NA,NA,NA
205,1.4467057098954683e-06,"""[-3.504389]""","""[1.2243298e-06]""",1.000006914138794,0.9995275735855103,"""[[-0.00224064]]""","""[[0.0017309]]""",NA,NA,NA,NA,NA,NA,NA
206,2.1334185476007406e-06,"""[-2.94995]""","""[1.5765766e-06]""",1.0000089406967163,0.9992848038673401,"""[[-0.00257347]]""","""[[0.0017969]]""",NA,NA,NA,NA,NA,NA,NA
207,2.0543877781165065e-06,"""[-2.813258]""","""[1.6959068e-06]""",1.0000091791152954,0.9992650747299194,"""[[-0.00266189]]""","""[[0.00186341]]""",NA,NA,NA,NA,NA,NA,NA
208,1.4494802371700644e-06,"""[-2.9727597]""","""[1.5714276e-06]""",1.000008463859558,0.9994343519210815,"""[[-0.00252829]]""","""[[0.0019156]]""",NA,NA,NA,NA,NA,NA,NA
209,6.577590738743311e-07,"""[-3.397111]""","""[1.2802677e-06]""",1.0000066757202148,0.9997490048408508,"""[[-0.00219835]]""","""[[0.00193123]]""",NA,NA,NA,NA,NA,NA,NA
210,4.72285961450325e-07,"""[-4.0343475]""","""[9.396648e-07]""",1.0000050067901611,0.9998717308044434,"""[[-0.00171925]]""","""[[0.00187076]]""",NA,NA,NA,NA,NA,NA,NA
211,1.8011118072536192e-06,"""[-4.7939563]""","""[6.3071724e-07]""",1.0000046491622925,0.9995828866958618,"""[[-0.00120323]]""","""[[0.00167141]]""",NA,NA,NA,NA,NA,NA,NA
212,2.8444383133319207e-06,"""[-6.3260045]""","""[3.4995813e-07]""",1.000004529953003,0.9996047019958496,"""[[-0.0008519]]""","""[[0.00129563]]""",NA,NA,NA,NA,NA,NA,NA
213,1.2513869478425477e-06,"""[-10.249863]""","""[1.5211398e-07]""",1.000002145767212,0.9999114871025085,"""[[-0.00083672]]""","""[[0.00074848]]""",NA,NA,NA,NA,NA,NA,NA
214,5.192971912038047e-06,"""[-12.776431]""","""[7.574087e-08]""",1.0000057220458984,0.9997711777687073,"""[[-0.00066476]]""","""[[0.00042252]]""",NA,NA,NA,NA,NA,NA,NA
215,1.0850822036445606e-05,"""[-4.5804763]""","""[2.926314e-07]""",1.000011682510376,0.9992372989654541,"""[[-0.00027968]]""","""[[0.00112674]]""",NA,NA,NA,NA,NA,NA,NA
216,8.849851838022005e-06,"""[-2.938927]""","""[7.985079e-07]""",1.0000108480453491,0.9988183379173279,"""[[-0.00051607]]""","""[[0.00182391]]""",NA,NA,NA,NA,NA,NA,NA
217,5.4992601690173615e-06,"""[-2.5668228]""","""[1.3421298e-06]""",1.0000096559524536,0.9987499713897705,"""[[-0.00102963]]""","""[[0.00241351]]""",NA,NA,NA,NA,NA,NA,NA
218,2.769960019577411e-06,"""[-2.3715801]""","""[1.8329531e-06]""",1.000009536743164,0.9989399909973145,"""[[-0.0016339]]""","""[[0.00281016]]""",NA,NA,NA,NA,NA,NA,NA
219,1.095515358429111e-06,"""[-2.2434027]""","""[2.192437e-06]""",1.0000102519989014,0.9992935061454773,"""[[-0.00218512]]""","""[[0.0029742]]""",NA,NA,NA,NA,NA,NA,NA
220,3.5335477832632023e-07,"""[-2.182874]""","""[2.3513967e-06]""",1.0000108480453491,0.9997196793556213,"""[[-0.00258591]]""","""[[0.00290786]]""",NA,NA,NA,NA,NA,NA,NA
221,3.1039573400448717e-07,"""[-2.2027125]""","""[2.2768666e-06]""",1.00001060962677,0.9998635053634644,"""[[-0.00278439]]""","""[[0.00264424]]""",NA,NA,NA,NA,NA,NA,NA
222,8.000352522685716e-07,"""[-2.317495]""","""[1.9892605e-06]""",1.000009536743164,0.999510645866394,"""[[-0.00276517]]""","""[[0.00223837]]""",NA,NA,NA,NA,NA,NA,NA
223,1.6875600294952164e-06,"""[-2.559916]""","""[1.5525729e-06]""",1.0000081062316895,0.9992828369140625,"""[[-0.00253944]]""","""[[0.00176344]]""",NA,NA,NA,NA,NA,NA,NA
224,2.689931534405332e-06,"""[-3.0413697]""","""[1.0485958e-06]""",1.0000067949295044,0.9992342591285706,"""[[-0.0021365]]""","""[[0.00130781]]""",NA,NA,NA,NA,NA,NA,NA
225,2.966440888485522e-06,"""[-4.2144804]""","""[5.6157654e-07]""",1.0000053644180298,0.9994221329689026,"""[[-0.001594]]""","""[[0.00097234]]""",NA,NA,NA,NA,NA,NA,NA
226,7.560422545793699e-07,"""[-7.794941]""","""[2.0814093e-07]""",1.0000019073486328,0.9999215006828308,"""[[-0.00093267]]""","""[[0.00085977]]""",NA,NA,NA,NA,NA,NA,NA
227,9.029799912241288e-06,"""[-5.803073]""","""[1.4422159e-07]""",1.000009536743164,0.99946129322052,"""[[-0.00020844]]""","""[[0.0008137]]""",NA,NA,NA,NA,NA,NA,NA
228,8.13762926554773e-06,"""[-5.6736054]""","""[1.6650519e-07]""",1.0000085830688477,0.9994425773620605,"""[[-0.00025328]]""","""[[0.00087903]]""",NA,NA,NA,NA,NA,NA,NA
229,5.197532573220087e-07,"""[-6.9321737]""","""[2.482602e-07]""",1.0000017881393433,0.9999567270278931,"""[[-0.00093727]]""","""[[0.00099864]]""",NA,NA,NA,NA,NA,NA,NA
230,1.991782255572616e-06,"""[-4.2894464]""","""[5.238566e-07]""",1.0000042915344238,0.9995369911193848,"""[[-0.00152404]]""","""[[0.00102868]]""",NA,NA,NA,NA,NA,NA,NA
231,2.2214187538338592e-06,"""[-3.2801192]""","""[8.0961087e-07]""",1.0000056028366089,0.9993577003479004,"""[[-0.00187921]]""","""[[0.00118664]]""",NA,NA,NA,NA,NA,NA,NA
232,1.5304774478863692e-06,"""[-3.007366]""","""[9.77471e-07]""",1.000005841255188,0.9994238018989563,"""[[-0.00202995]]""","""[[0.00140977]]""",NA,NA,NA,NA,NA,NA,NA
233,7.149336056500033e-07,"""[-3.0307078]""","""[1.0098966e-06]""",1.0000052452087402,0.9996582269668579,"""[[-0.00198824]]""","""[[0.00162535]]""",NA,NA,NA,NA,NA,NA,NA
234,2.777288443667203e-07,"""[-3.1912105]""","""[9.3720587e-07]""",1.0000046491622925,0.9999790191650391,"""[[-0.00177848]]""","""[[0.00176756]]""",NA,NA,NA,NA,NA,NA,NA
235,5.371862243919168e-07,"""[-3.416587]""","""[7.986775e-07]""",1.0000042915344238,0.999716579914093,"""[[-0.00145718]]""","""[[0.00178217]]""",NA,NA,NA,NA,NA,NA,NA
236,1.3124964652888593e-06,"""[-3.7675884]""","""[6.1558035e-07]""",1.0000040531158447,0.999535083770752,"""[[-0.00111752]]""","""[[0.00164159]]""",NA,NA,NA,NA,NA,NA,NA
237,1.7291316680712043e-06,"""[-4.630299]""","""[3.995952e-07]""",1.000003457069397,0.9995688796043396,"""[[-0.00086678]]""","""[[0.00135342]]""",NA,NA,NA,NA,NA,NA,NA
238,6.640355536546849e-07,"""[-7.0285187]""","""[1.9939846e-07]""",1.0000017881393433,0.9998756647109985,"""[[-0.00078665]]""","""[[0.00093613]]""",NA,NA,NA,NA,NA,NA,NA
239,3.6373630791786127e-06,"""[-7.7882724]""","""[1.1744888e-07]""",1.0000042915344238,0.9996769428253174,"""[[-0.00077533]]""","""[[0.00043318]]""",NA,NA,NA,NA,NA,NA,NA
240,1.1758882010326488e-06,"""[-10.84095]""","""[8.027104e-08]""",1.0000016689300537,0.99989914894104,"""[[-0.00062657]]""","""[[0.00052854]]""",NA,NA,NA,NA,NA,NA,NA
241,5.133972535986686e-06,"""[-5.764456]""","""[1.5814263e-07]""",1.0000056028366089,0.9995108842849731,"""[[-0.00032235]]""","""[[0.00087242]]""",NA,NA,NA,NA,NA,NA,NA
242,3.2091809316625586e-06,"""[-4.793198]""","""[2.8487293e-07]""",1.0000042915344238,0.9994686841964722,"""[[-0.00056558]]""","""[[0.00116205]]""",NA,NA,NA,NA,NA,NA,NA
243,5.242853262643621e-07,"""[-4.4990582]""","""[4.2022825e-07]""",1.0000025033950806,0.9997991323471069,"""[[-0.00108049]]""","""[[0.0013145]]""",NA,NA,NA,NA,NA,NA,NA
244,5.131132070346212e-07,"""[-3.615208]""","""[6.110745e-07]""",1.000003457069397,0.9997891783714294,"""[[-0.00153801]]""","""[[0.00131911]]""",NA,NA,NA,NA,NA,NA,NA
245,1.1259865004831227e-06,"""[-3.0035338]""","""[7.797262e-07]""",1.000004529953003,0.9995162487030029,"""[[-0.00180507]]""","""[[0.00128634]]""",NA,NA,NA,NA,NA,NA,NA
246,1.3702659771297476e-06,"""[-2.8053033]""","""[8.3739235e-07]""",1.000004768371582,0.9994204640388489,"""[[-0.00188361]]""","""[[0.00125958]]""",NA,NA,NA,NA,NA,NA,NA
247,1.1936605233131559e-06,"""[-2.9560585]""","""[7.6435447e-07]""",1.0000044107437134,0.9994909763336182,"""[[-0.00179351]]""","""[[0.00124693]]""",NA,NA,NA,NA,NA,NA,NA
248,6.748409191459359e-07,"""[-3.4682534]""","""[5.996225e-07]""",1.000003457069397,0.9997081756591797,"""[[-0.00155242]]""","""[[0.00124424]]""",NA,NA,NA,NA,NA,NA,NA
249,2.7527784141057055e-07,"""[-4.3050933]""","""[4.1738036e-07]""",1.000002384185791,0.9999729990959167,"""[[-0.00118395]]""","""[[0.00122688]]""",NA,NA,NA,NA,NA,NA,NA
250,1.1299609923298704e-06,"""[-5.069274]""","""[2.7673343e-07]""",1.000002384185791,0.9996875524520874,"""[[-0.00076895]]""","""[[0.00112493]]""",NA,NA,NA,NA,NA,NA,NA
251,2.047429234153242e-06,"""[-6.34225]""","""[1.5942197e-07]""",1.0000027418136597,0.9996706247329712,"""[[-0.0005143]]""","""[[0.00088868]]""",NA,NA,NA,NA,NA,NA,NA
252,6.881347758280754e-07,"""[-10.083265]""","""[7.700774e-08]""",1.0000011920928955,0.9999448657035828,"""[[-0.00058886]]""","""[[0.0005406]]""",NA,NA,NA,NA,NA,NA,NA
253,2.649521320563508e-06,"""[-10.381169]""","""[5.4826916e-08]""",1.0000029802322388,0.999799370765686,"""[[-0.0005475]]""","""[[0.00033962]]""",NA,NA,NA,NA,NA,NA,NA
254,3.1322354061558144e-06,"""[-6.5184913]""","""[1.1983622e-07]""",1.0000035762786865,0.9996321201324463,"""[[-0.00036027]]""","""[[0.00077682]]""",NA,NA,NA,NA,NA,NA,NA
255,1.7228234128197073e-06,"""[-4.8209743]""","""[2.5479255e-07]""",1.0000027418136597,0.9995942711830139,"""[[-0.00063655]]""","""[[0.00109489]]""",NA,NA,NA,NA,NA,NA,NA
256,3.4754128819258767e-07,"""[-4.117426]""","""[3.9747607e-07]""",1.0000022649765015,0.9998465776443481,"""[[-0.00107279]]""","""[[0.00125426]]""",NA,NA,NA,NA,NA,NA,NA
257,3.3920630926331796e-07,"""[-3.404955]""","""[5.483824e-07]""",1.0000029802322388,0.9998552799224854,"""[[-0.0014286]]""","""[[0.00128167]]""",NA,NA,NA,NA,NA,NA,NA
258,6.701403094666603e-07,"""[-2.9883685]""","""[6.4956464e-07]""",1.0000035762786865,0.9996505975723267,"""[[-0.00161996]]""","""[[0.00124827]]""",NA,NA,NA,NA,NA,NA,NA
259,8.469970680380356e-07,"""[-2.9090452]""","""[6.529716e-07]""",1.000003695487976,0.9995777010917664,"""[[-0.00164405]]""","""[[0.0011923]]""",NA,NA,NA,NA,NA,NA,NA
260,7.657410492356576e-07,"""[-3.1719763]""","""[5.5755413e-07]""",1.0000033378601074,0.9996386766433716,"""[[-0.00151677]]""","""[[0.00113195]]""",NA,NA,NA,NA,NA,NA,NA
261,4.369362898160034e-07,"""[-3.8643005]""","""[4.0357838e-07]""",1.000002384185791,0.9998226761817932,"""[[-0.00125701]]""","""[[0.00107434]]""",NA,NA,NA,NA,NA,NA,NA
262,3.0647234439129534e-07,"""[-4.99196]""","""[2.539468e-07]""",1.0000015497207642,0.9999138712882996,"""[[-0.00089401]]""","""[[0.00100124]]""",NA,NA,NA,NA,NA,NA,NA
263,1.2893900702692918e-06,"""[-6.17962]""","""[1.4615242e-07]""",1.0000020265579224,0.9997305274009705,"""[[-0.00053391]]""","""[[0.00084224]]""",NA,NA,NA,NA,NA,NA,NA
264,9.405168839293765e-07,"""[-9.907892]""","""[6.196432e-08]""",1.000001311302185,0.9998781681060791,"""[[-0.00042024]]""","""[[0.00056631]]""",NA,NA,NA,NA,NA,NA,NA
265,4.63599963040906e-06,"""[-5.940535]""","""[6.933247e-08]""",1.0000048875808716,0.9996351599693298,"""[[-0.00056614]]""","""[[0.0001774]]""",NA,NA,NA,NA,NA,NA,NA
266,2.7500459509610664e-06,"""[-5.648083]""","""[1.2334736e-07]""",1.0000032186508179,0.9996270537376404,"""[[-0.00076968]]""","""[[0.0003719]]""",NA,NA,NA,NA,NA,NA,NA
267,2.6027456101473945e-07,"""[-5.121855]""","""[2.2367784e-07]""",1.000001311302185,0.9999818205833435,"""[[-0.00087891]]""","""[[0.00091079]]""",NA,NA,NA,NA,NA,NA,NA
268,7.39871950372617e-07,"""[-3.483557]""","""[4.1035403e-07]""",1.0000025033950806,0.9996305704116821,"""[[-0.00091574]]""","""[[0.00133339]]""",NA,NA,NA,NA,NA,NA,NA
269,1.0007139508161345e-06,"""[-2.765434]""","""[5.7773235e-07]""",1.0000032186508179,0.9994522929191589,"""[[-0.0009716]]""","""[[0.00158497]]""",NA,NA,NA,NA,NA,NA,NA
270,9.412243571205181e-07,"""[-2.552677]""","""[6.5536966e-07]""",1.0000035762786865,0.9994245171546936,"""[[-0.00103679]]""","""[[0.00168086]]""",NA,NA,NA,NA,NA,NA,NA
271,7.083552304720797e-07,"""[-2.641993]""","""[6.2864444e-07]""",1.0000032186508179,0.9995190501213074,"""[[-0.00109276]]""","""[[0.00163293]]""",NA,NA,NA,NA,NA,NA,NA
272,3.966963504353771e-07,"""[-2.9959378]""","""[5.2110624e-07]""",1.0000027418136597,0.9997103214263916,"""[[-0.00112352]]""","""[[0.00145365]]""",NA,NA,NA,NA,NA,NA,NA
273,1.986212794236053e-07,"""[-3.6117291]""","""[3.7928893e-07]""",1.0000020265579224,0.999961793422699,"""[[-0.00110927]]""","""[[0.00116341]]""",NA,NA,NA,NA,NA,NA,NA
274,5.278090497995436e-07,"""[-4.38494]""","""[2.485569e-07]""",1.0000017881393433,0.9998056292533875,"""[[-0.00101538]]""","""[[0.0008135]]""",NA,NA,NA,NA,NA,NA,NA
275,1.2295864735278883e-06,"""[-5.5284348]""","""[1.3985425e-07]""",1.0000017881393433,0.9997313618659973,"""[[-0.00080807]]""","""[[0.00052486]]""",NA,NA,NA,NA,NA,NA,NA
276,5.107544325255731e-07,"""[-9.658121]""","""[5.491747e-08]""",1.0000008344650269,0.9999495148658752,"""[[-0.0004962]]""","""[[0.00045265]]""",NA,NA,NA,NA,NA,NA,NA
277,3.869995452987496e-06,"""[-6.0722485]""","""[5.0805205e-08]""",1.0000039339065552,0.9996761083602905,"""[[-0.00011902]]""","""[[0.00048686]]""",NA,NA,NA,NA,NA,NA,NA
278,2.001125267270254e-06,"""[-6.690323]""","""[7.67498e-08]""",1.000002384185791,0.9997130036354065,"""[[-0.00029775]]""","""[[0.00062518]]""",NA,NA,NA,NA,NA,NA,NA
279,4.873120360571193e-07,"""[-5.2207174]""","""[1.6476606e-07]""",1.000001311302185,0.9998529553413391,"""[[-0.00083234]]""","""[[0.00068299]]""",NA,NA,NA,NA,NA,NA,NA
280,9.389602837472921e-07,"""[-3.3336978]""","""[3.3077268e-07]""",1.0000022649765015,0.9996092319488525,"""[[-0.00119867]]""","""[[0.00078151]]""",NA,NA,NA,NA,NA,NA,NA
281,8.54632844493608e-07,"""[-2.7274017]""","""[4.665942e-07]""",1.0000027418136597,0.9995463490486145,"""[[-0.00140871]]""","""[[0.00092231]]""",NA,NA,NA,NA,NA,NA,NA
282,5.988036946291686e-07,"""[-2.583357]""","""[5.278407e-07]""",1.0000027418136597,0.9996135830879211,"""[[-0.00147276]]""","""[[0.00105995]]""",NA,NA,NA,NA,NA,NA,NA
283,3.3206873695235117e-07,"""[-2.6877136]""","""[5.0951394e-07]""",1.0000025033950806,0.9997708797454834,"""[[-0.00139974]]""","""[[0.00115953]]""",NA,NA,NA,NA,NA,NA,NA
284,1.7068150270915794e-07,"""[-2.9785476]""","""[4.318897e-07]""",1.0000022649765015,0.9999778270721436,"""[[-0.00120721]]""","""[[0.00119418]]""",NA,NA,NA,NA,NA,NA,NA
285,2.6713752276918967e-07,"""[-3.418104]""","""[3.2664363e-07]""",1.0000017881393433,0.9998205304145813,"""[[-0.00093299]]""","""[[0.00114201]]""",NA,NA,NA,NA,NA,NA,NA
286,6.730435302415572e-07,"""[-4.0416207]""","""[2.1768511e-07]""",1.0000016689300537,0.9996996521949768,"""[[-0.00064706]]""","""[[0.00098869]]""",NA,NA,NA,NA,NA,NA,NA
287,9.254266615243978e-07,"""[-5.4923816]""","""[1.14548925e-07]""",1.0000015497207642,0.9997451305389404,"""[[-0.00045025]]""","""[[0.00074169]]""",NA,NA,NA,NA,NA,NA,NA
288,3.8919574762985576e-07,"""[-9.671436]""","""[4.3748763e-08]""",1.0000005960464478,0.9999717473983765,"""[[-0.00043498]]""","""[[0.00041535]]""",NA,NA,NA,NA,NA,NA,NA
289,2.2885492398927454e-06,"""[-9.974788]""","""[2.2954156e-08]""",1.000002384185791,0.9998278617858887,"""[[-0.00035611]]""","""[[0.00017836]]""",NA,NA,NA,NA,NA,NA,NA
290,1.6437353451692616e-06,"""[-6.0113354]""","""[7.3385706e-08]""",1.0000020265579224,0.9997127652168274,"""[[-0.00027758]]""","""[[0.00060447]]""",NA,NA,NA,NA,NA,NA,NA
291,9.897587460727664e-07,"""[-3.9330525]""","""[1.8905375e-07]""",1.0000016689300537,0.9996291995048523,"""[[-0.00051457]]""","""[[0.00093328]]""",NA,NA,NA,NA,NA,NA,NA
292,3.6373859302329947e-07,"""[-3.2222717]""","""[3.087147e-07]""",1.0000017881393433,0.9997379779815674,"""[[-0.00083765]]""","""[[0.0011373]]""",NA,NA,NA,NA,NA,NA,NA
293,1.5197844049907872e-07,"""[-2.7826562]""","""[4.0974479e-07]""",1.0000020265579224,0.9999204874038696,"""[[-0.00111361]]""","""[[0.00121304]]""",NA,NA,NA,NA,NA,NA,NA
294,1.7930506146512926e-07,"""[-2.5500631]""","""[4.6305234e-07]""",1.0000022649765015,0.9999025464057922,"""[[-0.00127924]]""","""[[0.00118349]]""",NA,NA,NA,NA,NA,NA,NA
295,2.945057531178463e-07,"""[-2.520376]""","""[4.5006246e-07]""",1.0000022649765015,0.9997722506523132,"""[[-0.00131684]]""","""[[0.00107812]]""",NA,NA,NA,NA,NA,NA,NA
296,4.177520054327033e-07,"""[-2.723035]""","""[3.7437883e-07]""",1.0000020265579224,0.9997133612632751,"""[[-0.00123167]]""","""[[0.00092841]]""",NA,NA,NA,NA,NA,NA,NA
297,4.7245868017853354e-07,"""[-3.2969384]""","""[2.5910322e-07]""",1.0000016689300537,0.9997431039810181,"""[[-0.00103897]]""","""[[0.00076847]]""",NA,NA,NA,NA,NA,NA,NA
298,3.3408284139113675e-07,"""[-4.6985984]""","""[1.3964527e-07]""",1.000001072883606,0.9998770356178284,"""[[-0.00075587]]""","""[[0.00063244]]""",NA,NA,NA,NA,NA,NA,NA
299,4.0924936683950364e-07,"""[-7.319569]""","""[5.8959255e-08]""",1.0000005960464478,0.999895453453064,"""[[-0.00040245]]""","""[[0.00052903]]""",NA,NA,NA,NA,NA,NA,NA
300,1.4154938980937004e-06,"""[-10.647407]""","""[2.0179225e-08]""",1.0000015497207642,0.9998588562011719,"""[[-0.00017731]]""","""[[0.00034397]]""",NA,NA,NA,NA,NA,NA,NA
301,2.4732964902796084e-06,"""[-4.4959273]""","""[5.5280275e-08]""",1.0000026226043701,0.9996662735939026,"""[[-0.00048772]]""","""[[0.00013275]]""",NA,NA,NA,NA,NA,NA,NA
302,1.949778607013286e-06,"""[-2.9209766]""","""[1.583283e-07]""",1.000002384185791,0.9994832873344421,"""[[-0.00081423]]""","""[[0.00025792]]""",NA,NA,NA,NA,NA,NA,NA
303,1.1343958021825529e-06,"""[-2.5980265]""","""[2.7211647e-07]""",1.0000020265579224,0.9994819164276123,"""[[-0.00108835]]""","""[[0.00053025]]""",NA,NA,NA,NA,NA,NA,NA
304,5.240896143732243e-07,"""[-2.3933618]""","""[3.7701597e-07]""",1.000002145767212,0.9996125102043152,"""[[-0.00125627]]""","""[[0.0008411]]""",NA,NA,NA,NA,NA,NA,NA
305,2.0707942383069167e-07,"""[-2.2416873]""","""[4.5245784e-07]""",1.000002145767212,0.9998165965080261,"""[[-0.00129767]]""","""[[0.00110616]]""",NA,NA,NA,NA,NA,NA,NA
306,1.1940178978875338e-07,"""[-2.1681376]""","""[4.793788e-07]""",1.000002384185791,0.9999611377716064,"""[[-0.00122097]]""","""[[0.00127438]]""",NA,NA,NA,NA,NA,NA,NA
307,1.911221971795385e-07,"""[-2.1896627]""","""[4.5078235e-07]""",1.000002145767212,0.9997607469558716,"""[[-0.00105196]]""","""[[0.00132496]]""",NA,NA,NA,NA,NA,NA,NA
308,3.812227475918917e-07,"""[-2.3191886]""","""[3.756702e-07]""",1.0000019073486328,0.9996160864830017,"""[[-0.00082832]]""","""[[0.00125996]]""",NA,NA,NA,NA,NA,NA,NA
309,6.452310685745033e-07,"""[-2.6029475]""","""[2.7309557e-07]""",1.0000015497207642,0.9995545148849487,"""[[-0.00059734]]""","""[[0.00109615]]""",NA,NA,NA,NA,NA,NA,NA
310,8.647184017718246e-07,"""[-3.2553265]""","""[1.6383693e-07]""",1.000001311302185,0.9996011257171631,"""[[-0.00041315]]""","""[[0.00086053]]""",NA,NA,NA,NA,NA,NA,NA
311,6.721002705489809e-07,"""[-5.3780766]""","""[6.9475824e-08]""",1.000001072883606,0.9997855424880981,"""[[-0.00033495]]""","""[[0.00057985]]""",NA,NA,NA,NA,NA,NA,NA
312,8.669077828926675e-07,"""[-7.4839935]""","""[3.3127197e-08]""",1.0000009536743164,0.9998453259468079,"""[[-0.00040937]]""","""[[0.00024882]]""",NA,NA,NA,NA,NA,NA,NA
313,1.0570968242973322e-06,"""[-7.257783]""","""[3.070994e-08]""",1.000001072883606,0.9998273253440857,"""[[-0.000395]]""","""[[0.00021455]]""",NA,NA,NA,NA,NA,NA,NA
314,4.6575513579227845e-07,"""[-6.5001063]""","""[4.8675343e-08]""",1.0000007152557373,0.9998592138290405,"""[[-0.00032402]]""","""[[0.00048781]]""",NA,NA,NA,NA,NA,NA,NA
315,5.399975862019346e-07,"""[-4.4945507]""","""[9.054124e-08]""",1.0000009536743164,0.9997678995132446,"""[[-0.00038642]]""","""[[0.00065064]]""",NA,NA,NA,NA,NA,NA,NA
316,2.592169892068341e-07,"""[-4.0405903]""","""[1.2039418e-07]""",1.0000007152557373,0.999839723110199,"""[[-0.00053485]]""","""[[0.00072027]]""",NA,NA,NA,NA,NA,NA,NA
317,1.3410055998974713e-07,"""[-3.7878368]""","""[1.3855696e-07]""",1.0000008344650269,0.9999873638153076,"""[[-0.000679]]""","""[[0.00070232]]""",NA,NA,NA,NA,NA,NA,NA
318,2.1400298066964751e-07,"""[-3.593696]""","""[1.4367834e-07]""",1.0000009536743164,0.9998825192451477,"""[[-0.00075246]]""","""[[0.0006326]]""",NA,NA,NA,NA,NA,NA,NA
319,3.0878354095875693e-07,"""[-3.677256]""","""[1.291273e-07]""",1.000001072883606,0.999828040599823,"""[[-0.00073562]]""","""[[0.00055595]]""",NA,NA,NA,NA,NA,NA,NA
320,2.7706639116331644e-07,"""[-4.30954]""","""[9.61835e-08]""",1.0000005960464478,0.9998710751533508,"""[[-0.0006344]]""","""[[0.00050217]]""",NA,NA,NA,NA,NA,NA,NA
321,1.601155048547298e-07,"""[-5.683349]""","""[5.973405e-08]""",1.0000004768371582,0.9999945759773254,"""[[-0.00046075]]""","""[[0.00047627]]""",NA,NA,NA,NA,NA,NA,NA
322,4.700091835729836e-07,"""[-6.8314486]""","""[3.5696004e-08]""",1.0000007152557373,0.9998659491539001,"""[[-0.00026711]]""","""[[0.00042368]]""",NA,NA,NA,NA,NA,NA,NA
323,3.01477967923347e-07,"""[-10.179572]""","""[1.7814514e-08]""",1.0000004768371582,0.9999536275863647,"""[[-0.00024113]]""","""[[0.00030134]]""",NA,NA,NA,NA,NA,NA,NA
324,1.2239136140124174e-06,"""[-6.663072]""","""[2.0629956e-08]""",1.000001311302185,0.9998221397399902,"""[[-0.00031929]]""","""[[0.00013316]]""",NA,NA,NA,NA,NA,NA,NA
325,3.346841594975558e-07,"""[-6.9255114]""","""[3.468777e-08]""",1.0000004768371582,0.9999133348464966,"""[[-0.00039895]]""","""[[0.00031292]]""",NA,NA,NA,NA,NA,NA,NA
326,3.0629212233179715e-07,"""[-4.674671]""","""[7.1409296e-08]""",1.0000007152557373,0.9998424053192139,"""[[-0.00038871]]""","""[[0.00057112]]""",NA,NA,NA,NA,NA,NA,NA
327,4.0394991174252937e-07,"""[-3.3804548]""","""[1.1844212e-07]""",1.0000008344650269,0.9997340440750122,"""[[-0.00042938]]""","""[[0.00073069]]""",NA,NA,NA,NA,NA,NA,NA
328,3.193249824562372e-07,"""[-3.0322566]""","""[1.4669915e-07]""",1.0000009536743164,0.9997387528419495,"""[[-0.00050664]]""","""[[0.00080284]]""",NA,NA,NA,NA,NA,NA,NA
329,1.9229571535106516e-07,"""[-3.068856]""","""[1.5023072e-07]""",1.0000007152557373,0.9998235106468201,"""[[-0.00058824]]""","""[[0.00079127]]""",NA,NA,NA,NA,NA,NA,NA
330,1.1647134101622214e-07,"""[-3.3012824]""","""[1.3439585e-07]""",1.0000007152557373,0.9999535083770752,"""[[-0.00064325]]""","""[[0.00070375]]""",NA,NA,NA,NA,NA,NA,NA
331,1.6336734631750005e-07,"""[-3.6387308]""","""[1.0783312e-07]""",1.0000007152557373,0.9999193549156189,"""[[-0.00064356]]""","""[[0.00056419]]""",NA,NA,NA,NA,NA,NA,NA
332,2.9884887453590636e-07,"""[-4.1861854]""","""[7.577522e-08]""",1.0000007152557373,0.9998523592948914,"""[[-0.00057251]]""","""[[0.00041967]]""",NA,NA,NA,NA,NA,NA,NA
333,3.040138949472748e-07,"""[-5.719301]""","""[4.1692118e-08]""",1.0000005960464478,0.9998965263366699,"""[[-0.00043255]]""","""[[0.00032818]]""",NA,NA,NA,NA,NA,NA,NA
334,2.93508009008292e-07,"""[-8.400826]""","""[1.9967107e-08]""",1.0000003576278687,0.9999282956123352,"""[[-0.00023074]]""","""[[0.00031881]]""",NA,NA,NA,NA,NA,NA,NA
335,4.432823459410429e-07,"""[-11.070891]""","""[1.0395246e-08]""",1.0000005960464478,0.9999308586120605,"""[[-0.00015993]]""","""[[0.00024534]]""",NA,NA,NA,NA,NA,NA,NA
336,1.0563919659034582e-06,"""[-4.9486885]""","""[2.5040421e-08]""",1.0000011920928955,0.9997909665107727,"""[[-0.00033781]]""","""[[0.00011748]]""",NA,NA,NA,NA,NA,NA,NA
337,7.121328167158936e-07,"""[-3.7660158]""","""[5.8321145e-08]""",1.0000008344650269,0.9997378587722778,"""[[-0.00051364]]""","""[[0.00023485]]""",NA,NA,NA,NA,NA,NA,NA
338,2.597506352230994e-07,"""[-3.4586883]""","""[9.489133e-08]""",1.0000005960464478,0.9998360276222229,"""[[-0.00063354]]""","""[[0.00046239]]""",NA,NA,NA,NA,NA,NA,NA
339,1.0379437043184225e-07,"""[-2.9448805]""","""[1.3616126e-07]""",1.0000008344650269,0.9999947547912598,"""[[-0.00066818]]""","""[[0.00068307]]""",NA,NA,NA,NA,NA,NA,NA
340,1.3972442047816003e-07,"""[-2.5138266]""","""[1.7082566e-07]""",1.0000008344650269,0.9998363256454468,"""[[-0.00063953]]""","""[[0.00082823]]""",NA,NA,NA,NA,NA,NA,NA
341,2.1899403179759247e-07,"""[-2.3014457]""","""[1.8356359e-07]""",1.000001072883606,0.9997267127037048,"""[[-0.00057446]]""","""[[0.00088347]]""",NA,NA,NA,NA,NA,NA,NA
342,2.905115081830445e-07,"""[-2.3101556]""","""[1.6869247e-07]""",1.0000009536743164,0.9996774792671204,"""[[-0.00049359]]""","""[[0.0008566]]""",NA,NA,NA,NA,NA,NA,NA
343,3.300074524759111e-07,"""[-2.5875583]""","""[1.311469e-07]""",1.0000008344650269,0.9996933937072754,"""[[-0.00041574]]""","""[[0.00076133]]""",NA,NA,NA,NA,NA,NA,NA
344,2.950774558030389e-07,"""[-3.3684447]""","""[8.276408e-08]""",1.0000005960464478,0.9997793436050415,"""[[-0.0003604]]""","""[[0.00061155]]""",NA,NA,NA,NA,NA,NA,NA
345,1.44491778542033e-07,"""[-5.2592845]""","""[4.0444174e-08]""",1.000000238418579,0.9999425411224365,"""[[-0.00034345]]""","""[[0.0004154]]""",NA,NA,NA,NA,NA,NA,NA
346,4.907855100100278e-07,"""[-6.0237107]""","""[2.2351408e-08]""",1.0000005960464478,0.9998643398284912,"""[[-0.00033029]]""","""[[0.00019011]]""",NA,NA,NA,NA,NA,NA,NA
347,5.528829092327214e-07,"""[-7.262695]""","""[1.4155218e-08]""",1.0000007152557373,0.9998841881752014,"""[[-0.0002687]]""","""[[0.0001504]]""",NA,NA,NA,NA,NA,NA,NA
348,4.27161239713314e-07,"""[-6.015649]""","""[2.2473118e-08]""",1.0000005960464478,0.9998588562011719,"""[[-0.00017354]]""","""[[0.00033751]]""",NA,NA,NA,NA,NA,NA,NA
349,3.7584396750389715e-07,"""[-4.1239004]""","""[4.589072e-08]""",1.0000004768371582,0.9998005032539368,"""[[-0.0002372]]""","""[[0.00046523]]""",NA,NA,NA,NA,NA,NA,NA
350,1.7337345070700394e-07,"""[-3.710377]""","""[6.51894e-08]""",1.0000003576278687,0.9998643398284912,"""[[-0.00037645]]""","""[[0.00053458]]""",NA,NA,NA,NA,NA,NA,NA
351,9.848153581515362e-08,"""[-3.3583558]""","""[8.064476e-08]""",1.0000004768371582,0.9999827742576599,"""[[-0.00050998]]""","""[[0.00053817]]""",NA,NA,NA,NA,NA,NA,NA
352,1.355829510885087e-07,"""[-3.0710325]""","""[8.887343e-08]""",1.0000005960464478,0.9999117851257324,"""[[-0.00058551]]""","""[[0.0004977]]""",NA,NA,NA,NA,NA,NA,NA
353,1.8849264904474694e-07,"""[-3.0306683]""","""[8.423464e-08]""",1.0000007152557373,0.9998560547828674,"""[[-0.00058998]]""","""[[0.00044113]]""",NA,NA,NA,NA,NA,NA,NA
354,2.0147930968050787e-07,"""[-3.392916]""","""[6.638734e-08]""",1.0000004768371582,0.9998641014099121,"""[[-0.00052902]]""","""[[0.0003891]]""",NA,NA,NA,NA,NA,NA,NA
355,1.4585364738195494e-07,"""[-4.4457884]""","""[4.215316e-08]""",1.000000238418579,0.9999395608901978,"""[[-0.00041152]]""","""[[0.00035433]]""",NA,NA,NA,NA,NA,NA,NA
356,1.5754430648939888e-07,"""[-5.9971075]""","""[2.3472353e-08]""",1.0000003576278687,0.9999363422393799,"""[[-0.00025019]]""","""[[0.0003293]]""",NA,NA,NA,NA,NA,NA,NA
357,3.6910930134581577e-07,"""[-7.1822042]""","""[1.2722217e-08]""",1.0000004768371582,0.9998947978019714,"""[[-0.00013563]]""","""[[0.00026027]]""",NA,NA,NA,NA,NA,NA,NA
358,2.4225093397944875e-07,"""[-9.736552]""","""[8.107018e-09]""",1.000000238418579,0.9999590516090393,"""[[-0.00020042]]""","""[[0.00016451]]""",NA,NA,NA,NA,NA,NA,NA
359,1.589906588606027e-07,"""[-9.16014]""","""[9.767346e-09]""",1.0000001192092896,0.9999924302101135,"""[[-0.00020162]]""","""[[0.00020244]]""",NA,NA,NA,NA,NA,NA,NA
360,2.0523964394669747e-07,"""[-7.3792458]""","""[1.3629919e-08]""",1.0000003576278687,0.9999330043792725,"""[[-0.0001805]]""","""[[0.00026329]]""",NA,NA,NA,NA,NA,NA,NA
361,1.24939191437079e-07,"""[-6.730984]""","""[1.7331798e-08]""",1.0000003576278687,0.9999838471412659,"""[[-0.00024426]]""","""[[0.00027126]]""",NA,NA,NA,NA,NA,NA,NA
362,1.4867485731429042e-07,"""[-5.945168]""","""[2.0762425e-08]""",1.0000003576278687,0.9999592304229736,"""[[-0.00029454]]""","""[[0.00025893]]""",NA,NA,NA,NA,NA,NA,NA
363,1.2783563363427675e-07,"""[-5.8430676]""","""[2.1490974e-08]""",1.0000003576278687,0.9999765753746033,"""[[-0.00029111]]""","""[[0.00027443]]""",NA,NA,NA,NA,NA,NA,NA
364,1.2326809439855424e-07,"""[-6.019635]""","""[2.0030656e-08]""",1.0000003576278687,0.9999634027481079,"""[[-0.00024722]]""","""[[0.00029658]]""",NA,NA,NA,NA,NA,NA,NA
365,1.489957668354691e-07,"""[-6.397885]""","""[1.6964682e-08]""",1.000000238418579,0.9999443292617798,"""[[-0.00021298]]""","""[[0.00028322]]""",NA,NA,NA,NA,NA,NA,NA
366,1.2815483785288961e-07,"""[-7.4930925]""","""[1.2654532e-08]""",1.0000001192092896,0.9999973773956299,"""[[-0.00021793]]""","""[[0.00022989]]""",NA,NA,NA,NA,NA,NA,NA
367,1.7731554180500098e-07,"""[-8.40084]""","""[9.349726e-09]""",1.0000001192092896,0.9999672770500183,"""[[-0.00020707]]""","""[[0.0001801]]""",NA,NA,NA,NA,NA,NA,NA
368,1.8091797926444997e-07,"""[-9.034443]""","""[7.940151e-09]""",1.000000238418579,0.9999583959579468,"""[[-0.00014985]]""","""[[0.00020466]]""",NA,NA,NA,NA,NA,NA,NA
369,1.4145970794743334e-07,"""[-9.067442]""","""[8.142257e-09]""",1.0000001192092896,0.9999977350234985,"""[[-0.00017877]]""","""[[0.00019042]]""",NA,NA,NA,NA,NA,NA,NA
370,1.5057196378620574e-07,"""[-8.367024]""","""[9.173792e-09]""",1.0000001192092896,0.999980628490448,"""[[-0.00019932]]""","""[[0.00018702]]""",NA,NA,NA,NA,NA,NA,NA
371,1.3826419831275416e-07,"""[-7.729449]""","""[1.0640122e-08]""",1.0000001192092896,0.9999683499336243,"""[[-0.00018179]]""","""[[0.00022562]]""",NA,NA,NA,NA,NA,NA,NA
372,1.2614044919700973e-07,"""[-7.3176384]""","""[1.1763812e-08]""",1.0000001192092896,0.9999754428863525,"""[[-0.00019589]]""","""[[0.00023187]]""",NA,NA,NA,NA,NA,NA,NA
373,1.2791397807632165e-07,"""[-7.118066]""","""[1.2111888e-08]""",1.0000001192092896,0.9999858140945435,"""[[-0.00022104]]""","""[[0.00021438]]""",NA,NA,NA,NA,NA,NA,NA
374,1.2221717327065562e-07,"""[-7.240926]""","""[1.1603191e-08]""",1.0000001192092896,0.9999954104423523,"""[[-0.00021194]]""","""[[0.00021573]]""",NA,NA,NA,NA,NA,NA,NA
375,1.311000943360341e-07,"""[-7.495621]""","""[1.053681e-08]""",1.0000001192092896,0.9999694228172302,"""[[-0.00018089]]""","""[[0.00022347]]""",NA,NA,NA,NA,NA,NA,NA
376,1.2677887184509018e-07,"""[-8.08054]""","""[9.024502e-09]""",1.0000001192092896,0.9999852180480957,"""[[-0.00017806]]""","""[[0.00020332]]""",NA,NA,NA,NA,NA,NA,NA
377,1.443477373186397e-07,"""[-8.545532]""","""[7.7411135e-09]""",1.0000001192092896,0.9999828338623047,"""[[-0.00018328]]""","""[[0.00017332]]""",NA,NA,NA,NA,NA,NA,NA
378,1.3771686724339816e-07,"""[-8.842754]""","""[7.19924e-09]""",1.0000001192092896,0.9999784231185913,"""[[-0.00015545]]""","""[[0.00018808]]""",NA,NA,NA,NA,NA,NA,NA
379,1.3128128273365292e-07,"""[-8.819165]""","""[7.1722925e-09]""",1.0000001192092896,0.9999873638153076,"""[[-0.00016089]]""","""[[0.00018374]]""",NA,NA,NA,NA,NA,NA,NA
380,1.3609451343654655e-07,"""[-8.482472]""","""[7.513546e-09]""",1.0000001192092896,0.9999874830245972,"""[[-0.00017832]]""","""[[0.00017338]]""",NA,NA,NA,NA,NA,NA,NA
381,1.2539778992959327e-07,"""[-8.095063]""","""[8.209365e-09]""",1.0000001192092896,0.9999809265136719,"""[[-0.00016675]]""","""[[0.00019649]]""",NA,NA,NA,NA,NA,NA,NA
382,1.2121805070819391e-07,"""[-7.759853]""","""[8.791245e-09]""",1.0000001192092896,0.9999812245368958,"""[[-0.00017226]]""","""[[0.00020164]]""",NA,NA,NA,NA,NA,NA,NA
383,1.2068009880294994e-07,"""[-7.5965004]""","""[8.986455e-09]""",1.0000001192092896,0.9999935030937195,"""[[-0.00018886]]""","""[[0.00019052]]""",NA,NA,NA,NA,NA,NA,NA
384,1.1662496746112083e-07,"""[-7.639327]""","""[8.793758e-09]""",1.0000001192092896,0.9999967813491821,"""[[-0.00018153]]""","""[[0.00019394]]""",NA,NA,NA,NA,NA,NA,NA
385,1.2191307519060501e-07,"""[-7.770171]""","""[8.28901e-09]""",1.0000001192092896,0.9999771118164062,"""[[-0.0001642]]""","""[[0.00019806]]""",NA,NA,NA,NA,NA,NA,NA
386,1.1912983666206856e-07,"""[-8.119869]""","""[7.521135e-09]""",1.0000001192092896,0.9999943375587463,"""[[-0.00016764]]""","""[[0.00018252]]""",NA,NA,NA,NA,NA,NA,NA
387,1.2473300614601612e-07,"""[-8.414056]""","""[6.828984e-09]""",1.0000001192092896,0.9999948143959045,"""[[-0.00016644]]""","""[[0.00016939]]""",NA,NA,NA,NA,NA,NA,NA
388,1.2588780862188287e-07,"""[-8.570777]""","""[6.463095e-09]""",1.0000001192092896,0.999981164932251,"""[[-0.00014777]]""","""[[0.00017719]]""",NA,NA,NA,NA,NA,NA,NA
389,1.2125723003464373e-07,"""[-8.592416]""","""[6.36713e-09]""",1.0000001192092896,0.9999931454658508,"""[[-0.00015435]]""","""[[0.00017055]]""",NA,NA,NA,NA,NA,NA,NA
390,1.217586316215602e-07,"""[-8.396183]""","""[6.521608e-09]""",1.0000001192092896,0.9999963641166687,"""[[-0.00016186]]""","""[[0.00016645]]""",NA,NA,NA,NA,NA,NA,NA
391,1.1822206147371617e-07,"""[-8.117818]""","""[6.8761987e-09]""",1.0000001192092896,0.999983549118042,"""[[-0.00015335]]""","""[[0.00018009]]""",NA,NA,NA,NA,NA,NA,NA
392,1.1405034427980354e-07,"""[-7.8960404]""","""[7.1714488e-09]""",1.0000001192092896,0.9999887347221375,"""[[-0.00015959]]""","""[[0.00018068]]""",NA,NA,NA,NA,NA,NA,NA
393,1.1399598065509053e-07,"""[-7.7517223]""","""[7.2873223e-09]""",1.0000001192092896,0.9999975562095642,"""[[-0.00016861]]""","""[[0.00017474]]""",NA,NA,NA,NA,NA,NA,NA
394,1.1136067001871197e-07,"""[-7.7408924]""","""[7.2141066e-09]""",1.0000001192092896,0.9999909400939941,"""[[-0.00016113]]""","""[[0.00017969]]""",NA,NA,NA,NA,NA,NA,NA
395,1.1312218362036219e-07,"""[-7.8123446]""","""[6.935799e-09]""",1.0000001192092896,0.9999837279319763,"""[[-0.00015351]]""","""[[0.00017991]]""",NA,NA,NA,NA,NA,NA,NA
396,1.1283417933327655e-07,"""[-8.003689]""","""[6.5036847e-09]""",1.0000001192092896,0.9999978542327881,"""[[-0.00015746]]""","""[[0.00016832]]""",NA,NA,NA,NA,NA,NA,NA
397,1.1352818773957551e-07,"""[-8.185762]""","""[6.107333e-09]""",1.0000001192092896,0.9999973177909851,"""[[-0.00015271]]""","""[[0.00016419]]""",NA,NA,NA,NA,NA,NA,NA
398,1.150720976283992e-07,"""[-8.276764]""","""[5.85124e-09]""",1.0000001192092896,0.9999848008155823,"""[[-0.00014194]]""","""[[0.0001671]]""",NA,NA,NA,NA,NA,NA,NA
399,1.1301479219127941e-07,"""[-8.305887]""","""[5.727148e-09]""",1.0000001192092896,0.9999951720237732,"""[[-0.00014687]]""","""[[0.00016059]]""",NA,NA,NA,NA,NA,NA,NA
400,1.1215512074613798e-07,"""[-8.196644]""","""[5.772555e-09]""",1.0000001192092896,0.9999983310699463,"""[[-0.00014899]]""","""[[0.00015942]]""",NA,NA,NA,NA,NA,NA,NA
401,1.1058358495574794e-07,"""[-8.010254]""","""[5.939665e-09]""",1.0000001192092896,0.9999866485595703,"""[[-0.00014361]]""","""[[0.00016679]]""",NA,NA,NA,NA,NA,NA,NA
402,1.0790969895424496e-07,"""[-7.854819]""","""[6.0842296e-09]""",1.0000001192092896,0.9999913573265076,"""[[-0.00014816]]""","""[[0.00016605]]""",NA,NA,NA,NA,NA,NA,NA
403,1.0722214938141406e-07,"""[-7.737948]""","""[6.1485905e-09]""",1.0000001192092896,0.9999984502792358,"""[[-0.00015288]]""","""[[0.00016305]]""",NA,NA,NA,NA,NA,NA,NA
404,1.0583208620573714e-07,"""[-7.695586]""","""[6.1168035e-09]""",1.0000001192092896,0.9999902844429016,"""[[-0.00014758]]""","""[[0.0001666]]""",NA,NA,NA,NA,NA,NA,NA
405,1.059534255887229e-07,"""[-7.7235003]""","""[5.9575123e-09]""",1.0000001192092896,0.999987781047821,"""[[-0.00014398]]""","""[[0.00016585]]""",NA,NA,NA,NA,NA,NA,NA
406,1.0586777676735437e-07,"""[-7.8224764]""","""[5.7029546e-09]""",1.0000001192092896,0.9999964833259583,"""[[-0.00014626]]""","""[[0.00015852]]""",NA,NA,NA,NA,NA,NA,NA
407,1.0588760090968208e-07,"""[-7.922856]""","""[5.4590963e-09]""",1.0000001192092896,0.9999947547912598,"""[[-0.00014229]]""","""[[0.00015644]]""",NA,NA,NA,NA,NA,NA,NA
408,1.0630070335082564e-07,"""[-7.9778824]""","""[5.2784235e-09]""",1.0000001192092896,0.9999880790710449,"""[[-0.00013587]]""","""[[0.00015728]]""",NA,NA,NA,NA,NA,NA,NA
409,1.0533867822459797e-07,"""[-7.9967976]""","""[5.163251e-09]""",1.0000001192092896,0.9999939799308777,"""[[-0.00013803]]""","""[[0.00015294]]""",NA,NA,NA,NA,NA,NA,NA
410,1.0458233390409077e-07,"""[-7.9337654]""","""[5.1475593e-09]""",1.0000001192092896,0.9999962449073792,"""[[-0.000139]]""","""[[0.00015146]]""",NA,NA,NA,NA,NA,NA,NA
411,1.0338506228890765e-07,"""[-7.815479]""","""[5.209421e-09]""",1.0000001192092896,0.9999894499778748,"""[[-0.00013546]]""","""[[0.0001553]]""",NA,NA,NA,NA,NA,NA,NA
412,1.0187395105276664e-07,"""[-7.702818]""","""[5.269432e-09]""",1.0000001192092896,0.9999910593032837,"""[[-0.00013702]]""","""[[0.00015517]]""",NA,NA,NA,NA,NA,NA,NA
413,1.0093608437955481e-07,"""[-7.613911]""","""[5.2912754e-09]""",1.0000001192092896,0.9999960064888,"""[[-0.00014019]]""","""[[0.00015278]]""",NA,NA,NA,NA,NA,NA,NA
414,9.994410987701485e-08,"""[-7.564816]""","""[5.2645337e-09]""",1.0000001192092896,0.9999920725822449,"""[[-0.00013737]]""","""[[0.00015428]]""",NA,NA,NA,NA,NA,NA,NA
415,9.970424486027696e-08,"""[-7.560069]""","""[5.168363e-09]""",1.0000001192092896,0.9999893307685852,"""[[-0.00013435]]""","""[[0.00015436]]""",NA,NA,NA,NA,NA,NA,NA
416,9.931073918778566e-08,"""[-7.6060195]""","""[5.010204e-09]""",1.0000001192092896,0.9999939799308777,"""[[-0.00013519]]""","""[[0.00014997]]""",NA,NA,NA,NA,NA,NA,NA
417,9.92109363551208e-08,"""[-7.656912]""","""[4.8471294e-09]""",1.0000001192092896,0.9999946355819702,"""[[-0.00013338]]""","""[[0.00014748]]""",NA,NA,NA,NA,NA,NA,NA
418,9.902802844408143e-08,"""[-7.684908]""","""[4.717897e-09]""",1.0000001192092896,0.9999902248382568,"""[[-0.00012889]]""","""[[0.0001478]]""",NA,NA,NA,NA,NA,NA,NA
419,9.85045147672281e-08,"""[-7.688827]""","""[4.622449e-09]""",1.0000001192092896,0.9999918937683105,"""[[-0.00012863]]""","""[[0.00014562]]""",NA,NA,NA,NA,NA,NA,NA
420,9.781199850067424e-08,"""[-7.653137]""","""[4.5748427e-09]""",1.0000001192092896,0.9999951124191284,"""[[-0.00012984]]""","""[[0.00014335]]""",NA,NA,NA,NA,NA,NA,NA
421,9.682931789711802e-08,"""[-7.5751877]""","""[4.5814152e-09]""",1.0000001192092896,0.9999920129776001,"""[[-0.00012786]]""","""[[0.0001448]]""",NA,NA,NA,NA,NA,NA,NA
422,9.596045913440321e-08,"""[-7.4860907]""","""[4.599239e-09]""",1.0000001192092896,0.9999904036521912,"""[[-0.00012692]]""","""[[0.00014557]]""",NA,NA,NA,NA,NA,NA,NA
423,9.49859710885903e-08,"""[-7.4172897]""","""[4.594659e-09]""",1.0000001192092896,0.9999936819076538,"""[[-0.00012875]]""","""[[0.00014383]]""",NA,NA,NA,NA,NA,NA,NA
424,9.426312175264684e-08,"""[-7.371566]""","""[4.5601687e-09]""",1.0000001192092896,0.9999937415122986,"""[[-0.00012823]]""","""[[0.00014323]]""",NA,NA,NA,NA,NA,NA,NA
425,9.37842372650266e-08,"""[-7.3510513]""","""[4.4935016e-09]""",1.0000001192092896,0.9999907612800598,"""[[-0.00012539]]""","""[[0.00014361]]""",NA,NA,NA,NA,NA,NA,NA
426,9.337497175465614e-08,"""[-7.3606477]""","""[4.391152e-09]""",1.0000001192092896,0.9999916553497314,"""[[-0.00012445]]""","""[[0.00014165]]""",NA,NA,NA,NA,NA,NA,NA
427,9.307562010008041e-08,"""[-7.382513]""","""[4.274876e-09]""",1.0000001192092896,0.9999940991401672,"""[[-0.0001243]]""","""[[0.00013885]]""",NA,NA,NA,NA,NA,NA,NA
428,9.270498679825323e-08,"""[-7.393492]""","""[4.1747827e-09]""",1.0000001192092896,0.9999926090240479,"""[[-0.00012192]]""","""[[0.00013806]]""",NA,NA,NA,NA,NA,NA,NA
429,9.230569730789284e-08,"""[-7.3816376]""","""[4.1007175e-09]""",1.0000001192092896,0.9999909996986389,"""[[-0.00011976]]""","""[[0.00013769]]""",NA,NA,NA,NA,NA,NA,NA
430,9.162599212686473e-08,"""[-7.3519363]""","""[4.0495447e-09]""",1.0000001192092896,0.999992847442627,"""[[-0.00012011]]""","""[[0.00013595]]""",NA,NA,NA,NA,NA,NA,NA
431,9.091237984648615e-08,"""[-7.297891]""","""[4.024663e-09]""",1.0000001192092896,0.9999935626983643,"""[[-0.00012009]]""","""[[0.00013508]]""",NA,NA,NA,NA,NA,NA,NA
432,9.01480845527658e-08,"""[-7.2306857]""","""[4.015292e-09]""",1.0000001192092896,0.9999915957450867,"""[[-0.00011854]]""","""[[0.0001358]]""",NA,NA,NA,NA,NA,NA,NA
433,8.943941054440074e-08,"""[-7.1715198]""","""[3.9961936e-09]""",1.0000001192092896,0.9999913573265076,"""[[-0.00011801]]""","""[[0.0001355]]""",NA,NA,NA,NA,NA,NA,NA
434,8.876323676076936e-08,"""[-7.131878]""","""[3.955707e-09]""",1.0000001192092896,0.999993085861206,"""[[-0.00011847]]""","""[[0.00013395]]""",NA,NA,NA,NA,NA,NA,NA
435,8.823906938459913e-08,"""[-7.1073313]""","""[3.8978025e-09]""",1.0000001192092896,0.9999927282333374,"""[[-0.00011736]]""","""[[0.00013308]]""",NA,NA,NA,NA,NA,NA,NA
436,8.784643057424546e-08,"""[-7.0960345]""","""[3.824757e-09]""",1.0000001192092896,0.9999912977218628,"""[[-0.00011522]]""","""[[0.00013262]]""",NA,NA,NA,NA,NA,NA,NA
437,8.744231649870926e-08,"""[-7.09497]""","""[3.7419974e-09]""",1.0000001192092896,0.9999918341636658,"""[[-0.00011426]]""","""[[0.00013108]]""",NA,NA,NA,NA,NA,NA,NA
438,8.700324372057366e-08,"""[-7.0922923]""","""[3.6623855e-09]""",1.0000001192092896,0.9999931454658508,"""[[-0.00011387]]""","""[[0.00012917]]""",NA,NA,NA,NA,NA,NA,NA
439,8.653856298224127e-08,"""[-7.073383]""","""[3.60036e-09]""",1.0000001192092896,0.9999924302101135,"""[[-0.00011234]]""","""[[0.00012847]]""",NA,NA,NA,NA,NA,NA,NA
440,8.602048495731651e-08,"""[-7.039494]""","""[3.5540213e-09]""",1.0000001192092896,0.9999913573265076,"""[[-0.00011088]]""","""[[0.00012815]]""",NA,NA,NA,NA,NA,NA,NA
441,8.54126227523011e-08,"""[-6.995071]""","""[3.5189316e-09]""",1.0000001192092896,0.9999921321868896,"""[[-0.00011074]]""","""[[0.0001271]]""",NA,NA,NA,NA,NA,NA,NA
442,8.47683594429327e-08,"""[-6.9450336]""","""[3.4899383e-09]""",1.0000001192092896,0.9999929070472717,"""[[-0.00011065]]""","""[[0.00012616]]""",NA,NA,NA,NA,NA,NA,NA
443,8.414936303324794e-08,"""[-6.8925443]""","""[3.463363e-09]""",1.0000001192092896,0.9999920725822449,"""[[-0.00010955]]""","""[[0.00012614]]""",NA,NA,NA,NA,NA,NA,NA
444,8.359669578794637e-08,"""[-6.8509808]""","""[3.4252505e-09]""",1.0000001192092896,0.9999912977218628,"""[[-0.00010845]]""","""[[0.00012564]]""",NA,NA,NA,NA,NA,NA,NA
445,8.3080294643878e-08,"""[-6.8233285]""","""[3.3733025e-09]""",1.0000001192092896,0.9999921321868896,"""[[-0.00010806]]""","""[[0.00012438]]""",NA,NA,NA,NA,NA,NA,NA
446,8.262441042461433e-08,"""[-6.804549]""","""[3.3125342e-09]""",1.0000001192092896,0.9999926090240479,"""[[-0.0001073]]""","""[[0.00012307]]""",NA,NA,NA,NA,NA,NA,NA
447,8.21964363240113e-08,"""[-6.7876735]""","""[3.2503873e-09]""",1.0000001192092896,0.9999918937683105,"""[[-0.00010574]]""","""[[0.00012241]]""",NA,NA,NA,NA,NA,NA,NA
448,8.179603128155577e-08,"""[-6.769037]""","""[3.189786e-09]""",1.0000001192092896,0.9999914765357971,"""[[-0.00010443]]""","""[[0.00012149]]""",NA,NA,NA,NA,NA,NA,NA
449,8.132386852821583e-08,"""[-6.7474394]""","""[3.1333935e-09]""",1.0000001192092896,0.9999921917915344,"""[[-0.00010393]]""","""[[0.00012018]]""",NA,NA,NA,NA,NA,NA,NA
450,8.084177238742996e-08,"""[-6.7149158]""","""[3.0871463e-09]""",1.0000001192092896,0.9999925494194031,"""[[-0.00010327]]""","""[[0.00011913]]""",NA,NA,NA,NA,NA,NA,NA
451,8.030568920958103e-08,"""[-6.6719584]""","""[3.0514324e-09]""",1.0000001192092896,0.999991774559021,"""[[-0.00010216]]""","""[[0.00011874]]""",NA,NA,NA,NA,NA,NA,NA
452,7.97821755327277e-08,"""[-6.623772]""","""[3.0198928e-09]""",1.0000001192092896,0.9999914765357971,"""[[-0.00010129]]""","""[[0.00011822]]""",NA,NA,NA,NA,NA,NA,NA
453,7.921369871155548e-08,"""[-6.5782957]""","""[2.986915e-09]""",1.0000001192092896,0.9999918937683105,"""[[-0.00010094]]""","""[[0.00011735]]""",NA,NA,NA,NA,NA,NA,NA
454,7.871283003169083e-08,"""[-6.537243]""","""[2.9488838e-09]""",1.0000001192092896,0.9999921321868896,"""[[-0.00010036]]""","""[[0.00011653]]""",NA,NA,NA,NA,NA,NA,NA
455,7.823440029142148e-08,"""[-6.5035753]""","""[2.9047067e-09]""",1.0000001192092896,0.9999915957450867,"""[[-9.92104e-05]]""","""[[0.00011591]]""",NA,NA,NA,NA,NA,NA,NA
456,7.780096922260782e-08,"""[-6.4758334]""","""[2.854822e-09]""",1.0000001192092896,0.9999913573265076,"""[[-9.805267e-05]]""","""[[0.00011513]]""",NA,NA,NA,NA,NA,NA,NA
457,7.738826468539628e-08,"""[-6.452883]""","""[2.8007225e-09]""",1.0000001192092896,0.999991774559021,"""[[-9.732761e-05]]""","""[[0.00011389]]""",NA,NA,NA,NA,NA,NA,NA
458,7.696360881936926e-08,"""[-6.427794]""","""[2.7490832e-09]""",1.0000001192092896,0.9999920725822449,"""[[-9.654218e-05]]""","""[[0.00011276]]""",NA,NA,NA,NA,NA,NA,NA
459,7.653238753846381e-08,"""[-6.397154]""","""[2.7025884e-09]""",1.0000001192092896,0.9999916553497314,"""[[-9.5390875e-05]]""","""[[0.00011206]]""",NA,NA,NA,NA,NA,NA,NA
460,7.607889784821964e-08,"""[-6.360625]""","""[2.661406e-09]""",1.0000001192092896,0.9999913573265076,"""[[-9.434292e-05]]""","""[[0.0001113]]""",NA,NA,NA,NA,NA,NA,NA
461,7.559025760883742e-08,"""[-6.319757]""","""[2.6243583e-09]""",1.0000001192092896,0.9999915361404419,"""[[-9.3759154e-05]]""","""[[0.0001105]]""",NA,NA,NA,NA,NA,NA,NA
462,7.510976729463437e-08,"""[-6.275696]""","""[2.5897011e-09]""",1.0000001192092896,0.9999918341636658,"""[[-9.3260474e-05]]""","""[[0.00010962]]""",NA,NA,NA,NA,NA,NA,NA
463,7.4622157342219e-08,"""[-6.2310586]""","""[2.555947e-09]""",1.0000001192092896,0.9999915957450867,"""[[-9.236363e-05]]""","""[[0.00010904]]""",NA,NA,NA,NA,NA,NA,NA
464,7.416533520654411e-08,"""[-6.1893716]""","""[2.5194344e-09]""",1.0000001192092896,0.9999911785125732,"""[[-9.140062e-05]]""","""[[0.00010839]]""",NA,NA,NA,NA,NA,NA,NA
465,7.373279231615015e-08,"""[-6.152597]""","""[2.4786515e-09]""",1.0000001192092896,0.9999912977218628,"""[[-9.063032e-05]]""","""[[0.00010755]]""",NA,NA,NA,NA,NA,NA,NA
466,7.33089962068334e-08,"""[-6.121115]""","""[2.4339306e-09]""",1.0000001192092896,0.9999914765357971,"""[[-8.9859735e-05]]""","""[[0.00010654]]""",NA,NA,NA,NA,NA,NA,NA
467,7.290739034715443e-08,"""[-6.089973]""","""[2.3887323e-09]""",1.0000001192092896,0.9999915361404419,"""[[-8.895498e-05]]""","""[[0.00010562]]""",NA,NA,NA,NA,NA,NA,NA
468,7.249786193597174e-08,"""[-6.0562983]""","""[2.345987e-09]""",1.0000001192092896,0.999991238117218,"""[[-8.789575e-05]]""","""[[0.00010476]]""",NA,NA,NA,NA,NA,NA,NA
469,7.209394681240155e-08,"""[-6.0203247]""","""[2.3049154e-09]""",1.0000001192092896,0.9999910593032837,"""[[-8.692339e-05]]""","""[[0.00010402]]""",NA,NA,NA,NA,NA,NA,NA
470,7.16573467229864e-08,"""[-5.980655]""","""[2.2673428e-09]""",1.0000001192092896,0.9999911785125732,"""[[-8.61907e-05]]""","""[[0.00010308]]""",NA,NA,NA,NA,NA,NA,NA
471,7.122027767536565e-08,"""[-5.9369173]""","""[2.2328572e-09]""",1.0000001192092896,0.9999914765357971,"""[[-8.553697e-05]]""","""[[0.00010232]]""",NA,NA,NA,NA,NA,NA,NA
472,7.078583053043985e-08,"""[-5.8915176]""","""[2.1996347e-09]""",1.0000001192092896,0.9999911785125732,"""[[-8.470123e-05]]""","""[[0.00010163]]""",NA,NA,NA,NA,NA,NA,NA
473,7.034526561255916e-08,"""[-5.8468847]""","""[2.1661584e-09]""",1.0000001192092896,0.9999909996986389,"""[[-8.371863e-05]]""","""[[0.00010097]]""",NA,NA,NA,NA,NA,NA,NA
474,6.99511844004519e-08,"""[-5.8033004]""","""[2.1307898e-09]""",1.0000001192092896,0.9999908208847046,"""[[-8.3021325e-05]]""","""[[0.00010023]]""",NA,NA,NA,NA,NA,NA,NA
475,6.953643350016137e-08,"""[-5.7640095]""","""[2.093192e-09]""",1.0000001192092896,0.9999909996986389,"""[[-8.220533e-05]]""","""[[9.9343015e-05]]""",NA,NA,NA,NA,NA,NA,NA
476,6.913691663612553e-08,"""[-5.726854]""","""[2.053999e-09]""",1.0000001192092896,0.9999911785125732,"""[[-8.136225e-05]]""","""[[9.843061e-05]]""",NA,NA,NA,NA,NA,NA,NA
477,6.87631924733978e-08,"""[-5.6880035]""","""[2.0155217e-09]""",1.0000001192092896,0.9999908208847046,"""[[-8.034892e-05]]""","""[[9.759992e-05]]""",NA,NA,NA,NA,NA,NA,NA
478,6.837978361318164e-08,"""[-5.647188]""","""[1.9787199e-09]""",1.0000001192092896,0.9999907612800598,"""[[-7.948124e-05]]""","""[[9.685272e-05]]""",NA,NA,NA,NA,NA,NA,NA
479,6.798995855206158e-08,"""[-5.6053114]""","""[1.9428725e-09]""",1.0000001192092896,0.999990701675415,"""[[-7.8547215e-05]]""","""[[9.6004835e-05]]""",NA,NA,NA,NA,NA,NA,NA
480,6.757807824442352e-08,"""[-5.560898]""","""[1.9092938e-09]""",1.0000001192092896,0.9999908208847046,"""[[-7.790599e-05]]""","""[[9.5164156e-05]]""",NA,NA,NA,NA,NA,NA,NA
481,6.717436917824671e-08,"""[-5.514726]""","""[1.8767619e-09]""",1.0000001192092896,0.9999907612800598,"""[[-7.716053e-05]]""","""[[9.4400195e-05]]""",NA,NA,NA,NA,NA,NA,NA
482,6.679851338731169e-08,"""[-5.4673758]""","""[1.8443583e-09]""",1.0000001192092896,0.9999905228614807,"""[[-7.619601e-05]]""","""[[9.376598e-05]]""",NA,NA,NA,NA,NA,NA,NA
483,6.64217978396664e-08,"""[-5.4206705]""","""[1.8117048e-09]""",1.0000001192092896,0.9999904036521912,"""[[-7.5315475e-05]]""","""[[9.297223e-05]]""",NA,NA,NA,NA,NA,NA,NA
484,6.602621738238668e-08,"""[-5.376475]""","""[1.7779882e-09]""",1.0000001192092896,0.9999904036521912,"""[[-7.448245e-05]]""","""[[9.215723e-05]]""",NA,NA,NA,NA,NA,NA,NA
485,6.564571464195978e-08,"""[-5.3309603]""","""[1.7447651e-09]""",1.0000001192092896,0.9999904632568359,"""[[-7.373685e-05]]""","""[[9.12994e-05]]""",NA,NA,NA,NA,NA,NA,NA
486,6.527613294338153e-08,"""[-5.2856865]""","""[1.7112366e-09]""",1.0000001192092896,0.9999904632568359,"""[[-7.2903524e-05]]""","""[[9.0482805e-05]]""",NA,NA,NA,NA,NA,NA,NA
487,6.49236397975983e-08,"""[-5.239165]""","""[1.6780833e-09]""",1.0000001192092896,0.9999902248382568,"""[[-7.190116e-05]]""","""[[8.973798e-05]]""",NA,NA,NA,NA,NA,NA,NA
488,6.455347545397672e-08,"""[-5.1914134]""","""[1.6462436e-09]""",1.0000001192092896,0.9999901056289673,"""[[-7.107206e-05]]""","""[[8.9001995e-05]]""",NA,NA,NA,NA,NA,NA,NA
489,6.417889153453871e-08,"""[-5.144701]""","""[1.6140336e-09]""",1.0000001192092896,0.9999899864196777,"""[[-7.0264345e-05]]""","""[[8.820276e-05]]""",NA,NA,NA,NA,NA,NA,NA
490,6.383007189469936e-08,"""[-5.095421]""","""[1.5824768e-09]""",1.0000001192092896,0.9999899864196777,"""[[-6.941761e-05]]""","""[[8.736436e-05]]""",NA,NA,NA,NA,NA,NA,NA
491,6.346317604766227e-08,"""[-5.046804]""","""[1.5511885e-09]""",1.0000001192092896,0.9999899864196777,"""[[-6.8583766e-05]]""","""[[8.656847e-05]]""",NA,NA,NA,NA,NA,NA,NA
492,6.31089633884585e-08,"""[-4.9951353]""","""[1.5213579e-09]""",1.0000001192092896,0.9999898672103882,"""[[-6.768422e-05]]""","""[[8.581918e-05]]""",NA,NA,NA,NA,NA,NA,NA
493,6.274046882026596e-08,"""[-4.943653]""","""[1.4919908e-09]""",1.0000001192092896,0.9999896287918091,"""[[-6.672499e-05]]""","""[[8.5137195e-05]]""",NA,NA,NA,NA,NA,NA,NA
494,6.239734062774005e-08,"""[-4.891381]""","""[1.4621092e-09]""",1.0000001192092896,0.9999896287918091,"""[[-6.59434e-05]]""","""[[8.43436e-05]]""",NA,NA,NA,NA,NA,NA,NA
495,6.205245739465681e-08,"""[-4.838633]""","""[1.4325486e-09]""",1.0000001192092896,0.9999895691871643,"""[[-6.514865e-05]]""","""[[8.3522726e-05]]""",NA,NA,NA,NA,NA,NA,NA
496,6.170449751152773e-08,"""[-4.786854]""","""[1.4026412e-09]""",1.0000001192092896,0.9999895691871643,"""[[-6.42809e-05]]""","""[[8.275528e-05]]""",NA,NA,NA,NA,NA,NA,NA
497,6.135613261903927e-08,"""[-4.7351346]""","""[1.3727707e-09]""",1.0000001192092896,0.99998939037323,"""[[-6.340035e-05]]""","""[[8.196161e-05]]""",NA,NA,NA,NA,NA,NA,NA
498,6.103355332243154e-08,"""[-4.681257]""","""[1.3430942e-09]""",1.0000001192092896,0.9999891519546509,"""[[-6.247882e-05]]""","""[[8.123866e-05]]""",NA,NA,NA,NA,NA,NA,NA
499,6.069689106880105e-08,"""[-4.6271544]""","""[1.3142214e-09]""",1.0000001192092896,0.9999890327453613,"""[[-6.155227e-05]]""","""[[8.043977e-05]]""",NA,NA,NA,NA,NA,NA,NA
500,6.036854927060631e-08,"""[-4.572158]""","""[1.285351e-09]""",1.0000001192092896,0.9999890327453613,"""[[-6.070514e-05]]""","""[[7.968532e-05]]""",NA,NA,NA,NA,NA,NA,NA
501,6.002444763453241e-08,"""[-4.5172114]""","""[1.2570421e-09]""",1.0000001192092896,0.9999889135360718,"""[[-5.980159e-05]]""","""[[7.891241e-05]]""",NA,NA,NA,NA,NA,NA,NA
502,5.969905458869107e-08,"""[-4.458156]""","""[1.2300582e-09]""",1.0000001192092896,0.9999887943267822,"""[[-5.8944104e-05]]""","""[[7.81135e-05]]""",NA,NA,NA,NA,NA,NA,NA
503,5.936798075367733e-08,"""[-4.400094]""","""[1.202823e-09]""",1.0,0.9999885559082031,"""[[-5.8042904e-05]]""","""[[7.737361e-05]]""",NA,NA,NA,NA,NA,NA,NA
504,5.905096855940428e-08,"""[-4.339473]""","""[1.1762467e-09]""",1.0,0.9999884963035583,"""[[-5.7121455e-05]]""","""[[7.6607015e-05]]""",NA,NA,NA,NA,NA,NA,NA
505,5.8723859552856084e-08,"""[-4.2788115]""","""[1.1500034e-09]""",1.0,0.999988317489624,"""[[-5.6211327e-05]]""","""[[7.5938115e-05]]""",NA,NA,NA,NA,NA,NA,NA
506,5.8395503543806626e-08,"""[-4.219577]""","""[1.123061e-09]""",1.0,0.9999881982803345,"""[[-5.5338176e-05]]""","""[[7.5129356e-05]]""",NA,NA,NA,NA,NA,NA,NA
507,5.8087412213581047e-08,"""[-4.1576066]""","""[1.0963821e-09]""",1.0,0.9999880790710449,"""[[-5.442628e-05]]""","""[[7.4324824e-05]]""",NA,NA,NA,NA,NA,NA,NA
508,5.777760136993493e-08,"""[-4.0966654]""","""[1.0692612e-09]""",1.0,0.9999878406524658,"""[[-5.3504424e-05]]""","""[[7.3524956e-05]]""",NA,NA,NA,NA,NA,NA,NA
509,5.747299525182825e-08,"""[-4.033197]""","""[1.0428873e-09]""",1.0,0.9999877214431763,"""[[-5.255324e-05]]""","""[[7.2693234e-05]]""",NA,NA,NA,NA,NA,NA,NA
510,5.7151364529772763e-08,"""[-3.9704049]""","""[1.0170942e-09]""",1.0,0.9999875426292419,"""[[-5.155809e-05]]""","""[[7.19583e-05]]""",NA,NA,NA,NA,NA,NA,NA
511,5.683946113776983e-08,"""[-3.9045305]""","""[9.920721e-10]""",1.0,0.9999873638153076,"""[[-5.0563707e-05]]""","""[[7.1208065e-05]]""",NA,NA,NA,NA,NA,NA,NA
512,5.6546195281725886e-08,"""[-3.8344922]""","""[9.677318e-10]""",1.0,0.9999871253967285,"""[[-4.9601484e-05]]""","""[[7.048484e-05]]""",NA,NA,NA,NA,NA,NA,NA
513,5.6232984491089155e-08,"""[-3.7664618]""","""[9.434884e-10]""",1.0,0.9999869465827942,"""[[-4.8643924e-05]]""","""[[6.97389e-05]]""",NA,NA,NA,NA,NA,NA,NA
514,5.592544027877011e-08,"""[-3.6969378]""","""[9.193512e-10]""",1.0,0.9999868273735046,"""[[-4.773565e-05]]""","""[[6.897574e-05]]""",NA,NA,NA,NA,NA,NA,NA
515,5.5646687258104066e-08,"""[-3.6227815]""","""[8.9541413e-10]""",1.0,0.999986469745636,"""[[-4.6637084e-05]]""","""[[6.820045e-05]]""",NA,NA,NA,NA,NA,NA,NA
516,5.534261759976289e-08,"""[-3.5521343]""","""[8.712522e-10]""",1.0,0.9999861717224121,"""[[-4.563115e-05]]""","""[[6.743583e-05]]""",NA,NA,NA,NA,NA,NA,NA
517,5.5048221980769085e-08,"""[-3.4777553]""","""[8.4783763e-10]""",1.0,0.9999860525131226,"""[[-4.4649463e-05]]""","""[[6.6686596e-05]]""",NA,NA,NA,NA,NA,NA,NA
518,5.475264686083392e-08,"""[-3.4023864]""","""[8.248453e-10]""",1.0,0.9999856352806091,"""[[-4.356522e-05]]""","""[[6.584253e-05]]""",NA,NA,NA,NA,NA,NA,NA
519,5.4466013921228296e-08,"""[-3.3245442]""","""[8.019434e-10]""",1.0,0.9999855160713196,"""[[-4.2424093e-05]]""","""[[6.515821e-05]]""",NA,NA,NA,NA,NA,NA,NA
520,5.418002757551221e-08,"""[-3.2453208]""","""[7.7918905e-10]""",1.0,0.9999850392341614,"""[[-4.1359788e-05]]""","""[[6.432961e-05]]""",NA,NA,NA,NA,NA,NA,NA
521,5.389670931776891e-08,"""[-3.1647754]""","""[7.5649176e-10]""",1.0,0.9999846816062927,"""[[-4.0196486e-05]]""","""[[6.358043e-05]]""",NA,NA,NA,NA,NA,NA,NA
522,5.3605482719376596e-08,"""[-3.0823746]""","""[7.3491163e-10]""",1.0,0.9999843835830688,"""[[-3.902915e-05]]""","""[[6.286184e-05]]""",NA,NA,NA,NA,NA,NA,NA
523,5.33289004067683e-08,"""[-2.995358]""","""[7.135566e-10]""",1.0,0.9999839663505554,"""[[-3.789096e-05]]""","""[[6.201411e-05]]""",NA,NA,NA,NA,NA,NA,NA
524,5.3051063986231384e-08,"""[-2.9067085]""","""[6.9260697e-10]""",1.0,0.9999836087226868,"""[[-3.6669942e-05]]""","""[[6.124821e-05]]""",NA,NA,NA,NA,NA,NA,NA
525,5.276845627122384e-08,"""[-2.8171668]""","""[6.7214806e-10]""",1.0,0.9999831318855286,"""[[-3.543293e-05]]""","""[[6.0474158e-05]]""",NA,NA,NA,NA,NA,NA,NA
526,5.249428269848977e-08,"""[-2.722345]""","""[6.524331e-10]""",1.0,0.9999825954437256,"""[[-3.412822e-05]]""","""[[5.9711012e-05]]""",NA,NA,NA,NA,NA,NA,NA
527,5.22173770889367e-08,"""[-2.6244879]""","""[6.3384853e-10]""",1.0,0.9999819993972778,"""[[-3.278644e-05]]""","""[[5.9009064e-05]]""",NA,NA,NA,NA,NA,NA,NA
528,5.194258534402252e-08,"""[-2.523949]""","""[6.155858e-10]""",1.0,0.9999815225601196,"""[[-3.1349235e-05]]""","""[[5.826338e-05]]""",NA,NA,NA,NA,NA,NA,NA
529,5.1672767398258657e-08,"""[-2.4205573]""","""[5.9722743e-10]""",1.0,0.9999807476997375,"""[[-2.9850526e-05]]""","""[[5.7487017e-05]]""",NA,NA,NA,NA,NA,NA,NA
530,5.140453041008186e-08,"""[-2.312359]""","""[5.800356e-10]""",1.0,0.999980092048645,"""[[-2.8292548e-05]]""","""[[5.6684214e-05]]""",NA,NA,NA,NA,NA,NA,NA
531,5.113565393344288e-08,"""[-2.2016156]""","""[5.6355337e-10]""",1.0,0.9999793171882629,"""[[-2.6678214e-05]]""","""[[5.591778e-05]]""",NA,NA,NA,NA,NA,NA,NA
532,5.0874792378863276e-08,"""[-2.082764]""","""[5.484221e-10]""",1.0,0.9999784231185913,"""[[-2.4943049e-05]]""","""[[5.508445e-05]]""",NA,NA,NA,NA,NA,NA,NA
533,5.060682184421239e-08,"""[-1.9610292]""","""[5.352516e-10]""",1.0,0.9999774098396301,"""[[-2.3085051e-05]]""","""[[5.4266355e-05]]""",NA,NA,NA,NA,NA,NA,NA
534,5.0341373736273454e-08,"""[-1.8337193]""","""[5.2382043e-10]""",1.0,0.9999763369560242,"""[[-2.1088134e-05]]""","""[[5.35244e-05]]""",NA,NA,NA,NA,NA,NA,NA
535,5.007801817669133e-08,"""[-1.7003388]""","""[5.145961e-10]""",1.0,0.9999751448631287,"""[[-1.8829447e-05]]""","""[[5.2655312e-05]]""",NA,NA,NA,NA,NA,NA,NA
536,4.981743728649235e-08,"""[-1.559094]""","""[5.085721e-10]""",1.0,0.9999736547470093,"""[[-1.6574364e-05]]""","""[[5.188219e-05]]""",NA,NA,NA,NA,NA,NA,NA
537,4.9554436998278106e-08,"""[-1.4137783]""","""[5.0623955e-10]""",1.0,0.9999721646308899,"""[[-1.3956507e-05]]""","""[[5.1027564e-05]]""",NA,NA,NA,NA,NA,NA,NA
538,4.929073682546914e-08,"""[-1.2630224]""","""[5.0916793e-10]""",1.0,0.9999703168869019,"""[[-1.1125061e-05]]""","""[[5.0184444e-05]]""",NA,NA,NA,NA,NA,NA,NA
539,4.902962658093202e-08,"""[-1.1080997]""","""[5.180686e-10]""",1.0,0.9999682903289795,"""[[-7.988865e-06]]""","""[[4.923143e-05]]""",NA,NA,NA,NA,NA,NA,NA
540,4.876378767448841e-08,"""[-0.9568178]""","""[5.3438254e-10]""",1.0,0.9999659657478333,"""[[-4.497655e-06]]""","""[[4.8299684e-05]]""",NA,NA,NA,NA,NA,NA,NA
541,4.8497863502916516e-08,"""[-0.80831003]""","""[5.5952715e-10]""",1.0,0.9999634027481079,"""[[-6.451264e-07]]""","""[[4.722944e-05]]""",NA,NA,NA,NA,NA,NA,NA
542,4.823181853907954e-08,"""[-0.6700218]""","""[5.9523647e-10]""",1.0,0.999960720539093,"""[[3.5356215e-06]]""","""[[4.6014677e-05]]""",NA,NA,NA,NA,NA,NA,NA
543,4.796659425210237e-08,"""[-0.5451036]""","""[6.4315153e-10]""",1.0,0.999957799911499,"""[[7.912886e-06]]""","""[[4.4762637e-05]]""",NA,NA,NA,NA,NA,NA,NA
544,4.770025086031637e-08,"""[-0.44116905]""","""[7.039906e-10]""",1.0,0.9999547004699707,"""[[1.2633489e-05]]""","""[[4.3413456e-05]]""",NA,NA,NA,NA,NA,NA,NA
545,4.7436493844088545e-08,"""[-0.35711434]""","""[7.779789e-10]""",1.0,0.9999514818191528,"""[[1.7319493e-05]]""","""[[4.2048294e-05]]""",NA,NA,NA,NA,NA,NA,NA
546,4.717744417348513e-08,"""[-0.29511058]""","""[8.642763e-10]""",1.0,0.9999485015869141,"""[[2.1983005e-05]]""","""[[4.085127e-05]]""",NA,NA,NA,NA,NA,NA,NA
547,4.692179444987232e-08,"""[-0.25401178]""","""[9.605119e-10]""",1.0,0.9999454021453857,"""[[2.6314598e-05]]""","""[[3.9844577e-05]]""",NA,NA,NA,NA,NA,NA,NA
548,4.66724152659026e-08,"""[-0.23010948]""","""[1.0638803e-09]""",1.0,0.999942421913147,"""[[3.023236e-05]]""","""[[3.9161925e-05]]""",NA,NA,NA,NA,NA,NA,NA
549,4.6431576805616714e-08,"""[-0.2197255]""","""[1.1717349e-09]""",1.0,0.999939501285553,"""[[3.3636505e-05]]""","""[[3.8934093e-05]]""",NA,NA,NA,NA,NA,NA,NA
550,4.6201940051560086e-08,"""[-0.21754938]""","""[1.2803215e-09]""",1.0,0.9999367594718933,"""[[3.6374695e-05]]""","""[[3.9163977e-05]]""",NA,NA,NA,NA,NA,NA,NA
551,4.598251024390265e-08,"""[-0.22411275]""","""[1.3881208e-09]""",1.0,0.9999340772628784,"""[[3.85285e-05]]""","""[[3.988266e-05]]""",NA,NA,NA,NA,NA,NA,NA
552,4.578167178692638e-08,"""[-0.2297992]""","""[1.495179e-09]""",1.0,0.9999315738677979,"""[[4.0127336e-05]]""","""[[4.1015846e-05]]""",NA,NA,NA,NA,NA,NA,NA
553,4.559991495511895e-08,"""[-0.23672946]""","""[1.599287e-09]""",1.0,0.9999290704727173,"""[[4.1256193e-05]]""","""[[4.2558728e-05]]""",NA,NA,NA,NA,NA,NA,NA
554,4.543926479527727e-08,"""[-0.24217235]""","""[1.7015803e-09]""",1.0,0.999926745891571,"""[[4.206931e-05]]""","""[[4.423038e-05]]""",NA,NA,NA,NA,NA,NA,NA
555,4.530297559313112e-08,"""[-0.24442579]""","""[1.8031968e-09]""",1.0,0.9999244809150696,"""[[4.2813324e-05]]""","""[[4.59181e-05]]""",NA,NA,NA,NA,NA,NA,NA
556,4.518956586707645e-08,"""[-0.24471958]""","""[1.901689e-09]""",1.0,0.999922513961792,"""[[4.347742e-05]]""","""[[4.7483787e-05]]""",NA,NA,NA,NA,NA,NA,NA
557,4.5098186518544026e-08,"""[-0.24232212]""","""[1.9979298e-09]""",1.0,0.9999204277992249,"""[[4.429135e-05]]""","""[[4.8765098e-05]]""",NA,NA,NA,NA,NA,NA,NA
558,4.5023554662293463e-08,"""[-0.23942567]""","""[2.0915296e-09]""",1.0,0.9999186992645264,"""[[4.5426706e-05]]""","""[[4.9695667e-05]]""",NA,NA,NA,NA,NA,NA,NA
559,4.496460448422113e-08,"""[-0.23582381]""","""[2.1820223e-09]""",1.0,0.9999168515205383,"""[[4.678617e-05]]""","""[[5.0231305e-05]]""",NA,NA,NA,NA,NA,NA,NA
560,4.491417726626423e-08,"""[-0.2328269]""","""[2.2695545e-09]""",1.0,0.9999151825904846,"""[[4.8406575e-05]]""","""[[5.0364502e-05]]""",NA,NA,NA,NA,NA,NA,NA
561,4.487568361355443e-08,"""[-0.22949375]""","""[2.3536955e-09]""",1.0,0.9999135732650757,"""[[5.0234547e-05]]""","""[[5.024592e-05]]""",NA,NA,NA,NA,NA,NA,NA
562,4.484221705070013e-08,"""[-0.22700335]""","""[2.434593e-09]""",1.0,0.9999120831489563,"""[[5.2173265e-05]]""","""[[4.9848168e-05]]""",NA,NA,NA,NA,NA,NA,NA
563,4.481362481101314e-08,"""[-0.22503588]""","""[2.5123437e-09]""",1.0,0.999910831451416,"""[[5.404556e-05]]""","""[[4.9398353e-05]]""",NA,NA,NA,NA,NA,NA,NA
564,4.478813053765407e-08,"""[-0.2238236]""","""[2.5864946e-09]""",1.0,0.9999095797538757,"""[[5.5863544e-05]]""","""[[4.895823e-05]]""",NA,NA,NA,NA,NA,NA,NA
565,4.476766690686418e-08,"""[-0.2219281]""","""[2.656153e-09]""",1.0,0.999908447265625,"""[[5.7458823e-05]]""","""[[4.859294e-05]]""",NA,NA,NA,NA,NA,NA,NA
566,4.4751299554945945e-08,"""[-0.2199718]""","""[2.720229e-09]""",1.0,0.9999073147773743,"""[[5.872507e-05]]""","""[[4.834225e-05]]""",NA,NA,NA,NA,NA,NA,NA
567,4.4737735294120284e-08,"""[-0.21759447]""","""[2.7791383e-09]""",1.0,0.9999063611030579,"""[[5.976812e-05]]""","""[[4.839868e-05]]""",NA,NA,NA,NA,NA,NA,NA
568,4.472871850680349e-08,"""[-0.2150161]""","""[2.831971e-09]""",1.0,0.9999054670333862,"""[[6.045962e-05]]""","""[[4.861242e-05]]""",NA,NA,NA,NA,NA,NA,NA
569,4.4723432068849434e-08,"""[-0.21147211]""","""[2.8786076e-09]""",1.0,0.9999046325683594,"""[[6.086567e-05]]""","""[[4.9093775e-05]]""",NA,NA,NA,NA,NA,NA,NA
570,4.471923276128109e-08,"""[-0.2077647]""","""[2.9213691e-09]""",1.0,0.9999038577079773,"""[[6.107401e-05]]""","""[[4.9626808e-05]]""",NA,NA,NA,NA,NA,NA,NA
571,4.471908710002026e-08,"""[-0.20380135]""","""[2.9583755e-09]""",1.0,0.9999032616615295,"""[[6.10537e-05]]""","""[[5.0291448e-05]]""",NA,NA,NA,NA,NA,NA,NA
572,4.471914394343912e-08,"""[-0.19958304]""","""[2.9926683e-09]""",1.0,0.9999025464057922,"""[[6.103239e-05]]""","""[[5.0935792e-05]]""",NA,NA,NA,NA,NA,NA,NA
573,4.4718987624037254e-08,"""[-0.19511613]""","""[3.023731e-09]""",1.0,0.9999021291732788,"""[[6.0864273e-05]]""","""[[5.155734e-05]]""",NA,NA,NA,NA,NA,NA,NA
574,4.4719161707007515e-08,"""[-0.19063249]""","""[3.0536167e-09]""",1.0,0.999901533126831,"""[[6.0885308e-05]]""","""[[5.2204836e-05]]""",NA,NA,NA,NA,NA,NA,NA
575,4.471887748991321e-08,"""[-0.186362]""","""[3.0808212e-09]""",1.0,0.9999011158943176,"""[[6.1002294e-05]]""","""[[5.2555377e-05]]""",NA,NA,NA,NA,NA,NA,NA
576,4.471639059033805e-08,"""[-0.18212952]""","""[3.1060465e-09]""",1.0,0.9999006390571594,"""[[6.1093204e-05]]""","""[[5.2833922e-05]]""",NA,NA,NA,NA,NA,NA,NA
577,4.471123205007643e-08,"""[-0.17843322]""","""[3.1310377e-09]""",1.0,0.999900221824646,"""[[6.136886e-05]]""","""[[5.2987667e-05]]""",NA,NA,NA,NA,NA,NA,NA
578,4.4704382418103705e-08,"""[-0.17518802]""","""[3.1543237e-09]""",1.0,0.9998999238014221,"""[[6.176579e-05]]""","""[[5.291353e-05]]""",NA,NA,NA,NA,NA,NA,NA
579,4.4698552414956794e-08,"""[-0.1714276]""","""[3.1763965e-09]""",1.0,0.9998996257781982,"""[[6.223206e-05]]""","""[[5.2792908e-05]]""",NA,NA,NA,NA,NA,NA,NA
580,4.468928693768248e-08,"""[-0.16820033]""","""[3.1972152e-09]""",1.0,0.9998992681503296,"""[[6.277089e-05]]""","""[[5.263368e-05]]""",NA,NA,NA,NA,NA,NA,NA
581,4.468061476359253e-08,"""[-0.1649366]""","""[3.2165342e-09]""",1.0,0.9998989105224609,"""[[6.3182524e-05]]""","""[[5.2494863e-05]]""",NA,NA,NA,NA,NA,NA,NA
582,4.4672869847772745e-08,"""[-0.16137235]""","""[3.2339522e-09]""",1.0,0.9998986124992371,"""[[6.357137e-05]]""","""[[5.236624e-05]]""",NA,NA,NA,NA,NA,NA,NA
583,4.466491532184591e-08,"""[-0.15753025]""","""[3.248075e-09]""",1.0,0.999898374080658,"""[[6.378506e-05]]""","""[[5.2329757e-05]]""",NA,NA,NA,NA,NA,NA,NA
584,4.465664460440166e-08,"""[-0.15364453]""","""[3.2619323e-09]""",1.0,0.9998981952667236,"""[[6.390847e-05]]""","""[[5.2326046e-05]]""",NA,NA,NA,NA,NA,NA,NA
585,4.465043446089112e-08,"""[-0.14930415]""","""[3.2739043e-09]""",1.0,0.9998980760574341,"""[[6.3993975e-05]]""","""[[5.254989e-05]]""",NA,NA,NA,NA,NA,NA,NA
586,4.464424208094897e-08,"""[-0.14451349]""","""[3.284136e-09]""",1.0,0.999897837638855,"""[[6.391796e-05]]""","""[[5.271148e-05]]""",NA,NA,NA,NA,NA,NA,NA
587,4.463819536226765e-08,"""[-0.13943939]""","""[3.293434e-09]""",1.0,0.9998977184295654,"""[[6.379884e-05]]""","""[[5.2983218e-05]]""",NA,NA,NA,NA,NA,NA,NA
588,4.4632614049078256e-08,"""[-0.13473272]""","""[3.3020915e-09]""",1.0,0.9998974800109863,"""[[6.359334e-05]]""","""[[5.3267904e-05]]""",NA,NA,NA,NA,NA,NA,NA
589,4.4626457196272895e-08,"""[-0.13006683]""","""[3.3103587e-09]""",1.0,0.999897301197052,"""[[6.345022e-05]]""","""[[5.3659693e-05]]""",NA,NA,NA,NA,NA,NA,NA
590,4.4621511818832005e-08,"""[-0.124686226]""","""[3.3182603e-09]""",1.0,0.9998972415924072,"""[[6.315574e-05]]""","""[[5.3981206e-05]]""",NA,NA,NA,NA,NA,NA,NA
591,4.461433178448715e-08,"""[-0.12000512]""","""[3.3259318e-09]""",1.0,0.9998971819877625,"""[[6.298781e-05]]""","""[[5.428742e-05]]""",NA,NA,NA,NA,NA,NA,NA
592,4.4608032823134636e-08,"""[-0.11524829]""","""[3.334506e-09]""",1.0,0.9998968243598938,"""[[6.282587e-05]]""","""[[5.4585442e-05]]""",NA,NA,NA,NA,NA,NA,NA
593,4.4601787152487304e-08,"""[-0.11055949]""","""[3.344275e-09]""",1.0,0.999896764755249,"""[[6.2698324e-05]]""","""[[5.476147e-05]]""",NA,NA,NA,NA,NA,NA,NA
594,4.459431224290711e-08,"""[-0.10612472]""","""[3.354953e-09]""",1.0,0.9998965263366699,"""[[6.278939e-05]]""","""[[5.4985692e-05]]""",NA,NA,NA,NA,NA,NA,NA
595,4.458586388977892e-08,"""[-0.101876736]""","""[3.3649639e-09]""",1.0,0.9998962879180908,"""[[6.276996e-05]]""","""[[5.5081182e-05]]""",NA,NA,NA,NA,NA,NA,NA
596,4.45775718560526e-08,"""[-0.097867236]""","""[3.3759662e-09]""",1.0,0.9998961687088013,"""[[6.2841464e-05]]""","""[[5.510598e-05]]""",NA,NA,NA,NA,NA,NA,NA
597,4.457069380237044e-08,"""[-0.09364607]""","""[3.3879217e-09]""",1.0,0.9998959898948669,"""[[6.300476e-05]]""","""[[5.5171447e-05]]""",NA,NA,NA,NA,NA,NA,NA
598,4.456197189028899e-08,"""[-0.08946543]""","""[3.4002505e-09]""",1.0,0.9998958110809326,"""[[6.3149e-05]]""","""[[5.5210345e-05]]""",NA,NA,NA,NA,NA,NA,NA
599,4.455526791957709e-08,"""[-0.08488667]""","""[3.4131014e-09]""",1.0,0.9998956322669983,"""[[6.324533e-05]]""","""[[5.5153825e-05]]""",NA,NA,NA,NA,NA,NA,NA
600,4.454745905491109e-08,"""[-0.08057822]""","""[3.4263075e-09]""",1.0,0.9998953938484192,"""[[6.3398744e-05]]""","""[[5.5303437e-05]]""",NA,NA,NA,NA,NA,NA,NA
601,4.4540716004348724e-08,"""[-0.07627424]""","""[3.440498e-09]""",1.0,0.9998950958251953,"""[[6.3473075e-05]]""","""[[5.5393437e-05]]""",NA,NA,NA,NA,NA,NA,NA
602,4.4533379650602e-08,"""[-0.07228737]""","""[3.4541778e-09]""",1.0,0.9998950362205505,"""[[6.352983e-05]]""","""[[5.556603e-05]]""",NA,NA,NA,NA,NA,NA,NA
603,4.4527507014890944e-08,"""[-0.06807982]""","""[3.4687977e-09]""",1.0,0.9998947381973267,"""[[6.353733e-05]]""","""[[5.577362e-05]]""",NA,NA,NA,NA,NA,NA,NA
604,4.452170898616714e-08,"""[-0.06359952]""","""[3.483834e-09]""",1.0,0.9998944997787476,"""[[6.3557454e-05]]""","""[[5.599711e-05]]""",NA,NA,NA,NA,NA,NA,NA
605,4.4516337283084795e-08,"""[-0.059091084]""","""[3.4992265e-09]""",1.0,0.9998942613601685,"""[[6.3543266e-05]]""","""[[5.6197347e-05]]""",NA,NA,NA,NA,NA,NA,NA
606,4.450971502478751e-08,"""[-0.054764275]""","""[3.5154428e-09]""",1.0,0.9998939037322998,"""[[6.354088e-05]]""","""[[5.6499302e-05]]""",NA,NA,NA,NA,NA,NA,NA
607,4.45044712193976e-08,"""[-0.05027753]""","""[3.5313077e-09]""",1.0,0.9998936653137207,"""[[6.34831e-05]]""","""[[5.6799396e-05]]""",NA,NA,NA,NA,NA,NA,NA
608,4.449878687751152e-08,"""[-0.04605112]""","""[3.549607e-09]""",1.0,0.9998934268951416,"""[[6.3472035e-05]]""","""[[5.700229e-05]]""",NA,NA,NA,NA,NA,NA,NA
609,4.449226764791092e-08,"""[-0.041933767]""","""[3.5674776e-09]""",1.0,0.9998930096626282,"""[[6.350913e-05]]""","""[[5.7260775e-05]]""",NA,NA,NA,NA,NA,NA,NA
610,4.448685686497811e-08,"""[-0.037754554]""","""[3.587045e-09]""",1.0,0.9998927116394043,"""[[6.364983e-05]]""","""[[5.7522702e-05]]""",NA,NA,NA,NA,NA,NA,NA
611,4.448109791610477e-08,"""[-0.03361248]""","""[3.6076926e-09]""",1.0,0.9998924732208252,"""[[6.365038e-05]]""","""[[5.7674246e-05]]""",NA,NA,NA,NA,NA,NA,NA
612,4.4474845140030084e-08,"""[-0.02961891]""","""[3.6285555e-09]""",1.0,0.9998921155929565,"""[[6.3846346e-05]]""","""[[5.7940073e-05]]""",NA,NA,NA,NA,NA,NA,NA
613,4.4469601334640174e-08,"""[-0.025615627]""","""[3.6501389e-09]""",1.0,0.9998917579650879,"""[[6.396545e-05]]""","""[[5.8100704e-05]]""",NA,NA,NA,NA,NA,NA,NA
614,4.446280499337263e-08,"""[-0.02179333]""","""[3.6726608e-09]""",1.0,0.999891459941864,"""[[6.41261e-05]]""","""[[5.830006e-05]]""",NA,NA,NA,NA,NA,NA,NA
615,4.445633905447721e-08,"""[-0.018289713]""","""[3.6957144e-09]""",1.0,0.9998911023139954,"""[[6.431195e-05]]""","""[[5.836814e-05]]""",NA,NA,NA,NA,NA,NA,NA
616,4.445107038009155e-08,"""[-0.014434004]""","""[3.7198014e-09]""",1.0,0.9998907446861267,"""[[6.443524e-05]]""","""[[5.854961e-05]]""",NA,NA,NA,NA,NA,NA,NA
617,4.4445041424978626e-08,"""[-0.010513644]""","""[3.744918e-09]""",1.0,0.9998903870582581,"""[[6.4732034e-05]]""","""[[5.8713227e-05]]""",NA,NA,NA,NA,NA,NA,NA
618,4.443937484666094e-08,"""[-0.006696137]""","""[3.7710466e-09]""",1.0,0.9998899698257446,"""[[6.490701e-05]]""","""[[5.887983e-05]]""",NA,NA,NA,NA,NA,NA,NA
619,4.443437617851487e-08,"""[-0.0028216061]""","""[3.7986227e-09]""",1.0,0.9998894333839417,"""[[6.508082e-05]]""","""[[5.912299e-05]]""",NA,NA,NA,NA,NA,NA,NA
620,4.4427544310110534e-08,"""[0.0006661508]""","""[3.827196e-09]""",1.0,0.9998891353607178,"""[[6.525953e-05]]""","""[[5.935989e-05]]""",NA,NA,NA,NA,NA,NA,NA
621,4.442280854277669e-08,"""[0.0047391136]""","""[3.856011e-09]""",1.0,0.9998886585235596,"""[[6.5419415e-05]]""","""[[5.967713e-05]]""",NA,NA,NA,NA,NA,NA,NA
622,4.4417088673753824e-08,"""[0.008546899]""","""[3.886541e-09]""",1.0,0.9998883008956909,"""[[6.550914e-05]]""","""[[5.995403e-05]]""",NA,NA,NA,NA,NA,NA,NA
623,4.44112444597522e-08,"""[0.011850262]""","""[3.917843e-09]""",1.0,0.9998878240585327,"""[[6.57436e-05]]""","""[[6.0205646e-05]]""",NA,NA,NA,NA,NA,NA,NA
624,4.440578749154156e-08,"""[0.015558347]""","""[3.951014e-09]""",1.0,0.9998872876167297,"""[[6.594251e-05]]""","""[[6.052648e-05]]""",NA,NA,NA,NA,NA,NA,NA
625,4.439920431309474e-08,"""[0.018983372]""","""[3.985824e-09]""",1.0,0.9998867511749268,"""[[6.6195265e-05]]""","""[[6.0790735e-05]]""",NA,NA,NA,NA,NA,NA,NA
626,4.439381839915768e-08,"""[0.02275928]""","""[4.0210586e-09]""",1.0,0.9998863339424133,"""[[6.638352e-05]]""","""[[6.1105515e-05]]""",NA,NA,NA,NA,NA,NA,NA
627,4.4388656306182384e-08,"""[0.02616598]""","""[4.058241e-09]""",1.0,0.9998857975006104,"""[[6.661212e-05]]""","""[[6.140617e-05]]""",NA,NA,NA,NA,NA,NA,NA
628,4.438288314645433e-08,"""[0.029554987]""","""[4.0966057e-09]""",1.0,0.9998852610588074,"""[[6.687315e-05]]""","""[[6.1710394e-05]]""",NA,NA,NA,NA,NA,NA,NA
629,4.437723788441872e-08,"""[0.03323664]""","""[4.1366213e-09]""",1.0,0.9998845458030701,"""[[6.714021e-05]]""","""[[6.196794e-05]]""",NA,NA,NA,NA,NA,NA,NA
630,4.437184131234062e-08,"""[0.03647504]""","""[4.1781116e-09]""",1.0,0.9998840093612671,"""[[6.747101e-05]]""","""[[6.229159e-05]]""",NA,NA,NA,NA,NA,NA,NA
631,4.436630618442905e-08,"""[0.03987353]""","""[4.2217696e-09]""",1.0,0.9998833537101746,"""[[6.7738336e-05]]""","""[[6.2626714e-05]]""",NA,NA,NA,NA,NA,NA,NA
632,4.436049039213685e-08,"""[0.043376986]""","""[4.26731e-09]""",1.0,0.9998828172683716,"""[[6.809645e-05]]""","""[[6.294971e-05]]""",NA,NA,NA,NA,NA,NA,NA
633,4.435511513634083e-08,"""[0.046908543]""","""[4.3143777e-09]""",1.0,0.9998820424079895,"""[[6.844559e-05]]""","""[[6.329773e-05]]""",NA,NA,NA,NA,NA,NA,NA
634,4.4349288685907595e-08,"""[0.049973026]""","""[4.36352e-09]""",1.0,0.9998814463615417,"""[[6.87867e-05]]""","""[[6.3644235e-05]]""",NA,NA,NA,NA,NA,NA,NA
635,4.434367539829509e-08,"""[0.052850414]""","""[4.413861e-09]""",1.0,0.9998806715011597,"""[[6.9211106e-05]]""","""[[6.400501e-05]]""",NA,NA,NA,NA,NA,NA,NA
636,4.433784894786186e-08,"""[0.056302138]""","""[4.4650963e-09]""",1.0,0.9998800158500671,"""[[6.9518814e-05]]""","""[[6.44113e-05]]""",NA,NA,NA,NA,NA,NA,NA
637,4.433232447809132e-08,"""[0.059362322]""","""[4.5192587e-09]""",1.0,0.9998793005943298,"""[[6.99456e-05]]""","""[[6.470423e-05]]""",NA,NA,NA,NA,NA,NA,NA
638,4.432612144000814e-08,"""[0.062455077]""","""[4.5751567e-09]""",1.0,0.9998786449432373,"""[[7.0235874e-05]]""","""[[6.5166634e-05]]""",NA,NA,NA,NA,NA,NA,NA
639,4.4320703551647966e-08,"""[0.06554828]""","""[4.6327377e-09]""",1.0,0.9998777508735657,"""[[7.063101e-05]]""","""[[6.557688e-05]]""",NA,NA,NA,NA,NA,NA,NA
640,4.43155023788222e-08,"""[0.068697914]""","""[4.6927395e-09]""",1.0,0.9998769164085388,"""[[7.103501e-05]]""","""[[6.601935e-05]]""",NA,NA,NA,NA,NA,NA,NA
641,4.4310048963325244e-08,"""[0.07190767]""","""[4.756006e-09]""",1.0,0.9998762011528015,"""[[7.143158e-05]]""","""[[6.6398046e-05]]""",NA,NA,NA,NA,NA,NA,NA
642,4.4304748314516473e-08,"""[0.07487855]""","""[4.821166e-09]""",1.0,0.9998752474784851,"""[[7.183587e-05]]""","""[[6.6985114e-05]]""",NA,NA,NA,NA,NA,NA,NA
643,4.4298939627651635e-08,"""[0.07789878]""","""[4.8896283e-09]""",1.0,0.9998744130134583,"""[[7.226217e-05]]""","""[[6.742278e-05]]""",NA,NA,NA,NA,NA,NA,NA
644,4.429367805869333e-08,"""[0.08082012]""","""[4.9614193e-09]""",1.0,0.9998733997344971,"""[[7.279287e-05]]""","""[[6.795653e-05]]""",NA,NA,NA,NA,NA,NA,NA
645,4.4288334777320415e-08,"""[0.08350569]""","""[5.036538e-09]""",1.0,0.9998724460601807,"""[[7.323285e-05]]""","""[[6.848995e-05]]""",NA,NA,NA,NA,NA,NA,NA
646,4.4283506639430925e-08,"""[0.08628321]""","""[5.1131233e-09]""",1.0,0.9998714327812195,"""[[7.381546e-05]]""","""[[6.898339e-05]]""",NA,NA,NA,NA,NA,NA,NA
647,4.4277342681198206e-08,"""[0.089043096]""","""[5.1937574e-09]""",1.0,0.9998704791069031,"""[[7.4337615e-05]]""","""[[6.953234e-05]]""",NA,NA,NA,NA,NA,NA,NA
648,4.4272372434761564e-08,"""[0.09168883]""","""[5.2773785e-09]""",1.0,0.9998694062232971,"""[[7.48506e-05]]""","""[[7.013357e-05]]""",NA,NA,NA,NA,NA,NA,NA
649,4.426744837360275e-08,"""[0.09450002]""","""[5.364235e-09]""",1.0,0.9998683333396912,"""[[7.541014e-05]]""","""[[7.067993e-05]]""",NA,NA,NA,NA,NA,NA,NA
650,4.426183153327656e-08,"""[0.09732721]""","""[5.454474e-09]""",1.0,0.9998672604560852,"""[[7.604173e-05]]""","""[[7.13355e-05]]""",NA,NA,NA,NA,NA,NA,NA
651,4.425650956818572e-08,"""[0.0996569]""","""[5.5484244e-09]""",1.0,0.9998661279678345,"""[[7.665276e-05]]""","""[[7.186299e-05]]""",NA,NA,NA,NA,NA,NA,NA
652,4.425162813959105e-08,"""[0.10223104]""","""[5.6443037e-09]""",1.0,0.9998648166656494,"""[[7.720996e-05]]""","""[[7.254761e-05]]""",NA,NA,NA,NA,NA,NA,NA
653,4.424605393182901e-08,"""[0.10488723]""","""[5.745405e-09]""",1.0,0.9998636841773987,"""[[7.781769e-05]]""","""[[7.315557e-05]]""",NA,NA,NA,NA,NA,NA,NA
654,4.424123645208056e-08,"""[0.10731128]""","""[5.850418e-09]""",1.0,0.9998624324798584,"""[[7.8514764e-05]]""","""[[7.382822e-05]]""",NA,NA,NA,NA,NA,NA,NA
655,4.423568356060059e-08,"""[0.10968782]""","""[5.9601835e-09]""",1.0,0.9998611211776733,"""[[7.9181846e-05]]""","""[[7.4496966e-05]]""",NA,NA,NA,NA,NA,NA,NA
656,4.423151622745536e-08,"""[0.112055]""","""[6.0765513e-09]""",1.0,0.9998597502708435,"""[[7.986751e-05]]""","""[[7.525928e-05]]""",NA,NA,NA,NA,NA,NA,NA
657,4.422609833909519e-08,"""[0.11450719]""","""[6.1957985e-09]""",1.0,0.9998583793640137,"""[[8.062532e-05]]""","""[[7.601685e-05]]""",NA,NA,NA,NA,NA,NA,NA
658,4.422087229727367e-08,"""[0.116885096]""","""[6.3206977e-09]""",1.0,0.9998568892478943,"""[[8.139369e-05]]""","""[[7.678829e-05]]""",NA,NA,NA,NA,NA,NA,NA
659,4.421609034466201e-08,"""[0.11903907]""","""[6.451235e-09]""",1.0,0.9998553991317749,"""[[8.218149e-05]]""","""[[7.756058e-05]]""",NA,NA,NA,NA,NA,NA,NA
660,4.421108457108858e-08,"""[0.12124366]""","""[6.585904e-09]""",1.0,0.9998539090156555,"""[[8.290213e-05]]""","""[[7.845473e-05]]""",NA,NA,NA,NA,NA,NA,NA
661,4.420748922484563e-08,"""[0.123517774]""","""[6.728268e-09]""",1.0,0.9998523592948914,"""[[8.3789484e-05]]""","""[[7.9268386e-05]]""",NA,NA,NA,NA,NA,NA,NA
662,4.42017125124039e-08,"""[0.12562734]""","""[6.875439e-09]""",1.0,0.9998506307601929,"""[[8.461351e-05]]""","""[[8.015594e-05]]""",NA,NA,NA,NA,NA,NA,NA
663,4.41970868791941e-08,"""[0.12761241]""","""[7.027898e-09]""",1.0,0.9998490214347839,"""[[8.548871e-05]]""","""[[8.105194e-05]]""",NA,NA,NA,NA,NA,NA,NA
664,4.4192606907245136e-08,"""[0.1296802]""","""[7.1891586e-09]""",1.0,0.9998473525047302,"""[[8.638078e-05]]""","""[[8.194847e-05]]""",NA,NA,NA,NA,NA,NA,NA
665,4.41876188972401e-08,"""[0.13165747]""","""[7.3558653e-09]""",1.0,0.9998455047607422,"""[[8.7361535e-05]]""","""[[8.295468e-05]]""",NA,NA,NA,NA,NA,NA,NA
666,4.418314247800481e-08,"""[0.13357712]""","""[7.531864e-09]""",1.0,0.9998436570167542,"""[[8.833203e-05]]""","""[[8.395342e-05]]""",NA,NA,NA,NA,NA,NA,NA
667,4.417844579052144e-08,"""[0.1355756]""","""[7.714368e-09]""",1.0,0.9998417496681213,"""[[8.934182e-05]]""","""[[8.494342e-05]]""",NA,NA,NA,NA,NA,NA,NA
668,4.417360344177723e-08,"""[0.13726051]""","""[7.905108e-09]""",1.0,0.9998397827148438,"""[[9.038429e-05]]""","""[[8.603095e-05]]""",NA,NA,NA,NA,NA,NA,NA
669,4.41693188690806e-08,"""[0.13906899]""","""[8.103817e-09]""",1.0,0.9998378157615662,"""[[9.142042e-05]]""","""[[8.709437e-05]]""",NA,NA,NA,NA,NA,NA,NA
670,4.4164053747408616e-08,"""[0.14069968]""","""[8.312224e-09]""",1.0,0.999835729598999,"""[[9.257702e-05]]""","""[[8.8205146e-05]]""",NA,NA,NA,NA,NA,NA,NA
671,4.4160888279520805e-08,"""[0.14257233]""","""[8.52927e-09]""",1.0,0.9998335838317871,"""[[9.370551e-05]]""","""[[8.943263e-05]]""",NA,NA,NA,NA,NA,NA,NA
672,4.41560459307766e-08,"""[0.14413314]""","""[8.755279e-09]""",1.0,0.9998313784599304,"""[[9.492258e-05]]""","""[[9.0534064e-05]]""",NA,NA,NA,NA,NA,NA,NA
673,4.415109700062203e-08,"""[0.14578994]""","""[8.991615e-09]""",1.0,0.999829113483429,"""[[9.607615e-05]]""","""[[9.178017e-05]]""",NA,NA,NA,NA,NA,NA,NA
674,4.4147199673716386e-08,"""[0.14742997]""","""[9.2396375e-09]""",1.0,0.9998267292976379,"""[[9.73918e-05]]""","""[[9.302435e-05]]""",NA,NA,NA,NA,NA,NA,NA
675,4.414260246221602e-08,"""[0.14883009]""","""[9.498013e-09]""",1.0,0.9998243451118469,"""[[9.8660756e-05]]""","""[[9.436625e-05]]""",NA,NA,NA,NA,NA,NA,NA
676,4.413907106481929e-08,"""[0.150384]""","""[9.768173e-09]""",1.0,0.9998218417167664,"""[[9.9973455e-05]]""","""[[9.575422e-05]]""",NA,NA,NA,NA,NA,NA,NA
677,4.413439924633167e-08,"""[0.15179674]""","""[1.0050886e-08]""",1.0,0.999819278717041,"""[[0.00010139]]""","""[[9.711974e-05]]""",NA,NA,NA,NA,NA,NA,NA
678,4.413098508848634e-08,"""[0.15308623]""","""[1.03453806e-08]""",1.0,0.9998165965080261,"""[[0.00010279]]""","""[[9.852568e-05]]""",NA,NA,NA,NA,NA,NA,NA
679,4.4126469589400585e-08,"""[0.15446095]""","""[1.0654991e-08]""",1.0,0.9998138546943665,"""[[0.00010421]]""","""[[0.0001]]""",NA,NA,NA,NA,NA,NA,NA
680,4.412317622382034e-08,"""[0.15580168]""","""[1.0977784e-08]""",1.0,0.9998109936714172,"""[[0.00010575]]""","""[[0.00010156]]""",NA,NA,NA,NA,NA,NA,NA
681,4.411813137039644e-08,"""[0.15707625]""","""[1.1315734e-08]""",1.0,0.9998081922531128,"""[[0.0001074]]""","""[[0.0001031]]""",NA,NA,NA,NA,NA,NA,NA
682,4.4115338937444903e-08,"""[0.1583031]""","""[1.1667587e-08]""",1.0,0.999805212020874,"""[[0.00010892]]""","""[[0.00010472]]""",NA,NA,NA,NA,NA,NA,NA
683,4.411090159806008e-08,"""[0.1595183]""","""[1.203612e-08]""",1.0,0.9998021125793457,"""[[0.00011054]]""","""[[0.00010639]]""",NA,NA,NA,NA,NA,NA,NA
684,4.410706466728698e-08,"""[0.16073194]""","""[1.2421336e-08]""",1.0,0.9997990131378174,"""[[0.00011224]]""","""[[0.00010808]]""",NA,NA,NA,NA,NA,NA,NA
685,4.4103515506321855e-08,"""[0.16174577]""","""[1.2824388e-08]""",1.0,0.9997957348823547,"""[[0.00011402]]""","""[[0.00010987]]""",NA,NA,NA,NA,NA,NA,NA
686,4.409991660736523e-08,"""[0.16283241]""","""[1.3247122e-08]""",1.0,0.9997923374176025,"""[[0.00011581]]""","""[[0.00011168]]""",NA,NA,NA,NA,NA,NA,NA
687,4.409595177889969e-08,"""[0.16393286]""","""[1.3686777e-08]""",1.0,0.9997888803482056,"""[[0.00011763]]""","""[[0.00011358]]""",NA,NA,NA,NA,NA,NA,NA
688,4.409256604276379e-08,"""[0.16491185]""","""[1.4148873e-08]""",1.0,0.9997854828834534,"""[[0.00011955]]""","""[[0.00011547]]""",NA,NA,NA,NA,NA,NA,NA
689,4.408845555303742e-08,"""[0.16597445]""","""[1.4631823e-08]""",1.0,0.9997817277908325,"""[[0.00012145]]""","""[[0.00011745]]""",NA,NA,NA,NA,NA,NA,NA
690,4.4085478378974585e-08,"""[0.16679548]""","""[1.5136807e-08]""",1.0,0.9997780323028564,"""[[0.00012355]]""","""[[0.0001195]]""",NA,NA,NA,NA,NA,NA,NA
691,4.4081335914825104e-08,"""[0.16774818]""","""[1.5665883e-08]""",1.0,0.999774158000946,"""[[0.00012561]]""","""[[0.00012158]]""",NA,NA,NA,NA,NA,NA,NA
692,4.407788622984299e-08,"""[0.16859303]""","""[1.6217836e-08]""",1.0,0.9997702240943909,"""[[0.00012783]]""","""[[0.00012367]]""",NA,NA,NA,NA,NA,NA,NA
693,4.407456799526699e-08,"""[0.16950421]""","""[1.679557e-08]""",1.0,0.9997661709785461,"""[[0.00013]]""","""[[0.00012585]]""",NA,NA,NA,NA,NA,NA,NA
694,4.4071974514281465e-08,"""[0.17030609]""","""[1.7402362e-08]""",1.0,0.9997618794441223,"""[[0.00013226]]""","""[[0.00012814]]""",NA,NA,NA,NA,NA,NA,NA
695,4.4068688254128574e-08,"""[0.17101346]""","""[1.8035333e-08]""",1.0,0.9997575283050537,"""[[0.00013454]]""","""[[0.0001305]]""",NA,NA,NA,NA,NA,NA,NA
696,4.4065014748184694e-08,"""[0.17180611]""","""[1.8699442e-08]""",1.0,0.9997531175613403,"""[[0.000137]]""","""[[0.0001329]]""",NA,NA,NA,NA,NA,NA,NA
697,4.4061522430638433e-08,"""[0.17250486]""","""[1.9393203e-08]""",1.0,0.9997485876083374,"""[[0.00013947]]""","""[[0.00013535]]""",NA,NA,NA,NA,NA,NA,NA
698,4.4057784975848335e-08,"""[0.17323637]""","""[2.0121538e-08]""",1.0,0.9997439384460449,"""[[0.00014197]]""","""[[0.00013795]]""",NA,NA,NA,NA,NA,NA,NA
699,4.40555112390939e-08,"""[0.17389178]""","""[2.0881854e-08]""",1.0,0.9997391700744629,"""[[0.00014456]]""","""[[0.00014054]]""",NA,NA,NA,NA,NA,NA,NA
700,4.405170273003023e-08,"""[0.17457232]""","""[2.1680068e-08]""",1.0,0.9997341632843018,"""[[0.00014722]]""","""[[0.00014324]]""",NA,NA,NA,NA,NA,NA,NA
701,4.404942544056212e-08,"""[0.17516157]""","""[2.2512564e-08]""",1.0,0.9997290968894958,"""[[0.00014994]]""","""[[0.00014596]]""",NA,NA,NA,NA,NA,NA,NA
702,4.404521902756642e-08,"""[0.17574757]""","""[2.3388903e-08]""",1.0,0.9997239112854004,"""[[0.00015276]]""","""[[0.00014884]]""",NA,NA,NA,NA,NA,NA,NA
703,4.404280673497851e-08,"""[0.17642461]""","""[2.4302851e-08]""",1.0,0.9997185468673706,"""[[0.00015574]]""","""[[0.00015177]]""",NA,NA,NA,NA,NA,NA,NA
704,4.403934283914168e-08,"""[0.17690915]""","""[2.526131e-08]""",1.0,0.9997130036354065,"""[[0.00015866]]""","""[[0.00015474]]""",NA,NA,NA,NA,NA,NA,NA
705,4.4036696067450976e-08,"""[0.17745124]""","""[2.6265042e-08]""",1.0,0.9997074007987976,"""[[0.00016171]]""","""[[0.00015781]]""",NA,NA,NA,NA,NA,NA,NA
706,4.4034116797320166e-08,"""[0.17793405]""","""[2.7316206e-08]""",1.0,0.9997016787528992,"""[[0.00016492]]""","""[[0.00016088]]""",NA,NA,NA,NA,NA,NA,NA
707,4.403076303560738e-08,"""[0.17843598]""","""[2.841957e-08]""",1.0,0.9996955990791321,"""[[0.00016816]]""","""[[0.00016417]]""",NA,NA,NA,NA,NA,NA,NA
708,4.402782494139501e-08,"""[0.17892924]""","""[2.9570101e-08]""",1.0,0.9996895790100098,"""[[0.00017151]]""","""[[0.00016748]]""",NA,NA,NA,NA,NA,NA,NA
709,4.402423670057942e-08,"""[0.1793428]""","""[3.0779326e-08]""",1.0,0.999683141708374,"""[[0.00017489]]""","""[[0.00017091]]""",NA,NA,NA,NA,NA,NA,NA
710,4.402214059950893e-08,"""[0.17977297]""","""[3.2044753e-08]""",1.0,0.9996768236160278,"""[[0.00017837]]""","""[[0.00017439]]""",NA,NA,NA,NA,NA,NA,NA
711,4.4019401457262575e-08,"""[0.18016213]""","""[3.3372615e-08]""",1.0,0.9996700286865234,"""[[0.000182]]""","""[[0.000178]]""",NA,NA,NA,NA,NA,NA,NA
712,4.401724851277322e-08,"""[0.18057868]""","""[3.4761513e-08]""",1.0,0.9996632933616638,"""[[0.00018567]]""","""[[0.00018173]]""",NA,NA,NA,NA,NA,NA,NA
713,4.40137490897996e-08,"""[0.18094121]""","""[3.6219536e-08]""",1.0,0.9996563196182251,"""[[0.00018943]]""","""[[0.00018549]]""",NA,NA,NA,NA,NA,NA,NA
714,4.4010985078557496e-08,"""[0.18131803]""","""[3.774631e-08]""",1.0,0.9996491074562073,"""[[0.00019341]]""","""[[0.00018942]]""",NA,NA,NA,NA,NA,NA,NA
715,4.400803987891777e-08,"""[0.18167889]""","""[3.93456e-08]""",1.0,0.9996417164802551,"""[[0.00019737]]""","""[[0.00019338]]""",NA,NA,NA,NA,NA,NA,NA
716,4.400562048090251e-08,"""[0.18197848]""","""[4.1023895e-08]""",1.0,0.9996342658996582,"""[[0.0002015]]""","""[[0.00019751]]""",NA,NA,NA,NA,NA,NA,NA
717,4.400336450771647e-08,"""[0.18230481]""","""[4.2782993e-08]""",1.0,0.9996263980865479,"""[[0.00020563]]""","""[[0.00020177]]""",NA,NA,NA,NA,NA,NA,NA
718,4.400155972916764e-08,"""[0.18260154]""","""[4.462667e-08]""",1.0,0.9996184706687927,"""[[0.00021003]]""","""[[0.00020606]]""",NA,NA,NA,NA,NA,NA,NA
719,4.39982983380105e-08,"""[0.18290827]""","""[4.6556856e-08]""",1.0,0.9996103644371033,"""[[0.00021448]]""","""[[0.00021055]]""",NA,NA,NA,NA,NA,NA,NA
720,4.3995473930635853e-08,"""[0.18318999]""","""[4.8583452e-08]""",1.0,0.9996019005775452,"""[[0.00021902]]""","""[[0.00021509]]""",NA,NA,NA,NA,NA,NA,NA
721,4.399334230242857e-08,"""[0.18344092]""","""[5.0703783e-08]""",1.0,0.9995932579040527,"""[[0.00022368]]""","""[[0.00021976]]""",NA,NA,NA,NA,NA,NA,NA
722,4.3991409626187306e-08,"""[0.18370101]""","""[5.292902e-08]""",1.0,0.9995843768119812,"""[[0.00022847]]""","""[[0.00022458]]""",NA,NA,NA,NA,NA,NA,NA
723,4.398766861868353e-08,"""[0.18392849]""","""[5.5263467e-08]""",1.0,0.9995754361152649,"""[[0.00023345]]""","""[[0.00022953]]""",NA,NA,NA,NA,NA,NA,NA
724,4.398512487568951e-08,"""[0.18416949]""","""[5.770583e-08]""",1.0,0.9995661377906799,"""[[0.00023846]]""","""[[0.00023456]]""",NA,NA,NA,NA,NA,NA,NA
725,4.398354036538876e-08,"""[0.18437444]""","""[6.026911e-08]""",1.0,0.9995566010475159,"""[[0.00024364]]""","""[[0.00023976]]""",NA,NA,NA,NA,NA,NA,NA
726,4.398095043711692e-08,"""[0.18458216]""","""[6.29607e-08]""",1.0000001192092896,0.9995467662811279,"""[[0.00024902]]""","""[[0.00024506]]""",NA,NA,NA,NA,NA,NA,NA
727,4.3979479613653893e-08,"""[0.18478903]""","""[6.577326e-08]""",1.0000001192092896,0.9995367527008057,"""[[0.00025443]]""","""[[0.00025053]]""",NA,NA,NA,NA,NA,NA,NA
728,4.397638520003966e-08,"""[0.18498205]""","""[6.8728454e-08]""",1.0000001192092896,0.9995263814926147,"""[[0.00026005]]""","""[[0.00025616]]""",NA,NA,NA,NA,NA,NA,NA
729,4.3974264229973414e-08,"""[0.1851688]""","""[7.182309e-08]""",1.0000001192092896,0.9995158314704895,"""[[0.00026577]]""","""[[0.00026183]]""",NA,NA,NA,NA,NA,NA,NA
730,4.397129416133794e-08,"""[0.18533294]""","""[7.5067966e-08]""",1.0000001192092896,0.9995049834251404,"""[[0.00027166]]""","""[[0.00026775]]""",NA,NA,NA,NA,NA,NA,NA
731,4.396951780449854e-08,"""[0.18549804]""","""[7.847556e-08]""",1.0000001192092896,0.9994939565658569,"""[[0.00027773]]""","""[[0.00027378]]""",NA,NA,NA,NA,NA,NA,NA
732,4.3968608309796764e-08,"""[0.18565084]""","""[8.204118e-08]""",1.0000001192092896,0.9994825720787048,"""[[0.00028389]]""","""[[0.00028001]]""",NA,NA,NA,NA,NA,NA,NA
733,4.396661168470928e-08,"""[0.18581225]""","""[8.578505e-08]""",1.0000001192092896,0.9994708299636841,"""[[0.00029028]]""","""[[0.00028633]]""",NA,NA,NA,NA,NA,NA,NA
734,4.396428820996334e-08,"""[0.18594664]""","""[8.9707115e-08]""",0.9999999403953552,0.9994588494300842,"""[[0.00029674]]""","""[[0.00029288]]""",NA,NA,NA,NA,NA,NA,NA
735,4.3962000262354195e-08,"""[0.1860851]""","""[9.381751e-08]""",1.0,0.9994466304779053,"""[[0.00030342]]""","""[[0.00029952]]""",NA,NA,NA,NA,NA,NA,NA
736,4.396003561168982e-08,"""[0.18622112]""","""[9.813153e-08]""",1.0,0.9994340538978577,"""[[0.00031027]]""","""[[0.00030638]]""",NA,NA,NA,NA,NA,NA,NA
737,4.395860386807726e-08,"""[0.1863425]""","""[1.0265481e-07]""",1.0,0.999421238899231,"""[[0.0003173]]""","""[[0.00031337]]""",NA,NA,NA,NA,NA,NA,NA
738,4.395680974766947e-08,"""[0.18646146]""","""[1.0739666e-07]""",1.0,0.9994078874588013,"""[[0.00032449]]""","""[[0.00032054]]""",NA,NA,NA,NA,NA,NA,NA
739,4.3955218131941365e-08,"""[0.1865774]""","""[1.1237259e-07]""",1.0,0.9993943572044373,"""[[0.00033186]]""","""[[0.00032794]]""",NA,NA,NA,NA,NA,NA,NA
740,4.39530332130289e-08,"""[0.18669075]""","""[1.1759341e-07]""",1.0,0.9993804097175598,"""[[0.0003394]]""","""[[0.00033554]]""",NA,NA,NA,NA,NA,NA,NA
741,4.39515588368522e-08,"""[0.18679078]""","""[1.2307054e-07]""",1.0,0.9993661642074585,"""[[0.00034721]]""","""[[0.00034328]]""",NA,NA,NA,NA,NA,NA,NA
742,4.395057828787685e-08,"""[0.18688308]""","""[1.2881372e-07]""",1.0000001192092896,0.9993516802787781,"""[[0.00035514]]""","""[[0.00035118]]""",NA,NA,NA,NA,NA,NA,NA
743,4.394886587988367e-08,"""[0.18698044]""","""[1.3483871e-07]""",1.0000001192092896,0.9993366003036499,"""[[0.0003633]]""","""[[0.00035931]]""",NA,NA,NA,NA,NA,NA,NA
744,4.3946865702082505e-08,"""[0.1870684]""","""[1.411694e-07]""",1.0000001192092896,0.9993212223052979,"""[[0.00037166]]""","""[[0.00036775]]""",NA,NA,NA,NA,NA,NA,NA
745,4.3945917127530265e-08,"""[0.18714313]""","""[1.4780795e-07]""",1.0000001192092896,0.9993054270744324,"""[[0.00038026]]""","""[[0.0003764]]""",NA,NA,NA,NA,NA,NA,NA
746,4.394428287923802e-08,"""[0.18722713]""","""[1.5477778e-07]""",1.0,0.9992892742156982,"""[[0.00038907]]""","""[[0.00038523]]""",NA,NA,NA,NA,NA,NA,NA
747,4.3943497729515e-08,"""[0.18729603]""","""[1.620799e-07]""",1.0,0.9992727041244507,"""[[0.00039813]]""","""[[0.00039425]]""",NA,NA,NA,NA,NA,NA,NA
748,4.394225427972742e-08,"""[0.18736719]""","""[1.6974121e-07]""",1.0,0.9992556571960449,"""[[0.0004073]]""","""[[0.00040347]]""",NA,NA,NA,NA,NA,NA,NA
749,4.3940826088828544e-08,"""[0.18743713]""","""[1.7778102e-07]""",1.0,0.9992381930351257,"""[[0.00041682]]""","""[[0.00041296]]""",NA,NA,NA,NA,NA,NA,NA
750,4.393979935457537e-08,"""[0.18750876]""","""[1.8621274e-07]""",1.0,0.9992204308509827,"""[[0.00042651]]""","""[[0.00042271]]""",NA,NA,NA,NA,NA,NA,NA
751,4.3938243265984056e-08,"""[0.18756244]""","""[1.9506682e-07]""",1.0000001192092896,0.9992020130157471,"""[[0.00043654]]""","""[[0.0004326]]""",NA,NA,NA,NA,NA,NA,NA
752,4.393769259536384e-08,"""[0.18762192]""","""[2.0434742e-07]""",1.0000001192092896,0.9991832971572876,"""[[0.00044676]]""","""[[0.00044282]]""",NA,NA,NA,NA,NA,NA,NA
753,4.393666230839699e-08,"""[0.18768057]""","""[2.1409801e-07]""",1.0,0.9991640448570251,"""[[0.00045729]]""","""[[0.00045329]]""",NA,NA,NA,NA,NA,NA,NA
754,4.3936140059486206e-08,"""[0.1877353]""","""[2.2432525e-07]""",1.0,0.9991443157196045,"""[[0.00046799]]""","""[[0.00046406]]""",NA,NA,NA,NA,NA,NA,NA
755,4.39348006864293e-08,"""[0.18778487]""","""[2.3505072e-07]""",1.0,0.9991241693496704,"""[[0.00047896]]""","""[[0.00047505]]""",NA,NA,NA,NA,NA,NA,NA
756,4.393505648181417e-08,"""[0.18782896]""","""[2.4631325e-07]""",1.0,0.999103307723999,"""[[0.00049027]]""","""[[0.00048634]]""",NA,NA,NA,NA,NA,NA,NA
757,4.393401908941996e-08,"""[0.1878686]""","""[2.5813614e-07]""",1.0000001192092896,0.999082088470459,"""[[0.00050181]]""","""[[0.00049793]]""",NA,NA,NA,NA,NA,NA,NA
758,4.393369934518887e-08,"""[0.18791468]""","""[2.705404e-07]""",0.9999999403953552,0.9990602731704712,"""[[0.00051368]]""","""[[0.00050983]]""",NA,NA,NA,NA,NA,NA,NA
759,4.3933269466833735e-08,"""[0.18795593]""","""[2.835673e-07]""",1.0,0.9990379214286804,"""[[0.00052591]]""","""[[0.00052202]]""",NA,NA,NA,NA,NA,NA,NA
760,4.393316999085073e-08,"""[0.18799464]""","""[2.9723554e-07]""",1.0,0.9990150332450867,"""[[0.00053831]]""","""[[0.0005345]]""",NA,NA,NA,NA,NA,NA,NA
761,4.3932853799333316e-08,"""[0.18803681]""","""[3.1157887e-07]""",1.0000001192092896,0.9989915490150452,"""[[0.00055107]]""","""[[0.00054733]]""",NA,NA,NA,NA,NA,NA,NA
762,4.393256958223901e-08,"""[0.18806785]""","""[3.266301e-07]""",1.0000001192092896,0.9989674091339111,"""[[0.00056418]]""","""[[0.00056038]]""",NA,NA,NA,NA,NA,NA,NA
763,4.3933177096278087e-08,"""[0.18810001]""","""[3.424393e-07]""",1.0,0.9989428520202637,"""[[0.00057771]]""","""[[0.00057375]]""",NA,NA,NA,NA,NA,NA,NA
764,4.3934214488672296e-08,"""[0.18812862]""","""[3.5902485e-07]""",1.0,0.9989175200462341,"""[[0.0005915]]""","""[[0.00058754]]""",NA,NA,NA,NA,NA,NA,NA
765,4.393411856540297e-08,"""[0.18815754]""","""[3.76446e-07]""",1.0000001192092896,0.9988915324211121,"""[[0.0006056]]""","""[[0.00060172]]""",NA,NA,NA,NA,NA,NA,NA
766,4.393453423290339e-08,"""[0.1881894]""","""[3.9472266e-07]""",0.9999999403953552,0.9988650679588318,"""[[0.00062014]]""","""[[0.00061613]]""",NA,NA,NA,NA,NA,NA,NA
767,4.393554320358817e-08,"""[0.18821523]""","""[4.1392678e-07]""",1.0,0.9988377094268799,"""[[0.00063492]]""","""[[0.00063099]]""",NA,NA,NA,NA,NA,NA,NA
768,4.393693586735026e-08,"""[0.18824175]""","""[4.3407897e-07]""",1.0000001192092896,0.998809814453125,"""[[0.00065018]]""","""[[0.00064629]]""",NA,NA,NA,NA,NA,NA,NA
769,4.393776009692374e-08,"""[0.18826719]""","""[4.5523402e-07]""",0.9999999403953552,0.998781144618988,"""[[0.00066571]]""","""[[0.00066184]]""",NA,NA,NA,NA,NA,NA,NA
770,4.393941566149806e-08,"""[0.18828745]""","""[4.7745243e-07]""",1.0,0.998751699924469,"""[[0.00068168]]""","""[[0.00067784]]""",NA,NA,NA,NA,NA,NA,NA
771,4.394125951989736e-08,"""[0.1883067]""","""[5.00791e-07]""",1.0000001192092896,0.998721718788147,"""[[0.0006981]]""","""[[0.00069425]]""",NA,NA,NA,NA,NA,NA,NA
772,4.394255626039012e-08,"""[0.1883309]""","""[5.252922e-07]""",1.0,0.9986907839775085,"""[[0.00071494]]""","""[[0.00071111]]""",NA,NA,NA,NA,NA,NA,NA
773,4.394429709009273e-08,"""[0.18834813]""","""[5.510392e-07]""",1.0,0.998659074306488,"""[[0.00073226]]""","""[[0.00072832]]""",NA,NA,NA,NA,NA,NA,NA
774,4.394631147874861e-08,"""[0.18836524]""","""[5.780688e-07]""",0.9999999403953552,0.9986264705657959,"""[[0.00074992]]""","""[[0.00074603]]""",NA,NA,NA,NA,NA,NA,NA
775,4.394929931095248e-08,"""[0.18838099]""","""[6.064578e-07]""",1.0,0.9985932111740112,"""[[0.00076806]]""","""[[0.00076422]]""",NA,NA,NA,NA,NA,NA,NA
776,4.3951807526809716e-08,"""[0.18839678]""","""[6.3627067e-07]""",0.9999999403953552,0.9985591769218445,"""[[0.00078664]]""","""[[0.00078282]]""",NA,NA,NA,NA,NA,NA,NA
777,4.3954447193073065e-08,"""[0.18841015]""","""[6.6758537e-07]""",1.0,0.998524010181427,"""[[0.00080573]]""","""[[0.00080185]]""",NA,NA,NA,NA,NA,NA,NA
778,4.395673514068221e-08,"""[0.1884231]""","""[7.0046553e-07]""",0.9999999403953552,0.998488187789917,"""[[0.00082532]]""","""[[0.00082138]]""",NA,NA,NA,NA,NA,NA,NA
779,4.3961492224298127e-08,"""[0.1884352]""","""[7.350329e-07]""",1.0,0.9984514117240906,"""[[0.0008454]]""","""[[0.00084145]]""",NA,NA,NA,NA,NA,NA,NA
780,4.396508757054107e-08,"""[0.18844792]""","""[7.713201e-07]""",1.0,0.9984135627746582,"""[[0.00086599]]""","""[[0.000862]]""",NA,NA,NA,NA,NA,NA,NA
781,4.3969137664134905e-08,"""[0.18845637]""","""[8.0944614e-07]""",0.9999999403953552,0.998374879360199,"""[[0.00088708]]""","""[[0.00088312]]""",NA,NA,NA,NA,NA,NA,NA
782,4.397306341274998e-08,"""[0.18847053]""","""[8.494838e-07]""",1.0,0.9983351826667786,"""[[0.00090871]]""","""[[0.00090473]]""",NA,NA,NA,NA,NA,NA,NA
783,4.397840314140922e-08,"""[0.18847923]""","""[8.915606e-07]""",1.0,0.998294472694397,"""[[0.00093088]]""","""[[0.00092692]]""",NA,NA,NA,NA,NA,NA,NA
784,4.398325970100814e-08,"""[0.18848814]""","""[9.357449e-07]""",0.9999999403953552,0.9982526898384094,"""[[0.00095357]]""","""[[0.00094972]]""",NA,NA,NA,NA,NA,NA,NA
785,4.398923891812956e-08,"""[0.18849707]""","""[9.821681e-07]""",1.0,0.9982098937034607,"""[[0.00097688]]""","""[[0.00097301]]""",NA,NA,NA,NA,NA,NA,NA
786,4.399456798864776e-08,"""[0.18850453]""","""[1.0309494e-06]""",1.0,0.998166024684906,"""[[0.00100071]]""","""[[0.00099693]]""",NA,NA,NA,NA,NA,NA,NA
787,4.400069997245737e-08,"""[0.18851188]""","""[1.0822173e-06]""",1.0,0.9981210231781006,"""[[0.00102536]]""","""[[0.00102144]]""",NA,NA,NA,NA,NA,NA,NA
788,4.4007816057956006e-08,"""[0.18851836]""","""[1.1360669e-06]""",1.0,0.9980748891830444,"""[[0.00105044]]""","""[[0.00104663]]""",NA,NA,NA,NA,NA,NA,NA
789,4.401527675668149e-08,"""[0.1885225]""","""[1.1926602e-06]""",0.9999999403953552,0.998027503490448,"""[[0.00107627]]""","""[[0.00107241]]""",NA,NA,NA,NA,NA,NA,NA
790,4.4023963141626155e-08,"""[0.18853055]""","""[1.2521382e-06]""",0.9999999403953552,0.9979789853096008,"""[[0.00110277]]""","""[[0.00109887]]""",NA,NA,NA,NA,NA,NA,NA
791,4.4031779111719516e-08,"""[0.18853475]""","""[1.3146247e-06]""",0.9999999403953552,0.9979291558265686,"""[[0.00112986]]""","""[[0.00112598]]""",NA,NA,NA,NA,NA,NA,NA
792,4.403961995080863e-08,"""[0.18854025]""","""[1.3802893e-06]""",0.9999999403953552,0.9978781342506409,"""[[0.00115774]]""","""[[0.00115377]]""",NA,NA,NA,NA,NA,NA,NA
793,4.404995124218658e-08,"""[0.18854356]""","""[1.4493063e-06]""",1.0,0.9978256821632385,"""[[0.00118632]]""","""[[0.00118233]]""",NA,NA,NA,NA,NA,NA,NA
794,4.406034648241075e-08,"""[0.18854748]""","""[1.5218363e-06]""",0.9999999403953552,0.9977719783782959,"""[[0.0012155]]""","""[[0.00121161]]""",NA,NA,NA,NA,NA,NA,NA
795,4.407047526910901e-08,"""[0.1885531]""","""[1.5980648e-06]""",0.9999999403953552,0.9977169632911682,"""[[0.00124553]]""","""[[0.00124165]]""",NA,NA,NA,NA,NA,NA,NA
796,4.408175868775288e-08,"""[0.18855755]""","""[1.6781794e-06]""",0.9999999403953552,0.9976604580879211,"""[[0.00127631]]""","""[[0.00127239]]""",NA,NA,NA,NA,NA,NA,NA
797,4.4093923179389094e-08,"""[0.18856034]""","""[1.7623954e-06]""",0.9999999403953552,0.997602641582489,"""[[0.00130791]]""","""[[0.00130398]]""",NA,NA,NA,NA,NA,NA,NA
798,4.4106510443953084e-08,"""[0.1885623]""","""[1.8509348e-06]""",0.9999999403953552,0.9975430965423584,"""[[0.00134026]]""","""[[0.00133643]]""",NA,NA,NA,NA,NA,NA,NA
799,4.4120660902535747e-08,"""[0.18856443]""","""[1.9439954e-06]""",0.9999998807907104,0.9974821209907532,"""[[0.00137354]]""","""[[0.00136966]]""",NA,NA,NA,NA,NA,NA,NA
800,4.4134850440968876e-08,"""[0.18856645]""","""[2.0418013e-06]""",0.9999999403953552,0.9974196553230286,"""[[0.00140764]]""","""[[0.00140369]]""",NA,NA,NA,NA,NA,NA,NA
801,4.414975762756512e-08,"""[0.18856755]""","""[2.1446358e-06]""",0.9999999403953552,0.997355580329895,"""[[0.00144256]]""","""[[0.00143865]]""",NA,NA,NA,NA,NA,NA,NA
802,4.416715171373653e-08,"""[0.18856914]""","""[2.2527395e-06]""",0.9999998807907104,0.9972897171974182,"""[[0.00147843]]""","""[[0.00147453]]""",NA,NA,NA,NA,NA,NA,NA
803,4.418410171069809e-08,"""[0.18857077]""","""[2.3664038e-06]""",0.9999998807907104,0.9972223043441772,"""[[0.00151523]]""","""[[0.00151131]]""",NA,NA,NA,NA,NA,NA,NA
804,4.4202206339605254e-08,"""[0.18857104]""","""[2.4858916e-06]""",0.9999998211860657,0.9971530437469482,"""[[0.001553]]""","""[[0.00154903]]""",NA,NA,NA,NA,NA,NA,NA
805,4.422045662977325e-08,"""[0.18857305]""","""[2.611515e-06]""",0.9999998807907104,0.9970820546150208,"""[[0.00159171]]""","""[[0.00158775]]""",NA,NA,NA,NA,NA,NA,NA
806,4.42409948675504e-08,"""[0.1885732]""","""[2.7436104e-06]""",0.9999998807907104,0.9970092177391052,"""[[0.00163141]]""","""[[0.00162745]]""",NA,NA,NA,NA,NA,NA,NA
807,4.426267352641844e-08,"""[0.1885738]""","""[2.8824873e-06]""",0.9999999403953552,0.9969345927238464,"""[[0.00167211]]""","""[[0.00166821]]""",NA,NA,NA,NA,NA,NA,NA
808,4.428494193575716e-08,"""[0.1885756]""","""[3.0285116e-06]""",0.9999998211860657,0.9968578219413757,"""[[0.00171389]]""","""[[0.00170997]]""",NA,NA,NA,NA,NA,NA,NA
809,4.430980027336773e-08,"""[0.18857536]""","""[3.1820755e-06]""",0.9999999403953552,0.9967793226242065,"""[[0.00175681]]""","""[[0.00175286]]""",NA,NA,NA,NA,NA,NA,NA
810,4.4335042304055605e-08,"""[0.18857689]""","""[3.3435408e-06]""",0.9999998211860657,0.9966986775398254,"""[[0.00180072]]""","""[[0.00179684]]""",NA,NA,NA,NA,NA,NA,NA
811,4.4362266748976253e-08,"""[0.18857628]""","""[3.5133355e-06]""",0.9999998211860657,0.996616005897522,"""[[0.00184587]]""","""[[0.00184187]]""",NA,NA,NA,NA,NA,NA,NA
812,4.438988199240157e-08,"""[0.18857668]""","""[3.6919012e-06]""",0.9999998211860657,0.9965311288833618,"""[[0.00189216]]""","""[[0.00188821]]""",NA,NA,NA,NA,NA,NA,NA
813,4.441933043608515e-08,"""[0.18857713]""","""[3.8796798e-06]""",0.9999998211860657,0.9964441657066345,"""[[0.00193961]]""","""[[0.00193571]]""",NA,NA,NA,NA,NA,NA,NA
814,4.445157486543394e-08,"""[0.1885774]""","""[4.0771815e-06]""",0.9999998211860657,0.9963547587394714,"""[[0.00198835]]""","""[[0.00198437]]""",NA,NA,NA,NA,NA,NA,NA
815,4.448580526172918e-08,"""[0.18857782]""","""[4.284852e-06]""",0.9999997615814209,0.9962632656097412,"""[[0.00203824]]""","""[[0.0020343]]""",NA,NA,NA,NA,NA,NA,NA
816,4.452063961934982e-08,"""[0.18857874]""","""[4.503306e-06]""",0.9999997019767761,0.9961692690849304,"""[[0.00208954]]""","""[[0.00208558]]""",NA,NA,NA,NA,NA,NA,NA
817,4.4557264544664577e-08,"""[0.18857847]""","""[4.733089e-06]""",0.9999998211860657,0.9960729479789734,"""[[0.00214212]]""","""[[0.0021382]]""",NA,NA,NA,NA,NA,NA,NA
818,4.459704072701243e-08,"""[0.18857892]""","""[4.974798e-06]""",0.9999998211860657,0.9959738850593567,"""[[0.00219615]]""","""[[0.00219216]]""",NA,NA,NA,NA,NA,NA,NA
819,4.463853287006714e-08,"""[0.18857922]""","""[5.2290247e-06]""",0.9999997019767761,0.9958725571632385,"""[[0.00225145]]""","""[[0.00224754]]""",NA,NA,NA,NA,NA,NA,NA
820,4.468230230258996e-08,"""[0.18857874]""","""[5.496465e-06]""",0.9999997019767761,0.9957683682441711,"""[[0.00230826]]""","""[[0.00230432]]""",NA,NA,NA,NA,NA,NA,NA
821,4.4728963644047326e-08,"""[0.18857914]""","""[5.7777984e-06]""",0.9999997019767761,0.9956616163253784,"""[[0.00236658]]""","""[[0.00236264]]""",NA,NA,NA,NA,NA,NA,NA
822,4.477773174471622e-08,"""[0.18857999]""","""[6.073766e-06]""",0.9999996423721313,0.995552122592926,"""[[0.00242638]]""","""[[0.00242246]]""",NA,NA,NA,NA,NA,NA,NA
823,4.482834725649809e-08,"""[0.1885802]""","""[6.3851194e-06]""",0.9999997019767761,0.9954395890235901,"""[[0.00248776]]""","""[[0.0024838]]""",NA,NA,NA,NA,NA,NA,NA
824,4.488240534783472e-08,"""[0.18858044]""","""[6.712668e-06]""",0.9999995827674866,0.9953242540359497,"""[[0.00255075]]""","""[[0.0025467]]""",NA,NA,NA,NA,NA,NA,NA
825,4.493900007673801e-08,"""[0.18858099]""","""[7.0572983e-06]""",0.9999996423721313,0.9952059984207153,"""[[0.00261533]]""","""[[0.00261134]]""",NA,NA,NA,NA,NA,NA,NA
826,4.499884198594373e-08,"""[0.18858092]""","""[7.419889e-06]""",0.9999996423721313,0.9950845241546631,"""[[0.00268164]]""","""[[0.00267763]]""",NA,NA,NA,NA,NA,NA,NA
827,4.5063146103530016e-08,"""[0.18858181]""","""[7.801397e-06]""",0.9999995231628418,0.9949599504470825,"""[[0.00274963]]""","""[[0.00274563]]""",NA,NA,NA,NA,NA,NA,NA
828,4.512956408575519e-08,"""[0.18858194]""","""[8.202853e-06]""",0.999999463558197,0.9948320984840393,"""[[0.00281951]]""","""[[0.00281545]]""",NA,NA,NA,NA,NA,NA,NA
829,4.520076757330571e-08,"""[0.18858239]""","""[8.625288e-06]""",0.999999463558197,0.9947009086608887,"""[[0.00289117]]""","""[[0.00288704]]""",NA,NA,NA,NA,NA,NA,NA
830,4.52747919155172e-08,"""[0.18858273]""","""[9.069776e-06]""",0.999999463558197,0.9945662617683411,"""[[0.00296464]]""","""[[0.00296048]]""",NA,NA,NA,NA,NA,NA,NA
831,4.535286279860884e-08,"""[0.18858303]""","""[9.537599e-06]""",0.999999463558197,0.9944280982017517,"""[[0.00304004]]""","""[[0.00303603]]""",NA,NA,NA,NA,NA,NA,NA
832,4.543570852888479e-08,"""[0.18858375]""","""[1.00299285e-05]""",0.999999463558197,0.9942863583564758,"""[[0.00311749]]""","""[[0.00311349]]""",NA,NA,NA,NA,NA,NA,NA
833,4.552283883185737e-08,"""[0.18858448]""","""[1.0548082e-05]""",0.9999993443489075,0.9941408634185791,"""[[0.00319687]]""","""[[0.00319295]]""",NA,NA,NA,NA,NA,NA,NA
834,4.56152733363524e-08,"""[0.18858479]""","""[1.1093416e-05]""",0.9999993443489075,0.9939916729927063,"""[[0.00327845]]""","""[[0.00327447]]""",NA,NA,NA,NA,NA,NA,NA
835,4.5711285423521986e-08,"""[0.18858474]""","""[1.1667361e-05]""",0.9999992847442627,0.9938384890556335,"""[[0.00336215]]""","""[[0.00335823]]""",NA,NA,NA,NA,NA,NA,NA
836,4.5812818427748425e-08,"""[0.18858536]""","""[1.2271498e-05]""",0.9999992251396179,0.9936811923980713,"""[[0.00344812]]""","""[[0.00344408]]""",NA,NA,NA,NA,NA,NA,NA
837,4.591981905832654e-08,"""[0.18858616]""","""[1.2907321e-05]""",0.9999991655349731,0.9935199022293091,"""[[0.00353623]]""","""[[0.0035322]]""",NA,NA,NA,NA,NA,NA,NA
838,4.6033477474338724e-08,"""[0.18858688]""","""[1.3576604e-05]""",0.9999991655349731,0.9933544397354126,"""[[0.00362667]]""","""[[0.00362262]]""",NA,NA,NA,NA,NA,NA,NA
839,4.615269588725823e-08,"""[0.18858767]""","""[1.4281158e-05]""",0.9999991059303284,0.993184506893158,"""[[0.00371958]]""","""[[0.00371551]]""",NA,NA,NA,NA,NA,NA,NA
840,4.6278895382556584e-08,"""[0.18858798]""","""[1.5022865e-05]""",0.9999991059303284,0.9930101633071899,"""[[0.00381487]]""","""[[0.00381083]]""",NA,NA,NA,NA,NA,NA,NA
841,4.64114187082032e-08,"""[0.18858872]""","""[1.5803631e-05]""",0.9999990463256836,0.9928311705589294,"""[[0.0039127]]""","""[[0.00390867]]""",NA,NA,NA,NA,NA,NA,NA
842,4.655071350612161e-08,"""[0.1885893]""","""[1.6625632e-05]""",0.9999989867210388,0.9926474690437317,"""[[0.00401308]]""","""[[0.00400909]]""",NA,NA,NA,NA,NA,NA,NA
843,4.669813336022344e-08,"""[0.18859038]""","""[1.7491018e-05]""",0.9999989867210388,0.9924591183662415,"""[[0.00411618]]""","""[[0.00411213]]""",NA,NA,NA,NA,NA,NA,NA
844,4.6851713619844304e-08,"""[0.18859166]""","""[1.8402216e-05]""",0.9999988079071045,0.9922656416893005,"""[[0.00422203]]""","""[[0.00421794]]""",NA,NA,NA,NA,NA,NA,NA
845,4.701542266616343e-08,"""[0.18859208]""","""[1.9361476e-05]""",0.9999988079071045,0.9920670390129089,"""[[0.00433063]]""","""[[0.00432654]]""",NA,NA,NA,NA,NA,NA,NA
846,4.7187167950824005e-08,"""[0.18859361]""","""[2.0371503e-05]""",0.9999986886978149,0.9918632507324219,"""[[0.00444208]]""","""[[0.00443792]]""",NA,NA,NA,NA,NA,NA,NA
847,4.736879333222532e-08,"""[0.18859461]""","""[2.1434991e-05]""",0.9999986290931702,0.9916541576385498,"""[[0.00455661]]""","""[[0.00455232]]""",NA,NA,NA,NA,NA,NA,NA
848,4.755930049782364e-08,"""[0.18859626]""","""[2.2554903e-05]""",0.9999986886978149,0.9914394617080688,"""[[0.00467405]]""","""[[0.00466979]]""",NA,NA,NA,NA,NA,NA,NA
849,4.776043738274893e-08,"""[0.18859783]""","""[2.3734112e-05]""",0.9999985694885254,0.991219162940979,"""[[0.00479461]]""","""[[0.00479036]]""",NA,NA,NA,NA,NA,NA,NA
850,4.797259123279218e-08,"""[0.18859915]""","""[2.497596e-05]""",0.9999984502792358,0.9909929633140564,"""[[0.00491838]]""","""[[0.00491409]]""",NA,NA,NA,NA,NA,NA,NA
851,4.8196330482142e-08,"""[0.188601]""","""[2.6283755e-05]""",0.9999983310699463,0.9907608032226562,"""[[0.00504548]]""","""[[0.00504121]]""",NA,NA,NA,NA,NA,NA,NA
852,4.843222001227332e-08,"""[0.18860286]""","""[2.7661012e-05]""",0.9999982714653015,0.990522563457489,"""[[0.00517592]]""","""[[0.00517162]]""",NA,NA,NA,NA,NA,NA,NA
853,4.8681059183763864e-08,"""[0.18860452]""","""[2.9111508e-05]""",0.9999982118606567,0.9902780055999756,"""[[0.00530984]]""","""[[0.00530559]]""",NA,NA,NA,NA,NA,NA,NA
854,4.8941782182509996e-08,"""[0.18860671]""","""[3.0639232e-05]""",0.9999980926513672,0.9900269508361816,"""[[0.00544725]]""","""[[0.00544312]]""",NA,NA,NA,NA,NA,NA,NA
855,4.9217469211271236e-08,"""[0.18860917]""","""[3.2248237e-05]""",0.9999979734420776,0.9897691607475281,"""[[0.00558838]]""","""[[0.00558424]]""",NA,NA,NA,NA,NA,NA,NA
856,4.9508322774727276e-08,"""[0.18861128]""","""[3.394304e-05]""",0.9999979138374329,0.9895045757293701,"""[[0.00573329]]""","""[[0.00572915]]""",NA,NA,NA,NA,NA,NA,NA
857,4.981473367138278e-08,"""[0.18861379]""","""[3.5728208e-05]""",0.9999977946281433,0.9892330765724182,"""[[0.00588212]]""","""[[0.00587788]]""",NA,NA,NA,NA,NA,NA,NA
858,5.013779613705083e-08,"""[0.18861632]""","""[3.760866e-05]""",0.999997615814209,0.9889542460441589,"""[[0.00603489]]""","""[[0.00603063]]""",NA,NA,NA,NA,NA,NA,NA
859,5.047792939194551e-08,"""[0.1886193]""","""[3.9589533e-05]""",0.9999974966049194,0.9886682033538818,"""[[0.00619177]]""","""[[0.00618749]]""",NA,NA,NA,NA,NA,NA,NA
860,5.08359754292087e-08,"""[0.18862227]""","""[4.1676303e-05]""",0.9999973773956299,0.9883744120597839,"""[[0.00635285]]""","""[[0.00634843]]""",NA,NA,NA,NA,NA,NA,NA
861,5.1214129825893906e-08,"""[0.18862553]""","""[4.3874676e-05]""",0.9999972581863403,0.9880728721618652,"""[[0.00651821]]""","""[[0.00651378]]""",NA,NA,NA,NA,NA,NA,NA
862,5.161260574482185e-08,"""[0.18862882]""","""[4.6190555e-05]""",0.9999970197677612,0.9877632856369019,"""[[0.00668807]]""","""[[0.00668347]]""",NA,NA,NA,NA,NA,NA,NA
863,5.203278874432726e-08,"""[0.1886328]""","""[4.8630405e-05]""",0.9999969005584717,0.9874453544616699,"""[[0.00686229]]""","""[[0.00685771]]""",NA,NA,NA,NA,NA,NA,NA
864,5.2476053724603844e-08,"""[0.18863653]""","""[5.1201056e-05]""",0.9999967813491821,0.987119197845459,"""[[0.00704129]]""","""[[0.00703671]]""",NA,NA,NA,NA,NA,NA,NA
865,5.294279503686994e-08,"""[0.18864071]""","""[5.3909494e-05]""",0.9999966621398926,0.9867842793464661,"""[[0.00722511]]""","""[[0.00722046]]""",NA,NA,NA,NA,NA,NA,NA
866,5.343495601550785e-08,"""[0.18864533]""","""[5.676338e-05]""",0.9999964237213135,0.9864404201507568,"""[[0.00741377]]""","""[[0.00740918]]""",NA,NA,NA,NA,NA,NA,NA
867,5.395405011654475e-08,"""[0.18864982]""","""[5.9770347e-05]""",0.9999961853027344,0.986087441444397,"""[[0.00760761]]""","""[[0.007603]]""",NA,NA,NA,NA,NA,NA,NA
868,5.450059248346406e-08,"""[0.18865477]""","""[6.2938925e-05]""",0.9999959468841553,0.9857250452041626,"""[[0.00780656]]""","""[[0.00780194]]""",NA,NA,NA,NA,NA,NA,NA
869,5.5077396865499395e-08,"""[0.18866023]""","""[6.6277695e-05]""",0.999995768070221,0.9853529334068298,"""[[0.00801085]]""","""[[0.00800626]]""",NA,NA,NA,NA,NA,NA,NA
870,5.568541538991667e-08,"""[0.18866591]""","""[6.9796275e-05]""",0.9999955892562866,0.9849709868431091,"""[[0.00822067]]""","""[[0.00821608]]""",NA,NA,NA,NA,NA,NA,NA
871,5.632665178723073e-08,"""[0.18867192]""","""[7.3504205e-05]""",0.9999953508377075,0.9845788478851318,"""[[0.0084362]]""","""[[0.00843155]]""",NA,NA,NA,NA,NA,NA,NA
872,5.700429994703882e-08,"""[0.18867822]""","""[7.7411925e-05]""",0.9999949932098389,0.9841762781143188,"""[[0.00865748]]""","""[[0.00865273]]""",NA,NA,NA,NA,NA,NA,NA
873,5.7716718515621324e-08,"""[0.18868475]""","""[8.153024e-05]""",0.9999947547912598,0.9837629795074463,"""[[0.00888481]]""","""[[0.00887994]]""",NA,NA,NA,NA,NA,NA,NA
874,5.846948525345397e-08,"""[0.18869185]""","""[8.5870735e-05]""",0.9999944567680359,0.983338475227356,"""[[0.00911815]]""","""[[0.00911324]]""",NA,NA,NA,NA,NA,NA,NA
875,5.92628595086353e-08,"""[0.18869936]""","""[9.04456e-05]""",0.9999942779541016,0.9829027056694031,"""[[0.00935786]]""","""[[0.00935296]]""",NA,NA,NA,NA,NA,NA,NA
876,6.009874908841084e-08,"""[0.1887072]""","""[9.526761e-05]""",0.9999939203262329,0.982455313205719,"""[[0.00960405]]""","""[[0.00959904]]""",NA,NA,NA,NA,NA,NA,NA
877,6.098220950434552e-08,"""[0.18871559]""","""[0.00010035012]""",0.9999935030937195,0.9819958209991455,"""[[0.0098569]]""","""[[0.0098518]]""",NA,NA,NA,NA,NA,NA,NA
878,6.191361023866193e-08,"""[0.1887245]""","""[0.00010570729]""",0.9999932646751404,0.9815242886543274,"""[[0.01011655]]""","""[[0.01011135]]""",NA,NA,NA,NA,NA,NA,NA
879,6.289602083597856e-08,"""[0.1887338]""","""[0.00011135452]""",0.9999929070472717,0.9810399413108826,"""[[0.0103832]]""","""[[0.01037797]]""",NA,NA,NA,NA,NA,NA,NA
880,6.393208451527244e-08,"""[0.18874384]""","""[0.00011730732]""",0.9999924898147583,0.9805428981781006,"""[[0.01065705]]""","""[[0.01065177]]""",NA,NA,NA,NA,NA,NA,NA
881,6.502583005385532e-08,"""[0.18875442]""","""[0.00012358259]""",0.9999920725822449,0.9800324440002441,"""[[0.01093835]]""","""[[0.01093304]]""",NA,NA,NA,NA,NA,NA,NA
882,6.617963066446464e-08,"""[0.18876562]""","""[0.00013019812]""",0.9999917149543762,0.9795082807540894,"""[[0.01122723]]""","""[[0.01122186]]""",NA,NA,NA,NA,NA,NA,NA
883,6.739661984056511e-08,"""[0.18877743]""","""[0.00013717233]""",0.999991238117218,0.9789701700210571,"""[[0.01152399]]""","""[[0.01151853]]""",NA,NA,NA,NA,NA,NA,NA
884,6.868160085105046e-08,"""[0.18879004]""","""[0.00014452507]""",0.9999906420707703,0.9784176349639893,"""[[0.01182879]]""","""[[0.01182323]]""",NA,NA,NA,NA,NA,NA,NA
885,7.00382614127193e-08,"""[0.18880339]""","""[0.00015227684]""",0.9999901652336121,0.9778503179550171,"""[[0.01214185]]""","""[[0.01213615]]""",NA,NA,NA,NA,NA,NA,NA
886,7.146969238647216e-08,"""[0.18881737]""","""[0.00016044975]""",0.9999896883964539,0.9772677421569824,"""[[0.01246338]]""","""[[0.01245762]]""",NA,NA,NA,NA,NA,NA,NA
887,7.297981596821046e-08,"""[0.18883243]""","""[0.00016906679]""",0.9999892115592957,0.9766696691513062,"""[[0.0127936]]""","""[[0.01278774]]""",NA,NA,NA,NA,NA,NA,NA
888,7.457527573251355e-08,"""[0.18884812]""","""[0.00017815245]""",0.9999886155128479,0.9760556221008301,"""[[0.01313277]]""","""[[0.01312695]]""",NA,NA,NA,NA,NA,NA,NA
889,7.625897779917068e-08,"""[0.1888647]""","""[0.00018773263]""",0.9999879002571106,0.9754250049591064,"""[[0.01348126]]""","""[[0.01347522]]""",NA,NA,NA,NA,NA,NA,NA
890,7.803689072716224e-08,"""[0.18888249]""","""[0.0001978344]""",0.9999873042106628,0.9747776985168457,"""[[0.01383917]]""","""[[0.01383303]]""",NA,NA,NA,NA,NA,NA,NA
891,7.991333461632166e-08,"""[0.18890123]""","""[0.00020848616]""",0.9999865889549255,0.9741129875183105,"""[[0.01420678]]""","""[[0.01420052]]""",NA,NA,NA,NA,NA,NA,NA
892,8.189652334067432e-08,"""[0.18892078]""","""[0.00021971895]""",0.999985933303833,0.9734303951263428,"""[[0.01458451]]""","""[[0.014578]]""",NA,NA,NA,NA,NA,NA,NA
893,8.399055673180555e-08,"""[0.18894173]""","""[0.00023156393]""",0.9999851584434509,0.9727296233177185,"""[[0.01497242]]""","""[[0.01496585]]""",NA,NA,NA,NA,NA,NA,NA
894,8.62013607161316e-08,"""[0.18896379]""","""[0.00024405507]""",0.9999842643737793,0.9720101356506348,"""[[0.01537087]]""","""[[0.0153641]]""",NA,NA,NA,NA,NA,NA,NA
895,8.853778155071268e-08,"""[0.18898703]""","""[0.00025722804]""",0.9999834299087524,0.971271276473999,"""[[0.01578016]]""","""[[0.01577337]]""",NA,NA,NA,NA,NA,NA,NA
896,9.100559594799051e-08,"""[0.18901172]""","""[0.00027112034]""",0.9999825954437256,0.9705126881599426,"""[[0.01620066]]""","""[[0.01619363]]""",NA,NA,NA,NA,NA,NA,NA
897,9.361448860545352e-08,"""[0.18903771]""","""[0.00028577188]""",0.999981701374054,0.9697338342666626,"""[[0.01663258]]""","""[[0.01662541]]""",NA,NA,NA,NA,NA,NA,NA
898,9.637133047135649e-08,"""[0.18906516]""","""[0.00030122395]""",0.9999806880950928,0.9689341187477112,"""[[0.01707632]]""","""[[0.01706897]]""",NA,NA,NA,NA,NA,NA,NA
899,9.928388777780128e-08,"""[0.18909428]""","""[0.00031752093]""",0.9999796748161316,0.968113124370575,"""[[0.01753213]]""","""[[0.01752455]]""",NA,NA,NA,NA,NA,NA,NA
900,1.023630886720639e-07,"""[0.18912503]""","""[0.00033470942]""",0.9999786019325256,0.9672700762748718,"""[[0.01800034]]""","""[[0.01799259]]""",NA,NA,NA,NA,NA,NA,NA
901,1.0561880259274403e-07,"""[0.18915738]""","""[0.0003528384]""",0.9999772906303406,0.9664045572280884,"""[[0.01848132]]""","""[[0.01847337]]""",NA,NA,NA,NA,NA,NA,NA
902,1.0905932157356801e-07,"""[0.18919176]""","""[0.00037196005]""",0.9999762177467346,0.9655159711837769,"""[[0.01897546]]""","""[[0.01896729]]""",NA,NA,NA,NA,NA,NA,NA
903,1.126998512290811e-07,"""[0.18922797]""","""[0.0003921286]""",0.9999748468399048,0.9646034836769104,"""[[0.019483]]""","""[[0.01947473]]""",NA,NA,NA,NA,NA,NA,NA
904,1.1655053810954996e-07,"""[0.18926625]""","""[0.00041340204]""",0.999973475933075,0.9636668562889099,"""[[0.02000444]]""","""[[0.0199959]]""",NA,NA,NA,NA,NA,NA,NA
905,1.2062230325682322e-07,"""[0.1893067]""","""[0.0004358413]""",0.9999720454216003,0.962705135345459,"""[[0.02054011]]""","""[[0.0205313]]""",NA,NA,NA,NA,NA,NA,NA
906,1.249299543815141e-07,"""[0.18934952]""","""[0.00045951072]""",0.9999706149101257,0.9617177844047546,"""[[0.02109042]]""","""[[0.02108136]]""",NA,NA,NA,NA,NA,NA,NA
907,1.2948984817739984e-07,"""[0.18939471]""","""[0.00048447764]""",0.999968945980072,0.9607040882110596,"""[[0.02165574]]""","""[[0.02164635]]""",NA,NA,NA,NA,NA,NA,NA
908,1.343146891485958e-07,"""[0.1894425]""","""[0.0005108142]""",0.9999672174453735,0.959663450717926,"""[[0.02223657]]""","""[[0.02222684]]""",NA,NA,NA,NA,NA,NA,NA
909,1.3942295140623173e-07,"""[0.18949313]""","""[0.00053859485]""",0.999965488910675,0.9585950970649719,"""[[0.02283313]]""","""[[0.02282315]]""",NA,NA,NA,NA,NA,NA,NA
910,1.4483265431408654e-07,"""[0.18954647]""","""[0.0005678996]""",0.9999635815620422,0.9574984908103943,"""[[0.02344601]]""","""[[0.0234356]]""",NA,NA,NA,NA,NA,NA,NA
911,1.505595861317488e-07,"""[0.18960303]""","""[0.0005988122]""",0.9999617338180542,0.9563727378845215,"""[[0.02407553]]""","""[[0.02406483]]""",NA,NA,NA,NA,NA,NA,NA
912,1.5662894270462857e-07,"""[0.18966272]""","""[0.000631421]""",0.9999596476554871,0.9552170634269714,"""[[0.02472235]]""","""[[0.02471121]]""",NA,NA,NA,NA,NA,NA,NA
913,1.6305766337154637e-07,"""[0.18972589]""","""[0.00066581956]""",0.9999573230743408,0.9540307521820068,"""[[0.02538662]]""","""[[0.02537519]]""",NA,NA,NA,NA,NA,NA,NA
914,1.6987091555620282e-07,"""[0.1897926]""","""[0.000702106]""",0.9999550580978394,0.9528130888938904,"""[[0.02606918]]""","""[[0.02605732]]""",NA,NA,NA,NA,NA,NA,NA
915,1.77094491959906e-07,"""[0.1898633]""","""[0.0007403839]""",0.999952495098114,0.9515631198883057,"""[[0.02677024]]""","""[[0.02675796]]""",NA,NA,NA,NA,NA,NA,NA
916,1.8475417107310932e-07,"""[0.18993789]""","""[0.00078076264]""",0.9999499917030334,0.9502803087234497,"""[[0.02749039]]""","""[[0.0274777]]""",NA,NA,NA,NA,NA,NA,NA
917,1.928775787973791e-07,"""[0.19001688]""","""[0.0008233569]""",0.9999472498893738,0.9489636421203613,"""[[0.02823021]]""","""[[0.0282171]]""",NA,NA,NA,NA,NA,NA,NA
918,2.014976558939452e-07,"""[0.19010048]""","""[0.00086828787]""",0.9999445080757141,0.9476122260093689,"""[[0.02899006]]""","""[[0.02897644]]""",NA,NA,NA,NA,NA,NA,NA
919,2.106461778339508e-07,"""[0.19018885]""","""[0.00091568317]""",0.9999414086341858,0.9462252855300903,"""[[0.02977065]]""","""[[0.02975645]]""",NA,NA,NA,NA,NA,NA,NA
920,2.203578333137557e-07,"""[0.19028246]""","""[0.0009656779]""",0.9999383091926575,0.9448020458221436,"""[[0.03057231]]""","""[[0.03055763]]""",NA,NA,NA,NA,NA,NA,NA
921,2.3067266852194734e-07,"""[0.19038144]""","""[0.0010184139]""",0.9999348521232605,0.9433414340019226,"""[[0.03139581]]""","""[[0.03138046]]""",NA,NA,NA,NA,NA,NA,NA
922,2.4162920908565866e-07,"""[0.19048618]""","""[0.001074041]""",0.9999313354492188,0.9418426752090454,"""[[0.03224163]]""","""[[0.03222581]]""",NA,NA,NA,NA,NA,NA,NA
923,2.532735265958763e-07,"""[0.1905971]""","""[0.0011327149]""",0.9999275803565979,0.9403048753738403,"""[[0.03311037]]""","""[[0.03309383]]""",NA,NA,NA,NA,NA,NA,NA
924,2.6565751909402024e-07,"""[0.19071437]""","""[0.0011946026]""",0.9999236464500427,0.9387270212173462,"""[[0.0340026]]""","""[[0.03398547]]""",NA,NA,NA,NA,NA,NA,NA
925,2.78825069699451e-07,"""[0.19083858]""","""[0.0012598772]""",0.999919593334198,0.9371081590652466,"""[[0.03491895]]""","""[[0.03490104]]""",NA,NA,NA,NA,NA,NA,NA
926,2.928405535840284e-07,"""[0.19097011]""","""[0.0013287223]""",0.9999152421951294,0.9354473948478699,"""[[0.03586002]]""","""[[0.03584142]]""",NA,NA,NA,NA,NA,NA,NA
927,3.077593362377229e-07,"""[0.1911093]""","""[0.0014013302]""",0.9999105930328369,0.9337438344955444,"""[[0.03682648]]""","""[[0.03680706]]""",NA,NA,NA,NA,NA,NA,NA
928,3.2365224456043507e-07,"""[0.19125667]""","""[0.001477904]""",0.9999057054519653,0.93199622631073,"""[[0.03781883]]""","""[[0.03779871]]""",NA,NA,NA,NA,NA,NA,NA
929,3.405837958325719e-07,"""[0.1914128]""","""[0.0015586558]""",0.9999005794525146,0.9302036762237549,"""[[0.03883791]]""","""[[0.03881685]]""",NA,NA,NA,NA,NA,NA,NA
930,3.586391130738775e-07,"""[0.19157816]""","""[0.0016438101]""",0.9998950958251953,0.9283654093742371,"""[[0.0398843]]""","""[[0.03986242]]""",NA,NA,NA,NA,NA,NA,NA
931,3.778952759603271e-07,"""[0.1917533]""","""[0.0017336007]""",0.9998894929885864,0.926480233669281,"""[[0.04095861]]""","""[[0.04093588]]""",NA,NA,NA,NA,NA,NA,NA
932,3.9845056676313106e-07,"""[0.19193879]""","""[0.0018282752]""",0.9998835921287537,0.9245471358299255,"""[[0.04206165]]""","""[[0.04203791]]""",NA,NA,NA,NA,NA,NA,NA
933,4.2040576886392955e-07,"""[0.19213538]""","""[0.0019280907]""",0.9998772740364075,0.9225651025772095,"""[[0.04319405]]""","""[[0.04316917]]""",NA,NA,NA,NA,NA,NA,NA
934,4.4386851527633553e-07,"""[0.19234368]""","""[0.0020333207]""",0.9998705983161926,0.9205330014228821,"""[[0.04435645]]""","""[[0.04433047]]""",NA,NA,NA,NA,NA,NA,NA
935,4.6895868877072644e-07,"""[0.19256437]""","""[0.0021442487]""",0.9998635649681091,0.9184499979019165,"""[[0.04554964]]""","""[[0.04552254]]""",NA,NA,NA,NA,NA,NA,NA
936,4.958079671268933e-07,"""[0.1927983]""","""[0.0022611732]""",0.9998562932014465,0.9163148999214172,"""[[0.04677436]]""","""[[0.04674604]]""",NA,NA,NA,NA,NA,NA,NA
937,5.2455038712651e-07,"""[0.19304635]""","""[0.002384406]""",0.999848484992981,0.9141267538070679,"""[[0.04803117]]""","""[[0.04800159]]""",NA,NA,NA,NA,NA,NA,NA
938,5.55355825326842e-07,"""[0.19330923]""","""[0.0025142734]""",0.9998403191566467,0.911884605884552,"""[[0.04932099]]""","""[[0.04929005]]""",NA,NA,NA,NA,NA,NA,NA
939,5.883933908990002e-07,"""[0.19358788]""","""[0.0026511177]""",0.9998318552970886,0.9095872640609741,"""[[0.05064431]]""","""[[0.05061207]]""",NA,NA,NA,NA,NA,NA,NA
940,6.238523155843723e-07,"""[0.19388337]""","""[0.002795295]""",0.9998227953910828,0.907233715057373,"""[[0.05200217]]""","""[[0.05196842]]""",NA,NA,NA,NA,NA,NA,NA
941,6.619375767513702e-07,"""[0.19419666]""","""[0.0029471808]""",0.9998133182525635,0.9048231244087219,"""[[0.05339501]]""","""[[0.05335982]]""",NA,NA,NA,NA,NA,NA,NA
942,7.028834829725383e-07,"""[0.1945289]""","""[0.0031071615]""",0.9998032450675964,0.9023544192314148,"""[[0.05482379]]""","""[[0.05478695]]""",NA,NA,NA,NA,NA,NA,NA
943,7.469432716789015e-07,"""[0.19488125]""","""[0.0032756426]""",0.9997928142547607,0.8998267650604248,"""[[0.05628903]]""","""[[0.05625055]]""",NA,NA,NA,NA,NA,NA,NA
944,7.943919513309083e-07,"""[0.1952549]""","""[0.0034530484]""",0.9997816681861877,0.8972389698028564,"""[[0.05779161]]""","""[[0.05775144]]""",NA,NA,NA,NA,NA,NA,NA
945,8.455432407572516e-07,"""[0.1956513]""","""[0.0036398151]""",0.9997700452804565,0.8945903182029724,"""[[0.05933221]]""","""[[0.05929018]]""",NA,NA,NA,NA,NA,NA,NA
946,9.007347330225457e-07,"""[0.19607168]""","""[0.0038364003]""",0.9997578859329224,0.8918798565864563,"""[[0.06091147]]""","""[[0.06086758]]""",NA,NA,NA,NA,NA,NA,NA
947,9.603440958017018e-07,"""[0.19651765]""","""[0.0040432755]""",0.9997450113296509,0.8891067504882812,"""[[0.06253009]]""","""[[0.06248424]]""",NA,NA,NA,NA,NA,NA,NA
948,1.0247985073874588e-06,"""[0.19699073]""","""[0.00426093]""",0.9997314810752869,0.8862703442573547,"""[[0.0641887]]""","""[[0.06414074]]""",NA,NA,NA,NA,NA,NA,NA
949,1.0945570920739556e-06,"""[0.19749258]""","""[0.004489873]""",0.9997172951698303,0.8833696842193604,"""[[0.06588809]]""","""[[0.06583795]]""",NA,NA,NA,NA,NA,NA,NA
950,1.1701304174493998e-06,"""[0.19802505]""","""[0.0047306246]""",0.9997024536132812,0.8804042935371399,"""[[0.06762864]]""","""[[0.06757642]]""",NA,NA,NA,NA,NA,NA,NA
951,1.252105562343786e-06,"""[0.19858992]""","""[0.0049837236]""",0.9996868968009949,0.877373456954956,"""[[0.0694112]]""","""[[0.06935648]]""",NA,NA,NA,NA,NA,NA,NA
952,1.341098823104403e-06,"""[0.19918919]""","""[0.005249728]""",0.9996703863143921,0.8742766380310059,"""[[0.07123616]]""","""[[0.07117898]]""",NA,NA,NA,NA,NA,NA,NA
953,1.4378216519617126e-06,"""[0.199825]""","""[0.0055291993]""",0.9996532201766968,0.8711135387420654,"""[[0.07310405]]""","""[[0.07304431]]""",NA,NA,NA,NA,NA,NA,NA
954,1.5430651956194197e-06,"""[0.20049955]""","""[0.005822723]""",0.9996352195739746,0.8678836226463318,"""[[0.07501534]]""","""[[0.07495296]]""",NA,NA,NA,NA,NA,NA,NA
955,1.6576999541939585e-06,"""[0.20121516]""","""[0.006130889]""",0.9996163845062256,0.8645866513252258,"""[[0.07697036]]""","""[[0.07690521]]""",NA,NA,NA,NA,NA,NA,NA
956,1.7826786233854364e-06,"""[0.20197432]""","""[0.006454303]""",0.9995965361595154,0.861222505569458,"""[[0.07896961]]""","""[[0.07890159]]""",NA,NA,NA,NA,NA,NA,NA
957,1.9190906641597394e-06,"""[0.20277965]""","""[0.0067935754]""",0.9995757341384888,0.8577913045883179,"""[[0.08101317]]""","""[[0.0809423]]""",NA,NA,NA,NA,NA,NA,NA
958,2.0681322894233745e-06,"""[0.20363392]""","""[0.0071493206]""",0.9995539784431458,0.8542930483818054,"""[[0.08310129]]""","""[[0.08302747]]""",NA,NA,NA,NA,NA,NA,NA
959,2.2311373868433293e-06,"""[0.20454009]""","""[0.0075221574]""",0.999531090259552,0.8507280945777893,"""[[0.08523415]]""","""[[0.08515737]]""",NA,NA,NA,NA,NA,NA,NA
960,2.4095979824778624e-06,"""[0.2055012]""","""[0.007912708]""",0.9995073080062866,0.8470968008041382,"""[[0.08741187]]""","""[[0.08733196]]""",NA,NA,NA,NA,NA,NA,NA
961,2.6051559416373493e-06,"""[0.2065206]""","""[0.008321581]""",0.9994823336601257,0.8433998227119446,"""[[0.089634]]""","""[[0.08955098]]""",NA,NA,NA,NA,NA,NA,NA
962,2.8196479888720205e-06,"""[0.20760167]""","""[0.008749387]""",0.9994562268257141,0.8396379947662354,"""[[0.09190063]]""","""[[0.09181444]]""",NA,NA,NA,NA,NA,NA,NA
963,3.05509729514597e-06,"""[0.20874815]""","""[0.009196714]""",0.999428927898407,0.8358122110366821,"""[[0.09421134]]""","""[[0.09412191]]""",NA,NA,NA,NA,NA,NA,NA
964,3.313777824587305e-06,"""[0.2099638]""","""[0.009664142]""",0.9994004368782043,0.8319239616394043,"""[[0.09656566]]""","""[[0.09647297]]""",NA,NA,NA,NA,NA,NA,NA
965,3.598202511057025e-06,"""[0.21125282]""","""[0.010152211]""",0.9993705749511719,0.8279744982719421,"""[[0.09896301]]""","""[[0.09886695]]""",NA,NA,NA,NA,NA,NA,NA
966,3.91118055631523e-06,"""[0.2126195]""","""[0.010661449]""",0.9993395209312439,0.8239656686782837,"""[[0.10140246]]""","""[[0.10130315]]""",NA,NA,NA,NA,NA,NA,NA
967,4.255803560226923e-06,"""[0.21406843]""","""[0.01119233]""",0.9993069767951965,0.8198994398117065,"""[[0.10388318]]""","""[[0.10378044]]""",NA,NA,NA,NA,NA,NA,NA
968,4.635495770344278e-06,"""[0.21560445]""","""[0.011745289]""",0.9992730617523193,0.8157780170440674,"""[[0.1064038]]""","""[[0.106298]]""",NA,NA,NA,NA,NA,NA,NA
969,5.054089342593215e-06,"""[0.21723272]""","""[0.012320712]""",0.9992376565933228,0.8116041421890259,"""[[0.10896311]]""","""[[0.10885427]]""",NA,NA,NA,NA,NA,NA,NA
970,5.515826615010155e-06,"""[0.21895872]""","""[0.0129189165]""",0.9992008209228516,0.8073804974555969,"""[[0.11155947]]""","""[[0.111448]]""",NA,NA,NA,NA,NA,NA,NA
971,6.0254465097386856e-06,"""[0.22078815]""","""[0.013540151]""",0.9991622567176819,0.8031104207038879,"""[[0.11419113]]""","""[[0.11407705]]""",NA,NA,NA,NA,NA,NA,NA
972,6.588171345356386e-06,"""[0.22272724]""","""[0.014184577]""",0.999122142791748,0.7987974286079407,"""[[0.11685603]]""","""[[0.11673971]]""",NA,NA,NA,NA,NA,NA,NA
973,7.209817795228446e-06,"""[0.22478244]""","""[0.0148522705]""",0.999080240726471,0.794445276260376,"""[[0.11955187]]""","""[[0.11943351]]""",NA,NA,NA,NA,NA,NA,NA
974,7.896843271737453e-06,"""[0.2269606]""","""[0.015543211]""",0.9990365505218506,0.7900581955909729,"""[[0.1222762]]""","""[[0.12215607]]""",NA,NA,NA,NA,NA,NA,NA
975,8.656355930725113e-06,"""[0.22926906]""","""[0.016257264]""",0.9989911317825317,0.7856406569480896,"""[[0.12502615]]""","""[[0.1249048]]""",NA,NA,NA,NA,NA,NA,NA
976,9.496284292254131e-06,"""[0.23171544]""","""[0.016994182]""",0.9989437460899353,0.7811976075172424,"""[[0.1277987]]""","""[[0.12767658]]""",NA,NA,NA,NA,NA,NA,NA
977,1.0425406799186021e-05,"""[0.234308]""","""[0.017753584]""",0.9988942742347717,0.776733934879303,"""[[0.13059069]]""","""[[0.13046815]]""",NA,NA,NA,NA,NA,NA,NA
978,1.1453372280811891e-05,"""[0.23705523]""","""[0.01853497]""",0.9988427758216858,0.7722552418708801,"""[[0.13339852]]""","""[[0.13327612]]""",NA,NA,NA,NA,NA,NA,NA
979,1.259090731764445e-05,"""[0.23996627]""","""[0.019337682]""",0.9987889528274536,0.7677672505378723,"""[[0.1362183]]""","""[[0.1360967]]""",NA,NA,NA,NA,NA,NA,NA
980,1.3849736205884255e-05,"""[0.24305063]""","""[0.020160943]""",0.9987327456474304,0.7632758617401123,"""[[0.13904612]]""","""[[0.1389262]]""",NA,NA,NA,NA,NA,NA,NA
981,1.524290200904943e-05,"""[0.24631833]""","""[0.021003833]""",0.9986739754676819,0.7587869763374329,"""[[0.14187786]]""","""[[0.14176016]]""",NA,NA,NA,NA,NA,NA,NA
982,1.6784568288130686e-05,"""[0.24978001]""","""[0.021865273]""",0.9986127018928528,0.7543071508407593,"""[[0.14470905]]""","""[[0.14459454]]""",NA,NA,NA,NA,NA,NA,NA
983,1.8490420188754797e-05,"""[0.25344664]""","""[0.022744076]""",0.9985484480857849,0.7498425245285034,"""[[0.14753523]]""","""[[0.14742489]]""",NA,NA,NA,NA,NA,NA,NA
984,2.0377570763230324e-05,"""[0.25732985]""","""[0.023638923]""",0.9984811544418335,0.7453994154930115,"""[[0.15035194]]""","""[[0.1502466]]""",NA,NA,NA,NA,NA,NA,NA
985,2.2464733774540946e-05,"""[0.26144168]""","""[0.024548387]""",0.9984104633331299,0.7409842610359192,"""[[0.15315449]]""","""[[0.15305527]]""",NA,NA,NA,NA,NA,NA,NA
986,2.4772331016720273e-05,"""[0.26579475]""","""[0.025470952]""",0.9983364939689636,0.7366028428077698,"""[[0.15593845]]""","""[[0.15584624]]""",NA,NA,NA,NA,NA,NA,NA
987,2.7322543246555142e-05,"""[0.27040213]""","""[0.026405033]""",0.998258650302887,0.7322613000869751,"""[[0.15869924]]""","""[[0.15861501]]""",NA,NA,NA,NA,NA,NA,NA
988,3.0139633963699453e-05,"""[0.27527732]""","""[0.027349018]""",0.9981768131256104,0.7279648780822754,"""[[0.16143277]]""","""[[0.16135712]]""",NA,NA,NA,NA,NA,NA,NA
989,3.324979843455367e-05,"""[0.28043434]""","""[0.028301284]""",0.9980904459953308,0.7237187027931213,"""[[0.164135]]""","""[[0.16406874]]""",NA,NA,NA,NA,NA,NA,NA
990,3.668184217531234e-05,"""[0.2858876]""","""[0.029260246]""",0.9979994893074036,0.7195271849632263,"""[[0.16680205]]""","""[[0.1667459]]""",NA,NA,NA,NA,NA,NA,NA
991,4.0466835343977436e-05,"""[0.29165182]""","""[0.030224403]""",0.9979033470153809,0.7153939008712769,"""[[0.16943097]]""","""[[0.16938512]]""",NA,NA,NA,NA,NA,NA,NA
992,4.463901132112369e-05,"""[0.29774207]""","""[0.03119239]""",0.9978017210960388,0.7113216519355774,"""[[0.17201877]]""","""[[0.1719837]]""",NA,NA,NA,NA,NA,NA,NA
993,4.923599772155285e-05,"""[0.30417365]""","""[0.032163005]""",0.9976939558982849,0.7073124051094055,"""[[0.17456363]]""","""[[0.17453907]]""",NA,NA,NA,NA,NA,NA,NA
994,5.4299413022818044e-05,"""[0.31096187]""","""[0.033135317]""",0.9975801110267639,0.703366756439209,"""[[0.17706421]]""","""[[0.17704992]]""",NA,NA,NA,NA,NA,NA,NA
995,5.9875928855035454e-05,"""[0.3181223]""","""[0.034108646]""",0.9974591135978699,0.6994843482971191,"""[[0.1795199]]""","""[[0.17951505]]""",NA,NA,NA,NA,NA,NA,NA
996,6.601807399420068e-05,"""[0.32567024]""","""[0.03508268]""",0.9973304867744446,0.6956632733345032,"""[[0.1819311]]""","""[[0.18193446]]""",NA,NA,NA,NA,NA,NA,NA
997,7.278617704287171e-05,"""[0.33362097]""","""[0.036057472]""",0.9971941113471985,0.6919006109237671,"""[[0.18429942]]""","""[[0.1843091]]""",NA,NA,NA,NA,NA,NA,NA
998,8.024965063668787e-05,"""[0.3419893]""","""[0.03703355]""",0.9970489740371704,0.6881915330886841,"""[[0.18662705]]""","""[[0.18664058]]""",NA,NA,NA,NA,NA,NA,NA
999,8.848980360198766e-05,"""[0.35078967]""","""[0.03801189]""",0.9968945980072021,0.6845301985740662,"""[[0.1889173]]""","""[[0.18893181]]""",NA,NA,NA,NA,NA,NA,NA
1000,9.760269313119352e-05,"""[0.360036]""","""[0.038994003]""",0.996730387210846,0.6809089779853821,"""[[0.19117488]]""","""[[0.19118692]]""",NA,NA,NA,NA,NA,NA,NA
1001,0.00010770286462502554,"""[0.3697413]""","""[0.0399819]""",0.9965555667877197,0.6773190498352051,"""[[0.19340499]]""","""[[0.19341055]]""",NA,NA,NA,NA,NA,NA,NA
1002,0.00011892775364685804,"""[0.37991777]""","""[0.04097818]""",0.9963693618774414,0.6737499237060547,"""[[0.1956141]]""","""[[0.19560866]]""",NA,NA,NA,NA,NA,NA,NA
1003,0.00013144286640454084,"""[0.39057684]""","""[0.041985936]""",0.996171236038208,0.6701902151107788,"""[[0.19780956]]""","""[[0.19778839]]""",NA,NA,NA,NA,NA,NA,NA
1004,0.00014544844452757388,"""[0.40172857]""","""[0.04300881]""",0.9959602355957031,0.6666271686553955,"""[[0.19999947]]""","""[[0.19995715]]""",NA,NA,NA,NA,NA,NA,NA
1005,0.00016118543862830848,"""[0.41338176]""","""[0.04405099]""",0.9957355260848999,0.6630472540855408,"""[[0.20219257]]""","""[[0.20212387]]""",NA,NA,NA,NA,NA,NA,NA
1006,0.00017894463962875307,"""[0.42554408]""","""[0.045117095]""",0.9954965114593506,0.6594359874725342,"""[[0.20439798]]""","""[[0.20429793]]""",NA,NA,NA,NA,NA,NA,NA
1007,0.0001990754681173712,"""[0.43822184]""","""[0.046212178]""",0.9952419400215149,0.6557785868644714,"""[[0.20662548]]""","""[[0.20648868]]""",NA,NA,NA,NA,NA,NA,NA
1008,0.00022199515660759062,"""[0.45141998]""","""[0.04734166]""",0.9949712753295898,0.6520600318908691,"""[[0.20888461]]""","""[[0.20870681]]""",NA,NA,NA,NA,NA,NA,NA
1009,0.00024820101680234075,"""[0.46514204]""","""[0.048511248]""",0.9946832656860352,0.6482653617858887,"""[[0.21118508]]""","""[[0.21096243]]""",NA,NA,NA,NA,NA,NA,NA
1010,0.00027828096062876284,"""[0.4793903]""","""[0.04972685]""",0.9943774938583374,0.6443799734115601,"""[[0.21353626]]""","""[[0.21326609]]""",NA,NA,NA,NA,NA,NA,NA
1011,0.00031292688800022006,"""[0.49416578]""","""[0.050994508]""",0.994052529335022,0.6403899192810059,"""[[0.2159467]]""","""[[0.21562746]]""",NA,NA,NA,NA,NA,NA,NA
1012,0.00035294806002639234,"""[0.5094688]""","""[0.0523202]""",0.9937077164649963,0.6362826228141785,"""[[0.21842462]]""","""[[0.21805619]]""",NA,NA,NA,NA,NA,NA,NA
1013,0.0003992875572293997,"""[0.52529806]""","""[0.053709872]""",0.9933422803878784,0.6320466995239258,"""[[0.22097698]]""","""[[0.22056104]]""",NA,NA,NA,NA,NA,NA,NA
1014,0.00045303598744794726,"""[0.54165226]""","""[0.055169158]""",0.9929552674293518,0.627672553062439,"""[[0.22360958]]""","""[[0.22314933]]""",NA,NA,NA,NA,NA,NA,NA
1015,0.0005154500249773264,"""[0.55852926]""","""[0.056703303]""",0.9925457835197449,0.6231529116630554,"""[[0.22632644]]""","""[[0.22582756]]""",NA,NA,NA,NA,NA,NA,NA
1016,0.0005879693781025708,"""[0.575927]""","""[0.058317006]""",0.9921135306358337,0.6184827089309692,"""[[0.22913052]]""","""[[0.22859997]]""",NA,NA,NA,NA,NA,NA,NA
1017,0.000672237656544894,"""[0.5938433]""","""[0.060014293]""",0.9916578531265259,0.6136596202850342,"""[[0.23202237]]""","""[[0.23146954]]""",NA,NA,NA,NA,NA,NA,NA
1018,0.0007701198919676244,"""[0.6122764]""","""[0.061798275]""",0.9911786317825317,0.6086843609809875,"""[[0.23500083]]""","""[[0.2344369]]""",NA,NA,NA,NA,NA,NA,NA
1019,0.000883720291312784,"""[0.63122517]""","""[0.06367104]""",0.9906755685806274,0.6035609245300293,"""[[0.23806258]]""","""[[0.23749994]]""",NA,NA,NA,NA,NA,NA,NA
1020,0.001015400281175971,"""[0.65068924]""","""[0.06563346]""",0.9901493787765503,0.5982964634895325,"""[[0.24120164]]""","""[[0.24065511]]""",NA,NA,NA,NA,NA,NA,NA
1021,0.0011677886359393597,"""[0.6706692]""","""[0.06768502]""",0.9895999431610107,0.5929012894630432,"""[[0.24440993]]""","""[[0.24389489]]""",NA,NA,NA,NA,NA,NA,NA
1022,0.0013437856687232852,"""[0.6911664]""","""[0.06982378]""",0.9890287518501282,0.5873891711235046,"""[[0.24767752]]""","""[[0.24721053]]""",NA,NA,NA,NA,NA,NA,NA
1023,0.001546560670249164,"""[0.7121822]""","""[0.07204617]""",0.9884369969367981,0.5817767977714539,"""[[0.25099126]]""","""[[0.25059018]]""",NA,NA,NA,NA,NA,NA,NA
1024,0.0017795291496440768,"""[0.73371845]""","""[0.07434702]""",0.9878262877464294,0.5760838985443115,"""[[0.25433668]]""","""[[0.25401998]]""",NA,NA,NA,NA,NA,NA,NA
1025,0.0020463040564209223,"""[0.75577533]""","""[0.07671963]""",0.9871991872787476,0.5703319311141968,"""[[0.2576975]]""","""[[0.25748456]]""",NA,NA,NA,NA,NA,NA,NA
1026,0.0023506327997893095,"""[0.7783508]""","""[0.07915572]""",0.9865585565567017,0.5645447969436646,"""[[0.2610557]]""","""[[0.26096678]]""",NA,NA,NA,NA,NA,NA,NA
1027,0.0026962864212691784,"""[0.8014378]""","""[0.08164587]""",0.9859071969985962,0.5587467551231384,"""[[0.2643926]]""","""[[0.26444876]]""",NA,NA,NA,NA,NA,NA,NA
1028,0.00308690732344985,"""[0.82502234]""","""[0.084179655]""",0.9852492213249207,0.5529626607894897,"""[[0.26769]]""","""[[0.267913]]""",NA,NA,NA,NA,NA,NA,NA
1029,0.0035257942508906126,"""[0.8490805]""","""[0.08674606]""",0.9845882654190063,0.547216534614563,"""[[0.27092966]]""","""[[0.2713426]]""",NA,NA,NA,NA,NA,NA,NA
1030,0.004015635699033737,"""[0.8735757]""","""[0.08933379]""",0.9839285612106323,0.5415313243865967,"""[[0.27409488]]""","""[[0.27472153]]""",NA,NA,NA,NA,NA,NA,NA
1031,0.004558153450489044,"""[0.8984552]""","""[0.091931656]""",0.9832742810249329,0.5359280705451965,"""[[0.27717122]]""","""[[0.27803615]]""",NA,NA,NA,NA,NA,NA,NA
1032,0.00515369139611721,"""[0.92364764]""","""[0.094528854]""",0.9826293587684631,0.5304258465766907,"""[[0.2801461]]""","""[[0.28127536]]""",NA,NA,NA,NA,NA,NA,NA
1033,0.005800736136734486,"""[0.94906145]""","""[0.097115085]""",0.9819970726966858,0.5250415205955505,"""[[0.28301033]]""","""[[0.28442982]]""",NA,NA,NA,NA,NA,NA,NA
1034,0.0064954208210110664,"""[0.9745836]""","""[0.09968058]""",0.9813796877861023,0.51978999376297,"""[[0.2857575]]""","""[[0.28749242]]""",NA,NA,NA,NA,NA,NA,NA
1035,0.007231094408780336,"""[1.0000817]""","""[0.10221606]""",0.980778157711029,0.5146850347518921,"""[[0.28838333]]""","""[[0.29045853]]""",NA,NA,NA,NA,NA,NA,NA
1036,0.007998034358024597,"""[1.0254061]""","""[0.1047124]""",0.9801920652389526,0.5097392201423645,"""[[0.29088625]]""","""[[0.2933245]]""",NA,NA,NA,NA,NA,NA,NA
1037,0.008783401921391487,"""[1.0503986]""","""[0.107160375]""",0.9796183109283447,0.50496506690979,"""[[0.29326594]]""","""[[0.2960868]]""",NA,NA,NA,NA,NA,NA,NA
1038,0.009571611881256104,"""[1.074899]""","""[0.10955039]""",0.9790525436401367,0.5003752708435059,"""[[0.2955235]]""","""[[0.29874107]]""",NA,NA,NA,NA,NA,NA,NA
1039,0.010345104150474072,"""[1.0987573]""","""[0.11187231]""",0.9784886240959167,0.4959827661514282,"""[[0.2976611]]""","""[[0.30128163]]""",NA,NA,NA,NA,NA,NA,NA
1040,0.011085535399615765,"""[1.1218451]""","""[0.11411538]""",0.9779190421104431,0.49180081486701965,"""[[0.29968053]]""","""[[0.3036998]]""",NA,NA,NA,NA,NA,NA,NA
1041,0.011775292456150055,"""[1.1440673]""","""[0.116268545]""",0.9773361682891846,0.4878421723842621,"""[[0.30158347]]""","""[[0.30598518]]""",NA,NA,NA,NA,NA,NA,NA
1042,0.012398967519402504,"""[1.1653693]""","""[0.11832093]""",0.9767321944236755,0.48411843180656433,"""[[0.30336976]]""","""[[0.30812675]]""",NA,NA,NA,NA,NA,NA,NA
1043,0.012944714166224003,"""[1.1857417]""","""[0.120262645]""",0.9761016368865967,0.4806384742259979,"""[[0.3050384]]""","""[[0.3101139]]""",NA,NA,NA,NA,NA,NA,NA
1044,0.013405089266598225,"""[1.2052208]""","""[0.12208556]""",0.9754394888877869,0.47740742564201355,"""[[0.30658677]]""","""[[0.3119378]]""",NA,NA,NA,NA,NA,NA,NA
1045,0.013777455314993858,"""[1.223882]""","""[0.12378444]""",0.9747436046600342,0.47442540526390076,"""[[0.3080119]]""","""[[0.3135938]]""",NA,NA,NA,NA,NA,NA,NA
1046,0.014063740149140358,"""[1.2418339]""","""[0.12535755]""",0.9740129709243774,0.47168660163879395,"""[[0.3093116]]""","""[[0.31508124]]""",NA,NA,NA,NA,NA,NA,NA
1047,0.014269952662289143,"""[1.2592087]""","""[0.12680759]""",0.9732488989830017,0.46917837858200073,"""[[0.31048572]]""","""[[0.3164057]]""",NA,NA,NA,NA,NA,NA,NA
1048,0.014405307359993458,"""[1.2761537]""","""[0.12814175]""",0.9724534153938293,0.4668814539909363,"""[[0.31153747]]""","""[[0.31757784]]""",NA,NA,NA,NA,NA,NA,NA
1049,0.014481297694146633,"""[1.2928234]""","""[0.12937175]""",0.9716289043426514,0.46477046608924866,"""[[0.31247422]]""","""[[0.31861252]]""",NA,NA,NA,NA,NA,NA,NA
1050,0.01451081782579422,"""[1.3093733]""","""[0.13051362]""",0.9707780480384827,0.462814062833786,"""[[0.313308]]""","""[[0.31952897]]""",NA,NA,NA,NA,NA,NA,NA
1051,0.014507281593978405,"""[1.3259535]""","""[0.1315871]""",0.9699029922485352,0.460976243019104,"""[[0.3140556]]""","""[[0.32034957]]""",NA,NA,NA,NA,NA,NA,NA
1052,0.014483988285064697,"""[1.342705]""","""[0.13261478]""",0.9690054655075073,0.45921790599823,"""[[0.3147375]]""","""[[0.32109913]]""",NA,NA,NA,NA,NA,NA,NA
1053,0.014453587122261524,"""[1.3597583]""","""[0.13362122]""",0.968085765838623,0.45749789476394653,"""[[0.31537718]]""","""[[0.32180306]]""",NA,NA,NA,NA,NA,NA,NA
1054,0.01442770566791296,"""[1.3772284]""","""[0.13463198]""",0.9671438932418823,0.4557746648788452,"""[[0.31599987]]""","""[[0.32248798]]""",NA,NA,NA,NA,NA,NA,NA
1055,0.0144167710095644,"""[1.3952185]""","""[0.13567232]""",0.9661784172058105,0.4540083408355713,"""[[0.31663033]]""","""[[0.32317883]]""",NA,NA,NA,NA,NA,NA,NA
1056,0.014429849572479725,"""[1.4138173]""","""[0.13676621]""",0.9651877880096436,0.45216214656829834,"""[[0.31729245]]""","""[[0.32389933]]""",NA,NA,NA,NA,NA,NA,NA
1057,0.014474661089479923,"""[1.433102]""","""[0.1379353]""",0.9641689658164978,0.45020362734794617,"""[[0.31800696]]""","""[[0.3246695]]""",NA,NA,NA,NA,NA,NA,NA
1058,0.014557613991200924,"""[1.4531391]""","""[0.13919783]""",0.9631192684173584,0.44810694456100464,"""[[0.31879035]]""","""[[0.3255057]]""",NA,NA,NA,NA,NA,NA,NA
1059,0.014683881774544716,"""[1.4739876]""","""[0.14056788]""",0.9620356559753418,0.4458530843257904,"""[[0.31965426]]""","""[[0.326419]]""",NA,NA,NA,NA,NA,NA,NA
1060,0.014857458882033825,"""[1.4957013]""","""[0.14205469]""",0.9609152674674988,0.4434310495853424,"""[[0.32060435]]""","""[[0.32741487]]""",NA,NA,NA,NA,NA,NA,NA
1061,0.015081285499036312,"""[1.5183299]""","""[0.14366238]""",0.9597548246383667,0.44083815813064575,"""[[0.32164085]]""","""[[0.32849142]]""",NA,NA,NA,NA,NA,NA,NA
1062,0.015357247553765774,"""[1.5419194]""","""[0.14539006]""",0.9585521221160889,0.43807926774024963,"""[[0.3227582]]""","""[[0.32964188]]""",NA,NA,NA,NA,NA,NA,NA
1063,0.015686290338635445,"""[1.5665133]""","""[0.14723219]""",0.9573042988777161,0.43516606092453003,"""[[0.32394505]]""","""[[0.33085445]]""",NA,NA,NA,NA,NA,NA,NA
1064,0.01606838032603264,"""[1.5921481]""","""[0.14917931]""",0.956009566783905,0.43211570382118225,"""[[0.32518664]]""","""[[0.332113]]""",NA,NA,NA,NA,NA,NA,NA
1065,0.01650255173444748,"""[1.6188526]""","""[0.15121917]""",0.954666256904602,0.4289490580558777,"""[[0.32646528]]""","""[[0.33339947]]""",NA,NA,NA,NA,NA,NA,NA
1066,0.01698688231408596,"""[1.6466442]""","""[0.15333782]""",0.9532727599143982,0.4256885051727295,"""[[0.32776257]]""","""[[0.33469498]]""",NA,NA,NA,NA,NA,NA,NA
1067,0.01751849614083767,"""[1.675525]""","""[0.15552074]""",0.9518275856971741,0.42235684394836426,"""[[0.3290605]]""","""[[0.3359807]]""",NA,NA,NA,NA,NA,NA,NA
1068,0.018093572929501534,"""[1.7054802]""","""[0.15775405]""",0.9503297209739685,0.41897523403167725,"""[[0.33034378]]""","""[[0.33724004]]""",NA,NA,NA,NA,NA,NA,NA
1069,0.0187073964625597,"""[1.7364774]""","""[0.16002522]""",0.9487773180007935,0.41556239128112793,"""[[0.33159992]]""","""[[0.338458]]""",NA,NA,NA,NA,NA,NA,NA
1070,0.019354378804564476,"""[1.7684648]""","""[0.16232398]""",0.947169303894043,0.4121336042881012,"""[[0.3328205]]""","""[[0.3396237]]""",NA,NA,NA,NA,NA,NA,NA
1071,0.020028218626976013,"""[1.8013763]""","""[0.1646422]""",0.9455034732818604,0.40870097279548645,"""[[0.33400115]]""","""[[0.34072843]]""",NA,NA,NA,NA,NA,NA,NA
1072,0.020722026005387306,"""[1.8351345]""","""[0.16697401]""",0.9437785744667053,0.40527328848838806,"""[[0.33514112]]""","""[[0.34176695]]""",NA,NA,NA,NA,NA,NA,NA
1073,0.021428560838103294,"""[1.869656]""","""[0.16931541]""",0.941991925239563,0.40185680985450745,"""[[0.3362416]]""","""[[0.342736]]""",NA,NA,NA,NA,NA,NA,NA
1074,0.02214048057794571,"""[1.9048598]""","""[0.17166372]""",0.9401408433914185,0.39845576882362366,"""[[0.33730525]]""","""[[0.34363422]]""",NA,NA,NA,NA,NA,NA,NA
1075,0.022850634530186653,"""[1.940673]""","""[0.17401701]""",0.9382225871086121,0.39507338404655457,"""[[0.33833498]]""","""[[0.34446126]]""",NA,NA,NA,NA,NA,NA,NA
1076,0.023552358150482178,"""[1.9770374]""","""[0.17637363]""",0.9362341165542603,0.3917120397090912,"""[[0.33933267]]""","""[[0.34521684]]""",NA,NA,NA,NA,NA,NA,NA
1077,0.024239810183644295,"""[2.0139155]""","""[0.17873187]""",0.9341718554496765,0.3883741497993469,"""[[0.3402988]]""","""[[0.34590092]]""",NA,NA,NA,NA,NA,NA,NA
1078,0.02490818314254284,"""[2.0512955]""","""[0.18108949]""",0.9320326447486877,0.38506191968917847,"""[[0.34123245]]""","""[[0.34651193]]""",NA,NA,NA,NA,NA,NA,NA
1079,0.025553934276103973,"""[2.089189]""","""[0.18344422]""",0.929812490940094,0.3817773759365082,"""[[0.34213063]]""","""[[0.34704727]]""",NA,NA,NA,NA,NA,NA,NA
1080,0.026174843311309814,"""[2.1276321]""","""[0.18579395]""",0.9275076985359192,0.37852180004119873,"""[[0.3429894]]""","""[[0.3475049]]""",NA,NA,NA,NA,NA,NA,NA
1081,0.026770122349262238,"""[2.166682]""","""[0.18813719]""",0.9251143932342529,0.3752955496311188,"""[[0.34380394]]""","""[[0.34788197]]""",NA,NA,NA,NA,NA,NA,NA
1082,0.02734026126563549,"""[2.2064135]""","""[0.19047338]""",0.9226283431053162,0.37209728360176086,"""[[0.34456944]]""","""[[0.3481762]]""",NA,NA,NA,NA,NA,NA,NA
1083,0.027887001633644104,"""[2.246911]""","""[0.19280367]""",0.9200456142425537,0.36892375349998474,"""[[0.34528205]]""","""[[0.34838632]]""",NA,NA,NA,NA,NA,NA,NA
1084,0.028412943705916405,"""[2.288267]""","""[0.19513075]""",0.9173609614372253,0.3657698929309845,"""[[0.3459385]]""","""[[0.34851122]]""",NA,NA,NA,NA,NA,NA,NA
1085,0.028921466320753098,"""[2.3305733]""","""[0.19745941]""",0.9145697355270386,0.36262840032577515,"""[[0.34653774]]""","""[[0.3485519]]""",NA,NA,NA,NA,NA,NA,NA
1086,0.029416300356388092,"""[2.37392]""","""[0.19979617]""",0.9116661548614502,0.35949042439460754,"""[[0.3470803]]""","""[[0.34850958]]""",NA,NA,NA,NA,NA,NA,NA
1087,0.02990129217505455,"""[2.418392]""","""[0.20214875]""",0.9086447358131409,0.3563460409641266,"""[[0.34756884]]""","""[[0.34838596]]""",NA,NA,NA,NA,NA,NA,NA
1088,0.030380062758922577,"""[2.4640675]""","""[0.20452575]""",0.9054989218711853,0.3531848192214966,"""[[0.3480062]]""","""[[0.34818292]]""",NA,NA,NA,NA,NA,NA,NA
1089,0.030855802819132805,"""[2.5110197]""","""[0.20693558]""",0.9022222757339478,0.3499971330165863,"""[[0.34839597]]""","""[[0.34790167]]""",NA,NA,NA,NA,NA,NA,NA
1090,0.03133091330528259,"""[2.5593174]""","""[0.20938605]""",0.8988074064254761,0.34677422046661377,"""[[0.34874138]]""","""[[0.34754226]]""",NA,NA,NA,NA,NA,NA,NA
1091,0.03180692717432976,"""[2.6090252]""","""[0.2118835]""",0.8952469229698181,0.3435094952583313,"""[[0.34904435]]""","""[[0.34710282]]""",NA,NA,NA,NA,NA,NA,NA
1092,0.032284241169691086,"""[2.6602068]""","""[0.21443242]""",0.8915322422981262,0.34019848704338074,"""[[0.34930483]]""","""[[0.34657997]]""",NA,NA,NA,NA,NA,NA,NA
1093,0.03276202082633972,"""[2.712927]""","""[0.21703513]""",0.8876554369926453,0.33683913946151733,"""[[0.34952143]]""","""[[0.34596843]]""",NA,NA,NA,NA,NA,NA,NA
1094,0.03323829546570778,"""[2.7672486]""","""[0.21969196]""",0.8836073875427246,0.33343175053596497,"""[[0.34969044]]""","""[[0.34526092]]""",NA,NA,NA,NA,NA,NA,NA
1095,0.03370976820588112,"""[2.8232334]""","""[0.22240154]""",0.879379391670227,0.3299780786037445,"""[[0.3498068]]""","""[[0.34444964]]""",NA,NA,NA,NA,NA,NA,NA
1096,0.034172043204307556,"""[2.8809404]""","""[0.22516151]""",0.8749620914459229,0.3264812231063843,"""[[0.34986448]]""","""[[0.3435261]]""",NA,NA,NA,NA,NA,NA,NA
1097,0.03461980074644089,"""[2.940423]""","""[0.22796918]""",0.870345413684845,0.3229443430900574,"""[[0.34985813]]""","""[[0.3424811]]""",NA,NA,NA,NA,NA,NA,NA
1098,0.03504689782857895,"""[3.0017257]""","""[0.23082231]""",0.865519642829895,0.3193703591823578,"""[[0.34978217]]""","""[[0.3413077]]""",NA,NA,NA,NA,NA,NA,NA
1099,0.03544662892818451,"""[3.0648792]""","""[0.23372032]""",0.8604744672775269,0.31576070189476013,"""[[0.34963235]]""","""[[0.34000066]]""",NA,NA,NA,NA,NA,NA,NA
1100,0.0358121432363987,"""[3.1299036]""","""[0.23666425]""",0.8551988005638123,0.31211525201797485,"""[[0.34940636]]""","""[[0.33855632]]""",NA,NA,NA,NA,NA,NA,NA
1101,0.03613651171326637,"""[3.1968017]""","""[0.2396578]""",0.849682092666626,0.3084317147731781,"""[[0.349104]]""","""[[0.33697435]]""",NA,NA,NA,NA,NA,NA,NA
1102,0.03641311079263687,"""[3.2655625]""","""[0.24270712]""",0.8439133167266846,0.30470582842826843,"""[[0.34872705]]""","""[[0.33525693]]""",NA,NA,NA,NA,NA,NA,NA
1103,0.036635786294937134,"""[3.3361602]""","""[0.2458208]""",0.8378815054893494,0.3009316623210907,"""[[0.34827918]]""","""[[0.3334083]]""",NA,NA,NA,NA,NA,NA,NA
1104,0.036799050867557526,"""[3.4085588]""","""[0.24900948]""",0.831574559211731,0.2971017360687256,"""[[0.3477651]]""","""[[0.3314336]]""",NA,NA,NA,NA,NA,NA,NA
1105,0.036898210644721985,"""[3.4827106]""","""[0.25228575]""",0.8249817490577698,0.29320743680000305,"""[[0.34719077]]""","""[[0.32934088]]""",NA,NA,NA,NA,NA,NA,NA
1106,0.03692951798439026,"""[3.5585604]""","""[0.2556635]""",0.8180911540985107,0.28923964500427246,"""[[0.34656206]]""","""[[0.32713842]]""",NA,NA,NA,NA,NA,NA,NA
1107,0.0368901789188385,"""[3.6360488]""","""[0.25915778]""",0.81089186668396,0.2851889133453369,"""[[0.34588528]]""","""[[0.32483518]]""",NA,NA,NA,NA,NA,NA,NA
1108,0.03677841275930405,"""[3.7151113]""","""[0.26278394]""",0.8033735156059265,0.28104597330093384,"""[[0.34516564]]""","""[[0.32244122]]""",NA,NA,NA,NA,NA,NA,NA
1109,0.03659341484308243,"""[3.7956758]""","""[0.26655823]""",0.795525074005127,0.27680182456970215,"""[[0.34440848]]""","""[[0.3199651]]""",NA,NA,NA,NA,NA,NA,NA
1110,0.036335449665784836,"""[3.8776696]""","""[0.27049693]""",0.787337064743042,0.2724481225013733,"""[[0.34361827]]""","""[[0.31741673]]""",NA,NA,NA,NA,NA,NA,NA
1111,0.03600595146417618,"""[3.9610062]""","""[0.2746171]""",0.7788001298904419,0.2679768204689026,"""[[0.34279907]]""","""[[0.31480563]]""",NA,NA,NA,NA,NA,NA,NA
1112,0.03560726344585419,"""[4.045596]""","""[0.278936]""",0.7699061036109924,0.2633805274963379,"""[[0.34195423]]""","""[[0.31214243]]""",NA,NA,NA,NA,NA,NA,NA
1113,0.035142768174409866,"""[4.1313343]""","""[0.28347138]""",0.7606481313705444,0.2586526572704315,"""[[0.34108645]]""","""[[0.30943835]]""",NA,NA,NA,NA,NA,NA,NA
1114,0.03461700305342674,"""[4.218109]""","""[0.28824127]""",0.7510197162628174,0.2537873089313507,"""[[0.34019768]]""","""[[0.30670464]]""",NA,NA,NA,NA,NA,NA,NA
1115,0.0340353287756443,"""[4.305801]""","""[0.29326332]""",0.7410164475440979,0.2487800419330597,"""[[0.33928895]]""","""[[0.30395293]]""",NA,NA,NA,NA,NA,NA,NA
1116,0.03340396657586098,"""[4.394285]""","""[0.2985545]""",0.7306352257728577,0.24362808465957642,"""[[0.33835948]]""","""[[0.3011949]]""",NA,NA,NA,NA,NA,NA,NA
1117,0.03272979333996773,"""[4.4834394]""","""[0.30413043]""",0.7198746800422668,0.2383306324481964,"""[[0.3374073]]""","""[[0.2984405]]""",NA,NA,NA,NA,NA,NA,NA
1118,0.03202008083462715,"""[4.5731483]""","""[0.31000444]""",0.7087355852127075,0.23288942873477936,"""[[0.33642718]]""","""[[0.29569986]]""",NA,NA,NA,NA,NA,NA,NA
1119,0.03128248453140259,"""[4.66331]""","""[0.31618702]""",0.6972203254699707,0.22730900347232819,"""[[0.3354111]]""","""[[0.29297957]]""",NA,NA,NA,NA,NA,NA,NA
1120,0.03052467666566372,"""[4.75384]""","""[0.3226853]""",0.6853336095809937,0.22159689664840698,"""[[0.33434847]]""","""[[0.29028413]]""",NA,NA,NA,NA,NA,NA,NA
1121,0.02975454553961754,"""[4.8446655]""","""[0.32950363]""",0.6730830669403076,0.2157626897096634,"""[[0.33322567]]""","""[[0.28761744]]""",NA,NA,NA,NA,NA,NA,NA
1122,0.028980102390050888,"""[4.9357305]""","""[0.33664316]""",0.6604781150817871,0.20981834828853607,"""[[0.33202776]]""","""[[0.28497943]]""",NA,NA,NA,NA,NA,NA,NA
1123,0.028209876269102097,"""[5.0269833]""","""[0.3441038]""",0.6475309133529663,0.2037767767906189,"""[[0.33073986]]""","""[[0.28236926]]""",NA,NA,NA,NA,NA,NA,NA
1124,0.02745327167212963,"""[5.118374]""","""[0.35188407]""",0.6342570185661316,0.19765157997608185,"""[[0.329346]]""","""[[0.27978688]]""",NA,NA,NA,NA,NA,NA,NA
1125,0.026720495894551277,"""[5.2098517]""","""[0.3599821]""",0.6206740736961365,0.19145657122135162,"""[[0.32783198]]""","""[[0.27723083]]""",NA,NA,NA,NA,NA,NA,NA
1126,0.026023030281066895,"""[5.3013625]""","""[0.36839557]""",0.6068038940429688,0.18520554900169373,"""[[0.32618472]]""","""[[0.27470013]]""",NA,NA,NA,NA,NA,NA,NA
1127,0.02537284605205059,"""[5.392856]""","""[0.3771213]""",0.5926694273948669,0.1789126843214035,"""[[0.3243921]]""","""[[0.27219206]]""",NA,NA,NA,NA,NA,NA,NA
1128,0.024783235043287277,"""[5.484288]""","""[0.38615435]""",0.5782985091209412,0.17259256541728973,"""[[0.32244232]]""","""[[0.26970318]]""",NA,NA,NA,NA,NA,NA,NA
1129,0.024267759174108505,"""[5.5756297]""","""[0.395487]""",0.5637214779853821,0.16626079380512238,"""[[0.32032174]]""","""[[0.2672297]]""",NA,NA,NA,NA,NA,NA,NA
1130,0.023840541020035744,"""[5.6668663]""","""[0.4051084]""",0.5489711165428162,0.15993376076221466,"""[[0.31801653]]""","""[[0.26476413]]""",NA,NA,NA,NA,NA,NA,NA
1131,0.023515723645687103,"""[5.757994]""","""[0.415005]""",0.5340837836265564,0.15362821519374847,"""[[0.31551328]]""","""[[0.26229805]]""",NA,NA,NA,NA,NA,NA,NA
1132,0.02330852672457695,"""[5.8490043]""","""[0.42516273]""",0.5190984606742859,0.14736022055149078,"""[[0.3127987]]""","""[[0.25982496]]""",NA,NA,NA,NA,NA,NA,NA
1133,0.02323467656970024,"""[5.939873]""","""[0.43556803]""",0.5040565133094788,0.1411445140838623,"""[[0.30986223]]""","""[[0.25733995]]""",NA,NA,NA,NA,NA,NA,NA
1134,0.02331046387553215,"""[6.0305505]""","""[0.44620907]""",0.4890013039112091,0.13499438762664795,"""[[0.30669728]]""","""[[0.2548396]]""",NA,NA,NA,NA,NA,NA,NA
1135,0.023551657795906067,"""[6.1209645]""","""[0.457075]""",0.4739776849746704,0.12892195582389832,"""[[0.3033002]]""","""[[0.25232416]]""",NA,NA,NA,NA,NA,NA,NA
1136,0.023972732946276665,"""[6.2110286]""","""[0.46815443]""",0.45903223752975464,0.12293887883424759,"""[[0.2996695]]""","""[[0.24979588]]""",NA,NA,NA,NA,NA,NA,NA
1137,0.024584736675024033,"""[6.3006544]""","""[0.47943297]""",0.4442101716995239,0.11705730110406876,"""[[0.2958036]]""","""[[0.24725614]]""",NA,NA,NA,NA,NA,NA,NA
1138,0.025394881144165993,"""[6.389745]""","""[0.49089324]""",0.4295569658279419,0.1112896278500557,"""[[0.29170385]]""","""[[0.24470642]]""",NA,NA,NA,NA,NA,NA,NA
1139,0.026405051350593567,"""[6.4781938]""","""[0.5025155]""",0.4151161015033722,0.10564808547496796,"""[[0.2873736]]""","""[[0.24215002]]""",NA,NA,NA,NA,NA,NA,NA
1140,0.02761160582304001,"""[6.565866]""","""[0.51427937]""",0.40092676877975464,0.10014427453279495,"""[[0.2828203]]""","""[[0.23958978]]""",NA,NA,NA,NA,NA,NA,NA
1141,0.029004085808992386,"""[6.6526036]""","""[0.5261642]""",0.38702407479286194,0.0947887971997261,"""[[0.2780576]]""","""[[0.23703068]]""",NA,NA,NA,NA,NA,NA,NA
1142,0.03056401014328003,"""[6.7382393]""","""[0.5381468]""",0.3734365403652191,0.08959203958511353,"""[[0.2731027]]""","""[[0.2344761]]""",NA,NA,NA,NA,NA,NA,NA
1143,0.03226368874311447,"""[6.82263]""","""[0.5501972]""",0.3601858615875244,0.08456490188837051,"""[[0.2679732]]""","""[[0.23192662]]""",NA,NA,NA,NA,NA,NA,NA
1144,0.034065619111061096,"""[6.905671]""","""[0.5622772]""",0.3472842276096344,0.07971899211406708,"""[[0.26268584]]""","""[[0.22937638]]""",NA,NA,NA,NA,NA,NA,NA
1145,0.035924315452575684,"""[6.987302]""","""[0.5743405]""",0.3347342014312744,0.07506570965051651,"""[[0.2572548]]""","""[[0.22681244]]""",NA,NA,NA,NA,NA,NA,NA
1146,0.03778644651174545,"""[7.067498]""","""[0.5863371]""",0.32252827286720276,0.07061496376991272,"""[[0.2516953]]""","""[[0.22421929]]""",NA,NA,NA,NA,NA,NA,NA
1147,0.03959415853023529,"""[7.1462727]""","""[0.5982126]""",0.31064894795417786,0.0663749948143959,"""[[0.24601948]]""","""[[0.22157633]]""",NA,NA,NA,NA,NA,NA,NA
1148,0.04128449037671089,"""[7.2237034]""","""[0.60990673]""",0.2990697920322418,0.06235278770327568,"""[[0.24023893]]""","""[[0.21885565]]""",NA,NA,NA,NA,NA,NA,NA
1149,0.042792461812496185,"""[7.29994]""","""[0.6213503]""",0.28775617480278015,0.05855456367135048,"""[[0.23435631]]""","""[[0.21602133]]""",NA,NA,NA,NA,NA,NA,NA
1150,0.044053271412849426,"""[7.3751993]""","""[0.6324682]""",0.27666863799095154,0.05498487874865532,"""[[0.2283729]]""","""[[0.2130295]]""",NA,NA,NA,NA,NA,NA,NA
1151,0.04500741884112358,"""[7.449721]""","""[0.64318764]""",0.2657656669616699,0.05164550617337227,"""[[0.22229259]]""","""[[0.20983133]]""",NA,NA,NA,NA,NA,NA,NA
1152,0.04560321941971779,"""[7.523738]""","""[0.6534428]""",0.25500643253326416,0.048534706234931946,"""[[0.21611536]]""","""[[0.20638674]]""",NA,NA,NA,NA,NA,NA,NA
1153,0.04580029472708702,"""[7.5974617]""","""[0.6631788]""",0.2443544566631317,0.04564773663878441,"""[[0.20985304]]""","""[[0.20265082]]""",NA,NA,NA,NA,NA,NA,NA
1154,0.04557112604379654,"""[7.671101]""","""[0.6723479]""",0.23378245532512665,0.04297778755426407,"""[[0.2035113]]""","""[[0.19859149]]""",NA,NA,NA,NA,NA,NA,NA
1155,0.04490407928824425,"""[7.744807]""","""[0.68091935]""",0.2232729196548462,0.04051537066698074,"""[[0.19710535]]""","""[[0.19417998]]""",NA,NA,NA,NA,NA,NA,NA
1156,0.04380389302968979,"""[7.818658]""","""[0.6888835]""",0.21282072365283966,0.038248151540756226,"""[[0.190656]]""","""[[0.18940337]]""",NA,NA,NA,NA,NA,NA,NA
1157,0.04229260981082916,"""[7.892624]""","""[0.6962555]""",0.20243370532989502,0.03616129979491234,"""[[0.18419072]]""","""[[0.18426654]]""",NA,NA,NA,NA,NA,NA,NA
1158,0.040408045053482056,"""[7.966618]""","""[0.7030694]""",0.192132830619812,0.03423864021897316,"""[[0.17774822]]""","""[[0.17878078]]""",NA,NA,NA,NA,NA,NA,NA
1159,0.038201335817575455,"""[8.040483]""","""[0.7093759]""",0.18194884061813354,0.03246336057782173,"""[[0.17136267]]""","""[[0.17297395]]""",NA,NA,NA,NA,NA,NA,NA
1160,0.03573570027947426,"""[8.113961]""","""[0.7152518]""",0.17192040383815765,0.03081671893596649,"""[[0.16508669]]""","""[[0.16688186]]""",NA,NA,NA,NA,NA,NA,NA
1161,0.03308353200554848,"""[8.186707]""","""[0.72079337]""",0.16209031641483307,0.02927902713418007,"""[[0.15896705]]""","""[[0.16056126]]""",NA,NA,NA,NA,NA,NA,NA
1162,0.030322005972266197,"""[8.258314]""","""[0.72611505]""",0.15250131487846375,0.027829669415950775,"""[[0.15306726]]""","""[[0.15406741]]""",NA,NA,NA,NA,NA,NA,NA
1163,0.0275266170501709,"""[8.328374]""","""[0.73133475]""",0.14319074153900146,0.026449160650372505,"""[[0.14742057]]""","""[[0.14747979]]""",NA,NA,NA,NA,NA,NA,NA
1164,0.02477298676967621,"""[8.396369]""","""[0.73659736]""",0.13418860733509064,0.025115815922617912,"""[[0.14210427]]""","""[[0.14085823]]""",NA,NA,NA,NA,NA,NA,NA
1165,0.022123439237475395,"""[8.461945]""","""[0.7420209]""",0.125513955950737,0.023812763392925262,"""[[0.13708583]]""","""[[0.13433084]]""",NA,NA,NA,NA,NA,NA,NA
1166,0.01964113675057888,"""[8.524477]""","""[0.74778324]""",0.11717361956834793,0.022517137229442596,"""[[0.13252264]]""","""[[0.12789425]]""",NA,NA,NA,NA,NA,NA,NA
1167,0.017348002642393112,"""[8.58421]""","""[0.75389767]""",0.10916425287723541,0.02122734859585762,"""[[0.12806953]]""","""[[0.12185274]]""",NA,NA,NA,NA,NA,NA,NA
1168,0.015315265394747257,"""[8.639745]""","""[0.7607069]""",0.10147468000650406,0.019906029105186462,"""[[0.124501]]""","""[[0.11574854]]""",NA,NA,NA,NA,NA,NA,NA
1169,0.013458847999572754,"""[8.694233]""","""[0.76765347]""",0.09409627318382263,0.01861482672393322,"""[[0.11970141]]""","""[[0.1110139]]""",NA,NA,NA,NA,NA,NA,NA
1170,0.012028772383928299,"""[8.740717]""","""[0.77619016]""",0.08705821633338928,0.017215434461832047,"""[[0.11878678]]""","""[[0.10405912]]""",NA,NA,NA,NA,NA,NA,NA
1171,0.010624179616570473,"""[8.798678]""","""[0.7824146]""",0.08053181320428848,0.0160809438675642,"""[[0.10871284]]""","""[[0.1036617]]""",NA,NA,NA,NA,NA,NA,NA
1172,0.009835364297032356,"""[8.838776]""","""[0.7920596]""",0.0745026245713234,0.014730683527886868,"""[[0.11466599]]""","""[[0.09099321]]""",NA,NA,NA,NA,NA,NA,NA
1173,0.008738480508327484,"""[8.880768]""","""[0.80089]""",0.0681033581495285,0.01342054083943367,"""[[0.10259762]]""","""[[0.09588441]]""",NA,NA,NA,NA,NA,NA,NA
1174,0.008246203884482384,"""[8.913026]""","""[0.81175894]""",0.06239328533411026,0.012048834934830666,"""[[0.1002956]]""","""[[0.09302246]]""",NA,NA,NA,NA,NA,NA,NA
1175,0.00782388262450695,"""[8.955945]""","""[0.82077694]""",0.057371027767658234,0.010939385741949081,"""[[0.10246977]]""","""[[0.08322369]]""",NA,NA,NA,NA,NA,NA,NA
1176,0.0069342986680567265,"""[9.006532]""","""[0.82813674]""",0.05203390121459961,0.00995120219886303,"""[[0.09126139]]""","""[[0.08505281]]""",NA,NA,NA,NA,NA,NA,NA
1177,0.00705757038667798,"""[9.038896]""","""[0.8391535]""",0.04752092808485031,0.008771989494562149,"""[[0.08593023]]""","""[[0.08489858]]""",NA,NA,NA,NA,NA,NA,NA
1178,0.006930864416062832,"""[9.077808]""","""[0.84897137]""",0.04322033002972603,0.0077710626646876335,"""[[0.08769078]]""","""[[0.07609299]]""",NA,NA,NA,NA,NA,NA,NA
1179,0.006355947814881802,"""[9.133789]""","""[0.85528135]""",0.038991354405879974,0.007029411848634481,"""[[0.07872957]]""","""[[0.07411864]]""",NA,NA,NA,NA,NA,NA,NA
1180,0.006456510629504919,"""[9.180558]""","""[0.8632911]""",0.03550015762448311,0.006236685439944267,"""[[0.06940597]]""","""[[0.07441188]]""",NA,NA,NA,NA,NA,NA,NA
1181,0.006314699072390795,"""[9.22139]""","""[0.87225276]""",0.03188580274581909,0.005443014670163393,"""[[0.06948568]]""","""[[0.06650929]]""",NA,NA,NA,NA,NA,NA,NA
1182,0.006103106774389744,"""[9.276026]""","""[0.87813747]""",0.028767742216587067,0.004868860822170973,"""[[0.06392726]]""","""[[0.06105295]]""",NA,NA,NA,NA,NA,NA,NA
1183,0.005824195686727762,"""[9.332448]""","""[0.8831586]""",0.025937270373106003,0.004384150728583336,"""[[0.05307811]]""","""[[0.06036457]]""",NA,NA,NA,NA,NA,NA,NA
1184,0.005598573014140129,"""[9.375453]""","""[0.8902905]""",0.023128261789679527,0.003824861254543066,"""[[0.05094497]]""","""[[0.05383424]]""",NA,NA,NA,NA,NA,NA,NA
1185,0.005512776784598827,"""[9.421953]""","""[0.8960818]""",0.020848313346505165,0.0033752659801393747,"""[[0.0486429]]""","""[[0.04658769]]""",NA,NA,NA,NA,NA,NA,NA
1186,0.00497013796120882,"""[9.473971]""","""[0.8999202]""",0.018561648204922676,0.0030544965993613005,"""[[0.03924653]]""","""[[0.04511384]]""",NA,NA,NA,NA,NA,NA,NA
1187,0.0047057755291461945,"""[9.511859]""","""[0.905767]""",0.01652582176029682,0.002672607311978936,"""[[0.0358308]]""","""[[0.04069825]]""",NA,NA,NA,NA,NA,NA,NA
1188,0.00456823268905282,"""[9.544319]""","""[0.91184765]""",0.01477860752493143,0.0023142597638070583,"""[[0.03599166]]""","""[[0.03382511]]""",NA,NA,NA,NA,NA,NA,NA
1189,0.0040227859281003475,"""[9.580951]""","""[0.91611725]""",0.012992482632398605,0.002060518367215991,"""[[0.0295681]]""","""[[0.03254394]]""",NA,NA,NA,NA,NA,NA,NA
1190,0.003740163752809167,"""[9.607576]""","""[0.92151815]""",0.011509604752063751,0.0017899081576615572,"""[[0.02592202]]""","""[[0.03062823]]""",NA,NA,NA,NA,NA,NA,NA
1191,0.0035110805183649063,"""[9.625347]""","""[0.9278756]""",0.010114211589097977,0.0015100741293281317,"""[[0.02746581]]""","""[[0.02543282]]""",NA,NA,NA,NA,NA,NA,NA
1192,0.003080121474340558,"""[9.64541]""","""[0.9329229]""",0.00876539945602417,0.0013001192128285766,"""[[0.02387538]]""","""[[0.02481748]]""",NA,NA,NA,NA,NA,NA,NA
1193,0.00278431992046535,"""[9.6622095]""","""[0.9379041]""",0.0076708742417395115,0.001114141196012497,"""[[0.02028666]]""","""[[0.02488187]]""",NA,NA,NA,NA,NA,NA,NA
1194,0.0024989608209580183,"""[9.671294]""","""[0.9438406]""",0.006591802462935448,0.0009183649090118706,"""[[0.02200545]]""","""[[0.02132431]]""",NA,NA,NA,NA,NA,NA,NA
1195,0.0021792706102132797,"""[9.681742]""","""[0.94892156]""",0.0056356992572546005,0.0007658522808924317,"""[[0.02020201]]""","""[[0.02095949]]""",NA,NA,NA,NA,NA,NA,NA
1196,0.0018837959505617619,"""[9.695337]""","""[0.95287794]""",0.004850890953093767,0.0006550046964548528,"""[[0.01644377]]""","""[[0.02182221]]""",NA,NA,NA,NA,NA,NA,NA
1197,0.0016060220077633858,"""[9.703268]""","""[0.9576302]""",0.004073117394000292,0.0005349246202968061,"""[[0.01746881]]""","""[[0.01915039]]""",NA,NA,NA,NA,NA,NA,NA
1198,0.0013809424126520753,"""[9.711642]""","""[0.961957]""",0.0034374387469142675,0.0004378686426207423,"""[[0.0164795]]""","""[[0.01837527]]""",NA,NA,NA,NA,NA,NA,NA
1199,0.0011273425770923495,"""[9.726688]""","""[0.96461666]""",0.0028991112485527992,0.000379661243641749,"""[[0.01253818]]""","""[[0.01904157]]""",NA,NA,NA,NA,NA,NA,NA
1200,0.0009251083247363567,"""[9.736317]""","""[0.9681751]""",0.0023809694685041904,0.00030818383675068617,"""[[0.01280356]]""","""[[0.01670649]]""",NA,NA,NA,NA,NA,NA,NA
1201,0.0008030433673411608,"""[9.745033]""","""[0.9717043]""",0.001989993965253234,0.00024692044826224446,"""[[0.01230016]]""","""[[0.01533005]]""",NA,NA,NA,NA,NA,NA,NA
1202,0.0006347567541524768,"""[9.760747]""","""[0.97356033]""",0.0016496771713718772,0.0002151637163478881,"""[[0.00863323]]""","""[[0.01553486]]""",NA,NA,NA,NA,NA,NA,NA
1203,0.000531758414581418,"""[9.769756]""","""[0.9766176]""",0.001336675020866096,0.00016855048306751996,"""[[0.00868971]]""","""[[0.01351546]]""",NA,NA,NA,NA,NA,NA,NA
1204,0.0004928017733618617,"""[9.777246]""","""[0.97978896]""",0.0011176055995747447,0.00012777437223121524,"""[[0.00875435]]""","""[[0.01181859]]""",NA,NA,NA,NA,NA,NA,NA
1205,0.0004042471118737012,"""[9.790483]""","""[0.98154724]""",0.0009181555360555649,0.00010711353388614953,"""[[0.00583687]]""","""[[0.01180402]]""",NA,NA,NA,NA,NA,NA,NA
1206,0.00036311798612587154,"""[9.796484]""","""[0.9846241]""",0.0007413439452648163,7.61833434808068e-05,"""[[0.00610554]]""","""[[0.01022397]]""",NA,NA,NA,NA,NA,NA,NA
1207,0.0003572992281988263,"""[9.802142]""","""[0.9875837]""",0.0006270080921240151,5.164541653357446e-05,"""[[0.0066227]]""","""[[0.00846665]]""",NA,NA,NA,NA,NA,NA,NA
1208,0.0003157200990244746,"""[9.812156]""","""[0.9894424]""",0.0005179070867598057,3.8787326047895476e-05,"""[[0.0044309]]""","""[[0.00843157]]""",NA,NA,NA,NA,NA,NA,NA
1209,0.00029471193556673825,"""[9.816567]""","""[0.9923181]""",0.00042731023859232664,2.3122360289562494e-05,"""[[0.00474891]]""","""[[0.00714384]]""",NA,NA,NA,NA,NA,NA,NA
1210,0.000294764555292204,"""[9.822412]""","""[0.99474514]""",0.0003785135631915182,1.2970402167411521e-05,"""[[0.00525716]]""","""[[0.00533833]]""",NA,NA,NA,NA,NA,NA,NA
1211,0.0002769195707514882,"""[9.831273]""","""[0.99639213]""",0.00032882054802030325,7.635887413925957e-06,"""[[0.00336094]]""","""[[0.00525246]]""",NA,NA,NA,NA,NA,NA,NA
1212,0.00026281821192242205,"""[9.837323]""","""[0.9985011]""",0.0002916341181844473,3.4367360512987943e-06,"""[[0.00331397]]""","""[[0.00394803]]""",NA,NA,NA,NA,NA,NA,NA
1213,0.00026393626467324793,"""[9.844827]""","""[1.0001667]""",0.00028041217592544854,1.8244168131786864e-06,"""[[0.0034549]]""","""[[0.0021241]]""",NA,NA,NA,NA,NA,NA,NA
1214,0.00025635899510234594,"""[9.8541]""","""[1.0013031]""",0.00026424889802001417,1.0849045111172018e-06,"""[[0.00153723]]""","""[[0.00195674]]""",NA,NA,NA,NA,NA,NA,NA
1215,0.0002468480379320681,"""[9.862361]""","""[1.002484]""",0.0002544670132920146,1.711263848847011e-06,"""[[0.00105491]]""","""[[0.00057971]]""",NA,NA,NA,NA,NA,NA,NA
1216,0.0002463741402607411,"""[9.869898]""","""[1.0036203]""",0.00026130257174372673,3.642358706201776e-06,"""[[0.00092139]]""","""[[-0.00098649]]""",NA,NA,NA,NA,NA,NA,NA
1217,0.00024255242897197604,"""[9.878753]""","""[1.0042487]""",0.00026274248375557363,4.760157480632188e-06,"""[[-0.00095411]]""","""[[-0.00110815]]""",NA,NA,NA,NA,NA,NA,NA
1218,0.00023482511460315436,"""[9.886279]""","""[1.0049069]""",0.0002662797924131155,6.878402018628549e-06,"""[[-0.00149042]]""","""[[-0.00227063]]""",NA,NA,NA,NA,NA,NA,NA
1219,0.00023217106354422867,"""[9.891058]""","""[1.0058732]""",0.0002798706409521401,1.0223066965409089e-05,"""[[-0.0015595]]""","""[[-0.00328222]]""",NA,NA,NA,NA,NA,NA,NA
1220,0.0002292800199938938,"""[9.897688]""","""[1.0061591]""",0.0002873106568586081,1.168159087683307e-05,"""[[-0.00313419]]""","""[[-0.0032052]]""",NA,NA,NA,NA,NA,NA,NA
1221,0.00022060528863221407,"""[9.901388]""","""[1.0067776]""",0.000292471784632653,1.4329013538372237e-05,"""[[-0.00329516]]""","""[[-0.00388226]]""",NA,NA,NA,NA,NA,NA,NA
1222,0.0002161115553462878,"""[9.902864]""","""[1.0075871]""",0.0003026776830665767,1.7609416318009607e-05,"""[[-0.00313447]]""","""[[-0.00437922]]""",NA,NA,NA,NA,NA,NA,NA
1223,0.0002132775989593938,"""[9.9064455]""","""[1.0076846]""",0.0003069823724217713,1.8497221390134655e-05,"""[[-0.0042421]]""","""[[-0.00408123]]""",NA,NA,NA,NA,NA,NA,NA
1224,0.00020333813154138625,"""[9.906375]""","""[1.008316]""",0.0003071057144552469,2.101836980727967e-05,"""[[-0.00394795]]""","""[[-0.00436174]]""",NA,NA,NA,NA,NA,NA,NA
1225,0.0001987737778108567,"""[9.906278]""","""[1.0087391]""",0.0003099858295172453,2.2862295736558735e-05,"""[[-0.00365444]]""","""[[-0.00463519]]""",NA,NA,NA,NA,NA,NA,NA
1226,0.00019603590772021562,"""[9.907405]""","""[1.0087147]""",0.0003084917552769184,2.2879301468492486e-05,"""[[-0.00433493]]""","""[[-0.00420936]]""",NA,NA,NA,NA,NA,NA,NA
1227,0.00018627547251526266,"""[9.905994]""","""[1.0090679]""",0.00030251580756157637,2.419650809315499e-05,"""[[-0.00382178]]""","""[[-0.00440542]]""",NA,NA,NA,NA,NA,NA,NA
1228,0.0001820820034481585,"""[9.905596]""","""[1.0090683]""",0.0002980029385071248,2.419783777440898e-05,"""[[-0.00352868]]""","""[[-0.00460827]]""",NA,NA,NA,NA,NA,NA,NA
1229,0.00017896227655000985,"""[9.905465]""","""[1.0088918]""",0.0002909090544562787,2.3272701582754962e-05,"""[[-0.0039506]]""","""[[-0.00415632]]""",NA,NA,NA,NA,NA,NA,NA
1230,0.0001709770003799349,"""[9.904256]""","""[1.0088407]""",0.00028028347878716886,2.2918313334230334e-05,"""[[-0.00343495]]""","""[[-0.00439886]]""",NA,NA,NA,NA,NA,NA,NA
1231,0.00016658136155456305,"""[9.903327]""","""[1.008639]""",0.000271074561169371,2.194542139477562e-05,"""[[-0.00317484]]""","""[[-0.00444766]]""",NA,NA,NA,NA,NA,NA,NA
1232,0.00016422721091657877,"""[9.9026785]""","""[1.0082983]""",0.0002611521049402654,2.0254808987374417e-05,"""[[-0.00348215]]""","""[[-0.00399226]]""",NA,NA,NA,NA,NA,NA,NA
1233,0.00015771540347486734,"""[9.901232]""","""[1.00806]""",0.00024888833286240697,1.9148266801494174e-05,"""[[-0.00299272]]""","""[[-0.00415371]]""",NA,NA,NA,NA,NA,NA,NA
1234,0.00015275308396667242,"""[9.899354]""","""[1.0078583]""",0.00023782247444614768,1.804534622351639e-05,"""[[-0.00275758]]""","""[[-0.00396392]]""",NA,NA,NA,NA,NA,NA,NA
1235,0.00015056418487802148,"""[9.8983345]""","""[1.0074334]""",0.0002269964461447671,1.6127598428283818e-05,"""[[-0.00300192]]""","""[[-0.00348784]]""",NA,NA,NA,NA,NA,NA,NA
1236,0.00014362884394358844,"""[9.89598]""","""[1.0072658]""",0.0002146287588402629,1.5226425603032112e-05,"""[[-0.00249751]]""","""[[-0.00345983]]""",NA,NA,NA,NA,NA,NA,NA
1237,0.00013809831580147147,"""[9.893729]""","""[1.0070654]""",0.00020318615133874118,1.4162111256155185e-05,"""[[-0.00232157]]""","""[[-0.00312699]]""",NA,NA,NA,NA,NA,NA,NA
1238,0.0001348319638054818,"""[9.892455]""","""[1.006661]""",0.00019252384663559496,1.2535976566141471e-05,"""[[-0.00250587]]""","""[[-0.00265383]]""",NA,NA,NA,NA,NA,NA,NA
1239,0.00012736573989968747,"""[9.889777]""","""[1.0065708]""",0.00018104520859196782,1.1943428944505285e-05,"""[[-0.0020192]]""","""[[-0.00253509]]""",NA,NA,NA,NA,NA,NA,NA
1240,0.00012204732047393918,"""[9.888164]""","""[1.0062801]""",0.00017030618619173765,1.0815385394380428e-05,"""[[-0.00194981]]""","""[[-0.00224007]]""",NA,NA,NA,NA,NA,NA,NA
1241,0.00011779524356825277,"""[9.887038]""","""[1.0059187]""",0.000160598021466285,9.596179552318063e-06,"""[[-0.00208766]]""","""[[-0.00184741]]""",NA,NA,NA,NA,NA,NA,NA
1242,0.00011125003948109224,"""[9.885144]""","""[1.005756]""",0.00015053953393362463,8.947458809416275e-06,"""[[-0.00169307]]""","""[[-0.00181418]]""",NA,NA,NA,NA,NA,NA,NA
1243,0.0001066009426722303,"""[9.884493]""","""[1.0053661]""",0.00014104168803896755,7.809407179593109e-06,"""[[-0.00172246]]""","""[[-0.00163676]]""",NA,NA,NA,NA,NA,NA,NA
1244,0.00010221144475508481,"""[9.883833]""","""[1.0050113]""",0.00013257884711492807,6.857976586616132e-06,"""[[-0.0018308]]""","""[[-0.00137922]]""",NA,NA,NA,NA,NA,NA,NA
1245,9.727863653097302e-05,"""[9.882976]""","""[1.004728]""",0.0001241827558260411,6.084912911319407e-06,"""[[-0.00153833]]""","""[[-0.00147786]]""",NA,NA,NA,NA,NA,NA,NA
1246,9.303396655013785e-05,"""[9.88274]""","""[1.0043371]""",0.00011625864135567099,5.1893648560508154e-06,"""[[-0.00159897]]""","""[[-0.001363]]""",NA,NA,NA,NA,NA,NA,NA
1247,8.926784357754514e-05,"""[9.882434]""","""[1.0039792]""",0.00010938820923911408,4.439932581590256e-06,"""[[-0.00167267]]""","""[[-0.00122002]]""",NA,NA,NA,NA,NA,NA,NA
1248,8.54084428283386e-05,"""[9.881889]""","""[1.0036857]""",0.00010282988660037518,3.819645371549996e-06,"""[[-0.00141765]]""","""[[-0.00135175]]""",NA,NA,NA,NA,NA,NA,NA
1249,8.165965846274048e-05,"""[9.8814745]""","""[1.0033736]""",9.6648778708186e-05,3.2475700209033675e-06,"""[[-0.0014562]]""","""[[-0.00121954]]""",NA,NA,NA,NA,NA,NA,NA
1250,7.859664765419438e-05,"""[9.881145]""","""[1.0030496]""",9.134142601396888e-05,2.7122196115669794e-06,"""[[-0.00147812]]""","""[[-0.0011224]]""",NA,NA,NA,NA,NA,NA,NA
1251,7.540572551079094e-05,"""[9.880246]""","""[1.0028496]""",8.640182204544544e-05,2.348530870222021e-06,"""[[-0.00121356]]""","""[[-0.00118459]]""",NA,NA,NA,NA,NA,NA,NA
1252,7.240387640194967e-05,"""[9.879606]""","""[1.0025983]""",8.17173277027905e-05,1.974307679120102e-06,"""[[-0.00123483]]""","""[[-0.00101861]]""",NA,NA,NA,NA,NA,NA,NA
1253,6.993054557824507e-05,"""[9.879021]""","""[1.0023386]""",7.769311923766509e-05,1.6249869077000767e-06,"""[[-0.00120722]]""","""[[-0.00091429]]""",NA,NA,NA,NA,NA,NA,NA
1254,6.742877303622663e-05,"""[9.877842]""","""[1.002209]""",7.403092604363337e-05,1.4108818504610099e-06,"""[[-0.00095189]]""","""[[-0.00090365]]""",NA,NA,NA,NA,NA,NA,NA
1255,6.516700523206964e-05,"""[9.87725]""","""[1.0019602]""",7.052418368402869e-05,1.1318826409478788e-06,"""[[-0.00098782]]""","""[[-0.00073429]]""",NA,NA,NA,NA,NA,NA,NA
1256,6.314292113529518e-05,"""[9.876484]""","""[1.0017555]""",6.747263250872493e-05,9.139632197729952e-07,"""[[-0.00092909]]""","""[[-0.00062032]]""",NA,NA,NA,NA,NA,NA,NA
1257,6.123250932432711e-05,"""[9.87545]""","""[1.001616]""",6.471907545346767e-05,7.519933546973334e-07,"""[[-0.00072252]]""","""[[-0.00059419]]""",NA,NA,NA,NA,NA,NA,NA
1258,5.939734182902612e-05,"""[9.875003]""","""[1.0013627]""",6.204888632055372e-05,5.598693633146468e-07,"""[[-0.00077503]]""","""[[-0.00044043]]""",NA,NA,NA,NA,NA,NA,NA
1259,5.765280366176739e-05,"""[9.874236]""","""[1.0011883]""",5.967184551991522e-05,4.2953922729793703e-07,"""[[-0.00069917]]""","""[[-0.00034381]]""",NA,NA,NA,NA,NA,NA,NA
1260,5.610951848211698e-05,"""[9.87349]""","""[1.0010216]""",5.755780512117781e-05,3.11235424987899e-07,"""[[-0.0005418]]""","""[[-0.0003332]]""",NA,NA,NA,NA,NA,NA,NA
1261,5.449382297229022e-05,"""[9.873033]""","""[1.0008073]""",5.552018046728335e-05,2.160485053082084e-07,"""[[-0.00058202]]""","""[[-0.00018946]]""",NA,NA,NA,NA,NA,NA,NA
1262,5.298701216815971e-05,"""[9.872337]""","""[1.0006566]""",5.3672971262130886e-05,1.4666001391105965e-07,"""[[-0.00048868]]""","""[[-0.00012657]]""",NA,NA,NA,NA,NA,NA,NA
1263,5.164258254808374e-05,"""[9.871666]""","""[1.0005151]""",5.204286935622804e-05,8.775977988761952e-08,"""[[-0.00034872]]""","""[[-0.00011551]]""",NA,NA,NA,NA,NA,NA,NA
1264,5.0213682698085904e-05,"""[9.871106]""","""[1.0003657]""",5.047708691563457e-05,5.875117636833238e-08,"""[[-0.0003594]]""","""[[2.1830201e-05]]""",NA,NA,NA,NA,NA,NA,NA
1265,4.889487900072709e-05,"""[9.870463]""","""[1.0002497]""",4.9021662562154233e-05,3.056404551671221e-08,"""[[-0.00024774]]""","""[[5.511567e-05]]""",NA,NA,NA,NA,NA,NA,NA
1266,4.7692392399767414e-05,"""[9.86972]""","""[1.0001721]""",4.774187982548028e-05,1.4101498635454845e-08,"""[[-0.00011165]]""","""[[8.5968524e-05]]""",NA,NA,NA,NA,NA,NA,NA
1267,4.6454599214484915e-05,"""[9.869209]""","""[1.0000646]""",4.651061681215651e-05,1.3722878833277719e-08,"""[[-0.00011017]]""","""[[0.00019926]]""",NA,NA,NA,NA,NA,NA,NA
1268,4.52970816695597e-05,"""[9.8686075]""","""[0.99999636]""",4.534395338851027e-05,9.011218438104152e-09,"""[[8.46386e-06]]""","""[[0.00021629]]""",NA,NA,NA,NA,NA,NA,NA
1269,4.422164420248009e-05,"""[9.867982]""","""[0.9999551]""",4.42993659817148e-05,1.0812620132583106e-08,"""[[0.00011568]]""","""[[0.00024965]]""",NA,NA,NA,NA,NA,NA,NA
1270,4.317877028370276e-05,"""[9.867697]""","""[0.99986446]""",4.331384116085246e-05,2.084975392335764e-08,"""[[0.00010414]]""","""[[0.00032535]]""",NA,NA,NA,NA,NA,NA,NA
1271,4.217297464492731e-05,"""[9.867251]""","""[0.99983096]""",4.2349118302809075e-05,2.4735333781222835e-08,"""[[0.00020432]]""","""[[0.0003253]]""",NA,NA,NA,NA,NA,NA,NA
1272,4.123659891774878e-05,"""[9.866959]""","""[0.99978787]""",4.146213905187324e-05,3.172071316726033e-08,"""[[0.00025833]]""","""[[0.00033735]]""",NA,NA,NA,NA,NA,NA,NA
1273,4.034942321595736e-05,"""[9.8669195]""","""[0.9997135]""",4.062618245370686e-05,4.35056328740302e-08,"""[[0.00022467]]""","""[[0.00037972]]""",NA,NA,NA,NA,NA,NA,NA
1274,3.948473749915138e-05,"""[9.866713]""","""[0.99969494]""",3.979217945015989e-05,4.709943013381235e-08,"""[[0.00029258]]""","""[[0.00035886]]""",NA,NA,NA,NA,NA,NA,NA
1275,3.8683414459228516e-05,"""[9.8667345]""","""[0.9996461]""",3.901897798641585e-05,5.4617451894500846e-08,"""[[0.00029612]]""","""[[0.00035021]]""",NA,NA,NA,NA,NA,NA,NA
1276,3.792802453972399e-05,"""[9.866822]""","""[0.9995995]""",3.829217894235626e-05,6.338085967172447e-08,"""[[0.00025228]]""","""[[0.00037433]]""",NA,NA,NA,NA,NA,NA,NA
1277,3.7199686630629e-05,"""[9.866806]""","""[0.99958754]""",3.7568926927633584e-05,6.451514167338246e-08,"""[[0.0002932]]""","""[[0.00033638]]""",NA,NA,NA,NA,NA,NA,NA
1278,3.6502646253211424e-05,"""[9.866937]""","""[0.99955577]""",3.6881931009702384e-05,6.959556486663132e-08,"""[[0.00027132]]""","""[[0.00032913]]""",NA,NA,NA,NA,NA,NA,NA
1279,3.5858090996043757e-05,"""[9.867036]""","""[0.99953896]""",3.624410601332784e-05,7.299541948668775e-08,"""[[0.00023331]]""","""[[0.00034499]]""",NA,NA,NA,NA,NA,NA,NA
1280,3.5243563615949824e-05,"""[9.867095]""","""[0.99953693]""",3.56184427801054e-05,7.143295732703336e-08,"""[[0.00026205]]""","""[[0.00030294]]""",NA,NA,NA,NA,NA,NA,NA
1281,3.464093242655508e-05,"""[9.867176]""","""[0.99953556]""",3.500866660033353e-05,7.11138525844035e-08,"""[[0.00023792]]""","""[[0.00030891]]""",NA,NA,NA,NA,NA,NA,NA
1282,3.4087730455212295e-05,"""[9.867289]""","""[0.9995315]""",3.444829781074077e-05,7.125198209223527e-08,"""[[0.00020943]]""","""[[0.0003118]]""",NA,NA,NA,NA,NA,NA,NA
1283,3.356277375132777e-05,"""[9.867312]""","""[0.99954957]""",3.3899530535563827e-05,6.579209355095372e-08,"""[[0.00023838]]""","""[[0.00027756]]""",NA,NA,NA,NA,NA,NA,NA
1284,3.304214260424487e-05,"""[9.867388]""","""[0.9995592]""",3.3363707188982517e-05,6.317485201634554e-08,"""[[0.00021348]]""","""[[0.00028585]]""",NA,NA,NA,NA,NA,NA,NA
1285,3.256182753830217e-05,"""[9.867506]""","""[0.99956185]""",3.2868414564291015e-05,6.134860797146757e-08,"""[[0.00019581]]""","""[[0.00027616]]""",NA,NA,NA,NA,NA,NA,NA
1286,3.21098996209912e-05,"""[9.867512]""","""[0.99959]""",3.238913996028714e-05,5.456589491359409e-08,"""[[0.00022309]]""","""[[0.00024769]]""",NA,NA,NA,NA,NA,NA,NA
1287,3.166411624988541e-05,"""[9.86765]""","""[0.9995914]""",3.1929499527905136e-05,5.305088990326112e-08,"""[[0.00019253]]""","""[[0.00024772]]""",NA,NA,NA,NA,NA,NA,NA
1288,3.12396623485256e-05,"""[9.867745]""","""[0.999602]""",3.148657197016291e-05,4.9788067002509706e-08,"""[[0.00018505]]""","""[[0.00023298]]""",NA,NA,NA,NA,NA,NA,NA
1289,3.08457892970182e-05,"""[9.867786]""","""[0.99962467]""",3.107039810856804e-05,4.464590475095065e-08,"""[[0.00020193]]""","""[[0.00020727]]""",NA,NA,NA,NA,NA,NA,NA
1290,3.0457149478024803e-05,"""[9.867948]""","""[0.9996213]""",3.0670682463096455e-05,4.3933887639013847e-08,"""[[0.0001682]]""","""[[0.00020446]]""",NA,NA,NA,NA,NA,NA,NA
1291,3.009128886333201e-05,"""[9.867991]""","""[0.99964184]""",3.0285847969935276e-05,3.9602479517952816e-08,"""[[0.0001697]]""","""[[0.00019359]]""",NA,NA,NA,NA,NA,NA,NA
1292,2.9741082471446134e-05,"""[9.8680725]""","""[0.9996532]""",2.9920793167548254e-05,3.67845274240608e-08,"""[[0.00017435]]""","""[[0.00017046]]""",NA,NA,NA,NA,NA,NA,NA
1293,2.9409409762592986e-05,"""[9.868159]""","""[0.9996625]""",2.957681499538012e-05,3.4636144619071274e-08,"""[[0.00014654]]""","""[[0.00017899]]""",NA,NA,NA,NA,NA,NA,NA
1294,2.9096971047692932e-05,"""[9.86819]""","""[0.9996824]""",2.9248607461340725e-05,3.101898471413733e-08,"""[[0.00015035]]""","""[[0.00016787]]""",NA,NA,NA,NA,NA,NA,NA
1295,2.8801699954783544e-05,"""[9.868235]""","""[0.99969876]""",2.893993769248482e-05,2.8107772109819962e-08,"""[[0.00015093]]""","""[[0.0001572]]""",NA,NA,NA,NA,NA,NA,NA
1296,2.8522712455014698e-05,"""[9.868273]""","""[0.9997159]""",2.8649281375692226e-05,2.5527540969960683e-08,"""[[0.00012835]]""","""[[0.00017145]]""",NA,NA,NA,NA,NA,NA,NA
1297,2.8257796657271683e-05,"""[9.8682995]""","""[0.99973524]""",2.8371223379508592e-05,2.2541300381817564e-08,"""[[0.00013427]]""","""[[0.00015905]]""",NA,NA,NA,NA,NA,NA,NA
1298,2.800350557663478e-05,"""[9.868308]""","""[0.99975896]""",2.810452861012891e-05,1.9502254033909594e-08,"""[[0.00013183]]""","""[[0.00015983]]""",NA,NA,NA,NA,NA,NA,NA
1299,2.7773699912359007e-05,"""[9.86837]""","""[0.99977154]""",2.786599361570552e-05,1.786828462968515e-08,"""[[0.00011101]]""","""[[0.00016666]]""",NA,NA,NA,NA,NA,NA,NA
1300,2.7549869628273882e-05,"""[9.868389]""","""[0.9997941]""",2.7630334443529136e-05,1.5094633099010935e-08,"""[[0.00011847]]""","""[[0.00015507]]""",NA,NA,NA,NA,NA,NA,NA
1301,2.734054760367144e-05,"""[9.868435]""","""[0.9998117]""",2.741176649578847e-05,1.3147018584902526e-08,"""[[0.00010863]]""","""[[0.00015481]]""",NA,NA,NA,NA,NA,NA,NA
1302,2.7136620701639913e-05,"""[9.868523]""","""[0.99982107]""",2.7200116164749488e-05,1.1923364517940627e-08,"""[[9.101629e-05]]""","""[[0.00015229]]""",NA,NA,NA,NA,NA,NA,NA
1303,2.6949936000164598e-05,"""[9.868557]""","""[0.9998424]""",2.7003487048204988e-05,9.703419401319024e-09,"""[[9.6257776e-05]]""","""[[0.00013946]]""",NA,NA,NA,NA,NA,NA,NA
1304,2.6779312975122593e-05,"""[9.868664]""","""[0.99984866]""",2.6826035536942072e-05,8.749355018267124e-09,"""[[7.960573e-05]]""","""[[0.00013222]]""",NA,NA,NA,NA,NA,NA,NA
1305,2.6613808586262167e-05,"""[9.868743]""","""[0.9998606]""",2.665387546585407e-05,7.552629632812113e-09,"""[[6.747246e-05]]""","""[[0.0001268]]""",NA,NA,NA,NA,NA,NA,NA
1306,2.645273707457818e-05,"""[9.86881]""","""[0.99987507]""",2.648523513926193e-05,6.075391745241632e-09,"""[[6.8850815e-05]]""","""[[0.00011023]]""",NA,NA,NA,NA,NA,NA,NA
1307,2.6307423468097113e-05,"""[9.868919]""","""[0.99987984]""",2.6335073926020414e-05,5.447541973069292e-09,"""[[5.1170588e-05]]""","""[[0.00010292]]""",NA,NA,NA,NA,NA,NA,NA
1308,2.6164874725509435e-05,"""[9.868982]""","""[0.9998935]""",2.6187393814325333e-05,4.437328726680789e-09,"""[[4.4036657e-05]]""","""[[9.6101314e-05]]""",NA,NA,NA,NA,NA,NA,NA
1309,2.603143911983352e-05,"""[9.8690605]""","""[0.9999023]""",2.604911060188897e-05,3.5800089559501203e-09,"""[[4.2684376e-05]]""","""[[7.940456e-05]]""",NA,NA,NA,NA,NA,NA,NA
1310,2.5906423616106622e-05,"""[9.869124]""","""[0.9999128]""",2.59210319200065e-05,3.0305025155996645e-09,"""[[2.9284507e-05]]""","""[[7.8406185e-05]]""",NA,NA,NA,NA,NA,NA,NA
1311,2.5786119294934906e-05,"""[9.86919]""","""[0.99992156]""",2.5797624402912334e-05,2.4504640538935973e-09,"""[[2.4303794e-05]]""","""[[6.89961e-05]]""",NA,NA,NA,NA,NA,NA,NA
1312,2.5677385565359145e-05,"""[9.869237]""","""[0.9999323]""",2.5686058506835252e-05,1.8831403103547473e-09,"""[[2.2798777e-05]]""","""[[5.974248e-05]]""",NA,NA,NA,NA,NA,NA,NA
1313,2.5566578187863342e-05,"""[9.8692875]""","""[0.9999406]""",2.5573890525265597e-05,1.644897107411225e-09,"""[[1.0680407e-05]]""","""[[6.055832e-05]]""",NA,NA,NA,NA,NA,NA,NA
1314,2.546640098444186e-05,"""[9.869341]""","""[0.9999463]""",2.5471963454037905e-05,1.3252394737151008e-09,"""[[8.489937e-06]]""","""[[5.1036477e-05]]""",NA,NA,NA,NA,NA,NA,NA
1315,2.536875217629131e-05,"""[9.869364]""","""[0.99995655]""",2.5372972231707536e-05,1.0369445302416125e-09,"""[[5.789101e-06]]""","""[[4.7951937e-05]]""",NA,NA,NA,NA,NA,NA,NA
1316,2.5279294277424924e-05,"""[9.869417]""","""[0.99995863]""",2.5283143259002827e-05,1.01523423001737e-09,"""[[-4.146248e-06]]""","""[[4.605204e-05]]""",NA,NA,NA,NA,NA,NA,NA
1317,2.5191469831042923e-05,"""[9.869453]""","""[0.99996275]""",2.5194403860950842e-05,8.30073287882982e-10,"""[[-4.7944486e-06]]""","""[[3.9014965e-05]]""",NA,NA,NA,NA,NA,NA,NA
1318,2.5116138203884475e-05,"""[9.869465]""","""[0.99997014]""",2.51185629167594e-05,7.173556193507125e-10,"""[[-7.238239e-06]]""","""[[3.8471073e-05]]""",NA,NA,NA,NA,NA,NA,NA
1319,2.503493487893138e-05,"""[9.869529]""","""[0.9999649]""",2.503759242244996e-05,8.04819155764136e-10,"""[[-1.6849488e-05]]""","""[[3.3773482e-05]]""",NA,NA,NA,NA,NA,NA,NA
1320,2.4960932933026925e-05,"""[9.869509]""","""[0.99997556]""",2.496274646546226e-05,5.9601307222934e-10,"""[[-1.1593103e-05]]""","""[[3.289804e-05]]""",NA,NA,NA,NA,NA,NA,NA
1321,2.4889321139198728e-05,"""[9.869563]""","""[0.99996924]""",2.4891311113606207e-05,6.600388013922043e-10,"""[[-1.7683953e-05]]""","""[[2.7053058e-05]]""",NA,NA,NA,NA,NA,NA,NA
1322,2.4820121325319633e-05,"""[9.869551]""","""[0.99997497]""",2.4822011255309917e-05,6.221473336509575e-10,"""[[-1.8671155e-05]]""","""[[3.023073e-05]]""",NA,NA,NA,NA,NA,NA,NA
1323,2.475794099154882e-05,"""[9.869564]""","""[0.99997437]""",2.475946348567959e-05,5.346829645702655e-10,"""[[-1.5899539e-05]]""","""[[2.4769455e-05]]""",NA,NA,NA,NA,NA,NA,NA
1324,2.47020143433474e-05,"""[9.869573]""","""[0.99997336]""",2.4703718736418523e-05,5.717443740671513e-10,"""[[-1.8272549e-05]]""","""[[2.5711954e-05]]""",NA,NA,NA,NA,NA,NA,NA
1325,2.4645105440868065e-05,"""[9.869553]""","""[0.9999773]""",2.4646664314786904e-05,5.239014777558282e-10,"""[[-1.6052276e-05]]""","""[[2.7995557e-05]]""",NA,NA,NA,NA,NA,NA,NA
1326,2.45883875322761e-05,"""[9.869563]""","""[0.99997383]""",2.4589722670498304e-05,4.79489947746714e-10,"""[[-1.3012439e-05]]""","""[[2.1945685e-05]]""",NA,NA,NA,NA,NA,NA,NA
1327,2.4538809157093056e-05,"""[9.8695345]""","""[0.999978]""",2.4540282538509928e-05,4.87721640851646e-10,"""[[-1.29416585e-05]]""","""[[2.8669834e-05]]""",NA,NA,NA,NA,NA,NA,NA
1328,2.4488314011250623e-05,"""[9.869545]""","""[0.9999734]""",2.448978557367809e-05,4.93652063671135e-10,"""[[-1.1418015e-05]]""","""[[2.5168061e-05]]""",NA,NA,NA,NA,NA,NA,NA
1329,2.4435883460682817e-05,"""[9.869514]""","""[0.99997693]""",2.4437113097519614e-05,4.2636444375077076e-10,"""[[-5.9232116e-06]]""","""[[2.572313e-05]]""",NA,NA,NA,NA,NA,NA,NA
1330,2.439310628687963e-05,"""[9.869516]""","""[0.99997383]""",2.4394659703830257e-05,4.966555500196534e-10,"""[[-8.672476e-06]]""","""[[2.8189272e-05]]""",NA,NA,NA,NA,NA,NA,NA
1331,2.435472561046481e-05,"""[9.869515]""","""[0.99997115]""",2.435623355268035e-05,4.86873097393925e-10,"""[[-5.5879354e-06]]""","""[[2.5376678e-05]]""",NA,NA,NA,NA,NA,NA,NA
1332,2.4310291337314993e-05,"""[9.8694935]""","""[0.9999729]""",2.431179200357292e-05,4.681335319389746e-10,"""[[-2.6151538e-06]]""","""[[2.7541071e-05]]""",NA,NA,NA,NA,NA,NA,NA
1333,2.4275024770759046e-05,"""[9.869518]""","""[0.9999649]""",2.4276989279314876e-05,5.959910343023012e-10,"""[[-6.839633e-06]]""","""[[2.6151538e-05]]""",NA,NA,NA,NA,NA,NA,NA
1334,2.4235334421973675e-05,"""[9.869488]""","""[0.9999685]""",2.423707519483287e-05,5.222045573738399e-10,"""[[-8.828938e-07]]""","""[[2.7403235e-05]]""",NA,NA,NA,NA,NA,NA,NA
1335,2.4200251573347487e-05,"""[9.869505]""","""[0.9999617]""",2.420237251499202e-05,6.278957354055592e-10,"""[[-3.054738e-06]]""","""[[2.534315e-05]]""",NA,NA,NA,NA,NA,NA,NA
1336,2.4164242859114893e-05,"""[9.869497]""","""[0.9999605]""",2.4166620278265327e-05,6.795899398781557e-10,"""[[-4.1127205e-06]]""","""[[2.8260052e-05]]""",NA,NA,NA,NA,NA,NA,NA
1337,2.4134789782692678e-05,"""[9.869492]""","""[0.9999587]""",2.4137167201843113e-05,6.814597774962294e-10,"""[[-5.736947e-07]]""","""[[2.5898218e-05]]""",NA,NA,NA,NA,NA,NA,NA
1338,2.4104687327053398e-05,"""[9.869498]""","""[0.9999542]""",2.410747947578784e-05,7.872411611486996e-10,"""[[-2.3394823e-06]]""","""[[2.6274472e-05]]""",NA,NA,NA,NA,NA,NA,NA
1339,2.407441206742078e-05,"""[9.869485]""","""[0.9999538]""",2.4077378839137964e-05,8.16013201454524e-10,"""[[-2.0861626e-06]]""","""[[2.880767e-05]]""",NA,NA,NA,NA,NA,NA,NA
1340,2.404463702987414e-05,"""[9.869491]""","""[0.99994934]""",2.404783299425617e-05,8.851562816047931e-10,"""[[4.5076013e-07]]""","""[[2.5104731e-05]]""",NA,NA,NA,NA,NA,NA,NA
1341,2.401566416665446e-05,"""[9.869478]""","""[0.9999487]""",2.401915298833046e-05,9.351187602035793e-10,"""[[-6.183982e-07]]""","""[[2.9236078e-05]]""",NA,NA,NA,NA,NA,NA,NA
1342,2.3993099603103474e-05,"""[9.86948]""","""[0.999945]""",2.3996897652978078e-05,1.0184897369924784e-09,"""[[8.940697e-08]]""","""[[2.7760863e-05]]""",NA,NA,NA,NA,NA,NA,NA
1343,2.3970629627001472e-05,"""[9.86947]""","""[0.99994385]""",2.397452772129327e-05,1.040122765694207e-09,"""[[2.849847e-06]]""","""[[2.7190894e-05]]""",NA,NA,NA,NA,NA,NA,NA
1344,2.3946678993524984e-05,"""[9.869465]""","""[0.9999415]""",2.395097544649616e-05,1.125707860261116e-09,"""[[1.5944242e-06]]""","""[[2.956763e-05]]""",NA,NA,NA,NA,NA,NA,NA
1345,2.3918075385154225e-05,"""[9.869467]""","""[0.9999376]""",2.3922748368931934e-05,1.225595291920456e-09,"""[[3.2819808e-06]]""","""[[2.7690083e-05]]""",NA,NA,NA,NA,NA,NA,NA
1346,2.3903963665361516e-05,"""[9.869449]""","""[0.99993795]""",2.390868576185312e-05,1.2211265332240373e-09,"""[[6.0796738e-06]]""","""[[2.8897077e-05]]""",NA,NA,NA,NA,NA,NA,NA
1347,2.3878077627159655e-05,"""[9.869459]""","""[0.9999323]""",2.3883520043455064e-05,1.4072655263319689e-09,"""[[3.7439167e-06]]""","""[[2.9057264e-05]]""",NA,NA,NA,NA,NA,NA,NA
1348,2.3857199266785756e-05,"""[9.869442]""","""[0.99993193]""",2.386272171861492e-05,1.4167526041219958e-09,"""[[6.891787e-06]]""","""[[2.9023737e-05]]""",NA,NA,NA,NA,NA,NA,NA
1349,2.3843045710236765e-05,"""[9.869439]""","""[0.9999293]""",2.384897743468173e-05,1.5110299678156025e-09,"""[[7.700175e-06]]""","""[[2.9593706e-05]]""",NA,NA,NA,NA,NA,NA,NA
1350,2.3818667614250444e-05,"""[9.869442]""","""[0.9999249]""",2.3825261450838298e-05,1.6794925450369647e-09,"""[[5.956739e-06]]""","""[[3.0275434e-05]]""",NA,NA,NA,NA,NA,NA,NA
1351,2.3799142581992783e-05,"""[9.869422]""","""[0.9999256]""",2.3805734599591233e-05,1.657454062886643e-09,"""[[9.987503e-06]]""","""[[3.096834e-05]]""",NA,NA,NA,NA,NA,NA,NA
1352,2.3783268261468038e-05,"""[9.869428]""","""[0.9999207]""",2.3790598788764328e-05,1.8483468089414146e-09,"""[[8.367002e-06]]""","""[[3.126636e-05]]""",NA,NA,NA,NA,NA,NA,NA
1353,2.3767219317960553e-05,"""[9.869413]""","""[0.99992025]""",2.3774762667017058e-05,1.8812744695395622e-09,"""[[9.819865e-06]]""","""[[3.2965094e-05]]""",NA,NA,NA,NA,NA,NA,NA
1354,2.3752143533783965e-05,"""[9.869408]""","""[0.9999177]""",2.3760141630191356e-05,1.98460403666445e-09,"""[[1.1283904e-05]]""","""[[3.3091754e-05]]""",NA,NA,NA,NA,NA,NA,NA
1355,2.373577081016265e-05,"""[9.869401]""","""[0.9999158]""",2.3744167265249416e-05,2.0819614920952745e-09,"""[[1.097098e-05]]""","""[[3.4380704e-05]]""",NA,NA,NA,NA,NA,NA,NA
1356,2.371872506046202e-05,"""[9.869392]""","""[0.99991435]""",2.372744529566262e-05,2.1498176572265493e-09,"""[[1.2289733e-05]]""","""[[3.5122037e-05]]""",NA,NA,NA,NA,NA,NA,NA
1357,2.370189940847922e-05,"""[9.869386]""","""[0.9999127]""",2.3710992536507547e-05,2.2255388643088736e-09,"""[[1.3384968e-05]]""","""[[3.59118e-05]]""",NA,NA,NA,NA,NA,NA,NA
1358,2.368975583522115e-05,"""[9.869378]""","""[0.9999113]""",2.3699198209214956e-05,2.3012678429523703e-09,"""[[1.3563782e-05]]""","""[[3.7312508e-05]]""",NA,NA,NA,NA,NA,NA,NA
1359,2.3672548195463605e-05,"""[9.869376]""","""[0.99990916]""",2.3682352548348717e-05,2.3906989721211858e-09,"""[[1.4606863e-05]]""","""[[3.6608428e-05]]""",NA,NA,NA,NA,NA,NA,NA
1360,2.365747423027642e-05,"""[9.86936]""","""[0.9999099]""",2.366738408454694e-05,2.3876167709602214e-09,"""[[1.5541911e-05]]""","""[[3.9331615e-05]]""",NA,NA,NA,NA,NA,NA,NA
1361,2.3646196495974436e-05,"""[9.869372]""","""[0.999905]""",2.3656841221963987e-05,2.593305570286475e-09,"""[[1.4495105e-05]]""","""[[3.7502497e-05]]""",NA,NA,NA,NA,NA,NA,NA
1362,2.363330713706091e-05,"""[9.869348]""","""[0.99990815]""",2.3643673557671718e-05,2.479692895462904e-09,"""[[1.752749e-05]]""","""[[4.0281564e-05]]""",NA,NA,NA,NA,NA,NA,NA
1363,2.3621068976353854e-05,"""[9.869367]""","""[0.99990195]""",2.3632319425814785e-05,2.7428694870934578e-09,"""[[1.6037375e-05]]""","""[[3.715232e-05]]""",NA,NA,NA,NA,NA,NA,NA
1364,2.3610657081007957e-05,"""[9.869342]""","""[0.9999056]""",2.3621536456630565e-05,2.603727677907841e-09,"""[[1.7944723e-05]]""","""[[4.054606e-05]]""",NA,NA,NA,NA,NA,NA,NA
1365,2.3598051484441385e-05,"""[9.869362]""","""[0.99989986]""",2.3609767595189624e-05,2.8475266589111925e-09,"""[[1.6648322e-05]]""","""[[3.7584454e-05]]""",NA,NA,NA,NA,NA,NA,NA
1366,2.3587432224303484e-05,"""[9.869343]""","""[0.9999026]""",2.3598879124619998e-05,2.7428972426690734e-09,"""[[1.8239021e-05]]""","""[[4.0344894e-05]]""",NA,NA,NA,NA,NA,NA,NA
1367,2.357175799261313e-05,"""[9.869357]""","""[0.99989843]""",2.358383426326327e-05,2.9270750268040047e-09,"""[[1.6964972e-05]]""","""[[3.8374215e-05]]""",NA,NA,NA,NA,NA,NA,NA
1368,2.3562466594739817e-05,"""[9.869346]""","""[0.9998996]""",2.357444645895157e-05,2.88058865649532e-09,"""[[1.8585473e-05]]""","""[[3.9480627e-05]]""",NA,NA,NA,NA,NA,NA,NA
1369,2.354924799874425e-05,"""[9.869348]""","""[0.9998982]""",2.356152435822878e-05,2.956025424438735e-09,"""[[1.7959625e-05]]""","""[[3.9871782e-05]]""",NA,NA,NA,NA,NA,NA,NA
1370,2.3542495910078287e-05,"""[9.869348]""","""[0.99989706]""",2.3554959625471383e-05,3.0137059514601106e-09,"""[[1.8183142e-05]]""","""[[3.9204955e-05]]""",NA,NA,NA,NA,NA,NA,NA
1371,2.353159652557224e-05,"""[9.869339]""","""[0.99989796]""",2.3544003852293827e-05,2.9812468049783547e-09,"""[[1.8574297e-05]]""","""[[4.061684e-05]]""",NA,NA,NA,NA,NA,NA,NA
1372,2.3524800781160593e-05,"""[9.869348]""","""[0.9998957]""",2.353756826778408e-05,3.083145294624501e-09,"""[[1.8268824e-05]]""","""[[3.9432198e-05]]""",NA,NA,NA,NA,NA,NA,NA
1373,2.3507462174165994e-05,"""[9.869339]""","""[0.99989676]""",2.3520135073340498e-05,3.041370710832325e-09,"""[[1.9192696e-05]]""","""[[4.0572137e-05]]""",NA,NA,NA,NA,NA,NA,NA
1374,2.3502805561292917e-05,"""[9.869345]""","""[0.9998949]""",2.3515782231697813e-05,3.1269520306409504e-09,"""[[1.8399209e-05]]""","""[[3.9946288e-05]]""",NA,NA,NA,NA,NA,NA,NA
1375,2.349086025787983e-05,"""[9.86934]""","""[0.9998955]""",2.3503753254772164e-05,3.102957002454332e-09,"""[[1.92523e-05]]""","""[[4.004687e-05]]""",NA,NA,NA,NA,NA,NA,NA
1376,2.3480104573536664e-05,"""[9.869341]""","""[0.9998948]""",2.3493170374422334e-05,3.144436488966562e-09,"""[[1.9017607e-05]]""","""[[4.046783e-05]]""",NA,NA,NA,NA,NA,NA,NA
1377,2.347249937884044e-05,"""[9.869349]""","""[0.9998928]""",2.3485874407924712e-05,3.230413492261164e-09,"""[[1.8522143e-05]]""","""[[3.9163977e-05]]""",NA,NA,NA,NA,NA,NA,NA
1378,2.3458302166545764e-05,"""[9.869333]""","""[0.99989545]""",2.347131521673873e-05,3.1169904435301987e-09,"""[[1.9740313e-05]]""","""[[4.114583e-05]]""",NA,NA,NA,NA,NA,NA,NA
1379,2.345231405342929e-05,"""[9.869355]""","""[0.99989045]""",2.3466091079171747e-05,3.3498497309381037e-09,"""[[1.7318875e-05]]""","""[[3.841147e-05]]""",NA,NA,NA,NA,NA,NA,NA
1380,2.3446293198503554e-05,"""[9.869328]""","""[0.999896]""",2.3459271687897854e-05,3.0918718696426595e-09,"""[[2.0373613e-05]]""","""[[4.1794032e-05]]""",NA,NA,NA,NA,NA,NA,NA
1381,2.3436326955561526e-05,"""[9.869359]""","""[0.99988884]""",2.3450422304449603e-05,3.4337832577335803e-09,"""[[1.737848e-05]]""","""[[3.789738e-05]]""",NA,NA,NA,NA,NA,NA,NA
1382,2.3429032808053307e-05,"""[9.869325]""","""[0.9998958]""",2.344208405702375e-05,3.1039879555549987e-09,"""[[2.0839274e-05]]""","""[[4.1957945e-05]]""",NA,NA,NA,NA,NA,NA,NA
1383,2.3419510398525745e-05,"""[9.869355]""","""[0.99988914]""",2.3433542082784697e-05,3.4155678285685553e-09,"""[[1.8365681e-05]]""","""[[3.746152e-05]]""",NA,NA,NA,NA,NA,NA,NA
1384,2.3410142603097484e-05,"""[9.86933]""","""[0.9998943]""",2.342344305361621e-05,3.178456386976336e-09,"""[[2.0060688e-05]]""","""[[4.158914e-05]]""",NA,NA,NA,NA,NA,NA,NA
1385,2.3404953026329167e-05,"""[9.869349]""","""[0.9998901]""",2.341888284718152e-05,3.363876066586613e-09,"""[[1.9595027e-05]]""","""[[3.8288534e-05]]""",NA,NA,NA,NA,NA,NA,NA
1386,2.3390746719087474e-05,"""[9.869336]""","""[0.9998927]""",2.3404316380037926e-05,3.2546332295879665e-09,"""[[1.9390136e-05]]""","""[[4.1026622e-05]]""",NA,NA,NA,NA,NA,NA,NA
1387,2.3382348445011303e-05,"""[9.86934]""","""[0.9998916]""",2.3396036340272985e-05,3.2987097497994e-09,"""[[2.0310283e-05]]""","""[[3.900379e-05]]""",NA,NA,NA,NA,NA,NA,NA
1388,2.3374017473543063e-05,"""[9.869338]""","""[0.9998919]""",2.3387699911836535e-05,3.289599037614721e-09,"""[[2.0068139e-05]]""","""[[3.9879233e-05]]""",NA,NA,NA,NA,NA,NA,NA
1389,2.336921897949651e-05,"""[9.869339]""","""[0.99989164]""",2.33829632634297e-05,3.3035036928197314e-09,"""[[1.9714236e-05]]""","""[[4.0177256e-05]]""",NA,NA,NA,NA,NA,NA,NA
1390,2.3361746571026742e-05,"""[9.869338]""","""[0.9998916]""",2.3375456294161268e-05,3.2966829266456443e-09,"""[[2.0809472e-05]]""","""[[3.901869e-05]]""",NA,NA,NA,NA,NA,NA,NA
1391,2.3349672119366005e-05,"""[9.869339]""","""[0.9998914]""",2.336345824005548e-05,3.31590332969256e-09,"""[[1.9226223e-05]]""","""[[4.027784e-05]]""",NA,NA,NA,NA,NA,NA,NA
1392,2.3341695850831456e-05,"""[9.869343]""","""[0.9998906]""",2.3355571102001704e-05,3.3471645455307453e-09,"""[[1.9807369e-05]]""","""[[3.8981438e-05]]""",NA,NA,NA,NA,NA,NA,NA
1393,2.3334858269663528e-05,"""[9.869338]""","""[0.99989194]""",2.3348527975031175e-05,3.2811358074980035e-09,"""[[2.0164996e-05]]""","""[[3.979355e-05]]""",NA,NA,NA,NA,NA,NA,NA
1394,2.3327875169343315e-05,"""[9.8693495]""","""[0.9998894]""",2.3341952328337356e-05,3.4141403038034923e-09,"""[[1.8283725e-05]]""","""[[3.8780272e-05]]""",NA,NA,NA,NA,NA,NA,NA
1395,2.3323818822973408e-05,"""[9.869334]""","""[0.99989265]""",2.3337344828178175e-05,3.244149615611036e-09,"""[[2.1278858e-05]]""","""[[3.9372593e-05]]""",NA,NA,NA,NA,NA,NA,NA
1396,2.3312635676120408e-05,"""[9.869351]""","""[0.9998891]""",2.3326761947828345e-05,3.4241540713964014e-09,"""[[1.8410385e-05]]""","""[[3.8523227e-05]]""",NA,NA,NA,NA,NA,NA,NA
1397,2.33060145546915e-05,"""[9.869337]""","""[0.9998922]""",2.331964424229227e-05,3.2735143484785567e-09,"""[[2.0388514e-05]]""","""[[3.983453e-05]]""",NA,NA,NA,NA,NA,NA,NA
1398,2.3293283447856084e-05,"""[9.869348]""","""[0.9998899]""",2.3307222363655455e-05,3.3774576468914574e-09,"""[[1.9468367e-05]]""","""[[3.7964433e-05]]""",NA,NA,NA,NA,NA,NA,NA
1399,2.3287173462449573e-05,"""[9.869335]""","""[0.99989265]""",2.3300748580368236e-05,3.251042546281724e-09,"""[[1.9971281e-05]]""","""[[4.065782e-05]]""",NA,NA,NA,NA,NA,NA,NA
1400,2.3279670131159946e-05,"""[9.869354]""","""[0.9998887]""",2.329380004084669e-05,3.4304616924885067e-09,"""[[1.8741935e-05]]""","""[[3.7346035e-05]]""",NA,NA,NA,NA,NA,NA,NA
1401,2.328001028217841e-05,"""[9.8693285]""","""[0.9998941]""",2.3293325284612365e-05,3.1779996412240052e-09,"""[[2.1114945e-05]]""","""[[4.0642917e-05]]""",NA,NA,NA,NA,NA,NA,NA
1402,2.3267633878276683e-05,"""[9.869361]""","""[0.99988735]""",2.3281992980628274e-05,3.4980451868449336e-09,"""[[1.7728657e-05]]""","""[[3.6790967e-05]]""",NA,NA,NA,NA,NA,NA,NA
1403,2.325796231161803e-05,"""[9.869328]""","""[0.9998947]""",2.3271184545592405e-05,3.1429536750948728e-09,"""[[2.1517277e-05]]""","""[[4.0825456e-05]]""",NA,NA,NA,NA,NA,NA,NA
1404,2.325108289369382e-05,"""[9.869361]""","""[0.99988765]""",2.3265361960511655e-05,3.478895616026989e-09,"""[[1.8306077e-05]]""","""[[3.6347657e-05]]""",NA,NA,NA,NA,NA,NA,NA
1405,2.3246135242516175e-05,"""[9.86933]""","""[0.9998944]""",2.325939385627862e-05,3.1614739715024598e-09,"""[[2.0839274e-05]]""","""[[4.0832907e-05]]""",NA,NA,NA,NA,NA,NA,NA
1406,2.3234078980749473e-05,"""[9.869363]""","""[0.99988776]""",2.3248310753842816e-05,3.465606246422226e-09,"""[[1.8335879e-05]]""","""[[3.6027282e-05]]""",NA,NA,NA,NA,NA,NA,NA
1407,2.3234875698108226e-05,"""[9.86933]""","""[0.99989456]""",2.3248077923199162e-05,3.152877958711997e-09,"""[[2.0746142e-05]]""","""[[4.0654093e-05]]""",NA,NA,NA,NA,NA,NA,NA
1408,2.3220656657940708e-05,"""[9.869367]""","""[0.99988693]""",2.3235044864122756e-05,3.51413853572069e-09,"""[[1.7713755e-05]]""","""[[3.588572e-05]]""",NA,NA,NA,NA,NA,NA,NA
1409,2.321539977856446e-05,"""[9.869329]""","""[0.9998949]""",2.322854743397329e-05,3.1326323757241425e-09,"""[[2.1398067e-05]]""","""[[4.0572137e-05]]""",NA,NA,NA,NA,NA,NA,NA
1410,2.3208003767649643e-05,"""[9.869369]""","""[0.9998865]""",2.3222464733407833e-05,3.5340494974889225e-09,"""[[1.6901642e-05]]""","""[[3.599003e-05]]""",NA,NA,NA,NA,NA,NA,NA
1411,2.319716804777272e-05,"""[9.8693285]""","""[0.9998952]""",2.3210255676531233e-05,3.1204894224146074e-09,"""[[2.1222979e-05]]""","""[[4.0713698e-05]]""",NA,NA,NA,NA,NA,NA,NA
1412,2.3192116714199074e-05,"""[9.86937]""","""[0.99988616]""",2.3206599507830106e-05,3.5507901063880354e-09,"""[[1.7244369e-05]]""","""[[3.501773e-05]]""",NA,NA,NA,NA,NA,NA,NA
1413,2.318559018021915e-05,"""[9.869325]""","""[0.9998958]""",2.3198628696263768e-05,3.093345579685547e-09,"""[[2.099201e-05]]""","""[[4.174933e-05]]""",NA,NA,NA,NA,NA,NA,NA
1414,2.3176087779575028e-05,"""[9.869374]""","""[0.99988556]""",2.3190676074591465e-05,3.5779519347300948e-09,"""[[1.7367303e-05]]""","""[[3.450364e-05]]""",NA,NA,NA,NA,NA,NA,NA
1415,2.3171696739154868e-05,"""[9.869322]""","""[0.99989617]""",2.318465521966573e-05,3.082244681706925e-09,"""[[2.1163374e-05]]""","""[[4.158169e-05]]""",NA,NA,NA,NA,NA,NA,NA
1416,2.316312566108536e-05,"""[9.869374]""","""[0.9998849]""",2.3177830371423624e-05,3.609586185504554e-09,"""[[1.7020851e-05]]""","""[[3.4172088e-05]]""",NA,NA,NA,NA,NA,NA,NA
1417,2.3157434043241665e-05,"""[9.869317]""","""[0.9998973]""",2.3170277927420102e-05,3.032023965232611e-09,"""[[2.2135675e-05]]""","""[[4.253164e-05]]""",NA,NA,NA,NA,NA,NA,NA
1418,2.3145077648223378e-05,"""[9.869385]""","""[0.999883]""",2.3160162527346984e-05,3.7068241809379288e-09,"""[[1.623109e-05]]""","""[[3.3643097e-05]]""",NA,NA,NA,NA,NA,NA,NA
1419,2.3140994017012417e-05,"""[9.869304]""","""[0.9998998]""",2.315353776793927e-05,2.9248488075950263e-09,"""[[2.3536384e-05]]""","""[[4.4163316e-05]]""",NA,NA,NA,NA,NA,NA,NA
1420,2.3134283765102737e-05,"""[9.869395]""","""[0.9998804]""",2.3149827029556036e-05,3.850595842180837e-09,"""[[1.5292317e-05]]""","""[[3.1597912e-05]]""",NA,NA,NA,NA,NA,NA,NA
1421,2.3129856344894506e-05,"""[9.869291]""","""[0.9999024]""",2.3142114514485e-05,2.8240603189289004e-09,"""[[2.4273992e-05]]""","""[[4.6357512e-05]]""",NA,NA,NA,NA,NA,NA,NA
1422,2.3118063836591318e-05,"""[9.869413]""","""[0.99987656]""",2.3134329239837825e-05,4.055477731412793e-09,"""[[1.3850629e-05]]""","""[[2.893433e-05]]""",NA,NA,NA,NA,NA,NA,NA
1423,2.3118527678889222e-05,"""[9.86927]""","""[0.99990696]""",2.3130281988414936e-05,2.646096453062796e-09,"""[[2.6162714e-05]]""","""[[4.9132854e-05]]""",NA,NA,NA,NA,NA,NA,NA
1424,2.310218224010896e-05,"""[9.869437]""","""[0.9998717]""",2.3119442630559206e-05,4.337967762779726e-09,"""[[1.1436641e-05]]""","""[[2.5682151e-05]]""",NA,NA,NA,NA,NA,NA,NA
1425,2.310228592250496e-05,"""[9.869245]""","""[0.99991226]""",2.3113512725103647e-05,2.4572905932274125e-09,"""[[2.8524548e-05]]""","""[[5.2105635e-05]]""",NA,NA,NA,NA,NA,NA,NA
1426,2.3090275135473348e-05,"""[9.869471]""","""[0.9998647]""",2.310913441760931e-05,4.757633842444875e-09,"""[[8.203089e-06]]""","""[[2.2031367e-05]]""",NA,NA,NA,NA,NA,NA,NA
1427,2.3091079128789715e-05,"""[9.869207]""","""[0.99992025]""",2.310175659658853e-05,2.211564265053312e-09,"""[[3.201142e-05]]""","""[[5.737692e-05]]""",NA,NA,NA,NA,NA,NA,NA
1428,2.3075821445672773e-05,"""[9.869515]""","""[0.9998548]""",2.3097158191376366e-05,5.417867932067111e-09,"""[[4.5597553e-06]]""","""[[1.5310943e-05]]""",NA,NA,NA,NA,NA,NA,NA
1429,2.308322837052401e-05,"""[9.869146]""","""[0.99993324]""",2.309344199602492e-05,1.8904697807187176e-09,"""[[3.7267804e-05]]""","""[[6.6090375e-05]]""",NA,NA,NA,NA,NA,NA,NA
1430,2.3066866560839117e-05,"""[9.86959]""","""[0.9998391]""",2.309277442691382e-05,6.574000011028147e-09,"""[[-1.8663704e-06]]""","""[[4.9322844e-06]]""",NA,NA,NA,NA,NA,NA,NA
1431,2.3084005078999326e-05,"""[9.869052]""","""[0.99995327]""",2.309446244908031e-05,1.595618304151003e-09,"""[[4.6048313e-05]]""","""[[7.843971e-05]]""",NA,NA,NA,NA,NA,NA,NA
1432,2.306340502400417e-05,"""[9.869712]""","""[0.99981344]""",2.3098507881513797e-05,8.801901429933423e-09,"""[[-1.3232231e-05]]""","""[[-1.1026859e-05]]""",NA,NA,NA,NA,NA,NA,NA
1433,2.3100465114112012e-05,"""[9.8689]""","""[0.99998516]""",2.311402204213664e-05,1.6371619615540567e-09,"""[[5.939603e-05]]""","""[[9.904057e-05]]""",NA,NA,NA,NA,NA,NA,NA
1434,2.3084841814124957e-05,"""[9.8699]""","""[0.99977356]""",2.313836375833489e-05,1.3078421012835406e-08,"""[[-2.9657036e-05]]""","""[[-3.6973506e-05]]""",NA,NA,NA,NA,NA,NA,NA
1435,2.315261008334346e-05,"""[9.868667]""","""[1.0000346]""",2.3177353796199895e-05,2.951713318211091e-09,"""[[7.9687685e-05]]""","""[[0.00013114]]""",NA,NA,NA,NA,NA,NA,NA
1436,2.3150749257183634e-05,"""[9.870195]""","""[0.99971116]""",2.3243255782290362e-05,2.1718143727866845e-08,"""[[-5.5585057e-05]]""","""[[-7.735938e-05]]""",NA,NA,NA,NA,NA,NA,NA
1437,2.3292601326829754e-05,"""[9.868296]""","""[1.0001132]""",2.335119279450737e-05,8.158379749545475e-09,"""[[0.00011294]]""","""[[0.00018168]]""",NA,NA,NA,NA,NA,NA,NA
1438,2.3346696252701804e-05,"""[9.8706665]""","""[0.9996113]""",2.3527300072601065e-05,4.054219360227762e-08,"""[[-9.799376e-05]]""","""[[-0.00014117]]""",NA,NA,NA,NA,NA,NA,NA
1439,2.366433182032779e-05,"""[9.867692]""","""[1.0002408]""",2.3819458874640986e-05,2.4659014385974842e-08,"""[[0.00016703]]""","""[[0.00026314]]""",NA,NA,NA,NA,NA,NA,NA
1440,2.3890346710686572e-05,"""[9.871431]""","""[0.9994493]""",2.4281211153720506e-05,8.415992880372869e-08,"""[[-0.00016718]]""","""[[-0.00024425]]""",NA,NA,NA,NA,NA,NA,NA
1441,2.4617085728095844e-05,"""[9.866711]""","""[1.0004485]""",2.504050098650623e-05,7.303933102775773e-08,"""[[0.00025497]]""","""[[0.00039659]]""",NA,NA,NA,NA,NA,NA,NA
1442,2.533856786612887e-05,"""[9.87267]""","""[0.9991867]""",2.624737680889666e-05,1.8932007606053958e-07,"""[[-0.00027693]]""","""[[-0.0004131]]""",NA,NA,NA,NA,NA,NA,NA
1443,2.7040949134971015e-05,"""[9.865139]""","""[1.0007808]""",2.8179299988551065e-05,2.0585115123594733e-07,"""[[0.00039378]]""","""[[0.00061123]]""",NA,NA,NA,NA,NA,NA,NA
1444,2.8979429771425202e-05,"""[9.874603]""","""[0.99877775]""",3.113187267445028e-05,4.378596827336878e-07,"""[[-0.00044733]]""","""[[-0.00067708]]""",NA,NA,NA,NA,NA,NA,NA
1445,3.270284287282266e-05,"""[9.862796]""","""[1.0012766]""",3.556217416189611e-05,5.306825414663763e-07,"""[[0.00060078]]""","""[[0.00093202]]""",NA,NA,NA,NA,NA,NA,NA
1446,3.673191531561315e-05,"""[9.877253]""","""[0.99821615]""",4.145810453337617e-05,9.47614751112269e-07,"""[[-0.00068034]]""","""[[-0.00103981]]""",NA,NA,NA,NA,NA,NA,NA
1447,4.262623770046048e-05,"""[9.860001]""","""[1.0018675]""",4.8564183089183643e-05,1.116574026127637e-06,"""[[0.00084475]]""","""[[0.00131782]]""",NA,NA,NA,NA,NA,NA,NA
1448,4.6563778596464545e-05,"""[9.8796425]""","""[0.9977078]""",5.4484382417285815e-05,1.5777279713802272e-06,"""[[-0.00088501]]""","""[[-0.00137227]]""",NA,NA,NA,NA,NA,NA,NA
1449,4.87000506836921e-05,"""[9.858627]""","""[1.0021545]""",5.655564018525183e-05,1.481914068790502e-06,"""[[0.0009552]]""","""[[0.00151705]]""",NA,NA,NA,NA,NA,NA,NA
1450,4.4055545004084706e-05,"""[9.87901]""","""[0.997835]""",5.1095415983581915e-05,1.4055235624255147e-06,"""[[-0.0008165]]""","""[[-0.00129842]]""",NA,NA,NA,NA,NA,NA,NA
1451,3.598536932258867e-05,"""[9.861702]""","""[1.001495]""",3.98987322114408e-05,7.288188044185517e-07,"""[[0.00067012]]""","""[[0.00110872]]""",NA,NA,NA,NA,NA,NA,NA
1452,2.691561348910909e-05,"""[9.873471]""","""[0.998999]""",2.8321248464635573e-05,2.9029544634795457e-07,"""[[-0.00032359]]""","""[[-0.00054674]]""",NA,NA,NA,NA,NA,NA,NA
1453,2.2977123080636375e-05,"""[9.8687525]""","""[0.99999624]""",2.2998821805231273e-05,2.7003204117193036e-09,"""[[5.5339187e-05]]""","""[[0.00013646]]""",NA,NA,NA,NA,NA,NA,NA
1454,2.4934497560025193e-05,"""[9.866284]""","""[1.0005189]""",2.5497283786535263e-05,9.747130036430462e-08,"""[[0.00028992]]""","""[[0.00045767]]""",NA,NA,NA,NA,NA,NA,NA
1455,2.9598326364066452e-05,"""[9.874781]""","""[0.99872077]""",3.1950203265296295e-05,4.797324208993814e-07,"""[[-0.00044595]]""","""[[-0.00071872]]""",NA,NA,NA,NA,NA,NA,NA
1456,3.349730104673654e-05,"""[9.862525]""","""[1.0013174]""",3.6585002817446366e-05,5.713727091460896e-07,"""[[0.00059474]]""","""[[0.00099925]]""",NA,NA,NA,NA,NA,NA,NA
1457,3.228926289011724e-05,"""[9.875788]""","""[0.998509]""",3.554323484422639e-05,6.587275720448815e-07,"""[[-0.00051757]]""","""[[-0.00087349]]""",NA,NA,NA,NA,NA,NA,NA
1458,2.8468912205426022e-05,"""[9.864432]""","""[1.0009135]""",3.0028089895495214e-05,2.830221603744576e-07,"""[[0.00042835]]""","""[[0.00073567]]""",NA,NA,NA,NA,NA,NA,NA
1459,2.400392622803338e-05,"""[9.871613]""","""[0.9993923]""",2.4482606022502296e-05,1.0304134434591106e-07,"""[[-0.00016654]]""","""[[-0.00028567]]""",NA,NA,NA,NA,NA,NA,NA
1460,2.289194890181534e-05,"""[9.869817]""","""[0.9997726]""",2.2944881493458524e-05,1.3091600692405336e-08,"""[[-1.7669052e-05]]""","""[[-3.0208379e-05]]""",NA,NA,NA,NA,NA,NA,NA
1461,2.4923638193286024e-05,"""[9.866355]""","""[1.0005068]""",2.5466468287049793e-05,9.393029642978945e-08,"""[[0.00026973]]""","""[[0.00046181]]""",NA,NA,NA,NA,NA,NA,NA
1462,2.7245931050856598e-05,"""[9.8737545]""","""[0.99894065]""",2.8833961550844833e-05,3.268548312007624e-07,"""[[-0.00034482]]""","""[[-0.00058898]]""",NA,NA,NA,NA,NA,NA,NA
1463,2.8271910196053796e-05,"""[9.86448]""","""[1.0009056]""",2.9800979973515496e-05,2.776055509912112e-07,"""[[0.0004288]]""","""[[0.00072459]]""",NA,NA,NA,NA,NA,NA,NA
1464,2.6325906219426543e-05,"""[9.873284]""","""[0.9990415]""",2.7609003154793754e-05,2.656209403539833e-07,"""[[-0.00031036]]""","""[[-0.00051773]]""",NA,NA,NA,NA,NA,NA,NA
1465,2.409350054222159e-05,"""[9.866982]""","""[1.0003765]""",2.4419379769824445e-05,5.4622997680553453e-08,"""[[0.00022317]]""","""[[0.00036654]]""",NA,NA,NA,NA,NA,NA,NA
1466,2.281386696267873e-05,"""[9.869538]""","""[0.99983627]""",2.2840877136331983e-05,6.8427024046968654e-09,"""[[8.903444e-07]]""","""[[1.4200807e-05]]""",NA,NA,NA,NA,NA,NA,NA
1467,2.339784441574011e-05,"""[9.870992]""","""[0.99952954]""",2.36711603065487e-05,6.035483579580614e-08,"""[[-0.00011628]]""","""[[-0.00019612]]""",NA,NA,NA,NA,NA,NA,NA
1468,2.4968790967250243e-05,"""[9.866302]""","""[1.0005243]""",2.5538667614455335e-05,9.927732236292286e-08,"""[[0.00027566]]""","""[[0.00046799]]""",NA,NA,NA,NA,NA,NA,NA
1469,2.5452345653320663e-05,"""[9.872829]""","""[0.99914294]""",2.6465655537322164e-05,2.1098323088608595e-07,"""[[-0.00027586]]""","""[[-0.00045019]]""",NA,NA,NA,NA,NA,NA,NA
1470,2.5085131710511632e-05,"""[9.866227]""","""[1.000542]""",2.568674426584039e-05,1.0521608828639728e-07,"""[[0.0002836]]""","""[[0.00047684]]""",NA,NA,NA,NA,NA,NA,NA
1471,2.3621927539352328e-05,"""[9.871349]""","""[0.9994573]""",2.3997625248739496e-05,8.14427565387632e-08,"""[[-0.00015097]]""","""[[-0.00024162]]""",NA,NA,NA,NA,NA,NA,NA
1472,2.285245318489615e-05,"""[9.868807]""","""[0.99999595]""",2.286986455146689e-05,2.0574253412064536e-09,"""[[6.350875e-05]]""","""[[0.0001156]]""",NA,NA,NA,NA,NA,NA,NA
1473,2.2983886083238758e-05,"""[9.868425]""","""[1.0000768]""",2.3027299903333187e-05,5.606609843056276e-09,"""[[9.8235905e-05]]""","""[[0.00016695]]""",NA,NA,NA,NA,NA,NA,NA
1474,2.3598175175720826e-05,"""[9.871345]""","""[0.9994587]""",2.39717719523469e-05,8.101518034209221e-08,"""[[-0.00015066]]""","""[[-0.00024054]]""",NA,NA,NA,NA,NA,NA,NA
1475,2.4270695575978607e-05,"""[9.866815]""","""[1.0004177]""",2.4655329980305396e-05,6.545565867099867e-08,"""[[0.00023378]]""","""[[0.00039434]]""",NA,NA,NA,NA,NA,NA,NA
1476,2.3957498342497274e-05,"""[9.87171]""","""[0.99938065]""",2.4460245185764506e-05,1.0750419932037403e-07,"""[[-0.00017818]]""","""[[-0.00029563]]""",NA,NA,NA,NA,NA,NA,NA
1477,2.3459153453586623e-05,"""[9.86761]""","""[1.0002486]""",2.362887425988447e-05,2.6905519590059157e-08,"""[[0.00016437]]""","""[[0.00028447]]""",NA,NA,NA,NA,NA,NA,NA
1478,2.282007335452363e-05,"""[9.87002]""","""[0.9997377]""",2.289360600116197e-05,1.768077062536122e-08,"""[[-3.311783e-05]]""","""[[-6.0196966e-05]]""",NA,NA,NA,NA,NA,NA,NA
1479,2.273857535328716e-05,"""[9.869671]""","""[0.9998115]""",2.2774242097511888e-05,8.980498122923564e-09,"""[[-9.324402e-06]]""","""[[-6.0349703e-06]]""",NA,NA,NA,NA,NA,NA,NA
1480,2.309904812136665e-05,"""[9.86808]""","""[1.0001487]""",2.3183663870440796e-05,1.2251144099195699e-08,"""[[0.00012789]]""","""[[0.00021485]]""",NA,NA,NA,NA,NA,NA,NA
1481,2.3342026906902902e-05,"""[9.871052]""","""[0.99951965]""",2.3629338102182373e-05,6.315516287713763e-08,"""[[-0.00012167]]""","""[[-0.00020437]]""",NA,NA,NA,NA,NA,NA,NA
1482,2.350780414417386e-05,"""[9.867513]""","""[1.0002695]""",2.3699183657299727e-05,3.072917564850286e-08,"""[[0.00017195]]""","""[[0.00029861]]""",NA,NA,NA,NA,NA,NA,NA
1483,2.3139529730542563e-05,"""[9.870784]""","""[0.9995775]""",2.3355754819931462e-05,4.8245283323922195e-08,"""[[-9.793043e-05]]""","""[[-0.00016777]]""",NA,NA,NA,NA,NA,NA,NA
1484,2.2876207367517054e-05,"""[9.868494]""","""[1.000063]""",2.2913667635293677e-05,4.738845760243748e-09,"""[[9.0412796e-05]]""","""[[0.00015914]]""",NA,NA,NA,NA,NA,NA,NA
1485,2.268117168569006e-05,"""[9.869409]""","""[0.99986964]""",2.269923970743548e-05,4.499848493821901e-09,"""[[1.3791025e-05]]""","""[[2.9727817e-05]]""",NA,NA,NA,NA,NA,NA,NA
1486,2.273971404065378e-05,"""[9.869942]""","""[0.99975747]""",2.2801599698141217e-05,1.503369162492163e-08,"""[[-2.8401613e-05]]""","""[[-4.753843e-05]]""",NA,NA,NA,NA,NA,NA,NA
1487,2.2984859242569655e-05,"""[9.868228]""","""[1.0001212]""",2.30513142014388e-05,9.349328422558756e-09,"""[[0.00011076]]""","""[[0.00019872]]""",NA,NA,NA,NA,NA,NA,NA
1488,2.301173662999645e-05,"""[9.870642]""","""[0.9996106]""",2.3192375010694377e-05,4.070529868727135e-08,"""[[-8.770451e-05]]""","""[[-0.000146]]""",NA,NA,NA,NA,NA,NA,NA
1489,2.3033542674966156e-05,"""[9.868116]""","""[1.000146]""",2.3115049771149643e-05,1.1869214944226769e-08,"""[[0.0001214]]""","""[[0.00021318]]""",NA,NA,NA,NA,NA,NA,NA
1490,2.2798416466685012e-05,"""[9.870209]""","""[0.9997035]""",2.289597068738658e-05,2.2917742370509586e-08,"""[[-5.3223222e-05]]""","""[[-8.260831e-05]]""",NA,NA,NA,NA,NA,NA,NA
1491,2.268691787321586e-05,"""[9.868942]""","""[0.9999722]""",2.2699581677443348e-05,1.6392914803375902e-09,"""[[5.4147094e-05]]""","""[[9.46559e-05]]""",NA,NA,NA,NA,NA,NA,NA
1492,2.2642103431280702e-05,"""[9.869203]""","""[0.9999177]""",2.2653415726381354e-05,2.351714378789893e-09,"""[[3.0290335e-05]]""","""[[6.0159713e-05]]""",NA,NA,NA,NA,NA,NA,NA
1493,2.268649586767424e-05,"""[9.869908]""","""[0.9997688]""",2.2742395231034607e-05,1.3637954765499671e-08,"""[[-2.6769936e-05]]""","""[[-4.1555613e-05]]""",NA,NA,NA,NA,NA,NA,NA
1494,2.2814141630078666e-05,"""[9.868478]""","""[1.0000724]""",2.285379741806537e-05,5.131227442944919e-09,"""[[9.234995e-05]]""","""[[0.0001609]]""",NA,NA,NA,NA,NA,NA,NA
1495,2.277938438055571e-05,"""[9.870281]""","""[0.9996911]""",2.288693758600857e-05,2.4996648306796487e-08,"""[[-5.9541315e-05]]""","""[[-9.2770904e-05]]""",NA,NA,NA,NA,NA,NA,NA
1496,2.279013096995186e-05,"""[9.868514]""","""[1.0000659]""",2.2826632630312815e-05,4.6728412250729434e-09,"""[[9.030849e-05]]""","""[[0.00015492]]""",NA,NA,NA,NA,NA,NA,NA
1497,2.2654847271041945e-05,"""[9.86991]""","""[0.99977064]""",2.270989898534026e-05,1.3417116306868593e-08,"""[[-2.8185546e-05]]""","""[[-4.0639192e-05]]""",NA,NA,NA,NA,NA,NA,NA
1498,2.2611669919569977e-05,"""[9.86913]""","""[0.9999364]""",2.2621889002039097e-05,1.8381691724300708e-09,"""[[3.7569553e-05]]""","""[[6.900728e-05]]""",NA,NA,NA,NA,NA,NA,NA
1499,2.259740540466737e-05,"""[9.869211]""","""[0.9999196]""",2.2608122890233062e-05,2.2265880250671444e-09,"""[[3.1225383e-05]]""","""[[5.725026e-05]]""",NA,NA,NA,NA,NA,NA,NA
1500,2.2613869077758864e-05,"""[9.869781]""","""[0.99979925]""",2.2654960048384964e-05,1.0202813705006974e-08,"""[[-1.7683953e-05]]""","""[[-2.1852553e-05]]""",NA,NA,NA,NA,NA,NA,NA
1501,2.2679558242089115e-05,"""[9.868734]""","""[1.0000209]""",2.2700518456986174e-05,2.4741231285929643e-09,"""[[7.068366e-05]]""","""[[0.00012461]]""",NA,NA,NA,NA,NA,NA,NA
1502,2.264586328237783e-05,"""[9.870011]""","""[0.9997503]""",2.271261291753035e-05,1.6026037386041025e-08,"""[[-3.6548823e-05]]""","""[[-5.542487e-05]]""",NA,NA,NA,NA,NA,NA,NA
1503,2.2657341105514206e-05,"""[9.868759]""","""[1.0000159]""",2.2677222659694962e-05,2.3450423825011057e-09,"""[[6.73905e-05]]""","""[[0.00012283]]""",NA,NA,NA,NA,NA,NA,NA
1504,2.2582773453905247e-05,"""[9.869759]""","""[0.99980414]""",2.2621759853791445e-05,9.706347725568776e-09,"""[[-1.4081597e-05]]""","""[[-2.0679086e-05]]""",NA,NA,NA,NA,NA,NA,NA
1505,2.2562633603229187e-05,"""[9.869163]""","""[0.9999304]""",2.2572954549104907e-05,1.9686710039934496e-09,"""[[3.3494085e-05]]""","""[[6.596744e-05]]""",NA,NA,NA,NA,NA,NA,NA
1506,2.2545205865753815e-05,"""[9.869288]""","""[0.9999037]""",2.2557260308531113e-05,2.7688431547545633e-09,"""[[2.4043024e-05]]""","""[[4.689768e-05]]""",NA,NA,NA,NA,NA,NA,NA
1507,2.2540618374478072e-05,"""[9.869602]""","""[0.9998372]""",2.2567124688066542e-05,6.720841660978749e-09,"""[[-1.9818544e-06]]""","""[[2.3171306e-06]]""",NA,NA,NA,NA,NA,NA,NA
1508,2.257966662000399e-05,"""[9.868944]""","""[0.9999766]""",2.2592226741835475e-05,1.6089380938666409e-09,"""[[5.19529e-05]]""","""[[9.6496195e-05]]""",NA,NA,NA,NA,NA,NA,NA
1509,2.2553263988811523e-05,"""[9.869803]""","""[0.9997947]""",2.2596439521294087e-05,1.0683260498467462e-08,"""[[-1.861155e-05]]""","""[[-2.6304275e-05]]""",NA,NA,NA,NA,NA,NA,NA
1510,2.257453706988599e-05,"""[9.868906]""","""[0.9999849]""",2.2588117644772865e-05,1.6595691487708564e-09,"""[[5.6020916e-05]]""","""[[0.00010107]]""",NA,NA,NA,NA,NA,NA,NA
1511,2.2526081011164933e-05,"""[9.869692]""","""[0.99981856]""",2.255919753224589e-05,8.322812661276657e-09,"""[[-1.0404736e-05]]""","""[[-9.305775e-06]]""",NA,NA,NA,NA,NA,NA,NA
1512,2.2517786419484764e-05,"""[9.869136]""","""[0.99993604]""",2.252784361189697e-05,1.823325601613135e-09,"""[[3.7100166e-05]]""","""[[6.774068e-05]]""",NA,NA,NA,NA,NA,NA,NA
1513,2.2493512005894445e-05,"""[9.869394]""","""[0.99988157]""",2.2508813344757073e-05,3.7800500507501056e-09,"""[[1.4454126e-05]]""","""[[3.263727e-05]]""",NA,NA,NA,NA,NA,NA,NA
1514,2.2486714442493394e-05,"""[9.869448]""","""[0.9998704]""",2.2504202206619084e-05,4.393760022480819e-09,"""[[1.1332333e-05]]""","""[[2.3823231e-05]]""",NA,NA,NA,NA,NA,NA,NA
1515,2.2500760678667575e-05,"""[9.8691225]""","""[0.99993926]""",2.2510808776132762e-05,1.7761686565975765e-09,"""[[3.7685037e-05]]""","""[[7.027015e-05]]""",NA,NA,NA,NA,NA,NA,NA
1516,2.24821524170693e-05,"""[9.869641]""","""[0.9998294]""",2.2511290808324702e-05,7.364045373492445e-09,"""[[-5.4351985e-06]]""","""[[-3.106892e-06]]""",NA,NA,NA,NA,NA,NA,NA
1517,2.2500853447127156e-05,"""[9.869025]""","""[0.99996]""",2.2511605493491516e-05,1.5561356647708635e-09,"""[[4.6048313e-05]]""","""[[8.386001e-05]]""",NA,NA,NA,NA,NA,NA,NA
1518,2.2469395844382234e-05,"""[9.86964]""","""[0.9998301]""",2.249828503408935e-05,7.298063486871342e-09,"""[[-5.263835e-06]]""","""[[-2.4661422e-06]]""",NA,NA,NA,NA,NA,NA,NA
1519,2.2471111151389778e-05,"""[9.869116]""","""[0.9999412]""",2.2481119231088087e-05,1.737581856176007e-09,"""[[3.84748e-05]]""","""[[7.11754e-05]]""",NA,NA,NA,NA,NA,NA,NA
1520,2.2451096810982563e-05,"""[9.86948]""","""[0.99986404]""",2.2470047042588703e-05,4.794114882855638e-09,"""[[7.75978e-06]]""","""[[2.014637e-05]]""",NA,NA,NA,NA,NA,NA,NA
1521,2.2435784558183514e-05,"""[9.869314]""","""[0.99989945]""",2.2448282834375277e-05,2.93246471549935e-09,"""[[2.1766871e-05]]""","""[[4.3734908e-05]]""",NA,NA,NA,NA,NA,NA,NA
1522,2.2437232473748736e-05,"""[9.869278]""","""[0.9999072]""",2.2448832169175148e-05,2.621898920196486e-09,"""[[2.4903566e-05]]""","""[[4.863739e-05]]""",NA,NA,NA,NA,NA,NA,NA
1523,2.2426387658924796e-05,"""[9.869492]""","""[0.99986213]""",2.2445787180913612e-05,4.9176214211854585e-09,"""[[6.1765313e-06]]""","""[[1.8820167e-05]]""",NA,NA,NA,NA,NA,NA,NA
1524,2.2438243831857108e-05,"""[9.869149]""","""[0.9999347]""",2.2448230083682574e-05,1.8433604642709156e-09,"""[[3.561005e-05]]""","""[[6.671995e-05]]""",NA,NA,NA,NA,NA,NA,NA
1525,2.241583752038423e-05,"""[9.869564]""","""[0.9998469]""",2.2439360691350885e-05,5.974098549188511e-09,"""[[2.7567148e-07]]""","""[[8.706003e-06]]""",NA,NA,NA,NA,NA,NA,NA
1526,2.242391747131478e-05,"""[9.869144]""","""[0.99993604]""",2.2433825506595895e-05,1.8178676342017752e-09,"""[[3.582239e-05]]""","""[[6.733462e-05]]""",NA,NA,NA,NA,NA,NA,NA
1527,2.2402549802791327e-05,"""[9.869519]""","""[0.99985653]""",2.2423364498536102e-05,5.280363257753606e-09,"""[[4.4591725e-06]]""","""[[1.4513731e-05]]""",NA,NA,NA,NA,NA,NA,NA
1528,2.2401711248676293e-05,"""[9.869227]""","""[0.9999185]""",2.2412335965782404e-05,2.2449093695087186e-09,"""[[2.8826296e-05]]""","""[[5.6155026e-05]]""",NA,NA,NA,NA,NA,NA,NA
1529,2.2388081561075523e-05,"""[9.869411]""","""[0.9998794]""",2.240367939521093e-05,3.878420695713203e-09,"""[[1.4044344e-05]]""","""[[2.9347837e-05]]""",NA,NA,NA,NA,NA,NA,NA
1530,2.2379332222044468e-05,"""[9.869347]""","""[0.99989307]""",2.2392647224478424e-05,3.2054616738719233e-09,"""[[1.8272549e-05]]""","""[[3.9324164e-05]]""",NA,NA,NA,NA,NA,NA,NA
1531,2.237782064185012e-05,"""[9.869293]""","""[0.99990445]""",2.2389647710951976e-05,2.7141029423916052e-09,"""[[2.4110079e-05]]""","""[[4.5984983e-05]]""",NA,NA,NA,NA,NA,NA,NA
1532,2.2364654796547256e-05,"""[9.869443]""","""[0.9998723]""",2.2381715098163113e-05,4.288620125691978e-09,"""[[9.994954e-06]]""","""[[2.5693327e-05]]""",NA,NA,NA,NA,NA,NA,NA
1533,2.2367274141288362e-05,"""[9.86922]""","""[0.9999196]""",2.2377787900040857e-05,2.2086514839259053e-09,"""[[3.0197203e-05]]""","""[[5.6013465e-05]]""",NA,NA,NA,NA,NA,NA,NA
1534,2.2353917302098125e-05,"""[9.869479]""","""[0.9998647]""",2.237271110061556e-05,4.7495198884917045e-09,"""[[7.342547e-06]]""","""[[2.0802021e-05]]""",NA,NA,NA,NA,NA,NA,NA
1535,2.2353578970069066e-05,"""[9.869215]""","""[0.9999208]""",2.2364052711054683e-05,2.1756967338859567e-09,"""[[3.01525e-05]]""","""[[5.735457e-05]]""",NA,NA,NA,NA,NA,NA,NA
1536,2.23417973757023e-05,"""[9.869456]""","""[0.9998698]""",2.235940337413922e-05,4.429274280681739e-09,"""[[9.890646e-06]]""","""[[2.3689121e-05]]""",NA,NA,NA,NA,NA,NA,NA
1537,2.2337238988257013e-05,"""[9.869263]""","""[0.9999108]""",2.2348469428834505e-05,2.4950781440935543e-09,"""[[2.5700778e-05]]""","""[[5.106628e-05]]""",NA,NA,NA,NA,NA,NA,NA
1538,2.2323862140183337e-05,"""[9.869395]""","""[0.99988294]""",2.2338799681165256e-05,3.6924721058539944e-09,"""[[1.5035272e-05]]""","""[[3.17581e-05]]""",NA,NA,NA,NA,NA,NA,NA
1539,2.2326035832520574e-05,"""[9.869333]""","""[0.99989593]""",2.233893610537052e-05,3.0784894633484328e-09,"""[[1.9539148e-05]]""","""[[4.1093677e-05]]""",NA,NA,NA,NA,NA,NA,NA
1540,2.2315176465781406e-05,"""[9.869328]""","""[0.9998973]""",2.232789120171219e-05,3.01369329491763e-09,"""[[2.0664185e-05]]""","""[[4.1726977e-05]]""",NA,NA,NA,NA,NA,NA,NA
1541,2.2307589460979216e-05,"""[9.869397]""","""[0.99988246]""",2.232262158941012e-05,3.718756191872785e-09,"""[[1.4796853e-05]]""","""[[3.1601638e-05]]""",NA,NA,NA,NA,NA,NA,NA
1542,2.2307496692519635e-05,"""[9.869272]""","""[0.99990904]""",2.231889266113285e-05,2.556142852938592e-09,"""[[2.4605542e-05]]""","""[[5.0183386e-05]]""",NA,NA,NA,NA,NA,NA,NA
1543,2.2295544113148935e-05,"""[9.869436]""","""[0.999874]""",2.231223334092647e-05,4.18263912393968e-09,"""[[1.1596829e-05]]""","""[[2.6006252e-05]]""",NA,NA,NA,NA,NA,NA,NA
1544,2.229386882390827e-05,"""[9.8692465]""","""[0.9999143]""",2.2304788217297755e-05,2.374491048229288e-09,"""[[2.6997179e-05]]""","""[[5.3316355e-05]]""",NA,NA,NA,NA,NA,NA,NA
1545,2.2282805730355904e-05,"""[9.869441]""","""[0.99987316]""",2.229967685707379e-05,4.2343657469245954e-09,"""[[1.04904175e-05]]""","""[[2.5961548e-05]]""",NA,NA,NA,NA,NA,NA,NA
1546,2.227645745733753e-05,"""[9.869259]""","""[0.99991184]""",2.22875241888687e-05,2.4491817463001553e-09,"""[[2.6635826e-05]]""","""[[5.0857663e-05]]""",NA,NA,NA,NA,NA,NA,NA
1547,2.226943070127163e-05,"""[9.869415]""","""[0.999879]""",2.2285114027909003e-05,3.905070045107095e-09,"""[[1.2926757e-05]]""","""[[2.957508e-05]]""",NA,NA,NA,NA,NA,NA,NA
1548,2.2265894585871138e-05,"""[9.869296]""","""[0.99990433]""",2.2277701646089554e-05,2.7257742729602796e-09,"""[[2.2578984e-05]]""","""[[4.632771e-05]]""",NA,NA,NA,NA,NA,NA,NA
1549,2.2252565031521954e-05,"""[9.869373]""","""[0.99988776]""",2.2266673113335855e-05,3.4458640385537365e-09,"""[[1.726672e-05]]""","""[[3.484264e-05]]""",NA,NA,NA,NA,NA,NA,NA
1550,2.2247850210987963e-05,"""[9.869339]""","""[0.99989516]""",2.226085234724451e-05,3.1097575625693707e-09,"""[[1.8823892e-05]]""","""[[4.0683895e-05]]""",NA,NA,NA,NA,NA,NA,NA
1551,2.2240439648157917e-05,"""[9.86933]""","""[0.999897]""",2.2253119823290035e-05,3.020395489272687e-09,"""[[2.047792e-05]]""","""[[4.0635467e-05]]""",NA,NA,NA,NA,NA,NA,NA
1552,2.2233278286876157e-05,"""[9.869376]""","""[0.9998875]""",2.2247431843425147e-05,3.4607643417672307e-09,"""[[1.6305596e-05]]""","""[[3.516674e-05]]""",NA,NA,NA,NA,NA,NA,NA
1553,2.2230387912713923e-05,"""[9.8693075]""","""[0.99990207]""",2.224246236437466e-05,2.8131774687523148e-09,"""[[2.1647662e-05]]""","""[[4.4900924e-05]]""",NA,NA,NA,NA,NA,NA,NA
1554,2.2219079255592078e-05,"""[9.869393]""","""[0.999884]""",2.2233791241887957e-05,3.6320653151733495e-09,"""[[1.5363097e-05]]""","""[[3.1974167e-05]]""",NA,NA,NA,NA,NA,NA,NA
1555,2.221707472926937e-05,"""[9.869295]""","""[0.9999048]""",2.2228843590710312e-05,2.708295365749791e-09,"""[[2.2679567e-05]]""","""[[4.6838075e-05]]""",NA,NA,NA,NA,NA,NA,NA
1556,2.2208674636203796e-05,"""[9.869403]""","""[0.99988216]""",2.222372859250754e-05,3.733317210929954e-09,"""[[1.4293939e-05]]""","""[[3.106147e-05]]""",NA,NA,NA,NA,NA,NA,NA
1557,2.220021815446671e-05,"""[9.869291]""","""[0.99990577]""",2.221184695372358e-05,2.6667772434763037e-09,"""[[2.3275614e-05]]""","""[[4.696846e-05]]""",NA,NA,NA,NA,NA,NA,NA
1558,2.219439011241775e-05,"""[9.869397]""","""[0.9998835]""",2.2209196686162613e-05,3.6606360165336582e-09,"""[[1.418218e-05]]""","""[[3.2041222e-05]]""",NA,NA,NA,NA,NA,NA,NA
1559,2.2192036340129562e-05,"""[9.869299]""","""[0.9999042]""",2.2203843400347978e-05,2.7230737664751814e-09,"""[[2.2657216e-05]]""","""[[4.6029687e-05]]""",NA,NA,NA,NA,NA,NA,NA
1560,2.218116969743278e-05,"""[9.86939]""","""[0.999885]""",2.2195721612661146e-05,3.5851235313799634e-09,"""[[1.494959e-05]]""","""[[3.329292e-05]]""",NA,NA,NA,NA,NA,NA,NA
1561,2.2177724531502463e-05,"""[9.86931]""","""[0.99990195]""",2.2189786250237375e-05,2.8132369767064347e-09,"""[[2.1968037e-05]]""","""[[4.434958e-05]]""",NA,NA,NA,NA,NA,NA,NA
1562,2.216726352344267e-05,"""[9.869378]""","""[0.9998875]""",2.2181373424245976e-05,3.4568972129278563e-09,"""[[1.6011298e-05]]""","""[[3.4675002e-05]]""",NA,NA,NA,NA,NA,NA,NA
1563,2.2163971152622253e-05,"""[9.869324]""","""[0.99989927]""",2.2176367565407418e-05,2.9228675035852802e-09,"""[[2.047047e-05]]""","""[[4.279241e-05]]""",NA,NA,NA,NA,NA,NA,NA
1564,2.2154015823616646e-05,"""[9.869364]""","""[0.99989057]""",2.216762732132338e-05,3.3069247340478114e-09,"""[[1.7657876e-05]]""","""[[3.639236e-05]]""",NA,NA,NA,NA,NA,NA,NA
1565,2.2147272829897702e-05,"""[9.869334]""","""[0.9998968]""",2.2159991203807294e-05,3.0304674325520864e-09,"""[[1.9129366e-05]]""","""[[4.1324645e-05]]""",NA,NA,NA,NA,NA,NA,NA
1566,2.214378946518991e-05,"""[9.869352]""","""[0.99989307]""",2.2157017156132497e-05,3.1890050600225095e-09,"""[[1.8958002e-05]]""","""[[3.7860125e-05]]""",NA,NA,NA,NA,NA,NA,NA
1567,2.2138259737403132e-05,"""[9.869347]""","""[0.9998944]""",2.2151305529405363e-05,3.1371427677839847e-09,"""[[1.8209219e-05]]""","""[[3.9488077e-05]]""",NA,NA,NA,NA,NA,NA,NA
1568,2.2130128854769282e-05,"""[9.86934]""","""[0.9998958]""",2.2142943635117263e-05,3.065216302999829e-09,"""[[1.9483268e-05]]""","""[[3.973022e-05]]""",NA,NA,NA,NA,NA,NA,NA
1569,2.212503386544995e-05,"""[9.869356]""","""[0.99989253]""",2.2138359781820327e-05,3.2175100361797604e-09,"""[[1.7572194e-05]]""","""[[3.8310885e-05]]""",NA,NA,NA,NA,NA,NA,NA
1570,2.2117423213785514e-05,"""[9.86933]""","""[0.99989796]""",2.2129936041892506e-05,2.9742130980281445e-09,"""[[1.9818544e-05]]""","""[[4.1324645e-05]]""",NA,NA,NA,NA,NA,NA,NA
1571,2.211028004239779e-05,"""[9.869361]""","""[0.9998914]""",2.2123736926005222e-05,3.2647742287394976e-09,"""[[1.7777085e-05]]""","""[[3.6697835e-05]]""",NA,NA,NA,NA,NA,NA,NA
1572,2.2106718461145647e-05,"""[9.8693285]""","""[0.9998987]""",2.211921673733741e-05,2.9550761837526807e-09,"""[[1.8946826e-05]]""","""[[4.3272972e-05]]""",NA,NA,NA,NA,NA,NA,NA
1573,2.2093066945672035e-05,"""[9.869365]""","""[0.99989086]""",2.2106563847046345e-05,3.2809612804385324e-09,"""[[1.842156e-05]]""","""[[3.5297126e-05]]""",NA,NA,NA,NA,NA,NA,NA
1574,2.20949477807153e-05,"""[9.869326]""","""[0.9998993]""",2.2107355107436888e-05,2.928646658517664e-09,"""[[1.904741e-05]]""","""[[4.3705106e-05]]""",NA,NA,NA,NA,NA,NA,NA
1575,2.2081743736634962e-05,"""[9.869372]""","""[0.99988955]""",2.2095440726843663e-05,3.3387705933307643e-09,"""[[1.7881393e-05]]""","""[[3.4324825e-05]]""",NA,NA,NA,NA,NA,NA,NA
1576,2.2076754248701036e-05,"""[9.869323]""","""[0.99990016]""",2.2089014237280935e-05,2.8825943854116076e-09,"""[[1.9583851e-05]]""","""[[4.3682754e-05]]""",NA,NA,NA,NA,NA,NA,NA
1577,2.206937460869085e-05,"""[9.869377]""","""[0.9998889]""",2.2083200747147202e-05,3.3792519893438566e-09,"""[[1.6622245e-05]]""","""[[3.4719706e-05]]""",NA,NA,NA,NA,NA,NA,NA
1578,2.2068601538194343e-05,"""[9.869318]""","""[0.99990124]""",2.208062869613059e-05,2.828489664707945e-09,"""[[2.1196902e-05]]""","""[[4.26881e-05]]""",NA,NA,NA,NA,NA,NA,NA
1579,2.205296914326027e-05,"""[9.869381]""","""[0.9998882]""",2.2066951714805327e-05,3.4225313694236092e-09,"""[[1.5068799e-05]]""","""[[3.5379082e-05]]""",NA,NA,NA,NA,NA,NA,NA
1580,2.2050977349863388e-05,"""[9.869315]""","""[0.9999022]""",2.2062888092477806e-05,2.781529229167745e-09,"""[[2.2411346e-05]]""","""[[4.2907894e-05]]""",NA,NA,NA,NA,NA,NA,NA
1581,2.2045758669264615e-05,"""[9.869379]""","""[0.99988866]""",2.205967393820174e-05,3.4022809014544464e-09,"""[[1.4591962e-05]]""","""[[3.614649e-05]]""",NA,NA,NA,NA,NA,NA,NA
1582,2.2040381736587733e-05,"""[9.869314]""","""[0.9999024]""",2.2052243366488256e-05,2.7748410236227983e-09,"""[[2.2359192e-05]]""","""[[4.2907894e-05]]""",NA,NA,NA,NA,NA,NA,NA
1583,2.2029147658031434e-05,"""[9.869378]""","""[0.99988896]""",2.204295560659375e-05,3.385050684201474e-09,"""[[1.5113503e-05]]""","""[[3.5323203e-05]]""",NA,NA,NA,NA,NA,NA,NA
1584,2.2027552404324524e-05,"""[9.869314]""","""[0.9999027]""",2.2039399482309818e-05,2.7708364491729753e-09,"""[[2.1196902e-05]]""","""[[4.3984503e-05]]""",NA,NA,NA,NA,NA,NA,NA
1585,2.201868664997164e-05,"""[9.869385]""","""[0.9998878]""",2.2032645574654453e-05,3.425026484649152e-09,"""[[1.5981495e-05]]""","""[[3.3479184e-05]]""",NA,NA,NA,NA,NA,NA,NA
1586,2.2014221030985937e-05,"""[9.86931]""","""[0.9999038]""",2.2025997168384492e-05,2.7401478863708917e-09,"""[[2.0384789e-05]]""","""[[4.5903027e-05]]""",NA,NA,NA,NA,NA,NA,NA
1587,2.2005258870194666e-05,"""[9.869397]""","""[0.9998853]""",2.201961979153566e-05,3.548102256445418e-09,"""[[1.5102327e-05]]""","""[[3.1352043e-05]]""",NA,NA,NA,NA,NA,NA,NA
1588,2.2002830519340932e-05,"""[9.869293]""","""[0.99990743]""",2.201417191827204e-05,2.5915556367550607e-09,"""[[2.2415072e-05]]""","""[[4.7642738e-05]]""",NA,NA,NA,NA,NA,NA,NA
1589,2.1988935259287246e-05,"""[9.869419]""","""[0.9998809]""",2.2004134734743275e-05,3.785947999546124e-09,"""[[1.2759119e-05]]""","""[[2.9247254e-05]]""",NA,NA,NA,NA,NA,NA,NA
1590,2.1987729269312695e-05,"""[9.869271]""","""[0.9999121]""",2.1998577722115442e-05,2.4191715297661176e-09,"""[[2.4896115e-05]]""","""[[5.0000846e-05]]""",NA,NA,NA,NA,NA,NA,NA
1591,2.1979727534926496e-05,"""[9.869435]""","""[0.99987745]""",2.1995607312419452e-05,3.975129558853041e-09,"""[[1.0743737e-05]]""","""[[2.732873e-05]]""",NA,NA,NA,NA,NA,NA,NA
1592,2.19768571696477e-05,"""[9.86925]""","""[0.99991643]""",2.198736183345318e-05,2.2736719174076825e-09,"""[[2.7026981e-05]]""","""[[5.282834e-05]]""",NA,NA,NA,NA,NA,NA,NA
1593,2.1964566258247942e-05,"""[9.869457]""","""[0.99987286]""",2.1981395548209548e-05,4.2377301667784195e-09,"""[[8.780509e-06]]""","""[[2.4266541e-05]]""",NA,NA,NA,NA,NA,NA,NA
1594,2.1970432499074377e-05,"""[9.869222]""","""[0.9999227]""",2.1980466044624336e-05,2.089086681422714e-09,"""[[2.9463321e-05]]""","""[[5.64605e-05]]""",NA,NA,NA,NA,NA,NA,NA
1595,2.195230990764685e-05,"""[9.86949]""","""[0.99986595]""",2.1970701709506102e-05,4.65611815769762e-09,"""[[6.0014427e-06]]""","""[[1.962483e-05]]""",NA,NA,NA,NA,NA,NA,NA
1596,2.195597335230559e-05,"""[9.869185]""","""[0.9999307]""",2.1965661289868876e-05,1.8880763619222307e-09,"""[[3.1784177e-05]]""","""[[6.222725e-05]]""",NA,NA,NA,NA,NA,NA,NA
1597,2.1937737983535044e-05,"""[9.869536]""","""[0.99985623]""",2.1958572688163258e-05,5.291473037516425e-09,"""[[2.592802e-06]]""","""[[1.2554228e-05]]""",NA,NA,NA,NA,NA,NA,NA
1598,2.195248453062959e-05,"""[9.869126]""","""[0.99994344]""",2.1962110622553155e-05,1.656810022510058e-09,"""[[3.6168844e-05]]""","""[[7.1540475e-05]]""",NA,NA,NA,NA,NA,NA,NA
1599,2.1936964913038537e-05,"""[9.8696165]""","""[0.9998396]""",2.196270361309871e-05,6.514460526574339e-09,"""[[-3.259629e-06]]""","""[[8.009374e-07]]""",NA,NA,NA,NA,NA,NA,NA
1600,2.195422348449938e-05,"""[9.869033]""","""[0.9999631]""",2.1964640836813487e-05,1.4891609056988386e-09,"""[[4.3872744e-05]]""","""[[8.4456056e-05]]""",NA,NA,NA,NA,NA,NA,NA
1601,2.1935398763162084e-05,"""[9.869727]""","""[0.9998162]""",2.1969581212033518e-05,8.551937824563538e-09,"""[[-1.2755394e-05]]""","""[[-1.521036e-05]]""",NA,NA,NA,NA,NA,NA,NA
1602,2.196698733314406e-05,"""[9.868896]""","""[0.9999924]""",2.198088441218715e-05,1.6717173201286073e-09,"""[[5.600974e-05]]""","""[[0.00010344]]""",NA,NA,NA,NA,NA,NA,NA
1603,2.1952759198029526e-05,"""[9.869896]""","""[0.99978054]""",2.2003112462698482e-05,1.2276101024610853e-08,"""[[-2.7552247e-05]]""","""[[-3.7804246e-05]]""",NA,NA,NA,NA,NA,NA,NA
1604,2.2014317437424324e-05,"""[9.8686905]""","""[1.0000359]""",2.2038368115318008e-05,2.9205335927429132e-09,"""[[7.380918e-05]]""","""[[0.00013159]]""",NA,NA,NA,NA,NA,NA,NA
1605,2.2006242943461984e-05,"""[9.870144]""","""[0.99972814]""",2.2087771867518313e-05,1.9197250011870892e-08,"""[[-4.9114227e-05]]""","""[[-7.21924e-05]]""",NA,NA,NA,NA,NA,NA,NA
1606,2.2120884750620462e-05,"""[9.868376]""","""[1.0001028]""",2.217246947111562e-05,7.151033543095764e-09,"""[[0.00010047]]""","""[[0.00017587]]""",NA,NA,NA,NA,NA,NA,NA
1607,2.2157775674713776e-05,"""[9.870537]""","""[0.99964505]""",2.230685822723899e-05,3.36854313331969e-08,"""[[-8.224696e-05]]""","""[[-0.00012779]]""",NA,NA,NA,NA,NA,NA,NA
1608,2.239067543996498e-05,"""[9.8678875]""","""[1.0002065]""",2.2513204385177232e-05,1.9225565139890932e-08,"""[[0.00014089]]""","""[[0.00024505]]""",NA,NA,NA,NA,NA,NA,NA
1609,2.254336686746683e-05,"""[9.871149]""","""[0.9995154]""",2.2842175894766115e-05,6.487399417665074e-08,"""[[-0.00013306]]""","""[[-0.00021512]]""",NA,NA,NA,NA,NA,NA,NA
1610,2.305666021129582e-05,"""[9.867115]""","""[1.00037]""",2.336178658879362e-05,5.184241302913506e-08,"""[[0.00020508]]""","""[[0.00035518]]""",NA,NA,NA,NA,NA,NA,NA
1611,2.3520186005043797e-05,"""[9.872122]""","""[0.9993096]""",2.4166913135559298e-05,1.3580637414634111e-07,"""[[-0.00021403]]""","""[[-0.00035251]]""",NA,NA,NA,NA,NA,NA,NA
1612,2.4663328076712787e-05,"""[9.865893]""","""[1.000629]""",2.543220944062341e-05,1.374712326196459e-07,"""[[0.00030676]]""","""[[0.0005284]]""",NA,NA,NA,NA,NA,NA,NA
1613,2.5914499929058366e-05,"""[9.873636]""","""[0.99898857]""",2.7374822821002454e-05,2.9907553766861383e-07,"""[[-0.00034006]]""","""[[-0.00056718]]""",NA,NA,NA,NA,NA,NA,NA
1614,2.8465077775763348e-05,"""[9.864014]""","""[1.0010266]""",3.03663491649786e-05,3.5020667610297096e-07,"""[[0.00046289]]""","""[[0.00079564]]""",NA,NA,NA,NA,NA,NA,NA
1615,3.142020432278514e-05,"""[9.875876]""","""[0.99851364]""",3.468974682618864e-05,6.58255714824918e-07,"""[[-0.0005252]]""","""[[-0.00088568]]""",NA,NA,NA,NA,NA,NA,NA
1616,3.644284879555926e-05,"""[9.86139]""","""[1.0015818]""",4.0775958041194826e-05,8.119338872347726e-07,"""[[0.00067901]]""","""[[0.00117047]]""",NA,NA,NA,NA,NA,NA,NA
1617,4.160786920692772e-05,"""[9.878668]""","""[0.9979209]""",4.815014108316973e-05,1.3039220903010573e-06,"""[[-0.0007528]]""","""[[-0.00128561]]""",NA,NA,NA,NA,NA,NA,NA
1618,4.80920571135357e-05,"""[9.85865]""","""[1.0021598]""",5.6022952776402235e-05,1.498053279647138e-06,"""[[0.00089951]]""","""[[0.00156745]]""",NA,NA,NA,NA,NA,NA,NA
1619,5.124969902681187e-05,"""[9.880635]""","""[0.9974992]""",6.080561433918774e-05,1.8973997839566437e-06,"""[[-0.00090458]]""","""[[-0.001576]]""",NA,NA,NA,NA,NA,NA,NA
1620,5.09678284288384e-05,"""[9.858074]""","""[1.002276]""",5.979472189210355e-05,1.6676818859195919e-06,"""[[0.00092878]]""","""[[0.00166863]]""",NA,NA,NA,NA,NA,NA,NA
1621,4.336102574598044e-05,"""[9.878882]""","""[0.9978612]""",5.0298604037379846e-05,1.3838168797519756e-06,"""[[-0.0007373]]""","""[[-0.0013489]]""",NA,NA,NA,NA,NA,NA,NA
1622,3.3199867175426334e-05,"""[9.862333]""","""[1.0013633]""",3.654123793239705e-05,6.201548217177333e-07,"""[[0.00055075]]""","""[[0.00108606]]""",NA,NA,NA,NA,NA,NA,NA
1623,2.4351629690499976e-05,"""[9.872423]""","""[0.999221]""",2.519421286706347e-05,1.7626436488171748e-07,"""[[-0.00018644]]""","""[[-0.00044836]]""",NA,NA,NA,NA,NA,NA,NA
1624,2.1855674276594073e-05,"""[9.869871]""","""[0.9997609]""",2.191886233049445e-05,1.5318850188350552e-08,"""[[-7.604435e-05]]""","""[[1.577288e-05]]""",NA,NA,NA,NA,NA,NA,NA
1625,2.5361803636769764e-05,"""[9.865247]""","""[1.000742]""",2.6413146770210005e-05,1.882904996364232e-07,"""[[0.00039156]]""","""[[0.00058951]]""",NA,NA,NA,NA,NA,NA,NA
1626,3.0547431379090995e-05,"""[9.87557]""","""[0.99855626]""",3.358468893566169e-05,6.156224117148668e-07,"""[[-0.00050968]]""","""[[-0.00083252]]""",NA,NA,NA,NA,NA,NA,NA
1627,3.406968971830793e-05,"""[9.862063]""","""[1.0014201]""",3.764695065910928e-05,6.646776569141366e-07,"""[[0.00060485]]""","""[[0.00109299]]""",NA,NA,NA,NA,NA,NA,NA
1628,3.202761945431121e-05,"""[9.875934]""","""[0.9984809]""",3.545653817127459e-05,6.922351190041809e-07,"""[[-0.00047944]]""","""[[-0.00094416]]""",NA,NA,NA,NA,NA,NA,NA
1629,2.7589854653342627e-05,"""[9.864545]""","""[1.0008947]""",2.9136108423699625e-05,2.805471694955486e-07,"""[[0.00034951]]""","""[[0.00078973]]""",NA,NA,NA,NA,NA,NA,NA
1630,2.2977983462624252e-05,"""[9.871344]""","""[0.9994525]""",2.338835474802181e-05,8.787339567106756e-08,"""[[-6.556511e-05]]""","""[[-0.00032602]]""",NA,NA,NA,NA,NA,NA,NA
1631,2.1887977709411643e-05,"""[9.870111]""","""[0.9997143]""",2.198267429776024e-05,2.22145626338488e-08,"""[[-0.00011437]]""","""[[4.8801303e-07]]""",NA,NA,NA,NA,NA,NA,NA
1632,2.4036098693613894e-05,"""[9.866053]""","""[1.0005752]""",2.4691791622899473e-05,1.1506907782177223e-07,"""[[0.00034596]]""","""[[0.00045295]]""",NA,NA,NA,NA,NA,NA,NA
1633,2.6503346816753037e-05,"""[9.873975]""","""[0.99889785]""",2.822636452037841e-05,3.5361478012418956e-07,"""[[-0.00038032]]""","""[[-0.00060303]]""",NA,NA,NA,NA,NA,NA,NA
1634,2.7705342290573753e-05,"""[9.864271]""","""[1.0009559]""",2.9403539883787744e-05,3.0993356858743937e-07,"""[[0.00042258]]""","""[[0.00077833]]""",NA,NA,NA,NA,NA,NA,NA
1635,2.593224598967936e-05,"""[9.873465]""","""[0.99900806]""",2.7349948140908964e-05,2.912691741130402e-07,"""[[-0.00026617]]""","""[[-0.00060242]]""",NA,NA,NA,NA,NA,NA,NA
1636,2.3594968297402374e-05,"""[9.866788]""","""[1.0004247]""",2.4030132408370264e-05,7.472490892723727e-08,"""[[0.00015314]]""","""[[0.00048094]]""",NA,NA,NA,NA,NA,NA,NA
1637,2.1940397346043028e-05,"""[9.869742]""","""[0.99979925]""",2.1996649593347684e-05,1.2728095022396246e-08,"""[[7.234514e-05]]""","""[[-0.00010353]]""",NA,NA,NA,NA,NA,NA,NA
1638,2.2140255168778822e-05,"""[9.870846]""","""[0.9995674]""",2.2370131773641333e-05,5.1054790617399703e-08,"""[[-0.00018298]]""","""[[-9.613484e-05]]""",NA,NA,NA,NA,NA,NA,NA
1639,2.3611471988260746e-05,"""[9.866386]""","""[1.0005138]""",2.414260779914912e-05,9.263312961138581e-08,"""[[0.00031324]]""","""[[0.00041113]]""",NA,NA,NA,NA,NA,NA,NA
1640,2.4391969418502413e-05,"""[9.872914]""","""[0.9991314]""",2.54364622378489e-05,2.1681563566744444e-07,"""[[-0.00029357]]""","""[[-0.00045146]]""",NA,NA,NA,NA,NA,NA,NA
1641,2.4438662876491435e-05,"""[9.866007]""","""[1.0005959]""",2.515849882911425e-05,1.275898426911226e-07,"""[[0.00026893]]""","""[[0.00054073]]""",NA,NA,NA,NA,NA,NA,NA
1642,2.3127326130634174e-05,"""[9.871733]""","""[0.9993818]""",2.365167711104732e-05,1.1093026586195265e-07,"""[[-0.00012254]]""","""[[-0.00035657]]""",NA,NA,NA,NA,NA,NA,NA
1643,2.2142960006021895e-05,"""[9.868351]""","""[1.0000986]""",2.2221531253308058e-05,1.1823027890045523e-08,"""[[2.0440668e-05]]""","""[[0.0002616]]""",NA,NA,NA,NA,NA,NA,NA
1644,2.182178468501661e-05,"""[9.868848]""","""[0.9999922]""",2.1843112335773185e-05,2.6827577936927582e-09,"""[[0.00014339]]""","""[[2.6542693e-05]]""",NA,NA,NA,NA,NA,NA,NA
1645,2.219991438323632e-05,"""[9.871029]""","""[0.9995298]""",2.2474514480563812e-05,6.039396538426445e-08,"""[[-0.00019271]]""","""[[-0.00012788]]""",NA,NA,NA,NA,NA,NA,NA
1646,2.295450758538209e-05,"""[9.866882]""","""[1.0004078]""",2.3310843971557915e-05,6.061665658307902e-08,"""[[0.00026914]]""","""[[0.00034291]]""",NA,NA,NA,NA,NA,NA,NA
1647,2.299810694239568e-05,"""[9.871862]""","""[0.99935234]""",2.3552447601105087e-05,1.1786567455374097e-07,"""[[-0.00019964]]""","""[[-0.00030825]]""",NA,NA,NA,NA,NA,NA,NA
1648,2.276946179335937e-05,"""[9.867193]""","""[1.0003418]""",2.3052562028169632e-05,4.731983693773145e-08,"""[[0.00017375]]""","""[[0.00036892]]""",NA,NA,NA,NA,NA,NA,NA
1649,2.2090229322202504e-05,"""[9.870557]""","""[0.9996285]""",2.2264788640313782e-05,3.888546729058362e-08,"""[[-2.4866313e-05]]""","""[[-0.00018952]]""",NA,NA,NA,NA,NA,NA,NA
1650,2.1760819436167367e-05,"""[9.869094]""","""[0.9999393]""",2.1787180230603553e-05,4.644586049096233e-09,"""[[-3.2491982e-05]]""","""[[0.00014705]]""",NA,NA,NA,NA,NA,NA,NA
1651,2.181614217988681e-05,"""[9.868542]""","""[1.0000566]""",2.1851908968528733e-05,4.3941978944417315e-09,"""[[0.00016389]]""","""[[7.550046e-05]]""",NA,NA,NA,NA,NA,NA,NA
1652,2.20221536437748e-05,"""[9.8708105]""","""[0.9995771]""",2.2239890313358046e-05,4.8480156777941374e-08,"""[[-0.00016752]]""","""[[-0.00010408]]""",NA,NA,NA,NA,NA,NA,NA
1653,2.234340900031384e-05,"""[9.867493]""","""[1.0002812]""",2.2536469259648584e-05,3.122096714491818e-08,"""[[0.00021589]]""","""[[0.00025956]]""",NA,NA,NA,NA,NA,NA,NA
1654,2.2196043573785573e-05,"""[9.871086]""","""[0.99952054]""",2.248326563858427e-05,6.287476139732462e-08,"""[[-0.00013803]]""","""[[-0.00019567]]""",NA,NA,NA,NA,NA,NA,NA
1655,2.2049360268283635e-05,"""[9.868006]""","""[1.0001744]""",2.2153933969093487e-05,1.593255127829707e-08,"""[[0.00011143]]""","""[[0.00024848]]""",NA,NA,NA,NA,NA,NA,NA
1656,2.1732097593485378e-05,"""[9.870001]""","""[0.9997521]""",2.180324554501567e-05,1.6680870018603855e-08,"""[[8.925796e-06]]""","""[[-9.806082e-05]]""",NA,NA,NA,NA,NA,NA,NA
1657,2.1636602468788624e-05,"""[9.8694]""","""[0.99988073]""",2.166203921660781e-05,5.642121436721936e-09,"""[[-4.8119575e-05]]""","""[[9.432435e-05]]""",NA,NA,NA,NA,NA,NA,NA
1658,2.173034954466857e-05,"""[9.86862]""","""[1.0000463]""",2.1759371520602144e-05,3.471707810120961e-09,"""[[0.0001452]]""","""[[7.6167285e-05]]""",NA,NA,NA,NA,NA,NA,NA
1659,2.1804273274028674e-05,"""[9.870486]""","""[0.9996517]""",2.194813350797631e-05,3.266940495905146e-08,"""[[-0.00013663]]""","""[[-6.211549e-05]]""",NA,NA,NA,NA,NA,NA,NA
1660,2.194927765231114e-05,"""[9.868004]""","""[1.0001783]""",2.2046035155653954e-05,1.4536300163570104e-08,"""[[0.00017266]]""","""[[0.00018746]]""",NA,NA,NA,NA,NA,NA,NA
1661,2.1816436856170185e-05,"""[9.870556]""","""[0.9996385]""",2.197018329752609e-05,3.479380694670908e-08,"""[[-0.00010268]]""","""[[-0.00011188]]""",NA,NA,NA,NA,NA,NA,NA
1662,2.1735640984843485e-05,"""[9.868445]""","""[1.0000867]""",2.178065915359184e-05,6.127018892243541e-09,"""[[8.785352e-05]]""","""[[0.0001726]]""",NA,NA,NA,NA,NA,NA,NA
1663,2.1584042769973166e-05,"""[9.869765]""","""[0.99980766]""",2.1623445718432777e-05,9.63415480725871e-09,"""[[1.1220574e-05]]""","""[[-4.775822e-05]]""",NA,NA,NA,NA,NA,NA,NA
1664,2.154831963707693e-05,"""[9.869421]""","""[0.99988157]""",2.1568857846432365e-05,4.77207162674631e-09,"""[[-3.2838434e-05]]""","""[[7.3716044e-05]]""",NA,NA,NA,NA,NA,NA,NA
1665,2.1610927433357574e-05,"""[9.868836]""","""[1.0000058]""",2.1627440219162963e-05,1.8666010959123014e-09,"""[[0.00011441]]""","""[[5.819276e-05]]""",NA,NA,NA,NA,NA,NA,NA
1666,2.162934106308967e-05,"""[9.870159]""","""[0.99972653]""",2.171511914639268e-05,2.0029258251952342e-08,"""[[-0.00010231]]""","""[[-2.2929162e-05]]""",NA,NA,NA,NA,NA,NA,NA
1667,2.1708499843953177e-05,"""[9.868429]""","""[1.0000933]""",2.175230110879056e-05,5.807271552527027e-09,"""[[0.00013946]]""","""[[0.00012506]]""",NA,NA,NA,NA,NA,NA,NA
1668,2.1618883693008684e-05,"""[9.870221]""","""[0.9997141]""",2.1710695364163257e-05,2.1417763562681102e-08,"""[[-8.396059e-05]]""","""[[-5.4866076e-05]]""",NA,NA,NA,NA,NA,NA,NA
1669,2.159036012017168e-05,"""[9.868698]""","""[1.0000371]""",2.1613217541016638e-05,2.724887870897419e-09,"""[[8.3412975e-05]]""","""[[0.00012052]]""",NA,NA,NA,NA,NA,NA,NA
1670,2.1495290638995357e-05,"""[9.869707]""","""[0.999823]""",2.1527024728129618e-05,7.93699506118628e-09,"""[[-4.0978193e-06]]""","""[[-1.9479543e-05]]""",NA,NA,NA,NA,NA,NA,NA
1671,2.1481435396708548e-05,"""[9.86933]""","""[0.999903]""",2.1495299733942375e-05,3.1614306728044994e-09,"""[[-5.0887465e-06]]""","""[[6.6589564e-05]]""",NA,NA,NA,NA,NA,NA,NA
1672,2.1506310076802038e-05,"""[9.869065]""","""[0.999959]""",2.1515932530746795e-05,1.3669536613747368e-09,"""[[7.760525e-05]]""","""[[4.3787062e-05]]""",NA,NA,NA,NA,NA,NA,NA
1673,2.1506617486011237e-05,"""[9.869857]""","""[0.99979144]""",2.1554504201048985e-05,1.159962526031677e-08,"""[[-6.565079e-05]]""","""[[9.097159e-06]]""",NA,NA,NA,NA,NA,NA,NA
1674,2.1560070308623835e-05,"""[9.868723]""","""[1.0000316]""",2.1580988686764613e-05,2.382147590296313e-09,"""[[0.00011003]]""","""[[8.839369e-05]]""",NA,NA,NA,NA,NA,NA,NA
1675,2.15060335904127e-05,"""[9.869971]""","""[0.9997673]""",2.156495065719355e-05,1.414715811165479e-08,"""[[-6.7442656e-05]]""","""[[-1.4852732e-05]]""",NA,NA,NA,NA,NA,NA,NA
1676,2.1509993530344218e-05,"""[9.868827]""","""[1.0000098]""",2.1525431293412112e-05,1.71652914104925e-09,"""[[8.384511e-05]]""","""[[9.1165304e-05]]""",NA,NA,NA,NA,NA,NA,NA
1677,2.1442396246129647e-05,"""[9.869691]""","""[0.9998265]""",2.1472937078215182e-05,7.671356883065528e-09,"""[[-2.0824373e-05]]""","""[[1.0170043e-06]]""",NA,NA,NA,NA,NA,NA,NA
1678,2.1430447304737754e-05,"""[9.869218]""","""[0.99992704]""",2.1440180717036128e-05,1.982736197447821e-09,"""[[2.5678426e-05]]""","""[[6.1258674e-05]]""",NA,NA,NA,NA,NA,NA,NA
1679,2.142393532267306e-05,"""[9.869267]""","""[0.9999164]""",2.143375968444161e-05,2.1605828237625246e-09,"""[[3.8605183e-05]]""","""[[3.6619604e-05]]""",NA,NA,NA,NA,NA,NA,NA
1680,2.1423751604743302e-05,"""[9.86961]""","""[0.9998442]""",2.1449370251502842e-05,6.423368503760685e-09,"""[[-2.6579946e-05]]""","""[[2.5242567e-05]]""",NA,NA,NA,NA,NA,NA,NA
1681,2.1455574824358337e-05,"""[9.86897]""","""[0.99997985]""",2.1466225007316098e-05,1.2662486614800628e-09,"""[[7.673353e-05]]""","""[[6.600469e-05]]""",NA,NA,NA,NA,NA,NA,NA
1682,2.143307210644707e-05,"""[9.869783]""","""[0.99980754]""",2.1472245862241834e-05,9.651544452538019e-09,"""[[-4.5850873e-05]]""","""[[5.4240227e-06]]""",NA,NA,NA,NA,NA,NA,NA
1683,2.1440522687043995e-05,"""[9.868932]""","""[0.9999879]""",2.1452044165926054e-05,1.3222313244298789e-09,"""[[7.723272e-05]]""","""[[7.355958e-05]]""",NA,NA,NA,NA,NA,NA,NA
1684,2.139975367754232e-05,"""[9.869691]""","""[0.9998273]""",2.1430489141494036e-05,7.698292669999773e-09,"""[[-2.881512e-05]]""","""[[9.402633e-06]]""",NA,NA,NA,NA,NA,NA,NA
1685,2.139846583304461e-05,"""[9.869126]""","""[0.99994713]""",2.140711512765847e-05,1.442862052059013e-09,"""[[4.698336e-05]]""","""[[6.037578e-05]]""",NA,NA,NA,NA,NA,NA,NA
1686,2.1369622118072584e-05,"""[9.869432]""","""[0.99988216]""",2.138446143362671e-05,3.709340834490149e-09,"""[[8.836389e-06]]""","""[[2.958998e-05]]""",NA,NA,NA,NA,NA,NA,NA
1687,2.1364563508541323e-05,"""[9.869402]""","""[0.99988884]""",2.137841693183873e-05,3.409979854041012e-09,"""[[7.688999e-06]]""","""[[3.7908554e-05]]""",NA,NA,NA,NA,NA,NA,NA
1688,2.137430419679731e-05,"""[9.869181]""","""[0.99993575]""",2.138298259524163e-05,1.629775758793528e-09,"""[[4.4047832e-05]]""","""[[5.107373e-05]]""",NA,NA,NA,NA,NA,NA,NA
1689,2.136142757080961e-05,"""[9.869601]""","""[0.9998469]""",2.138573290721979e-05,6.1241114401866525e-09,"""[[-2.0489097e-05]]""","""[[2.0917505e-05]]""",NA,NA,NA,NA,NA,NA,NA
1690,2.137687806680333e-05,"""[9.869063]""","""[0.9999612]""",2.13858402275946e-05,1.2635148483042258e-09,"""[[6.097555e-05]]""","""[[6.113574e-05]]""",NA,NA,NA,NA,NA,NA,NA
1691,2.1350071619963273e-05,"""[9.86964]""","""[0.9998387]""",2.137708361260593e-05,6.7909531331622475e-09,"""[[-2.618879e-05]]""","""[[1.76467e-05]]""",NA,NA,NA,NA,NA,NA,NA
1692,2.135920658474788e-05,"""[9.8691025]""","""[0.99995273]""",2.1367812223616056e-05,1.3367998930036151e-09,"""[[5.571544e-05]]""","""[[5.715713e-05]]""",NA,NA,NA,NA,NA,NA,NA
1693,2.133175075869076e-05,"""[9.869538]""","""[0.99986047]""",2.135211616405286e-05,5.133210745356109e-09,"""[[-1.22487545e-05]]""","""[[2.7317554e-05]]""",NA,NA,NA,NA,NA,NA,NA
1694,2.133193629560992e-05,"""[9.869249]""","""[0.9999214]""",2.1341325918911025e-05,2.0070891615375785e-09,"""[[3.5256147e-05]]""","""[[4.434213e-05]]""",NA,NA,NA,NA,NA,NA,NA
1695,2.1318399376468733e-05,"""[9.869367]""","""[0.9998967]""",2.13308994716499e-05,3.019658079139731e-09,"""[[1.2587756e-05]]""","""[[4.0888786e-05]]""",NA,NA,NA,NA,NA,NA,NA
1696,2.1303327230270952e-05,"""[9.869418]""","""[0.99988574]""",2.1317466234904714e-05,3.510635115944183e-09,"""[[1.0289252e-05]]""","""[[3.1255186e-05]]""",NA,NA,NA,NA,NA,NA,NA
1697,2.1309951989678666e-05,"""[9.869217]""","""[0.99992824]""",2.1319006918929517e-05,1.8342107832580723e-09,"""[[3.534928e-05]]""","""[[5.1535666e-05]]""",NA,NA,NA,NA,NA,NA,NA
1698,2.1300098524079658e-05,"""[9.869529]""","""[0.999862]""",2.1319785446394235e-05,4.978686352075101e-09,"""[[-7.5139105e-06]]""","""[[2.431497e-05]]""",NA,NA,NA,NA,NA,NA,NA
1699,2.1306330381776206e-05,"""[9.869149]""","""[0.9999426]""",2.131488872691989e-05,1.4952260540823659e-09,"""[[4.761666e-05]]""","""[[5.474314e-05]]""",NA,NA,NA,NA,NA,NA,NA
1700,2.1289990399964154e-05,"""[9.869549]""","""[0.9998578]""",2.1311039745341986e-05,5.318581575153303e-09,"""[[-1.3250858e-05]]""","""[[2.5451183e-05]]""",NA,NA,NA,NA,NA,NA,NA
1701,2.1289553842507303e-05,"""[9.869173]""","""[0.99993736]""",2.1298183128237724e-05,1.5898043992379485e-09,"""[[4.6830624e-05]]""","""[[5.0112605e-05]]""",NA,NA,NA,NA,NA,NA,NA
1702,2.1274627215461805e-05,"""[9.869486]""","""[0.999871]""",2.1292416931828484e-05,4.465366743033883e-09,"""[[-6.9886446e-06]]""","""[[3.3218414e-05]]""",NA,NA,NA,NA,NA,NA,NA
1703,2.127371044480242e-05,"""[9.869263]""","""[0.9999184]""",2.1283341993694194e-05,2.091873119169918e-09,"""[[3.6381185e-05]]""","""[[4.060939e-05]]""",NA,NA,NA,NA,NA,NA,NA
1704,2.1255473257042468e-05,"""[9.869382]""","""[0.999893]""",2.1268882846925408e-05,3.2551366047073316e-09,"""[[6.0796738e-06]]""","""[[4.3880194e-05]]""",NA,NA,NA,NA,NA,NA,NA
1705,2.1251758880680427e-05,"""[9.869367]""","""[0.9998962]""",2.126398430846166e-05,2.964949841199882e-09,"""[[2.2858381e-05]]""","""[[3.0569732e-05]]""",NA,NA,NA,NA,NA,NA,NA
1706,2.1247145923553035e-05,"""[9.869289]""","""[0.9999128]""",2.1257821572362445e-05,2.4052453362344295e-09,"""[[1.8719584e-05]]""","""[[5.2161515e-05]]""",NA,NA,NA,NA,NA,NA,NA
1707,2.1238887711660936e-05,"""[9.869446]""","""[0.9998796]""",2.125411447195802e-05,3.8195171470079e-09,"""[[1.1060387e-05]]""","""[[2.4650246e-05]]""",NA,NA,NA,NA,NA,NA,NA
1708,2.1240019123069942e-05,"""[9.869228]""","""[0.9999256]""",2.124950879078824e-05,1.9609500689909964e-09,"""[[2.8338283e-05]]""","""[[5.6155026e-05]]""",NA,NA,NA,NA,NA,NA,NA
1709,2.122364276146982e-05,"""[9.869482]""","""[0.9998719]""",2.1240595742710866e-05,4.28926449913547e-09,"""[[4.131347e-06]]""","""[[2.3014843e-05]]""",NA,NA,NA,NA,NA,NA,NA
1710,2.1226605895208195e-05,"""[9.869214]""","""[0.9999287]""",2.123577542079147e-05,1.8554072722665182e-09,"""[[3.2115728e-05]]""","""[[5.5272132e-05]]""",NA,NA,NA,NA,NA,NA,NA
1711,2.1214274966041557e-05,"""[9.869476]""","""[0.9998734]""",2.1230991478660144e-05,4.215244597816081e-09,"""[[2.7492642e-06]]""","""[[2.612546e-05]]""",NA,NA,NA,NA,NA,NA,NA
1712,2.12139893847052e-05,"""[9.869245]""","""[0.9999225]""",2.1223469957476482e-05,2.004179711079246e-09,"""[[3.107637e-05]]""","""[[5.0097704e-05]]""",NA,NA,NA,NA,NA,NA,NA
1713,2.120057979482226e-05,"""[9.869429]""","""[0.9998835]""",2.121528632414993e-05,3.659958558444032e-09,"""[[6.623566e-06]]""","""[[3.2924116e-05]]""",NA,NA,NA,NA,NA,NA,NA
1714,2.119764940289315e-05,"""[9.869299]""","""[0.9999109]""",2.1208072212175466e-05,2.380752928132779e-09,"""[[2.611056e-05]]""","""[[4.242733e-05]]""",NA,NA,NA,NA,NA,NA,NA
1715,2.1191173800616525e-05,"""[9.869367]""","""[0.9998968]""",2.1203628421062604e-05,3.0094651215506474e-09,"""[[1.2796372e-05]]""","""[[4.0583313e-05]]""",NA,NA,NA,NA,NA,NA,NA
1716,2.1182206182857044e-05,"""[9.869364]""","""[0.9998976]""",2.119427517754957e-05,2.9153082170552125e-09,"""[[1.9486994e-05]]""","""[[3.4663826e-05]]""",NA,NA,NA,NA,NA,NA,NA
1717,2.117626900144387e-05,"""[9.869309]""","""[0.99990904]""",2.118711927323602e-05,2.5033264350327045e-09,"""[[1.8894672e-05]]""","""[[4.7132373e-05]]""",NA,NA,NA,NA,NA,NA,NA
1718,2.116670111718122e-05,"""[9.869412]""","""[0.9998872]""",2.1180472685955465e-05,3.4127716208587344e-09,"""[[1.3843179e-05]]""","""[[2.9366463e-05]]""",NA,NA,NA,NA,NA,NA,NA
1719,2.116918949468527e-05,"""[9.869272]""","""[0.99991703]""",2.1179252144065686e-05,2.214771921416059e-09,"""[[2.361834e-05]]""","""[[5.118549e-05]]""",NA,NA,NA,NA,NA,NA,NA
1720,2.115674942615442e-05,"""[9.86944]""","""[0.9998813]""",2.1171634216443636e-05,3.7246732365048274e-09,"""[[1.0568649e-05]]""","""[[2.630055e-05]]""",NA,NA,NA,NA,NA,NA,NA
1721,2.1155490685487166e-05,"""[9.869256]""","""[0.9999208]""",2.116522409778554e-05,2.091520512337297e-09,"""[[2.5685877e-05]]""","""[[5.288422e-05]]""",NA,NA,NA,NA,NA,NA,NA
1722,2.1144156562513672e-05,"""[9.869451]""","""[0.9998796]""",2.1159394236747175e-05,3.826977845733381e-09,"""[[9.164214e-06]]""","""[[2.5633723e-05]]""",NA,NA,NA,NA,NA,NA,NA
1723,2.1143070625839755e-05,"""[9.869257]""","""[0.9999205]""",2.1152838598936796e-05,2.0992707572276004e-09,"""[[2.5507063e-05]]""","""[[5.2858144e-05]]""",NA,NA,NA,NA,NA,NA,NA
1724,2.1133169866516255e-05,"""[9.869437]""","""[0.9998821]""",2.1147903680684976e-05,3.6927594315727674e-09,"""[[1.0650605e-05]]""","""[[2.6844442e-05]]""",NA,NA,NA,NA,NA,NA,NA
1725,2.1129810193087906e-05,"""[9.869275]""","""[0.9999165]""",2.1139900127309375e-05,2.2278459077540447e-09,"""[[2.310425e-05]]""","""[[5.082786e-05]]""",NA,NA,NA,NA,NA,NA,NA
1726,2.1118630684213713e-05,"""[9.869412]""","""[0.99988776]""",2.113230584654957e-05,3.3945029009885275e-09,"""[[1.2803823e-05]]""","""[[3.0234456e-05]]""",NA,NA,NA,NA,NA,NA,NA
1727,2.11112364922883e-05,"""[9.869305]""","""[0.9999104]""",2.1121846657479182e-05,2.4408846055479216e-09,"""[[2.0410866e-05]]""","""[[4.6554953e-05]]""",NA,NA,NA,NA,NA,NA,NA
1728,2.110633249685634e-05,"""[9.86938]""","""[0.99989426]""",2.1118934455444105e-05,3.0818909646512793e-09,"""[[1.5389174e-05]]""","""[[3.439933e-05]]""",NA,NA,NA,NA,NA,NA,NA
1729,2.1097534045111388e-05,"""[9.86933]""","""[0.99990475]""",2.1108786313561723e-05,2.6521635998477677e-09,"""[[1.7996877e-05]]""","""[[4.3064356e-05]]""",NA,NA,NA,NA,NA,NA,NA
1730,2.109384149662219e-05,"""[9.869352]""","""[0.99990016]""",2.11055939871585e-05,2.8178634980946526e-09,"""[[1.8276274e-05]]""","""[[3.806874e-05]]""",NA,NA,NA,NA,NA,NA,NA
1731,2.1087944332975894e-05,"""[9.869357]""","""[0.9998993]""",2.1099916921230033e-05,2.873609572517921e-09,"""[[1.559779e-05]]""","""[[3.992021e-05]]""",NA,NA,NA,NA,NA,NA,NA
1732,2.1083767933305353e-05,"""[9.869329]""","""[0.99990517]""",2.1094860130688176e-05,2.6152835452819545e-09,"""[[2.071634e-05]]""","""[[4.0866435e-05]]""",NA,NA,NA,NA,NA,NA,NA
1733,2.107369073200971e-05,"""[9.869378]""","""[0.999895]""",2.108625449182e-05,3.059625219847817e-09,"""[[1.4130026e-05]]""","""[[3.6515296e-05]]""",NA,NA,NA,NA,NA,NA,NA
1734,2.1070098227937706e-05,"""[9.86931]""","""[0.9999093]""",2.1080753867863677e-05,2.454727088263553e-09,"""[[2.2053719e-05]]""","""[[4.4062734e-05]]""",NA,NA,NA,NA,NA,NA,NA
1735,2.1059107893961482e-05,"""[9.869395]""","""[0.9998916]""",2.107218278979417e-05,3.2108393721586026e-09,"""[[1.3273209e-05]]""","""[[3.382191e-05]]""",NA,NA,NA,NA,NA,NA,NA
1736,2.105806015606504e-05,"""[9.869303]""","""[0.9999115]""",2.1068486603326164e-05,2.3756530076468607e-09,"""[[2.2523105e-05]]""","""[[4.5653433e-05]]""",NA,NA,NA,NA,NA,NA,NA
1737,2.1047555492259562e-05,"""[9.869405]""","""[0.99988997]""",2.1060883227619343e-05,3.2886322554048775e-09,"""[[1.2464821e-05]]""","""[[3.2648444e-05]]""",NA,NA,NA,NA,NA,NA,NA
1738,2.1046649635536596e-05,"""[9.869299]""","""[0.9999124]""",2.1056965124444105e-05,2.345606819886825e-09,"""[[2.2303313e-05]]""","""[[4.6268106e-05]]""",NA,NA,NA,NA,NA,NA,NA
1739,2.104125996993389e-05,"""[9.869404]""","""[0.99989]""",2.10545513255056e-05,3.282724314601637e-09,"""[[1.26212835e-05]]""","""[[3.223121e-05]]""",NA,NA,NA,NA,NA,NA,NA
1740,2.1031901269452646e-05,"""[9.8693]""","""[0.9999123]""",2.1042213120381348e-05,2.352958050622078e-09,"""[[2.2064894e-05]]""","""[[4.6223402e-05]]""",NA,NA,NA,NA,NA,NA,NA
1741,2.1024770830990747e-05,"""[9.869406]""","""[0.99988997]""",2.1038076738477685e-05,3.282585536723559e-09,"""[[1.2706965e-05]]""","""[[3.2205135e-05]]""",NA,NA,NA,NA,NA,NA,NA
1742,2.1021247448516078e-05,"""[9.869301]""","""[0.9999124]""",2.103158476529643e-05,2.349377359323057e-09,"""[[2.2001565e-05]]""","""[[4.663691e-05]]""",NA,NA,NA,NA,NA,NA,NA
1743,2.1014080630266108e-05,"""[9.869405]""","""[0.99989027]""",2.10273119591875e-05,3.2668481253494974e-09,"""[[1.2729317e-05]]""","""[[3.2052398e-05]]""",NA,NA,NA,NA,NA,NA,NA
1744,2.1008369003538974e-05,"""[9.869296]""","""[0.9999134]""",2.101860627590213e-05,2.3162387563502307e-09,"""[[2.169609e-05]]""","""[[4.7605485e-05]]""",NA,NA,NA,NA,NA,NA,NA
1745,2.0999101252527907e-05,"""[9.869406]""","""[0.99988997]""",2.1012359866290353e-05,3.2800431259971674e-09,"""[[1.3064593e-05]]""","""[[3.1311065e-05]]""",NA,NA,NA,NA,NA,NA,NA
1746,2.099352605000604e-05,"""[9.869294]""","""[0.9999139]""",2.100372512359172e-05,2.3046404784565766e-09,"""[[2.1394342e-05]]""","""[[4.820153e-05]]""",NA,NA,NA,NA,NA,NA,NA
1747,2.098605182254687e-05,"""[9.869406]""","""[0.9998903]""",2.099921584886033e-05,3.251441560436774e-09,"""[[1.3809651e-05]]""","""[[3.0755997e-05]]""",NA,NA,NA,NA,NA,NA,NA
1748,2.0984392904210836e-05,"""[9.869299]""","""[0.99991286]""",2.099473203998059e-05,2.34741404092631e-09,"""[[2.026558e-05]]""","""[[4.8317015e-05]]""",NA,NA,NA,NA,NA,NA,NA
1749,2.097661854350008e-05,"""[9.869403]""","""[0.999891]""",2.0989620679756626e-05,3.215597343952936e-09,"""[[1.5381724e-05]]""","""[[2.9664487e-05]]""",NA,NA,NA,NA,NA,NA,NA
1750,2.097071410389617e-05,"""[9.869304]""","""[0.9999121]""",2.098120967275463e-05,2.3904800361407297e-09,"""[[1.7981976e-05]]""","""[[4.9434602e-05]]""",NA,NA,NA,NA,NA,NA,NA
1751,2.0956322259735316e-05,"""[9.869403]""","""[0.99989104]""",2.0969268007320352e-05,3.2007929640087696e-09,"""[[1.7218292e-05]]""","""[[2.7883798e-05]]""",NA,NA,NA,NA,NA,NA,NA
1752,2.0957193555659615e-05,"""[9.869303]""","""[0.9999124]""",2.096776916005183e-05,2.4050490488036758e-09,"""[[1.6205013e-05]]""","""[[5.1338226e-05]]""",NA,NA,NA,NA,NA,NA,NA
1753,2.09483623621054e-05,"""[9.869405]""","""[0.9998908]""",2.0961311747669242e-05,3.197746734073803e-09,"""[[1.9680709e-05]]""","""[[2.527237e-05]]""",NA,NA,NA,NA,NA,NA,NA
1754,2.0949471945641562e-05,"""[9.869297]""","""[0.9999135]""",2.0960163965355605e-05,2.408122368180443e-09,"""[[1.449883e-05]]""","""[[5.478412e-05]]""",NA,NA,NA,NA,NA,NA,NA
1755,2.0937332010362297e-05,"""[9.869408]""","""[0.9998899]""",2.0950423277099617e-05,3.239884804884241e-09,"""[[2.2459775e-05]]""","""[[2.1606684e-05]]""",NA,NA,NA,NA,NA,NA,NA
1756,2.0938183297403157e-05,"""[9.86929]""","""[0.9999151]""",2.0949144527548924e-05,2.4314301683148187e-09,"""[[1.0326505e-05]]""","""[[6.042421e-05]]""",NA,NA,NA,NA,NA,NA,NA
1757,2.0931376639055088e-05,"""[9.869416]""","""[0.9998882]""",2.0944846255588345e-05,3.326044550888696e-09,"""[[2.701208e-05]]""","""[[1.5377998e-05]]""",NA,NA,NA,NA,NA,NA,NA
1758,2.0931214748998173e-05,"""[9.869277]""","""[0.99991804]""",2.0942672563251108e-05,2.4818818111782548e-09,"""[[4.7832727e-06]]""","""[[6.867945e-05]]""",NA,NA,NA,NA,NA,NA,NA
1759,2.0927349396515638e-05,"""[9.869433]""","""[0.9998846]""",2.0941815819242038e-05,3.5620650873369186e-09,"""[[3.368035e-05]]""","""[[4.1350722e-06]]""",NA,NA,NA,NA,NA,NA,NA
1760,2.0931289327563718e-05,"""[9.869258]""","""[0.99992216]""",2.0944105926901102e-05,2.6602031688582883e-09,"""[[-4.3548644e-06]]""","""[[8.20905e-05]]""",NA,NA,NA,NA,NA,NA,NA
1761,2.093668626912404e-05,"""[9.869458]""","""[0.9998797]""",2.0953335479134694e-05,4.007481013701408e-09,"""[[4.5113266e-05]]""","""[[-1.2096018e-05]]""",NA,NA,NA,NA,NA,NA,NA
1762,2.0955681975465268e-05,"""[9.869234]""","""[0.99992764]""",2.0971752746845596e-05,3.1604714401112233e-09,"""[[-1.9147992e-05]]""","""[[0.00010231]]""",NA,NA,NA,NA,NA,NA,NA
1763,2.098028016916942e-05,"""[9.869492]""","""[0.99987286]""",2.1002007997594774e-05,4.994223701260125e-09,"""[[6.394461e-05]]""","""[[-3.8404018e-05]]""",NA,NA,NA,NA,NA,NA,NA
1764,2.1026478862040676e-05,"""[9.869194]""","""[0.9999362]""",2.1050687792012468e-05,4.482847870690421e-09,"""[[-4.3056905e-05]]""","""[[0.00013524]]""",NA,NA,NA,NA,NA,NA,NA
1765,2.1112065951456316e-05,"""[9.8695345]""","""[0.99986356]""",2.114633025485091e-05,7.310503757906872e-09,"""[[9.5807016e-05]]""","""[[-8.0447644e-05]]""",NA,NA,NA,NA,NA,NA,NA
1766,2.1251007638056763e-05,"""[9.869142]""","""[0.9999473]""",2.1296844352036715e-05,8.140081497742813e-09,"""[[-8.5286796e-05]]""","""[[0.00018917]]""",NA,NA,NA,NA,NA,NA,NA
1767,2.148391467926558e-05,"""[9.869599]""","""[0.99984974]""",2.1551704776356928e-05,1.3320908820446675e-08,"""[[0.00015086]]""","""[[-0.00014984]]""",NA,NA,NA,NA,NA,NA,NA
1768,2.187227801186964e-05,"""[9.869058]""","""[0.9999654]""",2.1975951312924735e-05,1.8033363247127454e-08,"""[[-0.00015651]]""","""[[0.00027925]]""",NA,NA,NA,NA,NA,NA,NA
1769,2.2523256120621227e-05,"""[9.869699]""","""[0.9998282]""",2.2682688722852618e-05,2.952252131649402e-08,"""[[0.00024416]]""","""[[-0.00026516]]""",NA,NA,NA,NA,NA,NA,NA
1770,2.3619331841473468e-05,"""[9.868932]""","""[0.9999924]""",2.3880960725364275e-05,4.531491981651925e-08,"""[[-0.00027804]]""","""[[0.00042926]]""",NA,NA,NA,NA,NA,NA,NA
1771,2.5469818865531124e-05,"""[9.869843]""","""[0.99979675]""",2.588445568108e-05,7.429196813291128e-08,"""[[0.00040421]]""","""[[-0.0004582]]""",NA,NA,NA,NA,NA,NA,NA
1772,2.8538670449052006e-05,"""[9.868746]""","""[1.0000322]""",2.9238193747005425e-05,1.2115583558625076e-07,"""[[-0.0004863]]""","""[[0.00067971]]""",NA,NA,NA,NA,NA,NA,NA
1773,3.36519988195505e-05,"""[9.870054]""","""[0.99975044]""",3.477263089735061e-05,1.9745579038499272e-07,"""[[0.00067478]]""","""[[-0.00077654]]""",NA,NA,NA,NA,NA,NA,NA
1774,4.186338628642261e-05,"""[9.86847]""","""[1.0000896]""",4.373623596620746e-05,3.248282780532463e-07,"""[[-0.00082995]]""","""[[0.00108443]]""",NA,NA,NA,NA,NA,NA,NA
1775,5.459829844767228e-05,"""[9.87031]""","""[0.9996922]""",5.751649950980209e-05,5.101005626784172e-07,"""[[0.00110584]]""","""[[-0.00126514]]""",NA,NA,NA,NA,NA,NA,NA
1776,7.25762511137873e-05,"""[9.868136]""","""[1.000158]""",7.71356062614359e-05,7.911398824944627e-07,"""[[-0.00133239]]""","""[[0.00166107]]""",NA,NA,NA,NA,NA,NA,NA
1777,9.444275929126889e-05,"""[9.870489]""","""[0.99964505]""",0.00010075671161757782,1.0990212331307703e-06,"""[[0.00165555]]""","""[[-0.00185665]]""",NA,NA,NA,NA,NA,NA,NA
1778,0.00011321941565256566,"""[9.867919]""","""[1.0001956]""",0.0001213190407725051,1.4053877066544374e-06,"""[[-0.0018104]]""","""[[0.00218719]]""",NA,NA,NA,NA,NA,NA,NA
1779,0.00011674683628370985,"""[9.870275]""","""[0.99967545]""",0.00012491137022152543,1.4167321751301643e-06,"""[[0.00192908]]""","""[[-0.00208275]]""",NA,NA,NA,NA,NA,NA,NA
1780,9.509865776635706e-05,"""[9.868241]""","""[1.0001103]""",0.00010161838144995272,1.1310289664834272e-06,"""[[-0.00164516]]""","""[[0.00194962]]""",NA,NA,NA,NA,NA,NA,NA
1781,5.6732962548267096e-05,"""[9.869446]""","""[0.99983686]""",5.9739981224993244e-05,5.19488082773023e-07,"""[[0.00123801]]""","""[[-0.00120321]]""",NA,NA,NA,NA,NA,NA,NA
1782,2.6242567400913686e-05,"""[9.869216]""","""[0.9998857]""",2.6760373657452874e-05,9.171886006242858e-08,"""[[-0.00045709]]""","""[[0.00054388]]""",NA,NA,NA,NA,NA,NA,NA
1783,2.2966962205828167e-05,"""[9.868428]""","""[1.0000503]""",2.3206921468954533e-05,4.023820210363738e-08,"""[[-0.00018603]]""","""[[0.00045036]]""",NA,NA,NA,NA,NA,NA,NA
1784,4.172842818661593e-05,"""[9.870176]""","""[0.9996766]""",4.356334829935804e-05,3.234096084270277e-07,"""[[0.00086305]]""","""[[-0.00099271]]""",NA,NA,NA,NA,NA,NA,NA
1785,6.0495123761938885e-05,"""[9.867932]""","""[1.0001624]""",6.403708539437503e-05,6.13016823081125e-07,"""[[-0.00112488]]""","""[[0.00150008]]""",NA,NA,NA,NA,NA,NA,NA
1786,6.0574868257390335e-05,"""[9.870413]""","""[0.9996293]""",6.405196472769603e-05,6.094629156905285e-07,"""[[0.00119755]]""","""[[-0.00138042]]""",NA,NA,NA,NA,NA,NA,NA
1787,4.2334795580245554e-05,"""[9.868314]""","""[1.0000833]""",4.426123632583767e-05,3.327875219838461e-07,"""[[-0.00082419]]""","""[[0.00111364]]""",NA,NA,NA,NA,NA,NA,NA
1788,2.4183618734241463e-05,"""[9.869749]""","""[0.99977493]""",2.45107203227235e-05,6.002324681730897e-08,"""[[0.000355]]""","""[[-0.00038784]]""",NA,NA,NA,NA,NA,NA,NA
1789,2.21379359572893e-05,"""[9.869229]""","""[0.99988663]""",2.2263906430453062e-05,2.2302060642687138e-08,"""[[0.00027601]]""","""[[-0.00019218]]""",NA,NA,NA,NA,NA,NA,NA
1790,3.353354622959159e-05,"""[9.868843]""","""[0.9999736]""",3.467560964054428e-05,1.9804942041901086e-07,"""[[-0.00066496]]""","""[[0.00083617]]""",NA,NA,NA,NA,NA,NA,NA
1791,4.2990417568944395e-05,"""[9.86985]""","""[0.9997557]""",4.4905820686835796e-05,3.3463220461271703e-07,"""[[0.00093488]]""","""[[-0.00099082]]""",NA,NA,NA,NA,NA,NA,NA
1792,3.969492900068872e-05,"""[9.868518]""","""[1.0000466]""",4.138555596000515e-05,2.925722810687148e-07,"""[[-0.00078887]]""","""[[0.00103254]]""",NA,NA,NA,NA,NA,NA,NA
1793,2.814418803609442e-05,"""[9.869774]""","""[0.999777]""",2.8799899155274034e-05,1.1635919605623712e-07,"""[[0.00053093]]""","""[[-0.0005693]]""",NA,NA,NA,NA,NA,NA,NA
1794,2.0890272935503162e-05,"""[9.868894]""","""[0.99996877]""",2.092318027280271e-05,5.212737796966849e-09,"""[[-1.8093735e-05]]""","""[[0.00017778]]""",NA,NA,NA,NA,NA,NA,NA
1795,2.3865874027251266e-05,"""[9.869329]""","""[0.9998809]""",2.417251562292222e-05,5.4850136876893885e-08,"""[[-0.00035027]]""","""[[0.00041203]]""",NA,NA,NA,NA,NA,NA,NA
1796,3.111820842605084e-05,"""[9.869384]""","""[0.99986935]""",3.199313141521998e-05,1.5145657528137235e-07,"""[[0.00067892]]""","""[[-0.00063002]]""",NA,NA,NA,NA,NA,NA,NA
1797,3.31501905748155e-05,"""[9.869121]""","""[0.9999334]""",3.426306648179889e-05,1.9394013861528947e-07,"""[[-0.00068825]]""","""[[0.00079671]]""",NA,NA,NA,NA,NA,NA,NA
1798,2.8076898161089048e-05,"""[9.869495]""","""[0.9998522]""",2.87041075353045e-05,1.0921488069470797e-07,"""[[0.0005623]]""","""[[-0.00053775]]""",NA,NA,NA,NA,NA,NA,NA
1799,2.19359717448242e-05,"""[9.869309]""","""[0.9998957]""",2.2069503756938502e-05,2.4332878822974635e-08,"""[[-0.00021232]]""","""[[0.00027852]]""",NA,NA,NA,NA,NA,NA,NA
1800,2.1073719835840166e-05,"""[9.869284]""","""[0.99990153]""",2.112836591550149e-05,1.0394568761284972e-08,"""[[-0.00010961]]""","""[[0.00018149]]""",NA,NA,NA,NA,NA,NA,NA
1801,2.4879489501472563e-05,"""[9.869535]""","""[0.99984616]""",2.5244626158382744e-05,6.44098747670796e-08,"""[[0.00042092]]""","""[[-0.00040533]]""",NA,NA,NA,NA,NA,NA,NA
1802,2.780253089440521e-05,"""[9.869145]""","""[0.9999314]""",2.844901791831944e-05,1.1296719293341084e-07,"""[[-0.00051255]]""","""[[0.00061569]]""",NA,NA,NA,NA,NA,NA,NA
1803,2.6444249670021236e-05,"""[9.86946]""","""[0.99986]""",2.6937121219816618e-05,8.599278800147658e-08,"""[[0.0005025]]""","""[[-0.00046985]]""",NA,NA,NA,NA,NA,NA,NA
1804,2.2606933271163143e-05,"""[9.869294]""","""[0.9998958]""",2.280319677083753e-05,3.520731084449835e-08,"""[[-0.00026756]]""","""[[0.00033737]]""",NA,NA,NA,NA,NA,NA,NA
1805,2.0637016859836876e-05,"""[9.869143]""","""[0.9999256]""",2.064796535705682e-05,2.0680106516124397e-09,"""[[5.5689365e-05]]""","""[[4.81084e-05]]""",NA,NA,NA,NA,NA,NA,NA
1806,2.196217974415049e-05,"""[9.8695345]""","""[0.9998407]""",2.2090804122854024e-05,2.3914630276067328e-08,"""[[0.00023483]]""","""[[-0.0002193]]""",NA,NA,NA,NA,NA,NA,NA
1807,2.42213936871849e-05,"""[9.868942]""","""[0.9999685]""",2.4559178200433962e-05,5.8632423360904795e-08,"""[[-0.00032909]]""","""[[0.00047801]]""",NA,NA,NA,NA,NA,NA,NA
1808,2.4564287741668522e-05,"""[9.869577]""","""[0.9998312]""",2.4910204956540838e-05,6.151169884560659e-08,"""[[0.0004013]]""","""[[-0.00039545]]""",NA,NA,NA,NA,NA,NA,NA
1809,2.269187280035112e-05,"""[9.869058]""","""[0.99994487]""",2.2895366782904603e-05,3.5571073198070735e-08,"""[[-0.00024917]]""","""[[0.00037198]]""",NA,NA,NA,NA,NA,NA,NA
1810,2.0865831174887717e-05,"""[9.869385]""","""[0.9998756]""",2.090107045660261e-05,7.146570002447561e-09,"""[[0.00012105]]""","""[[-7.151067e-05]]""",NA,NA,NA,NA,NA,NA,NA
1811,2.0819259589188732e-05,"""[9.869351]""","""[0.9998845]""",2.0849363863817416e-05,6.0846834237793246e-09,"""[[0.00011545]]""","""[[-5.8576465e-05]]""",NA,NA,NA,NA,NA,NA,NA
1812,2.208849400631152e-05,"""[9.869165]""","""[0.99992675]""",2.2239073587115854e-05,2.669773557784083e-08,"""[[-0.00021572]]""","""[[0.00031414]]""",NA,NA,NA,NA,NA,NA,NA
1813,2.2938618712942116e-05,"""[9.869531]""","""[0.99984914]""",2.3148211766965687e-05,3.759070565934053e-08,"""[[0.00031405]]""","""[[-0.00029699]]""",NA,NA,NA,NA,NA,NA,NA
1814,2.2380459995474666e-05,"""[9.869123]""","""[0.99993914]""",2.2557065676664934e-05,3.1023979829569726e-08,"""[[-0.00023461]]""","""[[0.00034331]]""",NA,NA,NA,NA,NA,NA,NA
1815,2.1160061805858277e-05,"""[9.869482]""","""[0.99986255]""",2.122266414517071e-05,1.210396671780245e-08,"""[[0.00016074]]""","""[[-0.00013369]]""",NA,NA,NA,NA,NA,NA,NA
1816,2.056364610325545e-05,"""[9.869238]""","""[0.9999164]""",2.057449091807939e-05,2.322735781490337e-09,"""[[2.6009977e-05]]""","""[[5.6345016e-05]]""",NA,NA,NA,NA,NA,NA,NA
1817,2.099091580021195e-05,"""[9.869334]""","""[0.9998976]""",2.104728810081724e-05,1.0797613470003853e-08,"""[[-0.00011821]]""","""[[0.00017864]]""",NA,NA,NA,NA,NA,NA,NA
1818,2.172381937270984e-05,"""[9.869354]""","""[0.9998937]""",2.1826166630489752e-05,1.821286055303517e-08,"""[[0.00023974]]""","""[[-0.00018324]]""",NA,NA,NA,NA,NA,NA,NA
1819,2.1825788280693814e-05,"""[9.86927]""","""[0.9999146]""",2.1957330318400636e-05,2.366441265166941e-08,"""[[-0.0002088]]""","""[[0.00028399]]""",NA,NA,NA,NA,NA,NA,NA
1820,2.1275192921166308e-05,"""[9.869364]""","""[0.9998951]""",2.1342610125429928e-05,1.223576973075069e-08,"""[[0.00019283]]""","""[[-0.00013867]]""",NA,NA,NA,NA,NA,NA,NA
1821,2.0656134438468143e-05,"""[9.869334]""","""[0.9999038]""",2.068147477984894e-05,5.234713107427069e-09,"""[[-5.4296106e-05]]""","""[[0.00011461]]""",NA,NA,NA,NA,NA,NA,NA
1822,2.0568391846609302e-05,"""[9.869306]""","""[0.9999116]""",2.0583824152708985e-05,3.3225004969494876e-09,"""[[-1.8451363e-05]]""","""[[8.53166e-05]]""",NA,NA,NA,NA,NA,NA,NA
1823,2.093303010042291e-05,"""[9.869425]""","""[0.9998872]""",2.097602373396512e-05,8.266479945007177e-09,"""[[0.00014144]]""","""[[-0.00010134]]""",NA,NA,NA,NA,NA,NA,NA
1824,2.1241794456727803e-05,"""[9.86929]""","""[0.9999181]""",2.1321257008821703e-05,1.452325104622787e-08,"""[[-0.00015203]]""","""[[0.00022281]]""",NA,NA,NA,NA,NA,NA,NA
1825,2.1161215045140125e-05,"""[9.869423]""","""[0.99989]""",2.1222485884209163e-05,1.1326290128010896e-08,"""[[0.00017587]]""","""[[-0.00013508]]""",NA,NA,NA,NA,NA,NA,NA
1826,2.078432407870423e-05,"""[9.869359]""","""[0.9999047]""",2.0824376406380907e-05,7.842600346918971e-09,"""[[-9.40077e-05]]""","""[[0.00014877]]""",NA,NA,NA,NA,NA,NA,NA
1827,2.0519546524155885e-05,"""[9.869334]""","""[0.99991006]""",2.053015305136796e-05,2.4042328128359713e-09,"""[[4.8726797e-05]]""","""[[1.1958182e-05]]""",NA,NA,NA,NA,NA,NA,NA
1828,2.0557457901304588e-05,"""[9.869451]""","""[0.9998851]""",2.0574563677655533e-05,3.971292183990727e-09,"""[[5.789101e-05]]""","""[[-2.3454428e-05]]""",NA,NA,NA,NA,NA,NA,NA
1829,2.077299177472014e-05,"""[9.869248]""","""[0.99992824]""",2.081120510410983e-05,7.105364741022413e-09,"""[[-8.221716e-05]]""","""[[0.00016218]]""",NA,NA,NA,NA,NA,NA,NA
1830,2.0901246898574755e-05,"""[9.869481]""","""[0.9998778]""",2.094644878525287e-05,8.830239650592375e-09,"""[[0.00013605]]""","""[[-0.00010845]]""",NA,NA,NA,NA,NA,NA,NA
1831,2.0797639081138186e-05,"""[9.869236]""","""[0.9999303]""",2.0839159333263524e-05,7.667230406127601e-09,"""[[-8.752197e-05]]""","""[[0.00017031]]""",NA,NA,NA,NA,NA,NA,NA
1832,2.058821337413974e-05,"""[9.869439]""","""[0.99988645]""",2.0609026250895113e-05,4.540997355917398e-09,"""[[7.876381e-05]]""","""[[-4.1414052e-05]]""",NA,NA,NA,NA,NA,NA,NA
1833,2.046094050456304e-05,"""[9.869292]""","""[0.99991775]""",2.047109228442423e-05,2.2587776093985212e-09,"""[[1.3425946e-05]]""","""[[5.6620687e-05]]""",NA,NA,NA,NA,NA,NA,NA
1834,2.050439070444554e-05,"""[9.869369]""","""[0.9999015]""",2.0522338672890328e-05,3.961599936985749e-09,"""[[-3.195554e-05]]""","""[[8.496642e-05]]""",NA,NA,NA,NA,NA,NA,NA
1835,2.063115607597865e-05,"""[9.869352]""","""[0.99990445]""",2.0653296814998612e-05,4.405682929586874e-09,"""[[0.00010366]]""","""[[-4.7590584e-05]]""",NA,NA,NA,NA,NA,NA,NA
1836,2.066778324660845e-05,"""[9.869341]""","""[0.9999079]""",2.0702565961983055e-05,6.84165213371557e-09,"""[[-8.095056e-05]]""","""[[0.00014053]]""",NA,NA,NA,NA,NA,NA,NA
1837,2.0612147636711597e-05,"""[9.869368]""","""[0.9999017]""",2.0634281099773943e-05,4.453317714592231e-09,"""[[0.00010103]]""","""[[-4.7612935e-05]]""",NA,NA,NA,NA,NA,NA,NA
1838,2.0486279026954435e-05,"""[9.869357]""","""[0.9999044]""",2.050445255008526e-05,3.953667615519407e-09,"""[[-3.3468008e-05]]""","""[[8.894876e-05]]""",NA,NA,NA,NA,NA,NA,NA
1839,2.0422889065230265e-05,"""[9.869342]""","""[0.9999076]""",2.0433219106053002e-05,2.438105717317285e-09,"""[[2.4419278e-05]]""","""[[3.46303e-05]]""",NA,NA,NA,NA,NA,NA,NA
1840,2.0447147107915953e-05,"""[9.8693905]""","""[0.99989736]""",2.0460038285818882e-05,3.0258737737653973e-09,"""[[4.8529357e-05]]""","""[[-4.954636e-07]]""",NA,NA,NA,NA,NA,NA,NA
1841,2.0506253349594772e-05,"""[9.869317]""","""[0.99991333]""",2.052702257060446e-05,4.264104624951415e-09,"""[[-4.23491e-05]]""","""[[0.00010708]]""",NA,NA,NA,NA,NA,NA,NA
1842,2.0536146621452644e-05,"""[9.869393]""","""[0.9998966]""",2.0555762603180483e-05,4.134695252844267e-09,"""[[8.607283e-05]]""","""[[-3.8910657e-05]]""",NA,NA,NA,NA,NA,NA,NA
1843,2.0494948330451734e-05,"""[9.869324]""","""[0.9999116]""",2.0516048607532866e-05,4.346157211898571e-09,"""[[-4.377961e-05]]""","""[[0.00010663]]""",NA,NA,NA,NA,NA,NA,NA
1844,2.0434838006622158e-05,"""[9.869362]""","""[0.99990356]""",2.044726898020599e-05,2.8270812357789055e-09,"""[[5.5927783e-05]]""","""[[-1.2926757e-06]]""",NA,NA,NA,NA,NA,NA,NA
1845,2.038942329818383e-05,"""[9.869361]""","""[0.9999037]""",2.040097206190694e-05,2.750401240092515e-09,"""[[7.3574483e-06]]""","""[[4.7091395e-05]]""",NA,NA,NA,NA,NA,NA,NA
1846,2.0389787096064538e-05,"""[9.869324]""","""[0.9999123]""",2.0401645087986253e-05,2.670777821123238e-09,"""[[-1.4826655e-06]]""","""[[6.457046e-05]]""",NA,NA,NA,NA,NA,NA,NA
1847,2.0423149180714972e-05,"""[9.869399]""","""[0.99989617]""",2.043718814093154e-05,3.23067617102879e-09,"""[[5.619228e-05]]""","""[[-1.0017306e-05]]""",NA,NA,NA,NA,NA,NA,NA
1848,2.0435743863345124e-05,"""[9.869307]""","""[0.9999162]""",2.0453502656891942e-05,3.6738747599684984e-09,"""[[-3.1642616e-05]]""","""[[9.8671764e-05]]""",NA,NA,NA,NA,NA,NA,NA
1849,2.0424464310053736e-05,"""[9.86941]""","""[0.99989414]""",2.043964559561573e-05,3.4568075069074666e-09,"""[[6.0640275e-05]]""","""[[-1.7289072e-05]]""",NA,NA,NA,NA,NA,NA,NA
1850,2.0387225958984345e-05,"""[9.869315]""","""[0.9999147]""",2.0400882931426167e-05,2.9622209130053534e-09,"""[[-1.3701618e-05]]""","""[[7.870048e-05]]""",NA,NA,NA,NA,NA,NA,NA
1851,2.0353732907096855e-05,"""[9.869399]""","""[0.99989647]""",2.0365490854601376e-05,2.8942110930074705e-09,"""[[2.4959445e-05]]""","""[[2.0429492e-05]]""",NA,NA,NA,NA,NA,NA,NA
1852,2.0352215869934298e-05,"""[9.869333]""","""[0.9999108]""",2.0362038412713446e-05,2.292004586124108e-09,"""[[2.8327107e-05]]""","""[[3.2529235e-05]]""",NA,NA,NA,NA,NA,NA,NA
1853,2.0356974346213974e-05,"""[9.869386]""","""[0.9998996]""",2.0371235223137774e-05,3.3285436629171272e-09,"""[[-1.4033169e-05]]""","""[[6.31623e-05]]""",NA,NA,NA,NA,NA,NA,NA
1854,2.0368639525258914e-05,"""[9.869336]""","""[0.99990964]""",2.038007733062841e-05,2.5412345561193206e-09,"""[[5.7112426e-05]]""","""[[3.2745302e-06]]""",NA,NA,NA,NA,NA,NA,NA
1855,2.036146543105133e-05,"""[9.869384]""","""[0.9998993]""",2.037777449004352e-05,3.7071743452798955e-09,"""[[-2.5212765e-05]]""","""[[7.4427575e-05]]""",NA,NA,NA,NA,NA,NA,NA
1856,2.034947829088196e-05,"""[9.86932]""","""[0.9999127]""",2.035999932559207e-05,2.3353869949005457e-09,"""[[5.253777e-05]]""","""[[1.1678785e-05]]""",NA,NA,NA,NA,NA,NA,NA
1857,2.0320499970694073e-05,"""[9.869401]""","""[0.9998953]""",2.0334176952019334e-05,3.2869817978564697e-09,"""[[-5.9083104e-06]]""","""[[5.1725656e-05]]""",NA,NA,NA,NA,NA,NA,NA
1858,2.031266012636479e-05,"""[9.869292]""","""[0.99991804]""",2.032199699897319e-05,2.086100847620287e-09,"""[[2.5954098e-05]]""","""[[4.4107437e-05]]""",NA,NA,NA,NA,NA,NA,NA
1859,2.031086478382349e-05,"""[9.869423]""","""[0.99988997]""",2.032380689342972e-05,3.21317195073334e-09,"""[[2.2072345e-05]]""","""[[1.8652529e-05]]""",NA,NA,NA,NA,NA,NA,NA
1860,2.0315283109084703e-05,"""[9.869267]""","""[0.99992317]""",2.0326338926679455e-05,2.3481558919513645e-09,"""[[3.2484531e-06]]""","""[[7.170439e-05]]""",NA,NA,NA,NA,NA,NA,NA
1861,2.0306346414145082e-05,"""[9.86945]""","""[0.99988437]""",2.0320887415437028e-05,3.578555007877071e-09,"""[[3.420934e-05]]""","""[[3.46452e-07]]""",NA,NA,NA,NA,NA,NA,NA
1862,2.0304567442508414e-05,"""[9.8692465]""","""[0.99992764]""",2.0315888832556084e-05,2.314739067088567e-09,"""[[2.283603e-06]]""","""[[7.797405e-05]]""",NA,NA,NA,NA,NA,NA,NA
1863,2.028802191489376e-05,"""[9.869476]""","""[0.99987906]""",2.030321593338158e-05,3.806116311011465e-09,"""[[2.3178756e-05]]""","""[[5.621463e-06]]""",NA,NA,NA,NA,NA,NA,NA
1864,2.0281047909520566e-05,"""[9.8692255]""","""[0.99993217]""",2.0290177417336963e-05,1.8236840926277864e-09,"""[[2.1986663e-05]]""","""[[6.360561e-05]]""",NA,NA,NA,NA,NA,NA,NA
1865,2.026996844506357e-05,"""[9.869502]""","""[0.9998733]""",2.028662129305303e-05,4.2169117087098584e-09,"""[[-1.7099082e-06]]""","""[[2.4326146e-05]]""",NA,NA,NA,NA,NA,NA,NA
1866,2.02791670744773e-05,"""[9.869185]""","""[0.99994016]""",2.0287207007640973e-05,1.4631943434650907e-09,"""[[4.798919e-05]]""","""[[4.6435744e-05]]""",NA,NA,NA,NA,NA,NA,NA
1867,2.0267032596166246e-05,"""[9.869551]""","""[0.9998631]""",2.0287705410737544e-05,5.143306669452841e-09,"""[[-2.4039298e-05]]""","""[[3.6727637e-05]]""",NA,NA,NA,NA,NA,NA,NA
1868,2.027735536103137e-05,"""[9.869119]""","""[0.99995434]""",2.0285642676753923e-05,1.269467198028451e-09,"""[[6.580353e-05]]""","""[[4.3276697e-05]]""",NA,NA,NA,NA,NA,NA,NA
1869,2.0262426914996468e-05,"""[9.869636]""","""[0.9998451]""",2.028851304203272e-05,6.475518343762587e-09,"""[[-3.548339e-05]]""","""[[2.8789043e-05]]""",NA,NA,NA,NA,NA,NA,NA
1870,2.027691516559571e-05,"""[9.86901]""","""[0.9999775]""",2.0286424842197448e-05,1.152492767886315e-09,"""[[7.184222e-05]]""","""[[6.199628e-05]]""",NA,NA,NA,NA,NA,NA,NA
1871,2.0259474695194513e-05,"""[9.869769]""","""[0.99981666]""",2.029459210461937e-05,8.686479979758133e-09,"""[[-3.874302e-05]]""","""[[1.6205013e-06]]""",NA,NA,NA,NA,NA,NA,NA
1872,2.0290985048632137e-05,"""[9.868846]""","""[1.0000128]""",2.0305895304773003e-05,1.6856576134927082e-09,"""[[7.580221e-05]]""","""[[9.487942e-05]]""",NA,NA,NA,NA,NA,NA,NA
1873,2.0282366676838137e-05,"""[9.869975]""","""[0.9997733]""",2.0337256501079537e-05,1.321190090664004e-08,"""[[-4.703179e-05]]""","""[[-3.5978854e-05]]""",NA,NA,NA,NA,NA,NA,NA
1874,2.0358264009701088e-05,"""[9.868593]""","""[1.0000664]""",2.0389390556374565e-05,4.006293963243479e-09,"""[[9.2659146e-05]]""","""[[0.00013465]]""",NA,NA,NA,NA,NA,NA,NA
1875,2.0372232029330917e-05,"""[9.870289]""","""[0.9997067]""",2.0470099116209894e-05,2.2595461501850878e-08,"""[[-7.609278e-05]]""","""[[-7.774681e-05]]""",NA,NA,NA,NA,NA,NA,NA
1876,2.0515770302154124e-05,"""[9.868208]""","""[1.0001484]""",2.058808422589209e-05,1.0727704946589256e-08,"""[[0.00013569]]""","""[[0.00017853]]""",NA,NA,NA,NA,NA,NA,NA
1877,2.0580780983436853e-05,"""[9.870773]""","""[0.9996039]""",2.0772338757524267e-05,4.241514872660446e-08,"""[[-0.00013614]]""","""[[-0.00012708]]""",NA,NA,NA,NA,NA,NA,NA
1878,2.089583722408861e-05,"""[9.867596]""","""[1.0002782]""",2.1075633412692696e-05,2.9571710413733854e-08,"""[[0.00021423]]""","""[[0.00023767]]""",NA,NA,NA,NA,NA,NA,NA
1879,2.1137513613211922e-05,"""[9.871542]""","""[0.99944097]""",2.154574940504972e-05,8.705551124421618e-08,"""[[-0.00023538]]""","""[[-0.00020079]]""",NA,NA,NA,NA,NA,NA,NA
1880,2.184269942517858e-05,"""[9.866618]""","""[1.0004853]""",2.2303987861960195e-05,8.094448133988408e-08,"""[[0.00033822]]""","""[[0.00033373]]""",NA,NA,NA,NA,NA,NA,NA
1881,2.2565853214473464e-05,"""[9.872765]""","""[0.99918133]""",2.349081296415534e-05,1.9157154440563318e-07,"""[[-0.00038626]]""","""[[-0.00032487]]""",NA,NA,NA,NA,NA,NA,NA
1882,2.4187445887946524e-05,"""[9.8650675]""","""[1.0008146]""",2.5372783056809567e-05,2.1638410885316262e-07,"""[[0.0005248]]""","""[[0.0004964]]""",NA,NA,NA,NA,NA,NA,NA
1883,2.610412957437802e-05,"""[9.874688]""","""[0.9987729]""",2.8267471861909144e-05,4.3870721810890245e-07,"""[[-0.00061251]]""","""[[-0.00053145]]""",NA,NA,NA,NA,NA,NA,NA
1884,2.9750253816018812e-05,"""[9.862683]""","""[1.00132]""",3.2707623176975176e-05,5.522639412447461e-07,"""[[0.0008011]]""","""[[0.00075709]]""",NA,NA,NA,NA,NA,NA,NA
1885,3.412041405681521e-05,"""[9.8775]""","""[0.99817604]""",3.902757816831581e-05,9.821253570407862e-07,"""[[-0.00093484]]""","""[[-0.00084047]]""",NA,NA,NA,NA,NA,NA,NA
1886,4.105689004063606e-05,"""[9.859456]""","""[1.002004]""",4.7687201004009694e-05,1.2537177553895162e-06,"""[[0.00117185]]""","""[[0.00111398]]""",NA,NA,NA,NA,NA,NA,NA
1887,4.78837828268297e-05,"""[9.88079]""","""[0.9974754]""",5.7425877457717434e-05,1.895892751235806e-06,"""[[-0.00131289]]""","""[[-0.00120197]]""",NA,NA,NA,NA,NA,NA,NA
1888,5.5158394388854504e-05,"""[9.856485]""","""[1.0026307]""",6.644842505920678e-05,2.1463129087351263e-06,"""[[0.00151789]]""","""[[0.00143715]]""",NA,NA,NA,NA,NA,NA,NA
1889,5.6627788580954075e-05,"""[9.882407]""","""[0.9971251]""",6.904324982315302e-05,2.4631019641674357e-06,"""[[-0.00150811]]""","""[[-0.00136965]]""",NA,NA,NA,NA,NA,NA,NA
1890,5.21810507052578e-05,"""[9.856982]""","""[1.0025152]""",6.255511834751815e-05,1.967702473848476e-06,"""[[0.00147814]]""","""[[0.0013649]]""",NA,NA,NA,NA,NA,NA,NA
1891,3.982458292739466e-05,"""[9.878842]""","""[0.9978682]""",4.6540259063476697e-05,1.3430508261080831e-06,"""[[-0.00112078]]""","""[[-0.00095649]]""",NA,NA,NA,NA,NA,NA,NA
1892,2.738168404903263e-05,"""[9.86342]""","""[1.0011356]""",2.9648224881384522e-05,4.169432088474423e-07,"""[[0.00075778]]""","""[[0.00063463]]""",NA,NA,NA,NA,NA,NA,NA
1893,2.048495844064746e-05,"""[9.870415]""","""[0.99964803]""",2.0635379769373685e-05,3.421214955778851e-08,"""[[-0.00016157]]""","""[[-2.091378e-05]]""",NA,NA,NA,NA,NA,NA,NA
1894,2.2056270609027706e-05,"""[9.872295]""","""[0.99924856]""",2.2806050765211694e-05,1.5855619039939484e-07,"""[[-0.00027259]]""","""[[-0.00033289]]""",NA,NA,NA,NA,NA,NA,NA
1895,2.8884718631161377e-05,"""[9.862853]""","""[1.0012558]""",3.161789936712012e-05,5.056197664998763e-07,"""[[0.00074068]]""","""[[0.00077953]]""",NA,NA,NA,NA,NA,NA,NA
1896,3.397035106900148e-05,"""[9.877442]""","""[0.998161]""",3.890840889653191e-05,9.93456410469662e-07,"""[[-0.00091572]]""","""[[-0.00084715]]""",NA,NA,NA,NA,NA,NA,NA
1897,3.462509630480781e-05,"""[9.861103]""","""[1.0016308]""",3.9122056477935985e-05,8.408516691815748e-07,"""[[0.001005]]""","""[[0.00090966]]""",NA,NA,NA,NA,NA,NA,NA
1898,2.893665077863261e-05,"""[9.875762]""","""[0.9985186]""",3.210849536117166e-05,6.424616572076047e-07,"""[[-0.00078689]]""","""[[-0.00059837]]""",NA,NA,NA,NA,NA,NA,NA
1899,2.3056996724335477e-05,"""[9.865753]""","""[1.0006422]""",2.385907464486081e-05,1.4175857643294876e-07,"""[[0.00051745]]""","""[[0.00034919]]""",NA,NA,NA,NA,NA,NA,NA
1900,2.023903653025627e-05,"""[9.869377]""","""[0.9998738]""",2.0276358554838225e-05,7.861535422648558e-09,"""[[-7.463619e-05]]""","""[[0.00012582]]""",NA,NA,NA,NA,NA,NA,NA
1901,2.1959278456051834e-05,"""[9.872275]""","""[0.99925894]""",2.269456126668956e-05,1.5505911221680435e-07,"""[[-0.00024775]]""","""[[-0.00035317]]""",NA,NA,NA,NA,NA,NA,NA
1902,2.5746776373125613e-05,"""[9.864131]""","""[1.0009904]""",2.7489311833051033e-05,3.1926410315463727e-07,"""[[0.00057708]]""","""[[0.00065471]]""",NA,NA,NA,NA,NA,NA,NA
1903,2.7228268663748167e-05,"""[9.875156]""","""[0.9986515]""",2.9828403057763353e-05,5.285263569021481e-07,"""[[-0.00065337]]""","""[[-0.00059565]]""",NA,NA,NA,NA,NA,NA,NA
1904,2.6082319891429506e-05,"""[9.86404]""","""[1.0010128]""",2.78973784588743e-05,3.3275381383646163e-07,"""[[0.00067309]]""","""[[0.00057986]]""",NA,NA,NA,NA,NA,NA,NA
1905,2.2632302716374397e-05,"""[9.872719]""","""[0.9991722]""",2.3582846552017145e-05,1.976192720576364e-07,"""[[-0.00044983]]""","""[[-0.00025092]]""",NA,NA,NA,NA,NA,NA,NA
1906,2.0518216842901893e-05,"""[9.868306]""","""[1.0001098]""",2.0589181076502427e-05,9.970445802309769e-09,"""[[0.00023607]]""","""[[5.639717e-05]]""",NA,NA,NA,NA,NA,NA,NA
1907,2.066061642835848e-05,"""[9.86792]""","""[1.0001945]""",2.0791483620996587e-05,2.05962802368731e-08,"""[[8.685887e-05]]""","""[[0.00029236]]""",NA,NA,NA,NA,NA,NA,NA
1908,2.2206477297004312e-05,"""[9.872588]""","""[0.9992045]""",2.307067552465014e-05,1.8039879989828478e-07,"""[[-0.00028069]]""","""[[-0.00039066]]""",NA,NA,NA,NA,NA,NA,NA
1909,2.377213240833953e-05,"""[9.865209]""","""[1.0007731]""",2.4861834390321746e-05,1.973883740902238e-07,"""[[0.00045963]]""","""[[0.00052991]]""",NA,NA,NA,NA,NA,NA,NA
1910,2.322896762052551e-05,"""[9.873335]""","""[0.9990478]""",2.4489603674737737e-05,2.6002760478149867e-07,"""[[-0.00044901]]""","""[[-0.00039035]]""",NA,NA,NA,NA,NA,NA,NA
1911,2.1973810362396762e-05,"""[9.866441]""","""[1.0005108]""",2.2493188225780614e-05,9.065852424328114e-08,"""[[0.00040533]]""","""[[0.00030686]]""",NA,NA,NA,NA,NA,NA,NA
1912,2.0465487978071906e-05,"""[9.870592]""","""[0.9996288]""",2.06468266696902e-05,4.005213227742388e-08,"""[[-0.00020815]]""","""[[-1.4413148e-05]]""",NA,NA,NA,NA,NA,NA,NA
1913,2.0229666915838607e-05,"""[9.869837]""","""[0.9997875]""",2.02906066988362e-05,1.383388514852868e-08,"""[[5.847588e-05]]""","""[[-0.00011121]]""",NA,NA,NA,NA,NA,NA,NA
1914,2.101046084135305e-05,"""[9.867323]""","""[1.0003214]""",2.1264109818730503e-05,4.2384026954778165e-08,"""[[0.0001601]]""","""[[0.00035316]]""",NA,NA,NA,NA,NA,NA,NA
1915,2.165748992410954e-05,"""[9.872148]""","""[0.99929637]""",2.232046790595632e-05,1.3974427304219716e-07,"""[[-0.00023932]]""","""[[-0.00033257]]""",NA,NA,NA,NA,NA,NA,NA
1916,2.189538281527348e-05,"""[9.866339]""","""[1.0005299]""",2.2448475647252053e-05,9.707877524078867e-08,"""[[0.00033589]]""","""[[0.00039937]]""",NA,NA,NA,NA,NA,NA,NA
1917,2.1106248823343776e-05,"""[9.87168]""","""[0.9993958]""",2.1582523913821205e-05,1.0173665998536308e-07,"""[[-0.00026587]]""","""[[-0.00020128]]""",NA,NA,NA,NA,NA,NA,NA
1918,2.043813219643198e-05,"""[9.867985]""","""[1.0001806]""",2.0541092453640886e-05,1.542326266701366e-08,"""[[0.00022652]]""","""[[0.00013797]]""",NA,NA,NA,NA,NA,NA,NA
1919,2.008485171245411e-05,"""[9.869377]""","""[0.99988663]""",2.0115186998737045e-05,6.4043570446870035e-09,"""[[-6.432831e-05]]""","""[[0.00011552]]""",NA,NA,NA,NA,NA,NA,NA
1920,2.0313253116910346e-05,"""[9.870389]""","""[0.99967206]""",2.0447190763661638e-05,3.008776516821854e-08,"""[[-1.4919788e-05]]""","""[[-0.00016177]]""",NA,NA,NA,NA,NA,NA,NA
1921,2.081396451103501e-05,"""[9.867482]""","""[1.0002915]""",2.10274665732868e-05,3.530641023985481e-08,"""[[0.00015354]]""","""[[0.000324]]""",NA,NA,NA,NA,NA,NA,NA
1922,2.0867446437478065e-05,"""[9.871459]""","""[0.99944794]""",2.1262239897623658e-05,8.476835233750535e-08,"""[[-0.00016991]]""","""[[-0.0002473]]""",NA,NA,NA,NA,NA,NA,NA
1923,2.0746174413943663e-05,"""[9.867429]""","""[1.0003048]""",2.0960434994776733e-05,3.5453993518785865e-08,"""[[0.00021647]]""","""[[0.00027292]]""",NA,NA,NA,NA,NA,NA,NA
1924,2.0240331650711596e-05,"""[9.870619]""","""[0.9996286]""",2.0405892428243533e-05,3.7189298751627575e-08,"""[[-0.00014203]]""","""[[-8.632243e-05]]""",NA,NA,NA,NA,NA,NA,NA
1925,2.0021223463118076e-05,"""[9.868887]""","""[0.99999714]""",2.0036857677041553e-05,1.8093124776186187e-09,"""[[0.00011651]]""","""[[4.529953e-05]]""",NA,NA,NA,NA,NA,NA,NA
1926,2.0045605197083205e-05,"""[9.868933]""","""[0.9999889]""",2.0068879166501574e-05,3.4790545999641154e-09,"""[[-9.4622374e-07]]""","""[[0.00015215]]""",NA,NA,NA,NA,NA,NA,NA
1927,2.0224650143063627e-05,"""[9.870401]""","""[0.9996774]""",2.0352115825517103e-05,2.8696517162529744e-08,"""[[-2.952665e-05]]""","""[[-0.00015012]]""",NA,NA,NA,NA,NA,NA,NA
1928,2.0450739611987956e-05,"""[9.867896]""","""[1.0002114]""",2.0580628188326955e-05,2.0746451667719157e-08,"""[[0.00011714]]""","""[[0.00026738]]""",NA,NA,NA,NA,NA,NA,NA
1929,2.0346278688521124e-05,"""[9.870806]""","""[0.99959415]""",2.0549965483951382e-05,4.4931766751687974e-08,"""[[-0.00010052]]""","""[[-0.00016991]]""",NA,NA,NA,NA,NA,NA,NA
1930,2.0213192328810692e-05,"""[9.868168]""","""[1.0001559]""",2.029177630902268e-05,1.1801866151017748e-08,"""[[0.00012987]]""","""[[0.00019341]]""",NA,NA,NA,NA,NA,NA,NA
1931,1.9955252355430275e-05,"""[9.870024]""","""[0.99976295]""",2.0016497728647664e-05,1.4610528786818122e-08,"""[[-6.471202e-05]]""","""[[-2.9433519e-05]]""",NA,NA,NA,NA,NA,NA,NA
1932,1.989898555621039e-05,"""[9.869281]""","""[0.9999214]""",1.9908569811377674e-05,2.020027922711165e-09,"""[[5.5871904e-05]]""","""[[1.6797334e-05]]""",NA,NA,NA,NA,NA,NA,NA
1933,1.9977316696895286e-05,"""[9.868889]""","""[1.000006]""",1.9997209165012464e-05,2.7482645048593213e-09,"""[[2.1804124e-05]]""","""[[0.00013922]]""",NA,NA,NA,NA,NA,NA,NA
1934,2.0064508134964854e-05,"""[9.870238]""","""[0.9997197]""",2.015718746406492e-05,2.1205634581633603e-08,"""[[-2.7239323e-05]]""","""[[-0.00011557]]""",NA,NA,NA,NA,NA,NA,NA
1935,2.0170493371551856e-05,"""[9.868315]""","""[1.0001289]""",2.0237390344846062e-05,1.0014182372231062e-08,"""[[8.0809e-05]]""","""[[0.00020919]]""",NA,NA,NA,NA,NA,NA,NA
1936,2.0066931028850377e-05,"""[9.870364]""","""[0.9996935]""",2.0177531041554175e-05,2.5142973925085244e-08,"""[[-5.4266304e-05]]""","""[[-0.00011713]]""",NA,NA,NA,NA,NA,NA,NA
1937,1.999503729166463e-05,"""[9.8686075]""","""[1.0000666]""",2.002722249017097e-05,4.277170617683623e-09,"""[[7.533282e-05]]""","""[[0.00014856]]""",NA,NA,NA,NA,NA,NA,NA
1938,1.9855728169204667e-05,"""[9.869745]""","""[0.9998247]""",1.988703297683969e-05,7.79870745759581e-09,"""[[-2.1465123e-05]]""","""[[-1.0680407e-05]]""",NA,NA,NA,NA,NA,NA,NA
1939,1.9835801140288822e-05,"""[9.869374]""","""[0.99990356]""",1.9846445866278373e-05,2.5649598001109553e-09,"""[[2.8118491e-05]]""","""[[2.3506582e-05]]""",NA,NA,NA,NA,NA,NA,NA
1940,1.9878498278558254e-05,"""[9.868979]""","""[0.99998707]""",1.9891609554179013e-05,1.775886993016229e-09,"""[[3.0387193e-05]]""","""[[0.00010964]]""",NA,NA,NA,NA,NA,NA,NA
1941,1.991544195334427e-05,"""[9.869976]""","""[0.99977535]""",1.997082472371403e-05,1.3167729129293093e-08,"""[[-1.5184283e-05]]""","""[[-6.844476e-05]]""",NA,NA,NA,NA,NA,NA,NA
1942,1.997297840716783e-05,"""[9.868627]""","""[1.0000619]""",2.0006154954899102e-05,4.4998551551600485e-09,"""[[5.9217215e-05]]""","""[[0.00016076]]""",NA,NA,NA,NA,NA,NA,NA
1943,1.9913457435905002e-05,"""[9.870037]""","""[0.99976224]""",1.9975997929577716e-05,1.4776942336425236e-08,"""[[-2.4113804e-05]]""","""[[-7.367134e-05]]""",NA,NA,NA,NA,NA,NA,NA
1944,1.9881759726558812e-05,"""[9.868836]""","""[1.0000173]""",1.9899773178622127e-05,2.258615294792321e-09,"""[[4.8790127e-05]]""","""[[0.00012383]]""",NA,NA,NA,NA,NA,NA,NA
1945,1.9809254808933474e-05,"""[9.869628]""","""[0.99984914]""",1.9832052203128114e-05,5.759331234145293e-09,"""[[5.401671e-07]]""","""[[-6.1914325e-06]]""",NA,NA,NA,NA,NA,NA,NA
1946,1.9787192286457866e-05,"""[9.86935]""","""[0.99990815]""",1.9797535060206428e-05,2.452727576596203e-09,"""[[1.5877187e-05]]""","""[[4.066527e-05]]""",NA,NA,NA,NA,NA,NA,NA
1947,1.9801729649771005e-05,"""[9.869119]""","""[0.99995774]""",1.981040259124711e-05,1.3721878078243321e-09,"""[[3.3080578e-05]]""","""[[7.610768e-05]]""",NA,NA,NA,NA,NA,NA,NA
1948,1.9811308447970077e-05,"""[9.869772]""","""[0.9998186]""",1.9845083443215117e-05,8.349633873194762e-09,"""[[-9.935349e-06]]""","""[[-2.7902424e-05]]""",NA,NA,NA,NA,NA,NA,NA
1949,1.9848892407026142e-05,"""[9.868854]""","""[1.0000138]""",1.9865956346620806e-05,2.1336519218095873e-09,"""[[4.794076e-05]]""","""[[0.00012072]]""",NA,NA,NA,NA,NA,NA,NA
1950,1.9820576198981144e-05,"""[9.869846]""","""[0.9998028]""",1.9861450709868222e-05,9.958639246576695e-09,"""[[-1.1220574e-05]]""","""[[-4.326552e-05]]""",NA,NA,NA,NA,NA,NA,NA
1951,1.9817354768747464e-05,"""[9.868961]""","""[0.9999911]""",1.983051697607152e-05,1.719889453077883e-09,"""[[3.6269426e-05]]""","""[[0.00010848]]""",NA,NA,NA,NA,NA,NA,NA
1952,1.9765599063248374e-05,"""[9.869594]""","""[0.9998568]""",1.9786271877819672e-05,5.218257825845285e-09,"""[[1.0523945e-05]]""","""[[-7.990748e-06]]""",NA,NA,NA,NA,NA,NA,NA
1953,1.9750970750465058e-05,"""[9.869297]""","""[0.99992]""",1.9760973373195156e-05,2.199917581435784e-09,"""[[1.0415912e-05]]""","""[[5.9105456e-05]]""",NA,NA,NA,NA,NA,NA,NA
1954,1.9749091734411195e-05,"""[9.869239]""","""[0.9999325]""",1.9757058907998726e-05,1.6118368861839372e-09,"""[[3.601238e-05]]""","""[[4.6007335e-05]]""",NA,NA,NA,NA,NA,NA,NA
1955,1.9742228687391616e-05,"""[9.869611]""","""[0.99985373]""",1.9763810996664688e-05,5.470635500159915e-09,"""[[-1.0311604e-05]]""","""[[9.071082e-06]]""",NA,NA,NA,NA,NA,NA,NA
1956,1.9762916053878143e-05,"""[9.869019]""","""[0.99997956]""",1.977263491426129e-05,1.2463471366075396e-09,"""[[4.774332e-05]]""","""[[8.379668e-05]]""",NA,NA,NA,NA,NA,NA,NA
1957,1.9742567019420676e-05,"""[9.869721]""","""[0.9998306]""",1.9771605366258882e-05,7.255315903620385e-09,"""[[-1.237914e-05]]""","""[[-1.3824552e-05]]""",NA,NA,NA,NA,NA,NA,NA
1958,1.975351187866181e-05,"""[9.869037]""","""[0.9999761]""",1.976344719878398e-05,1.3426394440685385e-09,"""[[3.9115548e-05]]""","""[[8.850917e-05]]""",NA,NA,NA,NA,NA,NA,NA
1959,1.9721252101589926e-05,"""[9.8696]""","""[0.99985623]""",1.9741939468076453e-05,5.246416634463458e-09,"""[[3.3676624e-06]]""","""[[-2.566725e-06]]""",NA,NA,NA,NA,NA,NA,NA
1960,1.9715233065653592e-05,"""[9.869233]""","""[0.9999343]""",1.972412792383693e-05,1.7717218803170454e-09,"""[[1.8585473e-05]]""","""[[6.508082e-05]]""",NA,NA,NA,NA,NA,NA,NA
1961,1.9705170416273177e-05,"""[9.869365]""","""[0.99990606]""",1.9715433154487982e-05,2.4569879464308997e-09,"""[[2.572313e-05]]""","""[[2.785772e-05]]""",NA,NA,NA,NA,NA,NA,NA
1962,1.9694371076184325e-05,"""[9.869463]""","""[0.99988556]""",1.9708597392309457e-05,3.554698313479321e-09,"""[[-1.6354024e-06]]""","""[[3.3572316e-05]]""",NA,NA,NA,NA,NA,NA,NA
1963,1.9697556126629934e-05,"""[9.869173]""","""[0.999947]""",1.9705190425156616e-05,1.3294737533087186e-09,"""[[4.067272e-05]]""","""[[5.631894e-05]]""",NA,NA,NA,NA,NA,NA,NA
1964,1.9686900486703962e-05,"""[9.8695965]""","""[0.99985677]""",1.970763878489379e-05,5.257701385374958e-09,"""[[-9.9129975e-06]]""","""[[1.1213124e-05]]""",NA,NA,NA,NA,NA,NA,NA
1965,1.969846744032111e-05,"""[9.869107]""","""[0.9999609]""",1.9706678358488716e-05,1.2285087391816774e-09,"""[[4.2054802e-05]]""","""[[7.009134e-05]]""",NA,NA,NA,NA,NA,NA,NA
1966,1.967412572412286e-05,"""[9.869589]""","""[0.9998583]""",1.969427103176713e-05,5.121732815638325e-09,"""[[-4.1499734e-06]]""","""[[7.5288117e-06]]""",NA,NA,NA,NA,NA,NA,NA
1967,1.9676079318742268e-05,"""[9.869176]""","""[0.99994576]""",1.9684199287439696e-05,1.4544387916259893e-09,"""[[3.075227e-05]]""","""[[6.5054744e-05]]""",NA,NA,NA,NA,NA,NA,NA
1968,1.965542833204381e-05,"""[9.869464]""","""[0.9998846]""",1.9669276298373006e-05,3.486484212444907e-09,"""[[1.1764467e-05]]""","""[[1.9881874e-05]]""",NA,NA,NA,NA,NA,NA,NA
1969,1.9652899936772883e-05,"""[9.869328]""","""[0.99991363]""",1.9662888007587753e-05,2.2989512515891875e-09,"""[[1.4256686e-05]]""","""[[4.8223883e-05]]""",NA,NA,NA,NA,NA,NA,NA
1970,1.9646271539386362e-05,"""[9.869307]""","""[0.9999177]""",1.9655339201563038e-05,2.054071801538271e-09,"""[[2.7768314e-05]]""","""[[3.9000064e-05]]""",NA,NA,NA,NA,NA,NA,NA
1971,1.9642249753815122e-05,"""[9.869468]""","""[0.9998834]""",1.9656772565213032e-05,3.645226565041071e-09,"""[[3.2782555e-07]]""","""[[3.04766e-05]]""",NA,NA,NA,NA,NA,NA,NA
1972,1.9642682673293166e-05,"""[9.869197]""","""[0.99994093]""",1.9650480680866167e-05,1.4490126876154363e-09,"""[[3.766641e-05]]""","""[[5.3759664e-05]]""",NA,NA,NA,NA,NA,NA,NA
1973,1.9633052943390794e-05,"""[9.8695345]""","""[0.9998691]""",1.965063165698666e-05,4.452536117582895e-09,"""[[-4.9620867e-06]]""","""[[2.0515174e-05]]""",NA,NA,NA,NA,NA,NA,NA
1974,1.963312206498813e-05,"""[9.86918]""","""[0.9999447]""",1.9640974642243236e-05,1.4029591932640528e-09,"""[[3.7156045e-05]]""","""[[5.8420002e-05]]""",NA,NA,NA,NA,NA,NA,NA
1975,1.9615541532402858e-05,"""[9.869509]""","""[0.9998747]""",1.9631685063359328e-05,4.090897842701224e-09,"""[[2.6077032e-07]]""","""[[2.1114945e-05]]""",NA,NA,NA,NA,NA,NA,NA
1976,1.961529051186517e-05,"""[9.869241]""","""[0.9999315]""",1.962366332008969e-05,1.6984199602276817e-09,"""[[2.8524548e-05]]""","""[[5.3554773e-05]]""",NA,NA,NA,NA,NA,NA,NA
1977,1.9603976397775114e-05,"""[9.869422]""","""[0.9998933]""",1.9616356439655647e-05,3.068220122415255e-09,"""[[1.1727214e-05]]""","""[[2.9291958e-05]]""",NA,NA,NA,NA,NA,NA,NA
1978,1.9599607185227796e-05,"""[9.869337]""","""[0.9999113]""",1.9609626178862527e-05,2.336627114019052e-09,"""[[1.694262e-05]]""","""[[4.3198466e-05]]""",NA,NA,NA,NA,NA,NA,NA
1979,1.9594883269746788e-05,"""[9.8693285]""","""[0.9999132]""",1.9604478438850492e-05,2.2180663972193315e-09,"""[[2.2932887e-05]]""","""[[3.9204955e-05]]""",NA,NA,NA,NA,NA,NA,NA
1980,1.9587352653616108e-05,"""[9.869422]""","""[0.99989337]""",1.9599920051405206e-05,3.110017798846343e-09,"""[[6.9253147e-06]]""","""[[3.390014e-05]]""",NA,NA,NA,NA,NA,NA,NA
1981,1.9585457266657613e-05,"""[9.869263]""","""[0.9999275]""",1.9593815522966906e-05,1.7642350913504856e-09,"""[[3.0022115e-05]]""","""[[4.6934932e-05]]""",NA,NA,NA,NA,NA,NA,NA
1982,1.957511449290905e-05,"""[9.869466]""","""[0.9998842]""",1.9589355360949412e-05,3.577634188900447e-09,"""[[2.540648e-06]]""","""[[2.8651208e-05]]""",NA,NA,NA,NA,NA,NA,NA
1983,1.957224048965145e-05,"""[9.869242]""","""[0.9999319]""",1.9580338630476035e-05,1.6549200898552385e-09,"""[[3.182143e-05]]""","""[[4.94197e-05]]""",NA,NA,NA,NA,NA,NA,NA
1984,1.9564218746381812e-05,"""[9.869464]""","""[0.9998848]""",1.957829954335466e-05,3.5397147435389797e-09,"""[[3.3527613e-06]]""","""[[2.8181821e-05]]""",NA,NA,NA,NA,NA,NA,NA
1985,1.955991865543183e-05,"""[9.8692665]""","""[0.9999267]""",1.9568355128285475e-05,1.794901005602867e-09,"""[[2.8282404e-05]]""","""[[4.7542155e-05]]""",NA,NA,NA,NA,NA,NA,NA
1986,1.9548497220966965e-05,"""[9.869422]""","""[0.9998939]""",1.956087362486869e-05,3.0630116221175285e-09,"""[[8.456409e-06]]""","""[[3.2402575e-05]]""",NA,NA,NA,NA,NA,NA,NA
1987,1.9547205738490447e-05,"""[9.869321]""","""[0.9999154]""",1.9556606275727972e-05,2.149128874862072e-09,"""[[2.2221357e-05]]""","""[[4.1879714e-05]]""",NA,NA,NA,NA,NA,NA,NA
1988,1.9541457731975242e-05,"""[9.869364]""","""[0.99990624]""",1.9551975128706545e-05,2.519979336312872e-09,"""[[1.4889985e-05]]""","""[[3.8791448e-05]]""",NA,NA,NA,NA,NA,NA,NA
1989,1.953285936906468e-05,"""[9.869377]""","""[0.9999037]""",1.9543647795217112e-05,2.6006321540705812e-09,"""[[1.6119331e-05]]""","""[[3.534183e-05]]""",NA,NA,NA,NA,NA,NA,NA
1990,1.953090941242408e-05,"""[9.869315]""","""[0.9999167]""",1.95402553799795e-05,2.1322748011698422e-09,"""[[2.015382e-05]]""","""[[4.4692308e-05]]""",NA,NA,NA,NA,NA,NA,NA
1991,1.9522100046742707e-05,"""[9.869416]""","""[0.99989516]""",1.9534159946488217e-05,2.982871505352591e-09,"""[[1.1727214e-05]]""","""[[3.0487776e-05]]""",NA,NA,NA,NA,NA,NA,NA
1992,1.951585909409914e-05,"""[9.869287]""","""[0.99992275]""",1.952468119270634e-05,1.9339017054420538e-09,"""[[2.3648143e-05]]""","""[[4.791096e-05]]""",NA,NA,NA,NA,NA,NA,NA
1993,1.951015838130843e-05,"""[9.869431]""","""[0.99989223]""",1.9522729417076334e-05,3.12622749909508e-09,"""[[9.808689e-06]]""","""[[2.9325485e-05]]""",NA,NA,NA,NA,NA,NA,NA
1994,1.9505712771206163e-05,"""[9.869285]""","""[0.99992317]""",1.9514456653269008e-05,1.9150656616062633e-09,"""[[2.4165958e-05]]""","""[[4.7516078e-05]]""",NA,NA,NA,NA,NA,NA,NA
1995,1.949443503690418e-05,"""[9.869422]""","""[0.99989414]""",1.950668047356885e-05,3.0385585159109496e-09,"""[[1.019612e-05]]""","""[[3.056228e-05]]""",NA,NA,NA,NA,NA,NA,NA
1996,1.9494616935844533e-05,"""[9.869304]""","""[0.9999194]""",1.9503650037222542e-05,2.0283288382216824e-09,"""[[2.258271e-05]]""","""[[4.5049936e-05]]""",NA,NA,NA,NA,NA,NA,NA
1997,1.948339195223525e-05,"""[9.869398]""","""[0.99989927]""",1.949486613739282e-05,2.8055746614796817e-09,"""[[1.1984259e-05]]""","""[[3.4417957e-05]]""",NA,NA,NA,NA,NA,NA,NA
1998,1.948279168573208e-05,"""[9.869329]""","""[0.99991375]""",1.9492339561111294e-05,2.213246030891014e-09,"""[[2.0518899e-05]]""","""[[4.1112304e-05]]""",NA,NA,NA,NA,NA,NA,NA
1999,1.9471845007501543e-05,"""[9.8693695]""","""[0.99990547]""",1.948245699168183e-05,2.547699384791713e-09,"""[[1.4126301e-05]]""","""[[3.8396567e-05]]""",NA,NA,NA,NA,NA,NA,NA
