epoch,DE,E,I,loss,mse_odd_even_sol,val_DE,val_E,val_I,val_loss,val_mse_odd_even_sol
0,0.056946173310279846,"""[41.813995]""","""[5.3537176e-05]""",42.81388854980469,0.9760782122612,NA,NA,NA,NA,NA
1,0.25323617458343506,"""[11.437839]""","""[0.00063079747]""",12.436577796936035,0.9339917898178101,NA,NA,NA,NA,NA
2,0.23547926545143127,"""[11.751082]""","""[0.0013680544]""",12.748348236083984,0.9136171936988831,NA,NA,NA,NA,NA
3,0.38023245334625244,"""[11.060448]""","""[0.0026095323]""",12.055234909057617,0.8879966139793396,NA,NA,NA,NA,NA
4,0.3253147006034851,"""[9.210948]""","""[0.004059631]""",10.202845573425293,0.8626362681388855,NA,NA,NA,NA,NA
5,0.28623202443122864,"""[8.1096525]""","""[0.0056928457]""",9.098299026489258,0.8394841551780701,NA,NA,NA,NA,NA
6,0.34905463457107544,"""[7.610984]""","""[0.007439865]""",8.596159934997559,0.8189888000488281,NA,NA,NA,NA,NA
7,0.509783148765564,"""[7.430475]""","""[0.009230906]""",8.41209888458252,0.8010013699531555,NA,NA,NA,NA,NA
8,0.7346065044403076,"""[7.395238]""","""[0.011015342]""",8.37332820892334,0.7851881384849548,NA,NA,NA,NA,NA
9,0.9875514507293701,"""[7.4168754]""","""[0.012762254]""",8.39151382446289,0.7711920142173767,NA,NA,NA,NA,NA
10,1.2391856908798218,"""[7.4525266]""","""[0.0144557245]""",8.423824310302734,0.7586891651153564,NA,NA,NA,NA,NA
11,1.4684098958969116,"""[7.4826245]""","""[0.016089916]""",8.450703620910645,0.7474057078361511,NA,NA,NA,NA,NA
12,1.6620858907699585,"""[7.499743]""","""[0.017665068]""",8.46472454071045,0.7371193766593933,NA,NA,NA,NA,NA
13,1.8139581680297852,"""[7.502908]""","""[0.019184548]""",8.4649076461792,0.7276568412780762,NA,NA,NA,NA,NA
14,1.9233049154281616,"""[7.494471]""","""[0.020652842]""",8.453592300415039,0.7188868522644043,NA,NA,NA,NA,NA
15,1.993498682975769,"""[7.4782314]""","""[0.022074232]""",8.4345703125,0.7107127904891968,NA,NA,NA,NA,NA
16,2.030607223510742,"""[7.4582567]""","""[0.023452085]""",8.41190242767334,0.7030653953552246,NA,NA,NA,NA,NA
17,2.042128801345825,"""[7.438164]""","""[0.024788508]""",8.389202117919922,0.6958955526351929,NA,NA,NA,NA,NA
18,2.035936117172241,"""[7.4207015]""","""[0.02608434]""",8.369213104248047,0.6891677975654602,NA,NA,NA,NA,NA
19,2.0194571018218994,"""[7.4076076]""","""[0.027339248]""",8.353676795959473,0.6828560829162598,NA,NA,NA,NA,NA
20,1.999120831489563,"""[7.3996086]""","""[0.028552055]""",8.3433198928833,0.6769393682479858,NA,NA,NA,NA,NA
21,1.980043649673462,"""[7.396561]""","""[0.029721009]""",8.33800220489502,0.6713989973068237,NA,NA,NA,NA,NA
22,1.965940237045288,"""[7.397667]""","""[0.030844148]""",8.336930274963379,0.6662167906761169,NA,NA,NA,NA,NA
23,1.9592126607894897,"""[7.40171]""","""[0.031919636]""",8.338890075683594,0.6613742113113403,NA,NA,NA,NA,NA
24,1.9611679315567017,"""[7.4073095]""","""[0.032946046]""",8.34250259399414,0.6568517088890076,NA,NA,NA,NA,NA
25,1.9723132848739624,"""[7.4131355]""","""[0.033922624]""",8.346441268920898,0.6526287198066711,NA,NA,NA,NA,NA
26,1.9926576614379883,"""[7.4180875]""","""[0.034849465]""",8.349602699279785,0.648683488368988,NA,NA,NA,NA,NA
27,2.0219767093658447,"""[7.421402]""","""[0.035727605]""",8.35122299194336,0.6449943780899048,NA,NA,NA,NA,NA
28,2.0600006580352783,"""[7.4226995]""","""[0.036559034]""",8.35091781616211,0.6415389776229858,NA,NA,NA,NA,NA
29,2.106505870819092,"""[7.421963]""","""[0.037346657]""",8.348664283752441,0.6382952332496643,NA,NA,NA,NA,NA
30,2.1613152027130127,"""[7.4194846]""","""[0.038094167]""",8.344747543334961,0.6352414488792419,NA,NA,NA,NA,NA
31,2.2242305278778076,"""[7.4157577]""","""[0.03880592]""",8.339652061462402,0.6323558688163757,NA,NA,NA,NA,NA
32,2.2949230670928955,"""[7.411372]""","""[0.039486796]""",8.33395767211914,0.6296169757843018,NA,NA,NA,NA,NA
33,2.372823476791382,"""[7.406922]""","""[0.040142015]""",8.328248977661133,0.6270036101341248,NA,NA,NA,NA,NA
34,2.457034111022949,"""[7.4029083]""","""[0.040777028]""",8.323017120361328,0.6244944334030151,NA,NA,NA,NA,NA
35,2.5462844371795654,"""[7.3996964]""","""[0.04139735]""",8.318614959716797,0.6220682263374329,NA,NA,NA,NA,NA
36,2.638948440551758,"""[7.3974795]""","""[0.042008467]""",8.315227508544922,0.6197041869163513,NA,NA,NA,NA,NA
37,2.7331128120422363,"""[7.396285]""","""[0.042615704]""",8.312870025634766,0.617381751537323,NA,NA,NA,NA,NA
38,2.8266899585723877,"""[7.3960032]""","""[0.043224104]""",8.311423301696777,0.6150814890861511,NA,NA,NA,NA,NA
39,2.9175608158111572,"""[7.396414]""","""[0.043838397]""",8.31065845489502,0.612785279750824,NA,NA,NA,NA,NA
40,3.003732919692993,"""[7.397253]""","""[0.04446283]""",8.310304641723633,0.6104766726493835,NA,NA,NA,NA,NA
41,3.0834848880767822,"""[7.398242]""","""[0.045101214]""",8.310073852539062,0.6081414222717285,NA,NA,NA,NA,NA
42,3.1554884910583496,"""[7.3991466]""","""[0.045756746]""",8.30972671508789,0.6057677865028381,NA,NA,NA,NA,NA
43,3.2188992500305176,"""[7.399785]""","""[0.04643212]""",8.309076309204102,0.6033465266227722,NA,NA,NA,NA,NA
44,3.273393154144287,"""[7.4000616]""","""[0.047129378]""",8.308024406433105,0.6008714437484741,NA,NA,NA,NA,NA
45,3.3191702365875244,"""[7.3999586]""","""[0.047849998]""",8.306548118591309,0.5983386039733887,NA,NA,NA,NA,NA
46,3.3569071292877197,"""[7.3995247]""","""[0.048594877]""",8.304696083068848,0.5957469344139099,NA,NA,NA,NA,NA
47,3.3876845836639404,"""[7.3988576]""","""[0.0493644]""",8.302565574645996,0.5930970907211304,NA,NA,NA,NA,NA
48,3.412888526916504,"""[7.3980765]""","""[0.05015848]""",8.300275802612305,0.5903918147087097,NA,NA,NA,NA,NA
49,3.4340972900390625,"""[7.3973083]""","""[0.0509766]""",8.297953605651855,0.5876346826553345,NA,NA,NA,NA,NA
50,3.4529786109924316,"""[7.3966537]""","""[0.051817957]""",8.295702934265137,0.584830641746521,NA,NA,NA,NA,NA
51,3.471186637878418,"""[7.3961864]""","""[0.052681513]""",8.293598175048828,0.5819846987724304,NA,NA,NA,NA,NA
52,3.490285634994507,"""[7.3959374]""","""[0.0535661]""",8.291674613952637,0.5791019797325134,NA,NA,NA,NA,NA
53,3.5116851329803467,"""[7.3959017]""","""[0.054470576]""",8.28992748260498,0.576187252998352,NA,NA,NA,NA,NA
54,3.53660249710083,"""[7.3960457]""","""[0.055393856]""",8.288326263427734,0.5732444524765015,NA,NA,NA,NA,NA
55,3.5660433769226074,"""[7.396311]""","""[0.05633509]""",8.28681468963623,0.5702770352363586,NA,NA,NA,NA,NA
56,3.6007981300354004,"""[7.3966293]""","""[0.05729371]""",8.285324096679688,0.567287027835846,NA,NA,NA,NA,NA
57,3.641446828842163,"""[7.3969383]""","""[0.058269538]""",8.283794403076172,0.5642752647399902,NA,NA,NA,NA,NA
58,3.6883749961853027,"""[7.397186]""","""[0.059262853]""",8.282172203063965,0.5612414479255676,NA,NA,NA,NA,NA
59,3.7417867183685303,"""[7.3973403]""","""[0.06027438]""",8.280424118041992,0.5581839680671692,NA,NA,NA,NA,NA
60,3.8017218112945557,"""[7.397385]""","""[0.061305396]""",8.278532981872559,0.5551000833511353,NA,NA,NA,NA,NA
61,3.868067741394043,"""[7.397327]""","""[0.062357686]""",8.27649974822998,0.5519855618476868,NA,NA,NA,NA,NA
62,3.940572738647461,"""[7.397181]""","""[0.06343355]""",8.274337768554688,0.5488353967666626,NA,NA,NA,NA,NA
63,4.018861770629883,"""[7.3969812]""","""[0.06453568]""",8.272074699401855,0.5456435084342957,NA,NA,NA,NA,NA
64,4.102447032928467,"""[7.396756]""","""[0.065667264]""",8.269733428955078,0.5424030423164368,NA,NA,NA,NA,NA
65,4.190749645233154,"""[7.396537]""","""[0.06683176]""",8.267339706420898,0.5391067862510681,NA,NA,NA,NA,NA
66,4.283121109008789,"""[7.396347]""","""[0.06803294]""",8.264909744262695,0.5357468128204346,NA,NA,NA,NA,NA
67,4.37887716293335,"""[7.3961997]""","""[0.069274776]""",8.262449264526367,0.5323153734207153,NA,NA,NA,NA,NA
68,4.477324962615967,"""[7.396102]""","""[0.07056136]""",8.259958267211914,0.5288046002388,NA,NA,NA,NA,NA
69,4.577805042266846,"""[7.3960495]""","""[0.071896866]""",8.257425308227539,0.525206983089447,NA,NA,NA,NA,NA
70,4.679722785949707,"""[7.3960357]""","""[0.07328543]""",8.25483512878418,0.5215154886245728,NA,NA,NA,NA,NA
71,4.782588481903076,"""[7.396046]""","""[0.07473121]""",8.252168655395508,0.5177236795425415,NA,NA,NA,NA,NA
72,4.886044502258301,"""[7.396073]""","""[0.076238185]""",8.249408721923828,0.5138257145881653,NA,NA,NA,NA,NA
73,4.989888668060303,"""[7.3961062]""","""[0.077810265]""",8.246540069580078,0.5098168253898621,NA,NA,NA,NA,NA
74,5.094084739685059,"""[7.3961377]""","""[0.07945125]""",8.243547439575195,0.5056926608085632,NA,NA,NA,NA,NA
75,5.198774337768555,"""[7.3961663]""","""[0.08116475]""",8.240424156188965,0.50145024061203,NA,NA,NA,NA,NA
76,5.304262638092041,"""[7.3961945]""","""[0.082954265]""",8.237167358398438,0.4970867931842804,NA,NA,NA,NA,NA
77,5.4110107421875,"""[7.396226]""","""[0.08482326]""",8.233774185180664,0.4926004409790039,NA,NA,NA,NA,NA
78,5.519610404968262,"""[7.3962646]""","""[0.086775094]""",8.230244636535645,0.4879899322986603,NA,NA,NA,NA,NA
79,5.630763053894043,"""[7.3963203]""","""[0.088813156]""",8.226581573486328,0.48325401544570923,NA,NA,NA,NA,NA
80,5.7452497482299805,"""[7.3963923]""","""[0.09094092]""",8.222780227661133,0.4783921539783478,NA,NA,NA,NA,NA
81,5.863898754119873,"""[7.396483]""","""[0.09316206]""",8.21883773803711,0.4734034836292267,NA,NA,NA,NA,NA
82,5.987566947937012,"""[7.3965974]""","""[0.095480405]""",8.214753150939941,0.46828708052635193,NA,NA,NA,NA,NA
83,6.1171040534973145,"""[7.396728]""","""[0.09790023]""",8.210512161254883,0.463041752576828,NA,NA,NA,NA,NA
84,6.253343105316162,"""[7.39687]""","""[0.100426234]""",8.206103324890137,0.4576658308506012,NA,NA,NA,NA,NA
85,6.3970746994018555,"""[7.397022]""","""[0.10306364]""",8.201517105102539,0.4521571397781372,NA,NA,NA,NA,NA
86,6.549039840698242,"""[7.3971753]""","""[0.10581838]""",8.196736335754395,0.4465126693248749,NA,NA,NA,NA,NA
87,6.709918975830078,"""[7.3973293]""","""[0.10869705]""",8.191750526428223,0.44072896242141724,NA,NA,NA,NA,NA
88,6.880334854125977,"""[7.3974767]""","""[0.11170719]""",8.186540603637695,0.43480148911476135,NA,NA,NA,NA,NA
89,7.060844898223877,"""[7.397619]""","""[0.11485713]""",8.181097030639648,0.4287252426147461,NA,NA,NA,NA,NA
90,7.251946449279785,"""[7.397756]""","""[0.11815628]""",8.17540454864502,0.4224943220615387,NA,NA,NA,NA,NA
91,7.454092502593994,"""[7.3978896]""","""[0.12161506]""",8.169449806213379,0.4161021411418915,NA,NA,NA,NA,NA
92,7.66768741607666,"""[7.3980227]""","""[0.12524508]""",8.16321849822998,0.40954163670539856,NA,NA,NA,NA,NA
93,7.893113613128662,"""[7.3981614]""","""[0.12905896]""",8.156700134277344,0.4028051793575287,NA,NA,NA,NA,NA
94,8.130739212036133,"""[7.3983083]""","""[0.13307069]""",8.149874687194824,0.3958848714828491,NA,NA,NA,NA,NA
95,8.380946159362793,"""[7.398469]""","""[0.13729544]""",8.142727851867676,0.388772577047348,NA,NA,NA,NA,NA
96,8.644132614135742,"""[7.398647]""","""[0.14174968]""",8.13524055480957,0.3814600110054016,NA,NA,NA,NA,NA
97,8.920761108398438,"""[7.3988485]""","""[0.14645122]""",8.12739372253418,0.3739391565322876,NA,NA,NA,NA,NA
98,9.211358070373535,"""[7.3990755]""","""[0.15141928]""",8.11916446685791,0.3662022054195404,NA,NA,NA,NA,NA
99,9.516550064086914,"""[7.399333]""","""[0.15667453]""",8.110530853271484,0.3582416772842407,NA,NA,NA,NA,NA
100,9.837077140808105,"""[7.3996253]""","""[0.16223918]""",8.101468086242676,0.35005080699920654,NA,NA,NA,NA,NA
101,10.173824310302734,"""[7.3999567]""","""[0.16813698]""",8.09195327758789,0.34162333607673645,NA,NA,NA,NA,NA
102,10.527824401855469,"""[7.400329]""","""[0.17439352]""",8.081954956054688,0.3329540193080902,NA,NA,NA,NA,NA
103,10.900287628173828,"""[7.4007487]""","""[0.18103611]""",8.071450233459473,0.3240385353565216,NA,NA,NA,NA,NA
104,11.292598724365234,"""[7.4012213]""","""[0.18809392]""",8.060412406921387,0.31487366557121277,NA,NA,NA,NA,NA
105,11.706337928771973,"""[7.4017467]""","""[0.1955985]""",8.048809051513672,0.3054574131965637,NA,NA,NA,NA,NA
106,12.143279075622559,"""[7.4023337]""","""[0.20358329]""",8.036613464355469,0.29578930139541626,NA,NA,NA,NA,NA
107,12.605390548706055,"""[7.402986]""","""[0.2120843]""",8.023797035217285,0.28587019443511963,NA,NA,NA,NA,NA
108,13.094836235046387,"""[7.4037104]""","""[0.22114]""",8.010333061218262,0.27570298314094543,NA,NA,NA,NA,NA
109,13.613982200622559,"""[7.4045105]""","""[0.23079166]""",7.99619197845459,0.2652922570705414,NA,NA,NA,NA,NA
110,14.165374755859375,"""[7.405391]""","""[0.24108323]""",7.9813456535339355,0.2546449303627014,NA,NA,NA,NA,NA
111,14.751744270324707,"""[7.4063573]""","""[0.25206164]""",7.965769290924072,0.24377042055130005,NA,NA,NA,NA,NA
112,15.376002311706543,"""[7.407418]""","""[0.2637767]""",7.949442386627197,0.23268087208271027,NA,NA,NA,NA,NA
113,16.04123306274414,"""[7.40858]""","""[0.27628103]""",7.93234920501709,0.22139181196689606,NA,NA,NA,NA,NA
114,16.750682830810547,"""[7.4098496]""","""[0.2896303]""",7.914474964141846,0.20992211997509003,NA,NA,NA,NA,NA
115,17.50774383544922,"""[7.411236]""","""[0.30388236]""",7.895815372467041,0.1982949823141098,NA,NA,NA,NA,NA
116,18.31595802307129,"""[7.412748]""","""[0.31909713]""",7.876376628875732,0.18653808534145355,NA,NA,NA,NA,NA
117,19.17898941040039,"""[7.414396]""","""[0.33533594]""",7.856173992156982,0.17468412220478058,NA,NA,NA,NA,NA
118,20.10060691833496,"""[7.416192]""","""[0.3526604]""",7.835240364074707,0.1627713441848755,NA,NA,NA,NA,NA
119,21.084672927856445,"""[7.4181466]""","""[0.37113115]""",7.81362247467041,0.15084396302700043,NA,NA,NA,NA,NA
120,22.13507843017578,"""[7.420274]""","""[0.39080632]""",7.791390895843506,0.13895246386528015,NA,NA,NA,NA,NA
121,23.255735397338867,"""[7.422581]""","""[0.41173914]""",7.768631935119629,0.12715372443199158,NA,NA,NA,NA,NA
122,24.45047378540039,"""[7.4250836]""","""[0.4339755]""",7.745467185974121,0.11551108211278915,NA,NA,NA,NA,NA
123,25.723007202148438,"""[7.4277887]""","""[0.45755056]""",7.722040176391602,0.10409381985664368,NA,NA,NA,NA,NA
124,27.076772689819336,"""[7.4307027]""","""[0.48248497]""",7.698524475097656,0.09297661483287811,NA,NA,NA,NA,NA
125,28.514873504638672,"""[7.4338293]""","""[0.5087808]""",7.675125598907471,0.08223829418420792,NA,NA,NA,NA,NA
126,30.039833068847656,"""[7.4371667]""","""[0.53641593]""",7.652076721191406,0.0719602033495903,NA,NA,NA,NA,NA
127,31.653440475463867,"""[7.4407067]""","""[0.5653395]""",7.629636287689209,0.06222410500049591,NA,NA,NA,NA,NA
128,33.35646438598633,"""[7.4444385]""","""[0.59546584]""",7.608086585998535,0.0531092993915081,NA,NA,NA,NA,NA
129,35.14839172363281,"""[7.4483385]""","""[0.6266694]""",7.587714195251465,0.04468942806124687,NA,NA,NA,NA,NA
130,37.02705383300781,"""[7.452375]""","""[0.65878016]""",7.568805694580078,0.037028804421424866,NA,NA,NA,NA,NA
131,38.98822784423828,"""[7.4565086]""","""[0.6915793]""",7.551631927490234,0.030178701505064964,NA,NA,NA,NA,NA
132,41.0252571105957,"""[7.460691]""","""[0.7247981]""",7.536427021026611,0.0241734366863966,NA,NA,NA,NA,NA
133,43.128570556640625,"""[7.464865]""","""[0.75811774]""",7.523372173309326,0.019027240574359894,NA,NA,NA,NA,NA
134,45.285343170166016,"""[7.468968]""","""[0.79117453]""",7.512576103210449,0.01473161019384861,NA,NA,NA,NA,NA
135,47.4790153503418,"""[7.472929]""","""[0.823566]""",7.504057884216309,0.011254381388425827,NA,NA,NA,NA,NA
136,49.68915557861328,"""[7.4766846]""","""[0.8548635]""",7.497749328613281,0.008540051989257336,NA,NA,NA,NA,NA
137,51.891273498535156,"""[7.4801645]""","""[0.8846281]""",7.493475437164307,0.00651217857375741,NA,NA,NA,NA,NA
138,54.056983947753906,"""[7.4833083]""","""[0.91242945]""",7.490976810455322,0.005077560432255268,NA,NA,NA,NA,NA
139,56.154361724853516,"""[7.4860663]""","""[0.93786675]""",7.489926815032959,0.004132054280489683,NA,NA,NA,NA,NA
140,58.14875030517578,"""[7.488394]""","""[0.96058995]""",7.4899468421936035,0.0035673913080245256,NA,NA,NA,NA,NA
141,60.003822326660156,"""[7.490261]""","""[0.98032033]""",7.49064826965332,0.003278314135968685,NA,NA,NA,NA,NA
142,61.68312454223633,"""[7.4916472]""","""[0.9968652]""",7.491657257080078,0.0031691722106188536,NA,NA,NA,NA,NA
143,63.15192413330078,"""[7.492537]""","""[1.0101283]""",7.492639541625977,0.0031591402366757393,NA,NA,NA,NA,NA
144,64.37924194335938,"""[7.4929233]""","""[1.0201126]""",7.493327617645264,0.0031855457928031683,NA,NA,NA,NA,NA
145,65.34002685546875,"""[7.4928017]""","""[1.0269167]""",7.493525981903076,0.003205021843314171,NA,NA,NA,NA,NA
146,66.0171127319336,"""[7.492177]""","""[1.0307242]""",7.493121147155762,0.0031926357187330723,NA,NA,NA,NA,NA
147,66.40269470214844,"""[7.491055]""","""[1.0317895]""",7.4920654296875,0.0031393645331263542,NA,NA,NA,NA,NA
148,66.49935150146484,"""[7.489458]""","""[1.0304189]""",7.490383625030518,0.003048527054488659,NA,NA,NA,NA,NA
149,66.32002258300781,"""[7.487415]""","""[1.026952]""",7.488141059875488,0.002931763883680105,NA,NA,NA,NA,NA
150,65.88742065429688,"""[7.4849787]""","""[1.0217428]""",7.4854512214660645,0.002805169438943267,NA,NA,NA,NA,NA
151,65.23249816894531,"""[7.4822145]""","""[1.0151432]""",7.482443809509277,0.0026859596837311983,NA,NA,NA,NA,NA
152,64.39244842529297,"""[7.4792013]""","""[1.0074906]""",7.479257583618164,0.002589923795312643,NA,NA,NA,NA,NA
153,63.408321380615234,"""[7.4760327]""","""[0.99909717]""",7.476033687591553,0.0025296893436461687,NA,NA,NA,NA,NA
154,62.32258605957031,"""[7.472805]""","""[0.9902433]""",7.472900390625,0.002513810293748975,NA,NA,NA,NA,NA
155,61.17692947387695,"""[7.4696097]""","""[0.9811751]""",7.469964027404785,0.002546482952311635,NA,NA,NA,NA,NA
156,60.01028823852539,"""[7.466527]""","""[0.9721036]""",7.4673051834106445,0.0026277643628418446,NA,NA,NA,NA,NA
157,58.857479095458984,"""[7.463621]""","""[0.9632058]""",7.464974880218506,0.002754110610112548,NA,NA,NA,NA,NA
158,57.748291015625,"""[7.460935]""","""[0.9546281]""",7.462993621826172,0.002919095568358898,NA,NA,NA,NA,NA
159,56.707000732421875,"""[7.4584894]""","""[0.9464895]""",7.461352825164795,0.0031141946092247963,NA,NA,NA,NA,NA
160,55.752357482910156,"""[7.456287]""","""[0.93888575]""",7.46002197265625,0.0033295846078544855,NA,NA,NA,NA,NA
161,54.89793014526367,"""[7.4543166]""","""[0.9318922]""",7.45895528793335,0.003554844530299306,NA,NA,NA,NA,NA
162,54.15248107910156,"""[7.4525495]""","""[0.9255694]""",7.458089351654053,0.0037795882672071457,NA,NA,NA,NA,NA
163,53.52068328857422,"""[7.450963]""","""[0.9199633]""",7.457368850708008,0.0039939903654158115,NA,NA,NA,NA,NA
164,53.00361251831055,"""[7.4495306]""","""[0.91510874]""",7.456737041473389,0.004189223516732454,NA,NA,NA,NA,NA
165,52.59943771362305,"""[7.448226]""","""[0.9110315]""",7.456141471862793,0.004357731435447931,NA,NA,NA,NA,NA
166,52.30388259887695,"""[7.447037]""","""[0.9077479]""",7.45554780960083,0.004493493586778641,NA,NA,NA,NA,NA
167,52.11073303222656,"""[7.445951]""","""[0.90526664]""",7.454925537109375,0.004592144396156073,NA,NA,NA,NA,NA
168,52.012203216552734,"""[7.444962]""","""[0.90358734]""",7.454257488250732,0.004651048220694065,NA,NA,NA,NA,NA
169,51.99931716918945,"""[7.444074]""","""[0.9027012]""",7.453541278839111,0.004669280722737312,NA,NA,NA,NA,NA
170,52.06214904785156,"""[7.4432845]""","""[0.90258974]""",7.452773094177246,0.004647620487958193,NA,NA,NA,NA,NA
171,52.19028854370117,"""[7.4425974]""","""[0.9032254]""",7.451962471008301,0.004588352516293526,NA,NA,NA,NA,NA
172,52.37297821044922,"""[7.4420104]""","""[0.90456885]""",7.451117515563965,0.004495169967412949,NA,NA,NA,NA,NA
173,52.599483489990234,"""[7.44152]""","""[0.90657127]""",7.450249195098877,0.004372878465801477,NA,NA,NA,NA,NA
174,52.85939025878906,"""[7.441119]""","""[0.9091721]""",7.449368953704834,0.004227174911648035,NA,NA,NA,NA,NA
175,53.14286804199219,"""[7.440799]""","""[0.91230065]""",7.448490619659424,0.004064273089170456,NA,NA,NA,NA,NA
176,53.44084930419922,"""[7.440548]""","""[0.915876]""",7.447624683380127,0.0038906121626496315,NA,NA,NA,NA,NA
177,53.74528503417969,"""[7.4403524]""","""[0.91980857]""",7.446783065795898,0.0037124676164239645,NA,NA,NA,NA,NA
178,54.0491943359375,"""[7.4401965]""","""[0.92400265]""",7.445971965789795,0.0035356369335204363,NA,NA,NA,NA,NA
179,54.34673309326172,"""[7.4400706]""","""[0.9283573]""",7.4452033042907715,0.003365156939253211,NA,NA,NA,NA,NA
180,54.633182525634766,"""[7.4399586]""","""[0.93277025]""",7.444478511810303,0.0032050805166363716,NA,NA,NA,NA,NA
181,54.90483474731445,"""[7.439849]""","""[0.9371397]""",7.443800449371338,0.003058381611481309,NA,NA,NA,NA,NA
182,55.1589469909668,"""[7.4397306]""","""[0.9413692]""",7.4431681632995605,0.002926894463598728,NA,NA,NA,NA,NA
183,55.39348220825195,"""[7.439595]""","""[0.94536906]""",7.442579746246338,0.002811404410749674,NA,NA,NA,NA,NA
184,55.6070556640625,"""[7.439431]""","""[0.94906116]""",7.442026138305664,0.002711789682507515,NA,NA,NA,NA,NA
185,55.79872131347656,"""[7.4392343]""","""[0.9523796]""",7.441502094268799,0.0026272418908774853,NA,NA,NA,NA,NA
186,55.96787643432617,"""[7.439]""","""[0.9552741]""",7.441000461578369,0.0025564907118678093,NA,NA,NA,NA,NA
187,56.11411666870117,"""[7.4387236]""","""[0.9577113]""",7.440511703491211,0.0024980343878269196,NA,NA,NA,NA,NA
188,56.237205505371094,"""[7.4384055]""","""[0.9596743]""",7.4400315284729,0.002450337167829275,NA,NA,NA,NA,NA
189,56.3370361328125,"""[7.4380465]""","""[0.9611629]""",7.439554691314697,0.0024119887966662645,NA,NA,NA,NA,NA
190,56.41362762451172,"""[7.4376507]""","""[0.9621931]""",7.439080238342285,0.0023817659821361303,NA,NA,NA,NA,NA
191,56.467140197753906,"""[7.4372187]""","""[0.96279407]""",7.438602924346924,0.002358689671382308,NA,NA,NA,NA,NA
192,56.49797439575195,"""[7.4367566]""","""[0.9630062]""",7.438125133514404,0.0023419810459017754,NA,NA,NA,NA,NA
193,56.50678253173828,"""[7.43627]""","""[0.96287906]""",7.437648296356201,0.002331007504835725,NA,NA,NA,NA,NA
194,56.49455261230469,"""[7.4357657]""","""[0.96246743]""",7.437174320220947,0.002325234701856971,NA,NA,NA,NA,NA
195,56.46266174316406,"""[7.435248]""","""[0.96182877]""",7.436705112457275,0.0023241406306624413,NA,NA,NA,NA,NA
196,56.41288757324219,"""[7.434723]""","""[0.9610213]""",7.43624210357666,0.002327162539586425,NA,NA,NA,NA,NA
197,56.347442626953125,"""[7.4341955]""","""[0.9601006]""",7.435787677764893,0.0023336783051490784,NA,NA,NA,NA,NA
198,56.26895523071289,"""[7.4336715]""","""[0.9591182]""",7.435342788696289,0.00234298687428236,NA,NA,NA,NA,NA
199,56.180362701416016,"""[7.4331536]""","""[0.9581202]""",7.43490743637085,0.0023543150164186954,NA,NA,NA,NA,NA
200,56.084869384765625,"""[7.4326477]""","""[0.95714605]""",7.434484004974365,0.002366859233006835,NA,NA,NA,NA,NA
201,55.985843658447266,"""[7.4321547]""","""[0.9562286]""",7.434070587158203,0.0023797873873263597,NA,NA,NA,NA,NA
202,55.88668441772461,"""[7.4316797]""","""[0.95539355]""",7.433669567108154,0.0023923206608742476,NA,NA,NA,NA,NA
203,55.79066467285156,"""[7.4312224]""","""[0.95465994]""",7.4332780838012695,0.0024037184193730354,NA,NA,NA,NA,NA
204,55.70085144042969,"""[7.4307857]""","""[0.95404065]""",7.432898044586182,0.0024133457336574793,NA,NA,NA,NA,NA
205,55.619964599609375,"""[7.4303665]""","""[0.95354366]""",7.432524681091309,0.0024206710513681173,NA,NA,NA,NA,NA
206,55.55027389526367,"""[7.4299674]""","""[0.9531721]""",7.432160377502441,0.002425283193588257,NA,NA,NA,NA,NA
207,55.493560791015625,"""[7.429585]""","""[0.9529257]""",7.431800842285156,0.002426902763545513,NA,NA,NA,NA,NA
208,55.45098114013672,"""[7.429223]""","""[0.9528013]""",7.431450843811035,0.0024253702722489834,NA,NA,NA,NA,NA
209,55.423179626464844,"""[7.4288745]""","""[0.95279413]""",7.431102752685547,0.0024206507951021194,NA,NA,NA,NA,NA
210,55.41019058227539,"""[7.4285417]""","""[0.95289737]""",7.430760383605957,0.0024128141812980175,NA,NA,NA,NA,NA
211,55.41151809692383,"""[7.428223]""","""[0.95310396]""",7.430422306060791,0.0024020285345613956,NA,NA,NA,NA,NA
212,55.42616653442383,"""[7.427916]""","""[0.95340586]""",7.430087089538574,0.0023885436821728945,NA,NA,NA,NA,NA
213,55.4527473449707,"""[7.42762]""","""[0.9537947]""",7.429754734039307,0.002372665097936988,NA,NA,NA,NA,NA
214,55.48955154418945,"""[7.4273353]""","""[0.9542614]""",7.429427146911621,0.002354759955778718,NA,NA,NA,NA,NA
215,55.534629821777344,"""[7.42706]""","""[0.95479715]""",7.429103374481201,0.0023352201096713543,NA,NA,NA,NA,NA
216,55.5859260559082,"""[7.426795]""","""[0.95539194]""",7.4287848472595215,0.0023144592996686697,NA,NA,NA,NA,NA
217,55.641353607177734,"""[7.4265375]""","""[0.95603585]""",7.428470134735107,0.002292879158630967,NA,NA,NA,NA,NA
218,55.69890213012695,"""[7.4262867]""","""[0.956718]""",7.428160190582275,0.0022708915639668703,NA,NA,NA,NA,NA
219,55.7567253112793,"""[7.426043]""","""[0.9574273]""",7.427855491638184,0.00224886741489172,NA,NA,NA,NA,NA
220,55.813167572021484,"""[7.425803]""","""[0.9581521]""",7.427554607391357,0.002227149670943618,NA,NA,NA,NA,NA
221,55.866859436035156,"""[7.4255686]""","""[0.95888025]""",7.42725944519043,0.002206040546298027,NA,NA,NA,NA,NA
222,55.91670227050781,"""[7.4253345]""","""[0.9595999]""",7.426966667175293,0.00218579126521945,NA,NA,NA,NA,NA
223,55.96192932128906,"""[7.4251037]""","""[0.960299]""",7.426679611206055,0.0021666071843355894,NA,NA,NA,NA,NA
224,56.00202941894531,"""[7.424875]""","""[0.96096647]""",7.426398277282715,0.002148636616766453,NA,NA,NA,NA,NA
225,56.03678894042969,"""[7.4246426]""","""[0.96159226]""",7.426117897033691,0.0021319747902452946,NA,NA,NA,NA,NA
226,56.06620788574219,"""[7.424412]""","""[0.9621675]""",7.425843238830566,0.0021166717633605003,NA,NA,NA,NA,NA
227,56.09046936035156,"""[7.424179]""","""[0.962685]""",7.425571441650391,0.002102734986692667,NA,NA,NA,NA,NA
228,56.109947204589844,"""[7.4239445]""","""[0.9631399]""",7.425302982330322,0.0020901323296129704,NA,NA,NA,NA,NA
229,56.12504959106445,"""[7.4237065]""","""[0.96352905]""",7.425036430358887,0.0020788090769201517,NA,NA,NA,NA,NA
230,56.13628005981445,"""[7.4234676]""","""[0.9638523]""",7.424774169921875,0.0020686713978648186,NA,NA,NA,NA,NA
231,56.144134521484375,"""[7.4232264]""","""[0.964111]""",7.424514293670654,0.002059624530375004,NA,NA,NA,NA,NA
232,56.14911651611328,"""[7.422983]""","""[0.96430933]""",7.424256801605225,0.002051551826298237,NA,NA,NA,NA,NA
233,56.1517219543457,"""[7.422739]""","""[0.9644529]""",7.424002647399902,0.0020443322136998177,NA,NA,NA,NA,NA
234,56.152374267578125,"""[7.422496]""","""[0.96454924]""",7.423752784729004,0.0020378350745886564,NA,NA,NA,NA,NA
235,56.15145492553711,"""[7.4222493]""","""[0.9646068]""",7.423501968383789,0.002031938638538122,NA,NA,NA,NA,NA
236,56.149330139160156,"""[7.422006]""","""[0.96463484]""",7.423256874084473,0.002026511123403907,NA,NA,NA,NA,NA
237,56.146305084228516,"""[7.421763]""","""[0.96464294]""",7.423013210296631,0.0020214286632835865,NA,NA,NA,NA,NA
238,56.14268112182617,"""[7.421522]""","""[0.9646408]""",7.422772407531738,0.0020165657624602318,NA,NA,NA,NA,NA
239,56.13872146606445,"""[7.421283]""","""[0.964637]""",7.4225335121154785,0.0020118127577006817,NA,NA,NA,NA,NA
240,56.134681701660156,"""[7.4210477]""","""[0.96463937]""",7.422297954559326,0.0020070665050297976,NA,NA,NA,NA,NA
241,56.1308479309082,"""[7.4208164]""","""[0.9646549]""",7.422065734863281,0.0020022292155772448,NA,NA,NA,NA,NA
242,56.1274528503418,"""[7.420588]""","""[0.96468896]""",7.421834945678711,0.0019972214940935373,NA,NA,NA,NA,NA
243,56.124752044677734,"""[7.420362]""","""[0.9647457]""",7.421604633331299,0.001991976983845234,NA,NA,NA,NA,NA
244,56.12299346923828,"""[7.420141]""","""[0.9648273]""",7.421378135681152,0.0019864453934133053,NA,NA,NA,NA,NA
245,56.122406005859375,"""[7.419925]""","""[0.96493506]""",7.421154975891113,0.0019805971533060074,NA,NA,NA,NA,NA
246,56.123172760009766,"""[7.419712]""","""[0.96506864]""",7.420932292938232,0.001974409678950906,NA,NA,NA,NA,NA
247,56.125457763671875,"""[7.4195037]""","""[0.9652269]""",7.420712947845459,0.0019678876269608736,NA,NA,NA,NA,NA
248,56.1293830871582,"""[7.419298]""","""[0.9654079]""",7.420494556427002,0.0019610398449003696,NA,NA,NA,NA,NA
249,56.135005950927734,"""[7.419095]""","""[0.96560884]""",7.4202775955200195,0.0019538861233741045,NA,NA,NA,NA,NA
250,56.14228439331055,"""[7.4188952]""","""[0.9658267]""",7.420063018798828,0.001946463598869741,NA,NA,NA,NA,NA
251,56.15116882324219,"""[7.4186983]""","""[0.9660581]""",7.4198503494262695,0.0019388138316571712,NA,NA,NA,NA,NA
252,56.1614990234375,"""[7.4185033]""","""[0.9662996]""",7.4196391105651855,0.001930981525219977,NA,NA,NA,NA,NA
253,56.1731071472168,"""[7.418312]""","""[0.96654826]""",7.419431209564209,0.0019230194156989455,NA,NA,NA,NA,NA
254,56.18571472167969,"""[7.41812]""","""[0.9668012]""",7.419221878051758,0.0019149797735735774,NA,NA,NA,NA,NA
255,56.199039459228516,"""[7.417931]""","""[0.9670555]""",7.419016361236572,0.0019069155678153038,NA,NA,NA,NA,NA
256,56.2127799987793,"""[7.417743]""","""[0.96730906]""",7.418811798095703,0.001898874994367361,NA,NA,NA,NA,NA
257,56.22661590576172,"""[7.417557]""","""[0.9675598]""",7.418609142303467,0.0018909075297415257,NA,NA,NA,NA,NA
258,56.2402458190918,"""[7.4173703]""","""[0.9678063]""",7.418406963348389,0.0018830548506230116,NA,NA,NA,NA,NA
259,56.25336837768555,"""[7.417185]""","""[0.96804714]""",7.418205738067627,0.001875353860668838,NA,NA,NA,NA,NA
260,56.26576232910156,"""[7.417002]""","""[0.96828085]""",7.418008327484131,0.001867837505415082,NA,NA,NA,NA,NA
261,56.27718734741211,"""[7.416818]""","""[0.9685072]""",7.417809963226318,0.0018605266232043505,NA,NA,NA,NA,NA
262,56.28752899169922,"""[7.416635]""","""[0.9687251]""",7.4176130294799805,0.0018534365808591247,NA,NA,NA,NA,NA
263,56.296669006347656,"""[7.4164543]""","""[0.96893394]""",7.41741943359375,0.0018465842586010695,NA,NA,NA,NA,NA
264,56.30459976196289,"""[7.4162726]""","""[0.96913356]""",7.417225360870361,0.0018399649998173118,NA,NA,NA,NA,NA
265,56.311309814453125,"""[7.416093]""","""[0.96932364]""",7.417034149169922,0.0018335763597860932,NA,NA,NA,NA,NA
266,56.316871643066406,"""[7.4159117]""","""[0.9695043]""",7.416841506958008,0.0018274133326485753,NA,NA,NA,NA,NA
267,56.321388244628906,"""[7.4157314]""","""[0.9696752]""",7.416651248931885,0.0018214571755379438,NA,NA,NA,NA,NA
268,56.324974060058594,"""[7.415552]""","""[0.96983683]""",7.416461944580078,0.001815691008232534,NA,NA,NA,NA,NA
269,56.32777786254883,"""[7.4153724]""","""[0.9699898]""",7.41627311706543,0.0018100969027727842,NA,NA,NA,NA,NA
270,56.329952239990234,"""[7.4151936]""","""[0.9701346]""",7.416085720062256,0.0018046465702354908,NA,NA,NA,NA,NA
271,56.33161926269531,"""[7.415016]""","""[0.9702719]""",7.415899753570557,0.0017993253422901034,NA,NA,NA,NA,NA
272,56.332950592041016,"""[7.4148393]""","""[0.9704032]""",7.415715217590332,0.001794098294340074,NA,NA,NA,NA,NA
273,56.33403396606445,"""[7.4146614]""","""[0.9705293]""",7.415529727935791,0.001788957742974162,NA,NA,NA,NA,NA
274,56.33498001098633,"""[7.414485]""","""[0.9706518]""",7.415346145629883,0.0017838678322732449,NA,NA,NA,NA,NA
275,56.33586883544922,"""[7.4143085]""","""[0.9707719]""",7.415163040161133,0.001778814592398703,NA,NA,NA,NA,NA
276,56.33674240112305,"""[7.414133]""","""[0.9708909]""",7.414980411529541,0.0017737863818183541,NA,NA,NA,NA,NA
277,56.337650299072266,"""[7.413959]""","""[0.97101015]""",7.414799213409424,0.0017687648069113493,NA,NA,NA,NA,NA
278,56.338619232177734,"""[7.4137845]""","""[0.97113067]""",7.414618015289307,0.0017637398559600115,NA,NA,NA,NA,NA
279,56.339637756347656,"""[7.413611]""","""[0.9712538]""",7.414437294006348,0.0017587044276297092,NA,NA,NA,NA,NA
280,56.34071731567383,"""[7.4134383]""","""[0.97138]""",7.414257526397705,0.0017536509549245238,NA,NA,NA,NA,NA
281,56.34183120727539,"""[7.4132667]""","""[0.97150993]""",7.414078235626221,0.0017485753633081913,NA,NA,NA,NA,NA
282,56.342979431152344,"""[7.413095]""","""[0.97164387]""",7.413898944854736,0.001743481494486332,NA,NA,NA,NA,NA
283,56.3441162109375,"""[7.412925]""","""[0.9717819]""",7.413721084594727,0.0017383672529831529,NA,NA,NA,NA,NA
284,56.345252990722656,"""[7.4127564]""","""[0.9719236]""",7.413544654846191,0.001733234035782516,NA,NA,NA,NA,NA
285,56.346351623535156,"""[7.412585]""","""[0.9720691]""",7.413364887237549,0.0017280855681747198,NA,NA,NA,NA,NA
286,56.347381591796875,"""[7.4124165]""","""[0.9722171]""",7.413188457489014,0.0017229345394298434,NA,NA,NA,NA,NA
287,56.34833908081055,"""[7.412249]""","""[0.9723671]""",7.413012504577637,0.0017177790869027376,NA,NA,NA,NA,NA
288,56.34919738769531,"""[7.412081]""","""[0.9725188]""",7.412836074829102,0.0017126307357102633,NA,NA,NA,NA,NA
289,56.34992980957031,"""[7.4119124]""","""[0.972671]""",7.412659168243408,0.0017074906500056386,NA,NA,NA,NA,NA
290,56.350502014160156,"""[7.411744]""","""[0.97282314]""",7.412482738494873,0.001702370005659759,NA,NA,NA,NA,NA
291,56.350868225097656,"""[7.4115763]""","""[0.9729742]""",7.412306785583496,0.0016972742741927505,NA,NA,NA,NA,NA
292,56.35100173950195,"""[7.411409]""","""[0.9731237]""",7.412131309509277,0.0016922082286328077,NA,NA,NA,NA,NA
293,56.35087585449219,"""[7.41124]""","""[0.9732714]""",7.411954402923584,0.0016871779225766659,NA,NA,NA,NA,NA
294,56.35041046142578,"""[7.4110723]""","""[0.9734165]""",7.411778926849365,0.0016821882454678416,NA,NA,NA,NA,NA
295,56.349605560302734,"""[7.4109044]""","""[0.9735591]""",7.4116034507751465,0.0016772476956248283,NA,NA,NA,NA,NA
296,56.348388671875,"""[7.4107366]""","""[0.9736988]""",7.411428451538086,0.001672350219450891,NA,NA,NA,NA,NA
297,56.34673309326172,"""[7.410567]""","""[0.9738359]""",7.411251544952393,0.0016675005899742246,NA,NA,NA,NA,NA
298,56.34461975097656,"""[7.410398]""","""[0.97397006]""",7.411075592041016,0.0016627049772068858,NA,NA,NA,NA,NA
299,56.34200668334961,"""[7.4102287]""","""[0.97410166]""",7.410899639129639,0.001657957094721496,NA,NA,NA,NA,NA
300,56.33888244628906,"""[7.410059]""","""[0.97423077]""",7.4107232093811035,0.0016532593872398138,NA,NA,NA,NA,NA
301,56.33525466918945,"""[7.409888]""","""[0.97435784]""",7.410545349121094,0.0016486038221046329,NA,NA,NA,NA,NA
302,56.33110427856445,"""[7.409717]""","""[0.9744826]""",7.4103684425354,0.001643991912715137,NA,NA,NA,NA,NA
303,56.326438903808594,"""[7.409546]""","""[0.97460556]""",7.410190582275391,0.0016394219128414989,NA,NA,NA,NA,NA
304,56.3212890625,"""[7.4093733]""","""[0.974727]""",7.410012245178223,0.001634884043596685,NA,NA,NA,NA,NA
305,56.315650939941406,"""[7.4092]""","""[0.9748469]""",7.409832954406738,0.0016303781885653734,NA,NA,NA,NA,NA
306,56.309566497802734,"""[7.4090276]""","""[0.97496545]""",7.409654140472412,0.0016258953837677836,NA,NA,NA,NA,NA
307,56.30303192138672,"""[7.4088526]""","""[0.9750832]""",7.409473419189453,0.0016214316710829735,NA,NA,NA,NA,NA
308,56.29609298706055,"""[7.408678]""","""[0.97519976]""",7.409293174743652,0.0016169851878657937,NA,NA,NA,NA,NA
309,56.28874206542969,"""[7.4085026]""","""[0.97531563]""",7.409111976623535,0.0016125497641041875,NA,NA,NA,NA,NA
310,56.281002044677734,"""[7.408327]""","""[0.9754309]""",7.408930778503418,0.0016081207431852818,NA,NA,NA,NA,NA
311,56.272884368896484,"""[7.4081492]""","""[0.9755459]""",7.40874719619751,0.0016036942834034562,NA,NA,NA,NA,NA
312,56.264373779296875,"""[7.407971]""","""[0.97566056]""",7.408563137054443,0.001599267590790987,NA,NA,NA,NA,NA
313,56.2554817199707,"""[7.407791]""","""[0.9757752]""",7.4083781242370605,0.001594838802702725,NA,NA,NA,NA,NA
314,56.24619674682617,"""[7.407611]""","""[0.9758897]""",7.408192157745361,0.0015904066385701299,NA,NA,NA,NA,NA
315,56.23648452758789,"""[7.407429]""","""[0.9760044]""",7.408005237579346,0.0015859688865020871,NA,NA,NA,NA,NA
316,56.226341247558594,"""[7.407247]""","""[0.9761192]""",7.407817363739014,0.0015815247315913439,NA,NA,NA,NA,NA
317,56.21574401855469,"""[7.407064]""","""[0.9762342]""",7.407628536224365,0.0015770745230838656,NA,NA,NA,NA,NA
318,56.204654693603516,"""[7.4068775]""","""[0.97634965]""",7.407436847686768,0.0015726189594715834,NA,NA,NA,NA,NA
319,56.19306945800781,"""[7.406692]""","""[0.976465]""",7.407246112823486,0.0015681562945246696,NA,NA,NA,NA,NA
320,56.18092346191406,"""[7.4065027]""","""[0.9765807]""",7.407051086425781,0.001563687459565699,NA,NA,NA,NA,NA
321,56.16822814941406,"""[7.406313]""","""[0.9766965]""",7.406856060028076,0.0015592135023325682,NA,NA,NA,NA,NA
322,56.154945373535156,"""[7.406122]""","""[0.976812]""",7.406660079956055,0.0015547322109341621,NA,NA,NA,NA,NA
323,56.14104461669922,"""[7.405928]""","""[0.9769275]""",7.406460285186768,0.0015502481255680323,NA,NA,NA,NA,NA
324,56.12651062011719,"""[7.4057336]""","""[0.9770427]""",7.4062604904174805,0.0015457556582987309,NA,NA,NA,NA,NA
325,56.11130905151367,"""[7.4055367]""","""[0.9771572]""",7.406058311462402,0.0015412596985697746,NA,NA,NA,NA,NA
326,56.09542465209961,"""[7.405337]""","""[0.9772714]""",7.405853271484375,0.0015367540763691068,NA,NA,NA,NA,NA
327,56.078819274902344,"""[7.4051356]""","""[0.97738475]""",7.405647277832031,0.0015322426334023476,NA,NA,NA,NA,NA
328,56.061485290527344,"""[7.4049325]""","""[0.9774972]""",7.4054388999938965,0.0015277222264558077,NA,NA,NA,NA,NA
329,56.04338455200195,"""[7.4047256]""","""[0.97760916]""",7.405226707458496,0.0015231939032673836,NA,NA,NA,NA,NA
330,56.024505615234375,"""[7.4045157]""","""[0.97772014]""",7.405012130737305,0.0015186534728854895,NA,NA,NA,NA,NA
331,56.004798889160156,"""[7.4043045]""","""[0.97783005]""",7.404796123504639,0.0015141022158786654,NA,NA,NA,NA,NA
332,55.9842643737793,"""[7.404092]""","""[0.97793907]""",7.404578685760498,0.001509537105448544,NA,NA,NA,NA,NA
333,55.96284484863281,"""[7.403874]""","""[0.9780475]""",7.404356002807617,0.0015049553476274014,NA,NA,NA,NA,NA
334,55.94053268432617,"""[7.4036536]""","""[0.97815514]""",7.404130935668945,0.00150035519618541,NA,NA,NA,NA,NA
335,55.91728210449219,"""[7.40343]""","""[0.9782622]""",7.403902530670166,0.0014957361854612827,NA,NA,NA,NA,NA
336,55.89306640625,"""[7.403204]""","""[0.9783685]""",7.403671741485596,0.0014910951722413301,NA,NA,NA,NA,NA
337,55.867862701416016,"""[7.4029737]""","""[0.97847444]""",7.40343713760376,0.0014864286640658975,NA,NA,NA,NA,NA
338,55.84162139892578,"""[7.40274]""","""[0.9785798]""",7.403198719024658,0.001481732469983399,NA,NA,NA,NA,NA
339,55.8143310546875,"""[7.402502]""","""[0.97868514]""",7.402956485748291,0.0014770079869776964,NA,NA,NA,NA,NA
340,55.78594207763672,"""[7.402261]""","""[0.9787901]""",7.402710437774658,0.0014722489286214113,NA,NA,NA,NA,NA
341,55.75641632080078,"""[7.4020147]""","""[0.9788947]""",7.402460098266602,0.0014674555277451873,NA,NA,NA,NA,NA
342,55.725738525390625,"""[7.4017663]""","""[0.9789992]""",7.402207374572754,0.0014626197516918182,NA,NA,NA,NA,NA
343,55.6938591003418,"""[7.4015107]""","""[0.9791037]""",7.401947498321533,0.001457741716876626,NA,NA,NA,NA,NA
344,55.66073226928711,"""[7.401251]""","""[0.97920793]""",7.401683330535889,0.0014528200263157487,NA,NA,NA,NA,NA
345,55.626312255859375,"""[7.400987]""","""[0.9793122]""",7.4014153480529785,0.0014478472294285893,NA,NA,NA,NA,NA
346,55.59055709838867,"""[7.400718]""","""[0.9794164]""",7.401142120361328,0.0014428236754611135,NA,NA,NA,NA,NA
347,55.55341339111328,"""[7.4004436]""","""[0.97952044]""",7.400863170623779,0.0014377458719536662,NA,NA,NA,NA,NA
348,55.51482391357422,"""[7.4001617]""","""[0.9796247]""",7.400577068328857,0.0014326078817248344,NA,NA,NA,NA,NA
349,55.4747200012207,"""[7.3998756]""","""[0.97972876]""",7.400286674499512,0.001427408424206078,NA,NA,NA,NA,NA
350,55.433048248291016,"""[7.399583]""","""[0.97983277]""",7.399989604949951,0.0014221471501514316,NA,NA,NA,NA,NA
351,55.38973617553711,"""[7.3992834]""","""[0.97993696]""",7.399685859680176,0.0014168163761496544,NA,NA,NA,NA,NA
352,55.3447265625,"""[7.398977]""","""[0.9800411]""",7.399374961853027,0.0014114136574789882,NA,NA,NA,NA,NA
353,55.297916412353516,"""[7.398664]""","""[0.98014516]""",7.3990583419799805,0.0014059379464015365,NA,NA,NA,NA,NA
354,55.24925231933594,"""[7.398342]""","""[0.9802495]""",7.3987321853637695,0.0014003824908286333,NA,NA,NA,NA,NA
355,55.19864273071289,"""[7.3980136]""","""[0.9803536]""",7.398399353027344,0.0013947488041594625,NA,NA,NA,NA,NA
356,55.1460075378418,"""[7.397677]""","""[0.9804579]""",7.398058891296387,0.0013890245463699102,NA,NA,NA,NA,NA
357,55.091243743896484,"""[7.397331]""","""[0.98056215]""",7.397708892822266,0.0013832097174599767,NA,NA,NA,NA,NA
358,55.03426742553711,"""[7.396978]""","""[0.98066634]""",7.3973517417907715,0.001377301523461938,NA,NA,NA,NA,NA
359,54.97499465942383,"""[7.396613]""","""[0.98077077]""",7.396982669830322,0.0013712904183194041,NA,NA,NA,NA,NA
360,54.91328048706055,"""[7.396239]""","""[0.980875]""",7.396604537963867,0.0013651750050485134,NA,NA,NA,NA,NA
361,54.84905242919922,"""[7.395854]""","""[0.98097956]""",7.396215915679932,0.0013589492300525308,NA,NA,NA,NA,NA
362,54.782203674316406,"""[7.3954587]""","""[0.98108405]""",7.395816326141357,0.0013526040129363537,NA,NA,NA,NA,NA
363,54.712581634521484,"""[7.395052]""","""[0.9811887]""",7.3954057693481445,0.0013461357448250055,NA,NA,NA,NA,NA
364,54.64008331298828,"""[7.3946333]""","""[0.9812931]""",7.394983291625977,0.0013395387213677168,NA,NA,NA,NA,NA
365,54.56455993652344,"""[7.3942013]""","""[0.9813981]""",7.394547462463379,0.0013328046770766377,NA,NA,NA,NA,NA
366,54.48588562011719,"""[7.393757]""","""[0.98150295]""",7.394099235534668,0.001325927209109068,NA,NA,NA,NA,NA
367,54.40389633178711,"""[7.3932967]""","""[0.98160845]""",7.393634796142578,0.00131889502517879,NA,NA,NA,NA,NA
368,54.318443298339844,"""[7.392825]""","""[0.9817137]""",7.39315938949585,0.001311708241701126,NA,NA,NA,NA,NA
369,54.229366302490234,"""[7.3923345]""","""[0.98181975]""",7.392664909362793,0.001304353354498744,NA,NA,NA,NA,NA
370,54.136474609375,"""[7.3918295]""","""[0.98192585]""",7.39215612411499,0.0012968223309144378,NA,NA,NA,NA,NA
371,54.03959655761719,"""[7.391307]""","""[0.98203266]""",7.391629695892334,0.0012891063233837485,NA,NA,NA,NA,NA
372,53.93852615356445,"""[7.390766]""","""[0.9821397]""",7.391085147857666,0.0012811966007575393,NA,NA,NA,NA,NA
373,53.83305740356445,"""[7.3902097]""","""[0.9822473]""",7.390524864196777,0.00127308233641088,NA,NA,NA,NA,NA
374,53.72297286987305,"""[7.3896317]""","""[0.9823555]""",7.3899431228637695,0.0012647557305172086,NA,NA,NA,NA,NA
375,53.608055114746094,"""[7.389032]""","""[0.9824645]""",7.389339447021484,0.0012562008341774344,NA,NA,NA,NA,NA
376,53.488037109375,"""[7.3884096]""","""[0.98257434]""",7.388713359832764,0.0012474129907786846,NA,NA,NA,NA,NA
377,53.36268997192383,"""[7.387767]""","""[0.98268473]""",7.38806676864624,0.0012383760185912251,NA,NA,NA,NA,NA
378,53.23173904418945,"""[7.387098]""","""[0.9827963]""",7.387393951416016,0.0012290779268369079,NA,NA,NA,NA,NA
379,53.09488296508789,"""[7.386403]""","""[0.9829086]""",7.386695384979248,0.0012195075396448374,NA,NA,NA,NA,NA
380,52.95183181762695,"""[7.385684]""","""[0.98302203]""",7.385972499847412,0.0012096510035917163,NA,NA,NA,NA,NA
381,52.80226135253906,"""[7.3849354]""","""[0.98313624]""",7.385219573974609,0.0011994957458227873,NA,NA,NA,NA,NA
382,52.645851135253906,"""[7.3841577]""","""[0.9832517]""",7.3844380378723145,0.00118902581743896,NA,NA,NA,NA,NA
383,52.482234954833984,"""[7.383348]""","""[0.9833685]""",7.38362455368042,0.0011782257352024317,NA,NA,NA,NA,NA
384,52.31105041503906,"""[7.382506]""","""[0.9834866]""",7.382778644561768,0.0011670818785205483,NA,NA,NA,NA,NA
385,52.131893157958984,"""[7.3816304]""","""[0.9836061]""",7.381899356842041,0.0011555808596313,NA,NA,NA,NA,NA
386,51.944366455078125,"""[7.380718]""","""[0.9837274]""",7.380982875823975,0.0011437011417001486,NA,NA,NA,NA,NA
387,51.748046875,"""[7.3797674]""","""[0.9838502]""",7.380028247833252,0.0011314296862110496,NA,NA,NA,NA,NA
388,51.54246139526367,"""[7.3787775]""","""[0.9839748]""",7.379034519195557,0.0011187464697286487,NA,NA,NA,NA,NA
389,51.3271598815918,"""[7.377745]""","""[0.9841018]""",7.377997875213623,0.0011056370567530394,NA,NA,NA,NA,NA
390,51.10163879394531,"""[7.376671]""","""[0.98423064]""",7.376919746398926,0.001092084450647235,NA,NA,NA,NA,NA
391,50.865386962890625,"""[7.375548]""","""[0.984362]""",7.375792503356934,0.0010780656011775136,NA,NA,NA,NA,NA
392,50.61787033081055,"""[7.3743773]""","""[0.98449594]""",7.374617576599121,0.0010635642101988196,NA,NA,NA,NA,NA
393,50.35853576660156,"""[7.373157]""","""[0.9846325]""",7.3733930587768555,0.0010485670063644648,NA,NA,NA,NA,NA
394,50.086788177490234,"""[7.3718863]""","""[0.98477185]""",7.37211799621582,0.0010330511722713709,NA,NA,NA,NA,NA
395,49.80205535888672,"""[7.370556]""","""[0.9849148]""",7.37078332901001,0.0010169979650527239,NA,NA,NA,NA,NA
396,49.503700256347656,"""[7.3691697]""","""[0.98506117]""",7.3693928718566895,0.0010003945790231228,NA,NA,NA,NA,NA
397,49.191097259521484,"""[7.3677244]""","""[0.9852111]""",7.367943286895752,0.0009832200594246387,NA,NA,NA,NA,NA
398,48.86359786987305,"""[7.3662157]""","""[0.98536533]""",7.366429805755615,0.0009654632885940373,NA,NA,NA,NA,NA
399,48.520538330078125,"""[7.364644]""","""[0.9855238]""",7.364853382110596,0.0009471073281019926,NA,NA,NA,NA,NA
400,48.161231994628906,"""[7.363004]""","""[0.9856873]""",7.363209247589111,0.0009281386155635118,NA,NA,NA,NA,NA
401,47.78501510620117,"""[7.3612957]""","""[0.9858559]""",7.3614959716796875,0.0009085501078516245,NA,NA,NA,NA,NA
402,47.391197204589844,"""[7.3595147]""","""[0.9860301]""",7.359709739685059,0.0008883289410732687,NA,NA,NA,NA,NA
403,46.979087829589844,"""[7.3576612]""","""[0.9862104]""",7.357851505279541,0.0008674744749441743,NA,NA,NA,NA,NA
404,46.54804992675781,"""[7.3557305]""","""[0.9863973]""",7.355915546417236,0.0008459780365228653,NA,NA,NA,NA,NA
405,46.0974235534668,"""[7.353724]""","""[0.9865911]""",7.353903770446777,0.0008238439331762493,NA,NA,NA,NA,NA
406,45.626583099365234,"""[7.3516383]""","""[0.9867925]""",7.351812839508057,0.0008010789169929922,NA,NA,NA,NA,NA
407,45.134910583496094,"""[7.349473]""","""[0.98700166]""",7.349641799926758,0.0007776886341162026,NA,NA,NA,NA,NA
408,44.62191390991211,"""[7.3472295]""","""[0.98721933]""",7.347393035888672,0.0007536927005276084,NA,NA,NA,NA,NA
409,44.087066650390625,"""[7.344903]""","""[0.98744607]""",7.3450608253479,0.0007291098008863628,NA,NA,NA,NA,NA
410,43.52997970581055,"""[7.3424954]""","""[0.9876821]""",7.342647075653076,0.0007039661868475378,NA,NA,NA,NA,NA
411,42.9503173828125,"""[7.3400097]""","""[0.98792803]""",7.340155601501465,0.000678299053106457,NA,NA,NA,NA,NA
412,42.347869873046875,"""[7.337445]""","""[0.98818415]""",7.337584495544434,0.0006521487375721335,NA,NA,NA,NA,NA
413,41.72251892089844,"""[7.334804]""","""[0.988451]""",7.334937572479248,0.0006255633197724819,NA,NA,NA,NA,NA
414,41.0743293762207,"""[7.3320894]""","""[0.9887287]""",7.332216262817383,0.000598600716330111,NA,NA,NA,NA,NA
415,40.40348815917969,"""[7.3293066]""","""[0.9890173]""",7.329427242279053,0.0005713286809623241,NA,NA,NA,NA,NA
416,39.71037292480469,"""[7.326459]""","""[0.9893171]""",7.326572895050049,0.0005438182270154357,NA,NA,NA,NA,NA
417,38.99559783935547,"""[7.3235545]""","""[0.98962766]""",7.323662281036377,0.0005161535809747875,NA,NA,NA,NA,NA
418,38.25995635986328,"""[7.320596]""","""[0.9899491]""",7.32069730758667,0.000488421821501106,NA,NA,NA,NA,NA
419,37.50452423095703,"""[7.317594]""","""[0.9902809]""",7.317688465118408,0.0004607209702953696,NA,NA,NA,NA,NA
420,36.730628967285156,"""[7.314557]""","""[0.9906221]""",7.314644813537598,0.00043315449147485197,NA,NA,NA,NA,NA
421,35.93986892700195,"""[7.3114977]""","""[0.99097186]""",7.31157922744751,0.00040583257214166224,NA,NA,NA,NA,NA
422,35.13416290283203,"""[7.308424]""","""[0.99132884]""",7.308499336242676,0.00037886708742007613,NA,NA,NA,NA,NA
423,34.315704345703125,"""[7.3053503]""","""[0.9916917]""",7.305419445037842,0.0003523751220200211,NA,NA,NA,NA,NA
424,33.487030029296875,"""[7.302291]""","""[0.99205863]""",7.302353858947754,0.0003264736442361027,NA,NA,NA,NA,NA
425,32.650962829589844,"""[7.299259]""","""[0.9924274]""",7.29931640625,0.00030128000071272254,NA,NA,NA,NA,NA
426,31.810619354248047,"""[7.296271]""","""[0.9927961]""",7.296322822570801,0.00027690891874954104,NA,NA,NA,NA,NA
427,30.969404220581055,"""[7.293343]""","""[0.9931616]""",7.293389797210693,0.00025347081827931106,NA,NA,NA,NA,NA
428,30.130937576293945,"""[7.2904906]""","""[0.9935215]""",7.29053258895874,0.00023107125889509916,NA,NA,NA,NA,NA
429,29.299072265625,"""[7.2877293]""","""[0.99387306]""",7.287766933441162,0.00020980559929739684,NA,NA,NA,NA,NA
430,28.477785110473633,"""[7.2850776]""","""[0.99421275]""",7.285110950469971,0.00018976014689542353,NA,NA,NA,NA,NA
431,27.671142578125,"""[7.282552]""","""[0.99453795]""",7.282581806182861,0.00017101140110753477,NA,NA,NA,NA,NA
432,26.88323211669922,"""[7.280165]""","""[0.9948459]""",7.280191898345947,0.00015361988334916532,NA,NA,NA,NA,NA
433,26.11804962158203,"""[7.2779317]""","""[0.9951343]""",7.277955532073975,0.0001376347354380414,NA,NA,NA,NA,NA
434,25.379440307617188,"""[7.275865]""","""[0.99540085]""",7.275886058807373,0.00012308858276810497,NA,NA,NA,NA,NA
435,24.670984268188477,"""[7.2739744]""","""[0.99564403]""",7.273993492126465,0.00010999920050380751,NA,NA,NA,NA,NA
436,23.99591636657715,"""[7.272266]""","""[0.99586344]""",7.27228307723999,9.836602112045512e-05,NA,NA,NA,NA,NA
437,23.357032775878906,"""[7.270747]""","""[0.99605864]""",7.270762920379639,8.81733067217283e-05,NA,NA,NA,NA,NA
438,22.75665855407715,"""[7.2694173]""","""[0.9962304]""",7.2694315910339355,7.938678027130663e-05,NA,NA,NA,NA,NA
439,22.196483612060547,"""[7.2682767]""","""[0.9963806]""",7.268289566040039,7.195469515863806e-05,NA,NA,NA,NA,NA
440,21.677621841430664,"""[7.2673197]""","""[0.9965117]""",7.267332077026367,6.580795161426067e-05,NA,NA,NA,NA,NA
441,21.200546264648438,"""[7.266536]""","""[0.9966271]""",7.266547679901123,6.086234134272672e-05,NA,NA,NA,NA,NA
442,20.765073776245117,"""[7.265917]""","""[0.9967306]""",7.265927314758301,5.7016983191715553e-05,NA,NA,NA,NA,NA
443,20.370441436767578,"""[7.265445]""","""[0.99682695]""",7.26545524597168,5.4159398132469505e-05,NA,NA,NA,NA,NA
444,20.01530647277832,"""[7.265108]""","""[0.9969203]""",7.265117645263672,5.216553472564556e-05,NA,NA,NA,NA,NA
445,19.697851181030273,"""[7.264882]""","""[0.997016]""",7.264891147613525,5.0904112868011e-05,NA,NA,NA,NA,NA
446,19.41584014892578,"""[7.2647543]""","""[0.997118]""",7.2647624015808105,5.024157871957868e-05,NA,NA,NA,NA,NA
447,19.166770935058594,"""[7.264701]""","""[0.9972304]""",7.264708518981934,5.004551712772809e-05,NA,NA,NA,NA,NA
448,18.947940826416016,"""[7.2647014]""","""[0.99735665]""",7.264708518981934,5.018775846110657e-05,NA,NA,NA,NA,NA
449,18.756555557250977,"""[7.26474]""","""[0.9974984]""",7.264746189117432,5.055172732681967e-05,NA,NA,NA,NA,NA
450,18.58983612060547,"""[7.264799]""","""[0.9976568]""",7.264804840087891,5.1032464398304e-05,NA,NA,NA,NA,NA
451,18.44510841369629,"""[7.2648654]""","""[0.99783146]""",7.2648701667785645,5.154181781108491e-05,NA,NA,NA,NA,NA
452,18.319849014282227,"""[7.2649255]""","""[0.9980204]""",7.264929294586182,5.200899613555521e-05,NA,NA,NA,NA,NA
453,18.211750030517578,"""[7.264969]""","""[0.9982209]""",7.26497220993042,5.2380742999957874e-05,NA,NA,NA,NA,NA
454,18.118722915649414,"""[7.264992]""","""[0.9984289]""",7.2649946212768555,5.262124977889471e-05,NA,NA,NA,NA,NA
455,18.038936614990234,"""[7.264989]""","""[0.99863905]""",7.26499080657959,5.2710565796587616e-05,NA,NA,NA,NA,NA
456,17.970779418945312,"""[7.2649584]""","""[0.99884623]""",7.264959812164307,5.2641331421909854e-05,NA,NA,NA,NA,NA
457,17.912858963012695,"""[7.264899]""","""[0.9990443]""",7.264899730682373,5.241674080025405e-05,NA,NA,NA,NA,NA
458,17.86395263671875,"""[7.264815]""","""[0.9992274]""",7.264815330505371,5.2048853831365705e-05,NA,NA,NA,NA,NA
459,17.82299041748047,"""[7.264708]""","""[0.99939007]""",7.264708518981934,5.1554270612541586e-05,NA,NA,NA,NA,NA
460,17.789005279541016,"""[7.2645826]""","""[0.9995276]""",7.264582633972168,5.095439337310381e-05,NA,NA,NA,NA,NA
461,17.761123657226562,"""[7.264443]""","""[0.9996357]""",7.2644429206848145,5.0271111831534654e-05,NA,NA,NA,NA,NA
462,17.73851776123047,"""[7.2642922]""","""[0.9997117]""",7.264292240142822,4.952780363964848e-05,NA,NA,NA,NA,NA
463,17.72040367126465,"""[7.2641354]""","""[0.99975365]""",7.264135360717773,4.874705700785853e-05,NA,NA,NA,NA,NA
464,17.705997467041016,"""[7.263977]""","""[0.99976057]""",7.26397705078125,4.7951038141036406e-05,NA,NA,NA,NA,NA
465,17.694543838500977,"""[7.2638187]""","""[0.9997333]""",7.263818740844727,4.715858813142404e-05,NA,NA,NA,NA,NA
466,17.685302734375,"""[7.2636642]""","""[0.99967325]""",7.263664245605469,4.6388551709242165e-05,NA,NA,NA,NA,NA
467,17.677539825439453,"""[7.263516]""","""[0.99958247]""",7.263515949249268,4.5655549911316484e-05,NA,NA,NA,NA,NA
468,17.670547485351562,"""[7.2633743]""","""[0.9994642]""",7.2633748054504395,4.497263580560684e-05,NA,NA,NA,NA,NA
469,17.66364288330078,"""[7.2632403]""","""[0.99932224]""",7.263240814208984,4.434915172168985e-05,NA,NA,NA,NA,NA
470,17.65620994567871,"""[7.2631154]""","""[0.99916035]""",7.263115882873535,4.3791242205770686e-05,NA,NA,NA,NA,NA
471,17.647640228271484,"""[7.262999]""","""[0.9989829]""",7.263000011444092,4.3302978156134486e-05,NA,NA,NA,NA,NA
472,17.637420654296875,"""[7.2628903]""","""[0.9987941]""",7.26289176940918,4.288455602363683e-05,NA,NA,NA,NA,NA
473,17.625080108642578,"""[7.262788]""","""[0.99859804]""",7.262789726257324,4.2533902160357684e-05,NA,NA,NA,NA,NA
474,17.6102237701416,"""[7.2626934]""","""[0.9983984]""",7.262695789337158,4.2246869270456955e-05,NA,NA,NA,NA,NA
475,17.5925350189209,"""[7.262604]""","""[0.9981989]""",7.262607574462891,4.2017716623377055e-05,NA,NA,NA,NA,NA
476,17.571752548217773,"""[7.26252]""","""[0.99800223]""",7.262523651123047,4.183925557299517e-05,NA,NA,NA,NA,NA
477,17.547712326049805,"""[7.26244]""","""[0.9978115]""",7.262444972991943,4.170272950432263e-05,NA,NA,NA,NA,NA
478,17.520309448242188,"""[7.2623644]""","""[0.99762815]""",7.2623701095581055,4.16007314925082e-05,NA,NA,NA,NA,NA
479,17.489490509033203,"""[7.2622914]""","""[0.9974549]""",7.262298107147217,4.152352994424291e-05,NA,NA,NA,NA,NA
480,17.45528793334961,"""[7.2622194]""","""[0.9972929]""",7.262226581573486,4.146291394135915e-05,NA,NA,NA,NA,NA
481,17.417760848999023,"""[7.2621493]""","""[0.99714303]""",7.262157440185547,4.141206227359362e-05,NA,NA,NA,NA,NA
482,17.37704086303711,"""[7.262081]""","""[0.99700636]""",7.26209020614624,4.136297502554953e-05,NA,NA,NA,NA,NA
483,17.333297729492188,"""[7.2620115]""","""[0.99688363]""",7.262021064758301,4.130878369323909e-05,NA,NA,NA,NA,NA
484,17.28670310974121,"""[7.261944]""","""[0.99677485]""",7.261954307556152,4.124510451219976e-05,NA,NA,NA,NA,NA
485,17.23749542236328,"""[7.2618747]""","""[0.996681]""",7.261885643005371,4.116598211112432e-05,NA,NA,NA,NA,NA
486,17.185922622680664,"""[7.2618065]""","""[0.99660176]""",7.261817932128906,4.10678876505699e-05,NA,NA,NA,NA,NA
487,17.132225036621094,"""[7.2617373]""","""[0.99653757]""",7.261749267578125,4.0948019886855036e-05,NA,NA,NA,NA,NA
488,17.076663970947266,"""[7.261668]""","""[0.9964885]""",7.261680603027344,4.080337021150626e-05,NA,NA,NA,NA,NA
489,17.01951026916504,"""[7.261599]""","""[0.9964545]""",7.261611461639404,4.0632319723954424e-05,NA,NA,NA,NA,NA
490,16.961021423339844,"""[7.2615275]""","""[0.99643564]""",7.261540412902832,4.04350612370763e-05,NA,NA,NA,NA,NA
491,16.901437759399414,"""[7.2614594]""","""[0.9964313]""",7.261472225189209,4.021089989691973e-05,NA,NA,NA,NA,NA
492,16.841001510620117,"""[7.261388]""","""[0.99644166]""",7.2614006996154785,3.996130544692278e-05,NA,NA,NA,NA,NA
493,16.779935836791992,"""[7.261319]""","""[0.99646586]""",7.261331558227539,3.968779856222682e-05,NA,NA,NA,NA,NA
494,16.718446731567383,"""[7.261247]""","""[0.99650383]""",7.26125955581665,3.939179805456661e-05,NA,NA,NA,NA,NA
495,16.656713485717773,"""[7.2611775]""","""[0.99655414]""",7.2611894607543945,3.9077011024346575e-05,NA,NA,NA,NA,NA
496,16.594898223876953,"""[7.261108]""","""[0.99661624]""",7.261119365692139,3.8746649806853384e-05,NA,NA,NA,NA,NA
497,16.533143997192383,"""[7.2610397]""","""[0.9966889]""",7.261050701141357,3.840329736704007e-05,NA,NA,NA,NA,NA
498,16.471572875976562,"""[7.260972]""","""[0.99677074]""",7.260982513427734,3.805198866757564e-05,NA,NA,NA,NA,NA
499,16.41029167175293,"""[7.260904]""","""[0.9968604]""",7.260913848876953,3.769551040022634e-05,NA,NA,NA,NA,NA
500,16.34937286376953,"""[7.260838]""","""[0.9969563]""",7.260847091674805,3.733761695912108e-05,NA,NA,NA,NA,NA
501,16.288890838623047,"""[7.260771]""","""[0.9970569]""",7.26077938079834,3.698198634083383e-05,NA,NA,NA,NA,NA
502,16.228897094726562,"""[7.2607055]""","""[0.9971602]""",7.260713577270508,3.6631710827350616e-05,NA,NA,NA,NA,NA
503,16.169429779052734,"""[7.260641]""","""[0.9972646]""",7.260648727416992,3.628928607213311e-05,NA,NA,NA,NA,NA
504,16.11050796508789,"""[7.2605767]""","""[0.9973682]""",7.260583877563477,3.5956563806394115e-05,NA,NA,NA,NA,NA
505,16.052156448364258,"""[7.260514]""","""[0.9974695]""",7.260519981384277,3.563591235433705e-05,NA,NA,NA,NA,NA
506,15.99438762664795,"""[7.2604513]""","""[0.997567]""",7.2604570388793945,3.5327786463312805e-05,NA,NA,NA,NA,NA
507,15.937212944030762,"""[7.2603893]""","""[0.99765915]""",7.26039457321167,3.503305197227746e-05,NA,NA,NA,NA,NA
508,15.880627632141113,"""[7.260328]""","""[0.9977451]""",7.260333061218262,3.475178164080717e-05,NA,NA,NA,NA,NA
509,15.824638366699219,"""[7.260267]""","""[0.9978239]""",7.2602715492248535,3.44838117598556e-05,NA,NA,NA,NA,NA
510,15.769251823425293,"""[7.260207]""","""[0.9978946]""",7.26021146774292,3.422822919674218e-05,NA,NA,NA,NA,NA
511,15.714461326599121,"""[7.2601476]""","""[0.997957]""",7.2601518630981445,3.3984870242420584e-05,NA,NA,NA,NA,NA
512,15.660272598266602,"""[7.2600865]""","""[0.9980112]""",7.260090351104736,3.3752690796973184e-05,NA,NA,NA,NA,NA
513,15.606685638427734,"""[7.260026]""","""[0.9980568]""",7.2600297927856445,3.3530377550050616e-05,NA,NA,NA,NA,NA
514,15.553692817687988,"""[7.2599688]""","""[0.9980941]""",7.25997257232666,3.3317726774839684e-05,NA,NA,NA,NA,NA
515,15.501302719116211,"""[7.2599106]""","""[0.9981242]""",7.259913921356201,3.311270847916603e-05,NA,NA,NA,NA,NA
516,15.449509620666504,"""[7.2598524]""","""[0.9981474]""",7.2598557472229,3.291485700174235e-05,NA,NA,NA,NA,NA
517,15.398303031921387,"""[7.259795]""","""[0.9981647]""",7.259798526763916,3.272279354860075e-05,NA,NA,NA,NA,NA
518,15.347681999206543,"""[7.2597375]""","""[0.99817723]""",7.259740829467773,3.2535561331314966e-05,NA,NA,NA,NA,NA
519,15.29763412475586,"""[7.259679]""","""[0.99818563]""",7.2596821784973145,3.235246185795404e-05,NA,NA,NA,NA,NA
520,15.248141288757324,"""[7.259622]""","""[0.9981909]""",7.259625434875488,3.217256744392216e-05,NA,NA,NA,NA,NA
521,15.199191093444824,"""[7.2595654]""","""[0.9981942]""",7.259568691253662,3.1994884921004996e-05,NA,NA,NA,NA,NA
522,15.150749206542969,"""[7.2595086]""","""[0.9981963]""",7.259511947631836,3.181850115652196e-05,NA,NA,NA,NA,NA
523,15.102787971496582,"""[7.2594514]""","""[0.9981981]""",7.259454727172852,3.1643070542486385e-05,NA,NA,NA,NA,NA
524,15.055278778076172,"""[7.2593956]""","""[0.9982]""",7.259398937225342,3.146828748867847e-05,NA,NA,NA,NA,NA
525,15.008179664611816,"""[7.259341]""","""[0.9982029]""",7.259344100952148,3.129292599624023e-05,NA,NA,NA,NA,NA
526,14.961442947387695,"""[7.2592845]""","""[0.9982072]""",7.2592878341674805,3.1117364414967597e-05,NA,NA,NA,NA,NA
527,14.915031433105469,"""[7.259229]""","""[0.9982133]""",7.259232521057129,3.0941013392293826e-05,NA,NA,NA,NA,NA
528,14.86889362335205,"""[7.2591753]""","""[0.9982209]""",7.259178638458252,3.0764149414608255e-05,NA,NA,NA,NA,NA
529,14.822975158691406,"""[7.2591205]""","""[0.99823064]""",7.259123802185059,3.058679067180492e-05,NA,NA,NA,NA,NA
530,14.777234077453613,"""[7.2590656]""","""[0.9982421]""",7.259068489074707,3.0408697057282552e-05,NA,NA,NA,NA,NA
531,14.731616973876953,"""[7.259012]""","""[0.998255]""",7.259015083312988,3.023053977813106e-05,NA,NA,NA,NA,NA
532,14.686078071594238,"""[7.2589574]""","""[0.9982692]""",7.258960247039795,3.0052364309085533e-05,NA,NA,NA,NA,NA
533,14.6405668258667,"""[7.2589045]""","""[0.9982843]""",7.258907318115234,2.9874801839469e-05,NA,NA,NA,NA,NA
534,14.595040321350098,"""[7.2588506]""","""[0.9983001]""",7.258853435516357,2.9697734134970233e-05,NA,NA,NA,NA,NA
535,14.549452781677246,"""[7.2587976]""","""[0.998316]""",7.258800506591797,2.9522183467634022e-05,NA,NA,NA,NA,NA
536,14.503780364990234,"""[7.258744]""","""[0.9983321]""",7.25874662399292,2.934753501904197e-05,NA,NA,NA,NA,NA
537,14.457986831665039,"""[7.258691]""","""[0.9983477]""",7.258693695068359,2.9174767405493185e-05,NA,NA,NA,NA,NA
538,14.412044525146484,"""[7.2586393]""","""[0.9983625]""",7.258642196655273,2.900398612837307e-05,NA,NA,NA,NA,NA
539,14.365936279296875,"""[7.258587]""","""[0.9983766]""",7.258589744567871,2.8835003831773065e-05,NA,NA,NA,NA,NA
540,14.319650650024414,"""[7.2585344]""","""[0.99838996]""",7.2585368156433105,2.866814065782819e-05,NA,NA,NA,NA,NA
541,14.273179054260254,"""[7.2584825]""","""[0.99840206]""",7.258484840393066,2.8503458452178165e-05,NA,NA,NA,NA,NA
542,14.226511001586914,"""[7.258432]""","""[0.99841297]""",7.258434295654297,2.834065890056081e-05,NA,NA,NA,NA,NA
543,14.179662704467773,"""[7.2583804]""","""[0.99842286]""",7.258382797241211,2.8180265871924348e-05,NA,NA,NA,NA,NA
544,14.132630348205566,"""[7.2583284]""","""[0.99843174]""",7.258330821990967,2.80218300758861e-05,NA,NA,NA,NA,NA
545,14.085432052612305,"""[7.2582774]""","""[0.9984396]""",7.258279800415039,2.78650604741415e-05,NA,NA,NA,NA,NA
546,14.038081169128418,"""[7.258227]""","""[0.9984467]""",7.2582292556762695,2.7709815185517073e-05,NA,NA,NA,NA,NA
547,13.990583419799805,"""[7.258177]""","""[0.99845314]""",7.258179187774658,2.755626519501675e-05,NA,NA,NA,NA,NA
548,13.94296646118164,"""[7.258126]""","""[0.9984592]""",7.2581281661987305,2.7404363208916038e-05,NA,NA,NA,NA,NA
549,13.895244598388672,"""[7.258076]""","""[0.99846506]""",7.258078575134277,2.7253434382146224e-05,NA,NA,NA,NA,NA
550,13.847439765930176,"""[7.2580256]""","""[0.99847096]""",7.258028030395508,2.710348053369671e-05,NA,NA,NA,NA,NA
551,13.79957389831543,"""[7.2579756]""","""[0.99847674]""",7.2579779624938965,2.695473813218996e-05,NA,NA,NA,NA,NA
552,13.751666069030762,"""[7.257926]""","""[0.9984828]""",7.257928371429443,2.6806774258147925e-05,NA,NA,NA,NA,NA
553,13.70373249053955,"""[7.257877]""","""[0.99848914]""",7.257879257202148,2.665930696821306e-05,NA,NA,NA,NA,NA
554,13.655795097351074,"""[7.2578278]""","""[0.99849576]""",7.2578301429748535,2.651267459441442e-05,NA,NA,NA,NA,NA
555,13.607870101928711,"""[7.2577796]""","""[0.9985029]""",7.257781982421875,2.636642602737993e-05,NA,NA,NA,NA,NA
556,13.559964179992676,"""[7.2577305]""","""[0.9985107]""",7.25773286819458,2.622087049530819e-05,NA,NA,NA,NA,NA
557,13.512109756469727,"""[7.2576814]""","""[0.9985189]""",7.257683753967285,2.60757497017039e-05,NA,NA,NA,NA,NA
558,13.464302062988281,"""[7.2576323]""","""[0.9985276]""",7.25763463973999,2.5931229174602777e-05,NA,NA,NA,NA,NA
559,13.416560173034668,"""[7.2575846]""","""[0.99853677]""",7.257586479187012,2.578681960585527e-05,NA,NA,NA,NA,NA
560,13.368878364562988,"""[7.257536]""","""[0.9985462]""",7.257537841796875,2.564334135968238e-05,NA,NA,NA,NA,NA
561,13.321283340454102,"""[7.2574897]""","""[0.99855584]""",7.257491588592529,2.5500268748146482e-05,NA,NA,NA,NA,NA
562,13.273768424987793,"""[7.2574415]""","""[0.9985658]""",7.257443428039551,2.5357770937262103e-05,NA,NA,NA,NA,NA
563,13.226339340209961,"""[7.2573934]""","""[0.99857587]""",7.257395267486572,2.5216000722139142e-05,NA,NA,NA,NA,NA
564,13.179001808166504,"""[7.257348]""","""[0.998586]""",7.257349967956543,2.5074878067243844e-05,NA,NA,NA,NA,NA
565,13.131756782531738,"""[7.2572985]""","""[0.9985962]""",7.25730037689209,2.4934566681622528e-05,NA,NA,NA,NA,NA
566,13.084603309631348,"""[7.2572517]""","""[0.9986059]""",7.257253646850586,2.4794950149953365e-05,NA,NA,NA,NA,NA
567,13.037544250488281,"""[7.2572064]""","""[0.9986155]""",7.257208347320557,2.465608122292906e-05,NA,NA,NA,NA,NA
568,12.990572929382324,"""[7.25716]""","""[0.9986247]""",7.257162094116211,2.4518280042684637e-05,NA,NA,NA,NA,NA
569,12.943700790405273,"""[7.257113]""","""[0.99863356]""",7.257114887237549,2.4381362891290337e-05,NA,NA,NA,NA,NA
570,12.896921157836914,"""[7.2570662]""","""[0.998642]""",7.257068157196045,2.4245025997515768e-05,NA,NA,NA,NA,NA
571,12.850229263305664,"""[7.257021]""","""[0.99865013]""",7.257022857666016,2.4109882360789925e-05,NA,NA,NA,NA,NA
572,12.803637504577637,"""[7.2569747]""","""[0.9986578]""",7.25697660446167,2.3975067961146124e-05,NA,NA,NA,NA,NA
573,12.757136344909668,"""[7.256929]""","""[0.99866515]""",7.256930828094482,2.384129948040936e-05,NA,NA,NA,NA,NA
574,12.710718154907227,"""[7.2568846]""","""[0.99867177]""",7.2568864822387695,2.3708560547675006e-05,NA,NA,NA,NA,NA
575,12.664399147033691,"""[7.2568383]""","""[0.9986783]""",7.256840229034424,2.3576458261231892e-05,NA,NA,NA,NA,NA
576,12.618165016174316,"""[7.256793]""","""[0.99868435]""",7.2567949295043945,2.3444970793207176e-05,NA,NA,NA,NA,NA
577,12.572022438049316,"""[7.2567487]""","""[0.99869]""",7.256750583648682,2.3314563804888166e-05,NA,NA,NA,NA,NA
578,12.525969505310059,"""[7.256704]""","""[0.99869543]""",7.2567057609558105,2.318449696758762e-05,NA,NA,NA,NA,NA
579,12.480001449584961,"""[7.256659]""","""[0.9987006]""",7.2566609382629395,2.3055374185787514e-05,NA,NA,NA,NA,NA
580,12.434122085571289,"""[7.2566147]""","""[0.99870557]""",7.256616592407227,2.2926851670490578e-05,NA,NA,NA,NA,NA
581,12.388330459594727,"""[7.25657]""","""[0.9987105]""",7.256571292877197,2.2798998543294147e-05,NA,NA,NA,NA,NA
582,12.342628479003906,"""[7.256527]""","""[0.99871504]""",7.256528377532959,2.267173294967506e-05,NA,NA,NA,NA,NA
583,12.297008514404297,"""[7.256482]""","""[0.99871993]""",7.256483554840088,2.2545171304955147e-05,NA,NA,NA,NA,NA
584,12.251473426818848,"""[7.256438]""","""[0.99872464]""",7.256439208984375,2.2418918888433836e-05,NA,NA,NA,NA,NA
585,12.206021308898926,"""[7.2563944]""","""[0.9987293]""",7.2563958168029785,2.2293426809483208e-05,NA,NA,NA,NA,NA
586,12.160655975341797,"""[7.2563505]""","""[0.99873394]""",7.256351947784424,2.216847315139603e-05,NA,NA,NA,NA,NA
587,12.115368843078613,"""[7.256307]""","""[0.99873877]""",7.256308555603027,2.2043734134058468e-05,NA,NA,NA,NA,NA
588,12.070162773132324,"""[7.256265]""","""[0.9987435]""",7.2562665939331055,2.1919706341577694e-05,NA,NA,NA,NA,NA
589,12.025035858154297,"""[7.2562222]""","""[0.99874854]""",7.256223678588867,2.1796318833366968e-05,NA,NA,NA,NA,NA
590,11.979979515075684,"""[7.2561793]""","""[0.9987537]""",7.256180763244629,2.1673229639418423e-05,NA,NA,NA,NA,NA
591,11.935001373291016,"""[7.256136]""","""[0.99875903]""",7.256137371063232,2.1550724341068417e-05,NA,NA,NA,NA,NA
592,11.89010238647461,"""[7.2560925]""","""[0.9987646]""",7.256093978881836,2.1428479158203118e-05,NA,NA,NA,NA,NA
593,11.845270156860352,"""[7.2560506]""","""[0.99876994]""",7.256052017211914,2.13070452446118e-05,NA,NA,NA,NA,NA
594,11.800514221191406,"""[7.256009]""","""[0.99877554]""",7.25601053237915,2.118565134878736e-05,NA,NA,NA,NA,NA
595,11.75582504272461,"""[7.2559667]""","""[0.9987814]""",7.25596809387207,2.106495048792567e-05,NA,NA,NA,NA,NA
596,11.711199760437012,"""[7.255924]""","""[0.9987873]""",7.25592565536499,2.094492083415389e-05,NA,NA,NA,NA,NA
597,11.666647911071777,"""[7.2558827]""","""[0.9987933]""",7.255884170532227,2.082512219203636e-05,NA,NA,NA,NA,NA
598,11.622160911560059,"""[7.2558403]""","""[0.99879944]""",7.2558417320251465,2.0705761926365085e-05,NA,NA,NA,NA,NA
599,11.57774543762207,"""[7.2557983]""","""[0.9988056]""",7.255799770355225,2.0587081962730736e-05,NA,NA,NA,NA,NA
600,11.533393859863281,"""[7.2557573]""","""[0.9988117]""",7.255758762359619,2.046882946160622e-05,NA,NA,NA,NA,NA
601,11.489108085632324,"""[7.2557163]""","""[0.99881786]""",7.255717754364014,2.0350869817775674e-05,NA,NA,NA,NA,NA
602,11.444889068603516,"""[7.255675]""","""[0.9988241]""",7.25567626953125,2.0233708710293286e-05,NA,NA,NA,NA,NA
603,11.400735855102539,"""[7.255634]""","""[0.99883044]""",7.2556352615356445,2.0117007807129994e-05,NA,NA,NA,NA,NA
604,11.356647491455078,"""[7.2555933]""","""[0.9988366]""",7.255594730377197,2.000080894504208e-05,NA,NA,NA,NA,NA
605,11.312633514404297,"""[7.2555523]""","""[0.9988429]""",7.255553722381592,1.988485200854484e-05,NA,NA,NA,NA,NA
606,11.268686294555664,"""[7.2555113]""","""[0.9988491]""",7.255512714385986,1.976955172722228e-05,NA,NA,NA,NA,NA
607,11.224808692932129,"""[7.255471]""","""[0.9988554]""",7.255472660064697,1.9654808056657203e-05,NA,NA,NA,NA,NA
608,11.181004524230957,"""[7.2554317]""","""[0.9988617]""",7.255433082580566,1.954049184860196e-05,NA,NA,NA,NA,NA
609,11.137272834777832,"""[7.2553906]""","""[0.99886805]""",7.255392074584961,1.9426430299063213e-05,NA,NA,NA,NA,NA
610,11.093615531921387,"""[7.2553515]""","""[0.9988744]""",7.255352973937988,1.931303268065676e-05,NA,NA,NA,NA,NA
611,11.050031661987305,"""[7.25531]""","""[0.99888086]""",7.255311489105225,1.9199915186618455e-05,NA,NA,NA,NA,NA
612,11.006529808044434,"""[7.2552695]""","""[0.9988875]""",7.255270957946777,1.9087361579295248e-05,NA,NA,NA,NA,NA
613,10.963099479675293,"""[7.255231]""","""[0.99889374]""",7.255232334136963,1.897521360660903e-05,NA,NA,NA,NA,NA
614,10.919747352600098,"""[7.255191]""","""[0.99890023]""",7.255192279815674,1.886345853563398e-05,NA,NA,NA,NA,NA
615,10.87647819519043,"""[7.2551513]""","""[0.99890685]""",7.255152702331543,1.8751890820567496e-05,NA,NA,NA,NA,NA
616,10.83328628540039,"""[7.255112]""","""[0.99891335]""",7.255113124847412,1.864096884673927e-05,NA,NA,NA,NA,NA
617,10.790170669555664,"""[7.255073]""","""[0.9989201]""",7.2550740242004395,1.853054709499702e-05,NA,NA,NA,NA,NA
618,10.747138977050781,"""[7.255034]""","""[0.9989268]""",7.255034923553467,1.8420472770230845e-05,NA,NA,NA,NA,NA
619,10.704185485839844,"""[7.2549944]""","""[0.9989337]""",7.254995346069336,1.831052577472292e-05,NA,NA,NA,NA,NA
620,10.66131591796875,"""[7.2549553]""","""[0.9989406]""",7.254956245422363,1.8201093553216197e-05,NA,NA,NA,NA,NA
621,10.618526458740234,"""[7.2549167]""","""[0.99894726]""",7.254917621612549,1.8092287064064294e-05,NA,NA,NA,NA,NA
622,10.575817108154297,"""[7.2548785]""","""[0.99895424]""",7.254879474639893,1.798367520677857e-05,NA,NA,NA,NA,NA
623,10.533190727233887,"""[7.2548394]""","""[0.99896103]""",7.25484037399292,1.7875314370030537e-05,NA,NA,NA,NA,NA
624,10.490645408630371,"""[7.254801]""","""[0.998968]""",7.2548017501831055,1.7767524695955217e-05,NA,NA,NA,NA,NA
625,10.4481840133667,"""[7.254762]""","""[0.998975]""",7.254763126373291,1.7660115190665238e-05,NA,NA,NA,NA,NA
626,10.405801773071289,"""[7.2547245]""","""[0.9989818]""",7.254725456237793,1.7552987628732808e-05,NA,NA,NA,NA,NA
627,10.363494873046875,"""[7.254686]""","""[0.9989886]""",7.2546868324279785,1.744651672197506e-05,NA,NA,NA,NA,NA
628,10.321271896362305,"""[7.2546473]""","""[0.9989956]""",7.254648208618164,1.7340184058411978e-05,NA,NA,NA,NA,NA
629,10.279129981994629,"""[7.254609]""","""[0.99900246]""",7.254610061645508,1.7234153347089887e-05,NA,NA,NA,NA,NA
630,10.237067222595215,"""[7.2545714]""","""[0.9990092]""",7.25457239151001,1.7128953913925216e-05,NA,NA,NA,NA,NA
631,10.195087432861328,"""[7.2545342]""","""[0.9990158]""",7.25453519821167,1.7023763575707562e-05,NA,NA,NA,NA,NA
632,10.153192520141602,"""[7.2544966]""","""[0.9990224]""",7.254497528076172,1.6919177141971886e-05,NA,NA,NA,NA,NA
633,10.111377716064453,"""[7.2544584]""","""[0.99902904]""",7.254459381103516,1.6815043636597693e-05,NA,NA,NA,NA,NA
634,10.069648742675781,"""[7.25442]""","""[0.9990357]""",7.254420757293701,1.6711030184524134e-05,NA,NA,NA,NA,NA
635,10.028000831604004,"""[7.254384]""","""[0.9990423]""",7.254384994506836,1.6607453289907426e-05,NA,NA,NA,NA,NA
636,9.986435890197754,"""[7.2543454]""","""[0.9990487]""",7.2543463706970215,1.650447302381508e-05,NA,NA,NA,NA,NA
637,9.94495677947998,"""[7.2543087]""","""[0.99905527]""",7.25430965423584,1.6401627362938598e-05,NA,NA,NA,NA,NA
638,9.903558731079102,"""[7.2542725]""","""[0.9990618]""",7.254273414611816,1.629919461265672e-05,NA,NA,NA,NA,NA
639,9.862249374389648,"""[7.2542353]""","""[0.99906826]""",7.254236221313477,1.6197423974517733e-05,NA,NA,NA,NA,NA
640,9.821025848388672,"""[7.2541966]""","""[0.9990751]""",7.254197597503662,1.6095564205897972e-05,NA,NA,NA,NA,NA
641,9.779891014099121,"""[7.2541604]""","""[0.9990818]""",7.254161357879639,1.599412462383043e-05,NA,NA,NA,NA,NA
642,9.738842964172363,"""[7.254124]""","""[0.99908817]""",7.254125118255615,1.589327621331904e-05,NA,NA,NA,NA,NA
643,9.697882652282715,"""[7.254088]""","""[0.9990949]""",7.254088878631592,1.5792542399140075e-05,NA,NA,NA,NA,NA
644,9.657013893127441,"""[7.254051]""","""[0.99910164]""",7.25405216217041,1.56922651513014e-05,NA,NA,NA,NA,NA
645,9.616232872009277,"""[7.254015]""","""[0.99910814]""",7.254015922546387,1.5592311683576554e-05,NA,NA,NA,NA,NA
646,9.575540542602539,"""[7.2539783]""","""[0.9991149]""",7.253979206085205,1.5492798411287367e-05,NA,NA,NA,NA,NA
647,9.534944534301758,"""[7.2539415]""","""[0.99912167]""",7.253942489624023,1.5393368812510744e-05,NA,NA,NA,NA,NA
648,9.49443531036377,"""[7.253906]""","""[0.9991281]""",7.253906726837158,1.5294604963855818e-05,NA,NA,NA,NA,NA
649,9.454021453857422,"""[7.2538705]""","""[0.9991347]""",7.253871440887451,1.5196145795925986e-05,NA,NA,NA,NA,NA
650,9.41369915008545,"""[7.253834]""","""[0.9991416]""",7.2538347244262695,1.5097902178240474e-05,NA,NA,NA,NA,NA
651,9.373470306396484,"""[7.253798]""","""[0.99914813]""",7.253798961639404,1.5000101484474726e-05,NA,NA,NA,NA,NA
652,9.333343505859375,"""[7.253763]""","""[0.99915475]""",7.253763675689697,1.4902743714628741e-05,NA,NA,NA,NA,NA
653,9.293313980102539,"""[7.2537265]""","""[0.99916154]""",7.253726959228516,1.4805446880927775e-05,NA,NA,NA,NA,NA
654,9.253377914428711,"""[7.2536907]""","""[0.99916804]""",7.25369119644165,1.4708702110510785e-05,NA,NA,NA,NA,NA
655,9.213545799255371,"""[7.2536554]""","""[0.99917465]""",7.253655910491943,1.4612338418373838e-05,NA,NA,NA,NA,NA
656,9.173816680908203,"""[7.25362]""","""[0.9991813]""",7.253620624542236,1.4516226656269282e-05,NA,NA,NA,NA,NA
657,9.134185791015625,"""[7.253586]""","""[0.9991876]""",7.253586292266846,1.442080974811688e-05,NA,NA,NA,NA,NA
658,9.094660758972168,"""[7.253549]""","""[0.9991943]""",7.253549575805664,1.432525459676981e-05,NA,NA,NA,NA,NA
659,9.055240631103516,"""[7.253515]""","""[0.9992008]""",7.253515243530273,1.4230177839635871e-05,NA,NA,NA,NA,NA
660,9.015926361083984,"""[7.2534795]""","""[0.9992073]""",7.253479957580566,1.4135729543340858e-05,NA,NA,NA,NA,NA
661,8.976720809936523,"""[7.253445]""","""[0.9992138]""",7.253445625305176,1.404142221872462e-05,NA,NA,NA,NA,NA
662,8.937625885009766,"""[7.253409]""","""[0.9992206]""",7.253409385681152,1.3947424122306984e-05,NA,NA,NA,NA,NA
663,8.898643493652344,"""[7.2533755]""","""[0.99922687]""",7.253376007080078,1.3854120879841503e-05,NA,NA,NA,NA,NA
664,8.85977554321289,"""[7.2533402]""","""[0.99923337]""",7.253340721130371,1.3760651199845597e-05,NA,NA,NA,NA,NA
665,8.821022987365723,"""[7.253305]""","""[0.99923986]""",7.253305435180664,1.3667875464307144e-05,NA,NA,NA,NA,NA
666,8.782386779785156,"""[7.2532716]""","""[0.99924606]""",7.25327205657959,1.3575459888670594e-05,NA,NA,NA,NA,NA
667,8.743868827819824,"""[7.2532377]""","""[0.9992524]""",7.253238201141357,1.3483301700034644e-05,NA,NA,NA,NA,NA
668,8.705471992492676,"""[7.253203]""","""[0.99925894]""",7.253203392028809,1.3391665561357513e-05,NA,NA,NA,NA,NA
669,8.667195320129395,"""[7.2531695]""","""[0.9992653]""",7.253170013427734,1.3300175851327367e-05,NA,NA,NA,NA,NA
670,8.629042625427246,"""[7.2531357]""","""[0.9992717]""",7.253136157989502,1.320917272096267e-05,NA,NA,NA,NA,NA
671,8.591014862060547,"""[7.2531013]""","""[0.99927825]""",7.253101825714111,1.3118579772708472e-05,NA,NA,NA,NA,NA
672,8.553116798400879,"""[7.253067]""","""[0.9992847]""",7.253067493438721,1.302812870562775e-05,NA,NA,NA,NA,NA
673,8.51534652709961,"""[7.253034]""","""[0.9992908]""",7.253034591674805,1.2938351574121043e-05,NA,NA,NA,NA,NA
674,8.477710723876953,"""[7.2530007]""","""[0.9992972]""",7.2530012130737305,1.2848774531448726e-05,NA,NA,NA,NA,NA
675,8.440205574035645,"""[7.252967]""","""[0.9993036]""",7.252967357635498,1.275939303013729e-05,NA,NA,NA,NA,NA
676,8.402837753295898,"""[7.2529335]""","""[0.9993099]""",7.252933979034424,1.2670788237301167e-05,NA,NA,NA,NA,NA
677,8.365607261657715,"""[7.252899]""","""[0.99931645]""",7.252899646759033,1.258218071598094e-05,NA,NA,NA,NA,NA
678,8.328516006469727,"""[7.2528677]""","""[0.99932265]""",7.252868175506592,1.2493988833739422e-05,NA,NA,NA,NA,NA
679,8.2915620803833,"""[7.2528343]""","""[0.99932915]""",7.252834796905518,1.2406205314619001e-05,NA,NA,NA,NA,NA
680,8.254749298095703,"""[7.2528014]""","""[0.9993355]""",7.252801895141602,1.2318970220803749e-05,NA,NA,NA,NA,NA
681,8.218084335327148,"""[7.2527685]""","""[0.9993419]""",7.2527689933776855,1.2232004337420221e-05,NA,NA,NA,NA,NA
682,8.181565284729004,"""[7.2527347]""","""[0.9993482]""",7.252735137939453,1.2145377695560455e-05,NA,NA,NA,NA,NA
683,8.145195960998535,"""[7.2527027]""","""[0.9993543]""",7.2527031898498535,1.2059354048687965e-05,NA,NA,NA,NA,NA
684,8.108975410461426,"""[7.252671]""","""[0.9993604]""",7.252671241760254,1.1973485015914775e-05,NA,NA,NA,NA,NA
685,8.072906494140625,"""[7.252639]""","""[0.9993664]""",7.252639293670654,1.1888210792676546e-05,NA,NA,NA,NA,NA
686,8.036994934082031,"""[7.2526064]""","""[0.99937266]""",7.2526068687438965,1.1803183951997198e-05,NA,NA,NA,NA,NA
687,8.00123405456543,"""[7.2525725]""","""[0.99937874]""",7.252573013305664,1.1718590030795895e-05,NA,NA,NA,NA,NA
688,7.965634822845459,"""[7.2525415]""","""[0.9993848]""",7.252542018890381,1.1634450856945477e-05,NA,NA,NA,NA,NA
689,7.930193901062012,"""[7.2525096]""","""[0.9993908]""",7.252510070800781,1.1550631825230084e-05,NA,NA,NA,NA,NA
690,7.894918918609619,"""[7.2524786]""","""[0.99939674]""",7.252479076385498,1.146742761193309e-05,NA,NA,NA,NA,NA
691,7.859805107116699,"""[7.2524476]""","""[0.9994027]""",7.252448081970215,1.1384469871700276e-05,NA,NA,NA,NA,NA
692,7.824860095977783,"""[7.2524157]""","""[0.99940896]""",7.252416133880615,1.1301836821075995e-05,NA,NA,NA,NA,NA
693,7.79008674621582,"""[7.252384]""","""[0.9994151]""",7.252384662628174,1.121946388593642e-05,NA,NA,NA,NA,NA
694,7.7554802894592285,"""[7.2523537]""","""[0.9994212]""",7.252354145050049,1.11378367364523e-05,NA,NA,NA,NA,NA
695,7.721047878265381,"""[7.2523212]""","""[0.99942744]""",7.252321720123291,1.1056395123887341e-05,NA,NA,NA,NA,NA
696,7.686792373657227,"""[7.2522917]""","""[0.99943346]""",7.252292156219482,1.0975404620694462e-05,NA,NA,NA,NA,NA
697,7.652709484100342,"""[7.252261]""","""[0.99943966]""",7.252261638641357,1.089474608306773e-05,NA,NA,NA,NA,NA
698,7.6188063621521,"""[7.25223]""","""[0.99944586]""",7.252230644226074,1.0814767847477924e-05,NA,NA,NA,NA,NA
699,7.585083484649658,"""[7.2521996]""","""[0.999452]""",7.252200126647949,1.0734892384789418e-05,NA,NA,NA,NA,NA
700,7.55154275894165,"""[7.252168]""","""[0.9994582]""",7.252168655395508,1.0655639925971627e-05,NA,NA,NA,NA,NA
701,7.518185615539551,"""[7.252139]""","""[0.99946415]""",7.252139568328857,1.0576818567642476e-05,NA,NA,NA,NA,NA
702,7.485012054443359,"""[7.2521086]""","""[0.9994702]""",7.252109050750732,1.0498418305360246e-05,NA,NA,NA,NA,NA
703,7.452026844024658,"""[7.2520785]""","""[0.9994764]""",7.252079010009766,1.0420298167446163e-05,NA,NA,NA,NA,NA
704,7.419229507446289,"""[7.252048]""","""[0.99948245]""",7.252048492431641,1.0342697351006791e-05,NA,NA,NA,NA,NA
705,7.386623382568359,"""[7.2520194]""","""[0.9994883]""",7.252019882202148,1.026562040351564e-05,NA,NA,NA,NA,NA
706,7.354207992553711,"""[7.2519894]""","""[0.9994942]""",7.251989841461182,1.0189017302764114e-05,NA,NA,NA,NA,NA
707,7.321988105773926,"""[7.25196]""","""[0.9995001]""",7.251960277557373,1.0112675226991996e-05,NA,NA,NA,NA,NA
708,7.289964199066162,"""[7.251931]""","""[0.9995059]""",7.251931667327881,1.0037008905783296e-05,NA,NA,NA,NA,NA
709,7.258135795593262,"""[7.2519016]""","""[0.9995118]""",7.251901626586914,9.961589057638776e-06,NA,NA,NA,NA,NA
710,7.226506233215332,"""[7.2518735]""","""[0.9995174]""",7.25187349319458,9.886863153951708e-06,NA,NA,NA,NA,NA
711,7.1950788497924805,"""[7.2518444]""","""[0.9995233]""",7.25184440612793,9.812277312448714e-06,NA,NA,NA,NA,NA
712,7.163851737976074,"""[7.2518163]""","""[0.99952924]""",7.251816272735596,9.738306289364118e-06,NA,NA,NA,NA,NA
713,7.1328325271606445,"""[7.2517877]""","""[0.9995352]""",7.2517876625061035,9.664625395089388e-06,NA,NA,NA,NA,NA
714,7.102016448974609,"""[7.25176]""","""[0.999541]""",7.251760005950928,9.591596608515829e-06,NA,NA,NA,NA,NA
715,7.071409225463867,"""[7.251731]""","""[0.9995471]""",7.251730918884277,9.518791557638906e-06,NA,NA,NA,NA,NA
716,7.041010856628418,"""[7.2517033]""","""[0.999553]""",7.251703262329102,9.446481271879748e-06,NA,NA,NA,NA,NA
717,7.0108232498168945,"""[7.2516747]""","""[0.99955904]""",7.251674652099609,9.37462300498737e-06,NA,NA,NA,NA,NA
718,6.980844020843506,"""[7.251648]""","""[0.9995647]""",7.25164794921875,9.303356819145847e-06,NA,NA,NA,NA,NA
719,6.951076030731201,"""[7.2516193]""","""[0.9995708]""",7.251619338989258,9.232477168552577e-06,NA,NA,NA,NA,NA
720,6.9215240478515625,"""[7.2515926]""","""[0.99957645]""",7.251592636108398,9.16192220756784e-06,NA,NA,NA,NA,NA
721,6.892179012298584,"""[7.2515655]""","""[0.99958247]""",7.251565456390381,9.092038453673013e-06,NA,NA,NA,NA,NA
722,6.863055229187012,"""[7.2515388]""","""[0.9995884]""",7.2515387535095215,9.022383892443031e-06,NA,NA,NA,NA,NA
723,6.8341450691223145,"""[7.2515116]""","""[0.9995942]""",7.251511573791504,8.953491487773135e-06,NA,NA,NA,NA,NA
724,6.8054518699646,"""[7.2514853]""","""[0.9996]""",7.251485347747803,8.884898306860123e-06,NA,NA,NA,NA,NA
725,6.776979446411133,"""[7.2514586]""","""[0.99960583]""",7.251458644866943,8.816754416329786e-06,NA,NA,NA,NA,NA
726,6.748724937438965,"""[7.251432]""","""[0.99961156]""",7.251431941986084,8.749148946662899e-06,NA,NA,NA,NA,NA
727,6.720694065093994,"""[7.2514057]""","""[0.9996173]""",7.251405715942383,8.681912731844932e-06,NA,NA,NA,NA,NA
728,6.692879676818848,"""[7.25138]""","""[0.99962276]""",7.25137996673584,8.615188562544063e-06,NA,NA,NA,NA,NA
729,6.665289402008057,"""[7.251354]""","""[0.9996284]""",7.251354217529297,8.5488782133325e-06,NA,NA,NA,NA,NA
730,6.637921333312988,"""[7.2513275]""","""[0.99963415]""",7.2513275146484375,8.483100828016177e-06,NA,NA,NA,NA,NA
731,6.610775947570801,"""[7.2513027]""","""[0.9996397]""",7.251302719116211,8.417863682552706e-06,NA,NA,NA,NA,NA
732,6.5838541984558105,"""[7.251277]""","""[0.99964535]""",7.251276969909668,8.352875738637522e-06,NA,NA,NA,NA,NA
733,6.557157516479492,"""[7.251252]""","""[0.9996509]""",7.251252174377441,8.288595381600317e-06,NA,NA,NA,NA,NA
734,6.530683994293213,"""[7.251227]""","""[0.9996567]""",7.251226902008057,8.224701559811365e-06,NA,NA,NA,NA,NA
735,6.504438877105713,"""[7.251202]""","""[0.99966234]""",7.25120210647583,8.161126061168034e-06,NA,NA,NA,NA,NA
736,6.478422164916992,"""[7.2511773]""","""[0.9996679]""",7.2511773109436035,8.098068065010011e-06,NA,NA,NA,NA,NA
737,6.452630519866943,"""[7.2511535]""","""[0.9996733]""",7.251153469085693,8.035424798435997e-06,NA,NA,NA,NA,NA
738,6.427069664001465,"""[7.2511287]""","""[0.9996789]""",7.251128673553467,7.973373612912837e-06,NA,NA,NA,NA,NA
739,6.401731014251709,"""[7.251104]""","""[0.9996844]""",7.25110387802124,7.91173442848958e-06,NA,NA,NA,NA,NA
740,6.376622200012207,"""[7.25108]""","""[0.99969]""",7.25108003616333,7.850603651604615e-06,NA,NA,NA,NA,NA
741,6.351739883422852,"""[7.2510567]""","""[0.9996955]""",7.251056671142578,7.789930350554641e-06,NA,NA,NA,NA,NA
742,6.327085971832275,"""[7.251033]""","""[0.9997011]""",7.251032829284668,7.72961266193306e-06,NA,NA,NA,NA,NA
743,6.3026604652404785,"""[7.2510085]""","""[0.9997066]""",7.2510085105896,7.669783371966332e-06,NA,NA,NA,NA,NA
744,6.2784647941589355,"""[7.250986]""","""[0.9997119]""",7.250986099243164,7.610450666106772e-06,NA,NA,NA,NA,NA
745,6.254497051239014,"""[7.250963]""","""[0.9997172]""",7.25096321105957,7.551642283942783e-06,NA,NA,NA,NA,NA
746,6.2307562828063965,"""[7.25094]""","""[0.9997226]""",7.250939846038818,7.4932559073204175e-06,NA,NA,NA,NA,NA
747,6.2072434425354,"""[7.2509174]""","""[0.99972796]""",7.250917434692383,7.435302450176096e-06,NA,NA,NA,NA,NA
748,6.183959484100342,"""[7.250895]""","""[0.9997333]""",7.250895023345947,7.377819656539941e-06,NA,NA,NA,NA,NA
749,6.160903453826904,"""[7.2508717]""","""[0.9997388]""",7.250871658325195,7.320764780160971e-06,NA,NA,NA,NA,NA
750,6.1380767822265625,"""[7.2508497]""","""[0.999744]""",7.250849723815918,7.2641314545762725e-06,NA,NA,NA,NA,NA
751,6.115480422973633,"""[7.250828]""","""[0.9997491]""",7.250827789306641,7.208056103991112e-06,NA,NA,NA,NA,NA
752,6.093109130859375,"""[7.250806]""","""[0.9997544]""",7.250805854797363,7.152401394705521e-06,NA,NA,NA,NA,NA
753,6.070967197418213,"""[7.2507854]""","""[0.9997595]""",7.2507853507995605,7.097076831996674e-06,NA,NA,NA,NA,NA
754,6.049052715301514,"""[7.2507625]""","""[0.99976486]""",7.250762462615967,7.042281595204258e-06,NA,NA,NA,NA,NA
755,6.0273637771606445,"""[7.250741]""","""[0.9997702]""",7.250741004943848,6.9880006776656955e-06,NA,NA,NA,NA,NA
756,6.0059027671813965,"""[7.250719]""","""[0.99977547]""",7.25071907043457,6.934053544682683e-06,NA,NA,NA,NA,NA
757,5.984670639038086,"""[7.2506986]""","""[0.99978054]""",7.250698566436768,6.880536147946259e-06,NA,NA,NA,NA,NA
758,5.963660717010498,"""[7.250677]""","""[0.9997856]""",7.250677108764648,6.8275717239885125e-06,NA,NA,NA,NA,NA
759,5.942876815795898,"""[7.250657]""","""[0.99979055]""",7.250657081604004,6.775011570425704e-06,NA,NA,NA,NA,NA
760,5.922317028045654,"""[7.250637]""","""[0.9997956]""",7.250637054443359,6.722872512909817e-06,NA,NA,NA,NA,NA
761,5.901981353759766,"""[7.250616]""","""[0.99980074]""",7.250616073608398,6.671131814073306e-06,NA,NA,NA,NA,NA
762,5.881870746612549,"""[7.250596]""","""[0.9998058]""",7.250596046447754,6.619822670472786e-06,NA,NA,NA,NA,NA
763,5.861982345581055,"""[7.250575]""","""[0.9998109]""",7.250575065612793,6.569015113200294e-06,NA,NA,NA,NA,NA
764,5.8423171043396,"""[7.2505546]""","""[0.99981576]""",7.25055456161499,6.51858090350288e-06,NA,NA,NA,NA,NA
765,5.8228759765625,"""[7.250535]""","""[0.99982053]""",7.250535011291504,6.468560513894772e-06,NA,NA,NA,NA,NA
766,5.803652286529541,"""[7.250516]""","""[0.9998253]""",7.250515937805176,6.419023065973306e-06,NA,NA,NA,NA,NA
767,5.784650802612305,"""[7.2504964]""","""[0.9998299]""",7.2504963874816895,6.369938091665972e-06,NA,NA,NA,NA,NA
768,5.765869617462158,"""[7.250478]""","""[0.9998346]""",7.2504777908325195,6.321190085145645e-06,NA,NA,NA,NA,NA
769,5.7473063468933105,"""[7.2504587]""","""[0.9998394]""",7.250458717346191,6.2729113778914325e-06,NA,NA,NA,NA,NA
770,5.728958606719971,"""[7.2504377]""","""[0.99984443]""",7.2504377365112305,6.225029210327193e-06,NA,NA,NA,NA,NA
771,5.710832118988037,"""[7.25042]""","""[0.999849]""",7.250420093536377,6.177576324262191e-06,NA,NA,NA,NA,NA
772,5.692923545837402,"""[7.2504015]""","""[0.9998536]""",7.250401496887207,6.130468591436511e-06,NA,NA,NA,NA,NA
773,5.675229549407959,"""[7.2503824]""","""[0.9998582]""",7.250382423400879,6.083897460484877e-06,NA,NA,NA,NA,NA
774,5.65775203704834,"""[7.250365]""","""[0.9998627]""",7.250364780426025,6.037503681000089e-06,NA,NA,NA,NA,NA
775,5.64048957824707,"""[7.250345]""","""[0.99986726]""",7.250345230102539,5.991655598336365e-06,NA,NA,NA,NA,NA
776,5.62343692779541,"""[7.2503285]""","""[0.99987155]""",7.250328540802002,5.946228611719562e-06,NA,NA,NA,NA,NA
777,5.606597423553467,"""[7.25031]""","""[0.999876]""",7.250309944152832,5.901124495721888e-06,NA,NA,NA,NA,NA
778,5.589967250823975,"""[7.2502933]""","""[0.9998804]""",7.250293254852295,5.856588359165471e-06,NA,NA,NA,NA,NA
779,5.573548793792725,"""[7.250275]""","""[0.9998851]""",7.250275135040283,5.812302333652042e-06,NA,NA,NA,NA,NA
780,5.557337760925293,"""[7.2502565]""","""[0.9998897]""",7.250256538391113,5.768412847828586e-06,NA,NA,NA,NA,NA
781,5.541336536407471,"""[7.2502403]""","""[0.9998941]""",7.250240325927734,5.724900347559014e-06,NA,NA,NA,NA,NA
782,5.525543689727783,"""[7.250223]""","""[0.9998984]""",7.250223159790039,5.6817266340658534e-06,NA,NA,NA,NA,NA
783,5.5099568367004395,"""[7.2502065]""","""[0.9999025]""",7.250206470489502,5.639042228722246e-06,NA,NA,NA,NA,NA
784,5.4945759773254395,"""[7.250189]""","""[0.9999068]""",7.250188827514648,5.59660975341103e-06,NA,NA,NA,NA,NA
785,5.479395866394043,"""[7.2501726]""","""[0.999911]""",7.2501726150512695,5.554641120397719e-06,NA,NA,NA,NA,NA
786,5.464419364929199,"""[7.2501554]""","""[0.9999152]""",7.250155448913574,5.512999905477045e-06,NA,NA,NA,NA,NA
787,5.449641227722168,"""[7.25014]""","""[0.9999195]""",7.250140190124512,5.471794793265872e-06,NA,NA,NA,NA,NA
788,5.435065746307373,"""[7.2501235]""","""[0.9999235]""",7.250123500823975,5.431013050838374e-06,NA,NA,NA,NA,NA
789,5.420688629150391,"""[7.2501073]""","""[0.99992776]""",7.250107288360596,5.39058237336576e-06,NA,NA,NA,NA,NA
790,5.406513690948486,"""[7.2500906]""","""[0.9999317]""",7.250090599060059,5.35037406734773e-06,NA,NA,NA,NA,NA
791,5.392536163330078,"""[7.250076]""","""[0.9999355]""",7.250075817108154,5.310636879585218e-06,NA,NA,NA,NA,NA
792,5.378754138946533,"""[7.250059]""","""[0.9999394]""",7.250059127807617,5.271109785098815e-06,NA,NA,NA,NA,NA
793,5.365167140960693,"""[7.2500443]""","""[0.9999431]""",7.250044345855713,5.2320451686682645e-06,NA,NA,NA,NA,NA
794,5.351769924163818,"""[7.2500286]""","""[0.99994695]""",7.250028610229492,5.19332752446644e-06,NA,NA,NA,NA,NA
795,5.338564395904541,"""[7.250013]""","""[0.99995095]""",7.2500128746032715,5.155009603186045e-06,NA,NA,NA,NA,NA
796,5.325550556182861,"""[7.2499986]""","""[0.9999546]""",7.249998569488525,5.117054115544306e-06,NA,NA,NA,NA,NA
797,5.312727451324463,"""[7.2499824]""","""[0.99995834]""",7.2499823570251465,5.079296443000203e-06,NA,NA,NA,NA,NA
798,5.300092697143555,"""[7.2499676]""","""[0.9999619]""",7.249967575073242,5.041994882049039e-06,NA,NA,NA,NA,NA
799,5.2876458168029785,"""[7.2499533]""","""[0.9999653]""",7.249953269958496,5.004939339414705e-06,NA,NA,NA,NA,NA
800,5.275384426116943,"""[7.249939]""","""[0.999969]""",7.24993896484375,4.968291705154115e-06,NA,NA,NA,NA,NA
801,5.263308048248291,"""[7.249925]""","""[0.9999724]""",7.249925136566162,4.931924195261672e-06,NA,NA,NA,NA,NA
802,5.251413345336914,"""[7.24991]""","""[0.99997616]""",7.2499098777771,4.895914571534377e-06,NA,NA,NA,NA,NA
803,5.2397003173828125,"""[7.249895]""","""[0.9999799]""",7.249895095825195,4.860281478613615e-06,NA,NA,NA,NA,NA
804,5.22817325592041,"""[7.249882]""","""[0.9999833]""",7.249882221221924,4.82491350339842e-06,NA,NA,NA,NA,NA
805,5.216825485229492,"""[7.2498674]""","""[0.9999869]""",7.2498674392700195,4.789860213350039e-06,NA,NA,NA,NA,NA
806,5.205656051635742,"""[7.2498546]""","""[0.99999017]""",7.249854564666748,4.755072495754575e-06,NA,NA,NA,NA,NA
807,5.194667339324951,"""[7.2498407]""","""[0.9999934]""",7.24984073638916,4.720749529951718e-06,NA,NA,NA,NA,NA
808,5.18385124206543,"""[7.249827]""","""[0.9999967]""",7.249826908111572,4.686550710175652e-06,NA,NA,NA,NA,NA
809,5.173209190368652,"""[7.249813]""","""[1.0000001]""",7.249813079833984,4.652853021980263e-06,NA,NA,NA,NA,NA
810,5.162741184234619,"""[7.2498]""","""[1.0000035]""",7.249800205230713,4.619304036168614e-06,NA,NA,NA,NA,NA
811,5.1524457931518555,"""[7.2497864]""","""[1.0000068]""",7.249786376953125,4.58618296761415e-06,NA,NA,NA,NA,NA
812,5.142319202423096,"""[7.2497725]""","""[1.0000099]""",7.249772548675537,4.553266990114935e-06,NA,NA,NA,NA,NA
813,5.132363796234131,"""[7.24976]""","""[1.000013]""",7.249760150909424,4.520777565630851e-06,NA,NA,NA,NA,NA
814,5.122578144073486,"""[7.2497473]""","""[1.000016]""",7.249747276306152,4.488431841309648e-06,NA,NA,NA,NA,NA
815,5.112955570220947,"""[7.2497354]""","""[1.0000188]""",7.249735355377197,4.4564194467966445e-06,NA,NA,NA,NA,NA
816,5.103501796722412,"""[7.249721]""","""[1.0000218]""",7.249721050262451,4.42472992290277e-06,NA,NA,NA,NA,NA
817,5.094211578369141,"""[7.2497096]""","""[1.0000247]""",7.249709606170654,4.393310973682674e-06,NA,NA,NA,NA,NA
818,5.085084438323975,"""[7.249697]""","""[1.0000275]""",7.249697208404541,4.362201707408531e-06,NA,NA,NA,NA,NA
819,5.076117515563965,"""[7.2496853]""","""[1.0000304]""",7.249685287475586,4.331403033575043e-06,NA,NA,NA,NA,NA
820,5.067312717437744,"""[7.249672]""","""[1.0000333]""",7.249671936035156,4.300833097659051e-06,NA,NA,NA,NA,NA
821,5.058667182922363,"""[7.2496605]""","""[1.0000361]""",7.249660491943359,4.270626050129067e-06,NA,NA,NA,NA,NA
822,5.0501813888549805,"""[7.2496476]""","""[1.000039]""",7.249647617340088,4.240622274664929e-06,NA,NA,NA,NA,NA
823,5.041851997375488,"""[7.249637]""","""[1.0000415]""",7.249637126922607,4.210845872876234e-06,NA,NA,NA,NA,NA
824,5.033679962158203,"""[7.2496243]""","""[1.0000442]""",7.249624252319336,4.181375970802037e-06,NA,NA,NA,NA,NA
825,5.025660037994385,"""[7.249613]""","""[1.0000468]""",7.249612808227539,4.1521670937072486e-06,NA,NA,NA,NA,NA
826,5.017794609069824,"""[7.249602]""","""[1.0000495]""",7.2496018409729,4.123282451473642e-06,NA,NA,NA,NA,NA
827,5.010079860687256,"""[7.2495894]""","""[1.0000522]""",7.249589443206787,4.094601990800584e-06,NA,NA,NA,NA,NA
828,5.002514362335205,"""[7.249579]""","""[1.0000547]""",7.249578952789307,4.066195288032759e-06,NA,NA,NA,NA,NA
829,4.995099067687988,"""[7.249567]""","""[1.0000573]""",7.249567031860352,4.038121915073134e-06,NA,NA,NA,NA,NA
830,4.9878315925598145,"""[7.2495556]""","""[1.0000598]""",7.249555587768555,4.010164502687985e-06,NA,NA,NA,NA,NA
831,4.980710029602051,"""[7.249544]""","""[1.0000623]""",7.249544143676758,3.982549060310703e-06,NA,NA,NA,NA,NA
832,4.973735809326172,"""[7.2495337]""","""[1.0000646]""",7.249533653259277,3.955190550186671e-06,NA,NA,NA,NA,NA
833,4.96690559387207,"""[7.2495213]""","""[1.0000669]""",7.249521255493164,3.9280739656533115e-06,NA,NA,NA,NA,NA
834,4.960219860076904,"""[7.249512]""","""[1.0000689]""",7.249512195587158,3.90117702409043e-06,NA,NA,NA,NA,NA
835,4.953672409057617,"""[7.2495017]""","""[1.0000709]""",7.249501705169678,3.874525191349676e-06,NA,NA,NA,NA,NA
836,4.947266101837158,"""[7.2494907]""","""[1.0000732]""",7.249490737915039,3.848172582365805e-06,NA,NA,NA,NA,NA
837,4.940995693206787,"""[7.2494807]""","""[1.0000755]""",7.249480724334717,3.8220528040255886e-06,NA,NA,NA,NA,NA
838,4.9348649978637695,"""[7.2494693]""","""[1.0000778]""",7.24946928024292,3.796115151999402e-06,NA,NA,NA,NA,NA
839,4.9288740158081055,"""[7.2494583]""","""[1.00008]""",7.249458312988281,3.7704476198996417e-06,NA,NA,NA,NA,NA
840,4.923015594482422,"""[7.249449]""","""[1.0000819]""",7.249448776245117,3.745022013390553e-06,NA,NA,NA,NA,NA
841,4.917293548583984,"""[7.249439]""","""[1.0000839]""",7.249438762664795,3.7197999063209863e-06,NA,NA,NA,NA,NA
842,4.911704063415527,"""[7.2494283]""","""[1.0000858]""",7.2494282722473145,3.6947537864762126e-06,NA,NA,NA,NA,NA
843,4.906245231628418,"""[7.249419]""","""[1.0000877]""",7.249419212341309,3.670027354019112e-06,NA,NA,NA,NA,NA
844,4.900918483734131,"""[7.249409]""","""[1.0000898]""",7.249409198760986,3.6455780900723767e-06,NA,NA,NA,NA,NA
845,4.895718574523926,"""[7.2493978]""","""[1.000092]""",7.2493977546691895,3.621233872763696e-06,NA,NA,NA,NA,NA
846,4.890650272369385,"""[7.2493887]""","""[1.0000939]""",7.249388694763184,3.5972511795989703e-06,NA,NA,NA,NA,NA
847,4.885707378387451,"""[7.2493796]""","""[1.0000956]""",7.249379634857178,3.573352387320483e-06,NA,NA,NA,NA,NA
848,4.880892753601074,"""[7.2493706]""","""[1.0000973]""",7.249370574951172,3.5497278076945804e-06,NA,NA,NA,NA,NA
849,4.8762006759643555,"""[7.249362]""","""[1.000099]""",7.249361991882324,3.5262939945823746e-06,NA,NA,NA,NA,NA
850,4.871633529663086,"""[7.24935]""","""[1.000101]""",7.249350070953369,3.5030775507038925e-06,NA,NA,NA,NA,NA
851,4.867184638977051,"""[7.249341]""","""[1.0001028]""",7.249341011047363,3.4800664252543356e-06,NA,NA,NA,NA,NA
852,4.862858295440674,"""[7.2493334]""","""[1.0001042]""",7.249333381652832,3.4573074572108453e-06,NA,NA,NA,NA,NA
853,4.8586506843566895,"""[7.249323]""","""[1.000106]""",7.249322891235352,3.434754262343631e-06,NA,NA,NA,NA,NA
854,4.8545637130737305,"""[7.2493143]""","""[1.0001075]""",7.249314308166504,3.4123927434848156e-06,NA,NA,NA,NA,NA
855,4.850593090057373,"""[7.249305]""","""[1.0001092]""",7.24930477142334,3.390230176592013e-06,NA,NA,NA,NA,NA
856,4.846740245819092,"""[7.2492957]""","""[1.0001106]""",7.249295711517334,3.36823177349288e-06,NA,NA,NA,NA,NA
857,4.843002796173096,"""[7.2492876]""","""[1.000112]""",7.2492876052856445,3.3464195894339355e-06,NA,NA,NA,NA,NA
858,4.839376449584961,"""[7.2492785]""","""[1.0001134]""",7.249278545379639,3.3248920772166457e-06,NA,NA,NA,NA,NA
859,4.835865020751953,"""[7.24927]""","""[1.0001149]""",7.249269962310791,3.3034664284059545e-06,NA,NA,NA,NA,NA
860,4.8324666023254395,"""[7.2492614]""","""[1.0001163]""",7.249261379241943,3.282385932834586e-06,NA,NA,NA,NA,NA
861,4.829174041748047,"""[7.249253]""","""[1.0001177]""",7.249252796173096,3.261410256527597e-06,NA,NA,NA,NA,NA
862,4.825995445251465,"""[7.249244]""","""[1.0001191]""",7.249244213104248,3.240618752897717e-06,NA,NA,NA,NA,NA
863,4.822922706604004,"""[7.249236]""","""[1.0001204]""",7.249236106872559,3.2200414352701046e-06,NA,NA,NA,NA,NA
864,4.81995964050293,"""[7.249227]""","""[1.0001218]""",7.249227046966553,3.199680577381514e-06,NA,NA,NA,NA,NA
865,4.817101955413818,"""[7.2492194]""","""[1.0001231]""",7.2492194175720215,3.179437953804154e-06,NA,NA,NA,NA,NA
866,4.81434965133667,"""[7.249211]""","""[1.0001243]""",7.249210834503174,3.159405650876579e-06,NA,NA,NA,NA,NA
867,4.811700820922852,"""[7.2492037]""","""[1.0001256]""",7.249203681945801,3.1395943551615346e-06,NA,NA,NA,NA,NA
868,4.809155464172363,"""[7.249194]""","""[1.0001271]""",7.249194145202637,3.119937218798441e-06,NA,NA,NA,NA,NA
869,4.806711673736572,"""[7.2491856]""","""[1.0001283]""",7.249185562133789,3.100469712080667e-06,NA,NA,NA,NA,NA
870,4.804369926452637,"""[7.249179]""","""[1.0001293]""",7.249178886413574,3.0811579563305713e-06,NA,NA,NA,NA,NA
871,4.802125930786133,"""[7.2491693]""","""[1.0001304]""",7.24916934967041,3.0620064990216633e-06,NA,NA,NA,NA,NA
872,4.799983501434326,"""[7.249162]""","""[1.0001314]""",7.249162197113037,3.0430865081143565e-06,NA,NA,NA,NA,NA
873,4.797934055328369,"""[7.249155]""","""[1.0001323]""",7.249155044555664,3.0243140827224124e-06,NA,NA,NA,NA,NA
874,4.795983791351318,"""[7.2491484]""","""[1.0001332]""",7.249148368835449,3.0057040021347348e-06,NA,NA,NA,NA,NA
875,4.794126987457275,"""[7.24914]""","""[1.0001343]""",7.249139785766602,2.98730583381257e-06,NA,NA,NA,NA,NA
876,4.792364597320557,"""[7.2491317]""","""[1.0001353]""",7.249131679534912,2.969085244330927e-06,NA,NA,NA,NA,NA
877,4.790696620941162,"""[7.2491245]""","""[1.0001363]""",7.249124526977539,2.9509549221984344e-06,NA,NA,NA,NA,NA
878,4.789122104644775,"""[7.249118]""","""[1.0001371]""",7.249117851257324,2.9330449251574464e-06,NA,NA,NA,NA,NA
879,4.7876410484313965,"""[7.2491097]""","""[1.000138]""",7.249109745025635,2.915270215453347e-06,NA,NA,NA,NA,NA
880,4.786248683929443,"""[7.249102]""","""[1.000139]""",7.2491021156311035,2.897648982980172e-06,NA,NA,NA,NA,NA
881,4.784948825836182,"""[7.249095]""","""[1.0001398]""",7.2490949630737305,2.880216925404966e-06,NA,NA,NA,NA,NA
882,4.783734321594238,"""[7.2490873]""","""[1.0001407]""",7.249087333679199,2.8629710868699476e-06,NA,NA,NA,NA,NA
883,4.782609462738037,"""[7.2490807]""","""[1.0001414]""",7.249080657958984,2.8458237011363963e-06,NA,NA,NA,NA,NA
884,4.781569004058838,"""[7.2490745]""","""[1.000142]""",7.249074459075928,2.828914375641034e-06,NA,NA,NA,NA,NA
885,4.780614852905273,"""[7.2490673]""","""[1.0001428]""",7.249067306518555,2.812133971019648e-06,NA,NA,NA,NA,NA
886,4.7797441482543945,"""[7.2490597]""","""[1.0001436]""",7.249059677124023,2.7954631605098257e-06,NA,NA,NA,NA,NA
887,4.778957366943359,"""[7.249052]""","""[1.0001444]""",7.249052047729492,2.7789956220658496e-06,NA,NA,NA,NA,NA
888,4.778252124786377,"""[7.249046]""","""[1.0001451]""",7.2490458488464355,2.7626856535789557e-06,NA,NA,NA,NA,NA
889,4.777630805969238,"""[7.24904]""","""[1.0001456]""",7.249040126800537,2.7464648155728355e-06,NA,NA,NA,NA,NA
890,4.777085781097412,"""[7.2490325]""","""[1.0001464]""",7.249032497406006,2.730445885390509e-06,NA,NA,NA,NA,NA
891,4.776620864868164,"""[7.2490253]""","""[1.0001471]""",7.249025344848633,2.714575657591922e-06,NA,NA,NA,NA,NA
892,4.776235103607178,"""[7.2490187]""","""[1.0001478]""",7.249018669128418,2.698868911465979e-06,NA,NA,NA,NA,NA
893,4.775928497314453,"""[7.249012]""","""[1.0001484]""",7.249011993408203,2.683265165615012e-06,NA,NA,NA,NA,NA
894,4.775698661804199,"""[7.249006]""","""[1.0001488]""",7.2490057945251465,2.6678408175939694e-06,NA,NA,NA,NA,NA
895,4.77554178237915,"""[7.249]""","""[1.0001491]""",7.249000072479248,2.6524946861172793e-06,NA,NA,NA,NA,NA
896,4.775461196899414,"""[7.248992]""","""[1.00015]""",7.248991966247559,2.6373718355898745e-06,NA,NA,NA,NA,NA
897,4.775453567504883,"""[7.248986]""","""[1.0001506]""",7.248985767364502,2.622308102218085e-06,NA,NA,NA,NA,NA
898,4.775522232055664,"""[7.2489796]""","""[1.0001508]""",7.248979568481445,2.607445821922738e-06,NA,NA,NA,NA,NA
899,4.775660037994385,"""[7.248973]""","""[1.0001514]""",7.2489728927612305,2.5927431579475524e-06,NA,NA,NA,NA,NA
900,4.775868892669678,"""[7.2489667]""","""[1.0001516]""",7.248966693878174,2.5781182557693683e-06,NA,NA,NA,NA,NA
901,4.77615213394165,"""[7.248962]""","""[1.0001519]""",7.248961925506592,2.5636136342654936e-06,NA,NA,NA,NA,NA
902,4.776503086090088,"""[7.248956]""","""[1.0001523]""",7.248956203460693,2.549303417254123e-06,NA,NA,NA,NA,NA
903,4.776922702789307,"""[7.2489495]""","""[1.0001527]""",7.2489495277404785,2.5350882424390875e-06,NA,NA,NA,NA,NA
904,4.77741003036499,"""[7.2489424]""","""[1.0001533]""",7.2489423751831055,2.521042233638582e-06,NA,NA,NA,NA,NA
905,4.777965545654297,"""[7.2489367]""","""[1.0001538]""",7.248936653137207,2.5070683022931917e-06,NA,NA,NA,NA,NA
906,4.7785868644714355,"""[7.24893]""","""[1.000154]""",7.248929977416992,2.4932617179729277e-06,NA,NA,NA,NA,NA
907,4.779272556304932,"""[7.2489247]""","""[1.000154]""",7.248924732208252,2.479644990671659e-06,NA,NA,NA,NA,NA
908,4.780022621154785,"""[7.248918]""","""[1.0001543]""",7.248918056488037,2.4660807866894174e-06,NA,NA,NA,NA,NA
909,4.780831336975098,"""[7.2489133]""","""[1.0001545]""",7.248913288116455,2.452613443892915e-06,NA,NA,NA,NA,NA
910,4.781705379486084,"""[7.2489076]""","""[1.0001549]""",7.248907566070557,2.439327090542065e-06,NA,NA,NA,NA,NA
911,4.7826409339904785,"""[7.2489014]""","""[1.0001552]""",7.2489013671875,2.4261871658382006e-06,NA,NA,NA,NA,NA
912,4.783636093139648,"""[7.248896]""","""[1.0001556]""",7.24889612197876,2.413122047073557e-06,NA,NA,NA,NA,NA
913,4.784692764282227,"""[7.24889]""","""[1.0001558]""",7.248889923095703,2.4002611098694615e-06,NA,NA,NA,NA,NA
914,4.785812854766846,"""[7.2488847]""","""[1.0001558]""",7.248884677886963,2.387455651842174e-06,NA,NA,NA,NA,NA
915,4.786991596221924,"""[7.2488794]""","""[1.0001557]""",7.248879432678223,2.374749783484731e-06,NA,NA,NA,NA,NA
916,4.788227558135986,"""[7.2488737]""","""[1.0001557]""",7.248873710632324,2.3621755644853693e-06,NA,NA,NA,NA,NA
917,4.789520263671875,"""[7.2488685]""","""[1.0001558]""",7.248868465423584,2.3497357233281946e-06,NA,NA,NA,NA,NA
918,4.790868759155273,"""[7.2488623]""","""[1.000156]""",7.248862266540527,2.3374022930511273e-06,NA,NA,NA,NA,NA
919,4.792271614074707,"""[7.2488575]""","""[1.0001564]""",7.248857498168945,2.325211426068563e-06,NA,NA,NA,NA,NA
920,4.793729782104492,"""[7.2488523]""","""[1.0001566]""",7.248852252960205,2.3131426587497117e-06,NA,NA,NA,NA,NA
921,4.795243740081787,"""[7.248846]""","""[1.0001568]""",7.248846054077148,2.301183940289775e-06,NA,NA,NA,NA,NA
922,4.796812057495117,"""[7.248841]""","""[1.0001568]""",7.248840808868408,2.2893250388733577e-06,NA,NA,NA,NA,NA
923,4.798428058624268,"""[7.2488356]""","""[1.0001568]""",7.248835563659668,2.2774729586672038e-06,NA,NA,NA,NA,NA
924,4.800097465515137,"""[7.2488303]""","""[1.0001566]""",7.248830318450928,2.2658264242636506e-06,NA,NA,NA,NA,NA
925,4.801815032958984,"""[7.2488256]""","""[1.0001566]""",7.248825550079346,2.2542938040714944e-06,NA,NA,NA,NA,NA
926,4.803579330444336,"""[7.2488203]""","""[1.0001569]""",7.2488203048706055,2.242916934847017e-06,NA,NA,NA,NA,NA
927,4.805397033691406,"""[7.248816]""","""[1.0001569]""",7.248816013336182,2.2315873593470315e-06,NA,NA,NA,NA,NA
928,4.807262420654297,"""[7.2488093]""","""[1.0001571]""",7.248809337615967,2.220432634203462e-06,NA,NA,NA,NA,NA
929,4.809176921844482,"""[7.2488055]""","""[1.0001569]""",7.248805522918701,2.20930996874813e-06,NA,NA,NA,NA,NA
930,4.811144828796387,"""[7.2488008]""","""[1.0001568]""",7.248800754547119,2.1983096303301863e-06,NA,NA,NA,NA,NA
931,4.8131585121154785,"""[7.2487955]""","""[1.0001565]""",7.248795509338379,2.1873881905776216e-06,NA,NA,NA,NA,NA
932,4.815217971801758,"""[7.2487917]""","""[1.0001563]""",7.248791694641113,2.17660181078827e-06,NA,NA,NA,NA,NA
933,4.817322731018066,"""[7.248786]""","""[1.0001563]""",7.248785972595215,2.1658913738065166e-06,NA,NA,NA,NA,NA
934,4.819471836090088,"""[7.2487817]""","""[1.0001563]""",7.248781681060791,2.1552791622525547e-06,NA,NA,NA,NA,NA
935,4.8216657638549805,"""[7.2487755]""","""[1.0001563]""",7.248775482177734,2.144803147530183e-06,NA,NA,NA,NA,NA
936,4.823904037475586,"""[7.2487707]""","""[1.000156]""",7.248770713806152,2.134424221367226e-06,NA,NA,NA,NA,NA
937,4.826184272766113,"""[7.248767]""","""[1.0001559]""",7.248766899108887,2.1241662579996046e-06,NA,NA,NA,NA,NA
938,4.828505992889404,"""[7.248762]""","""[1.0001557]""",7.248762130737305,2.1139562704775017e-06,NA,NA,NA,NA,NA
939,4.830864906311035,"""[7.2487574]""","""[1.0001556]""",7.248757362365723,2.1038763406977523e-06,NA,NA,NA,NA,NA
940,4.8332648277282715,"""[7.2487526]""","""[1.0001552]""",7.248752593994141,2.093873490593978e-06,NA,NA,NA,NA,NA
941,4.83570671081543,"""[7.248748]""","""[1.0001551]""",7.248747825622559,2.0840273009525845e-06,NA,NA,NA,NA,NA
942,4.838186264038086,"""[7.248743]""","""[1.0001549]""",7.248743057250977,2.0742313608934637e-06,NA,NA,NA,NA,NA
943,4.840704917907715,"""[7.2487392]""","""[1.0001546]""",7.248739242553711,2.0645670701924246e-06,NA,NA,NA,NA,NA
944,4.843265533447266,"""[7.2487345]""","""[1.0001545]""",7.248734474182129,2.054955302810413e-06,NA,NA,NA,NA,NA
945,4.8458638191223145,"""[7.2487297]""","""[1.0001544]""",7.248729705810547,2.045408109552227e-06,NA,NA,NA,NA,NA
946,4.848502159118652,"""[7.2487254]""","""[1.0001543]""",7.248725414276123,2.0359370864753146e-06,NA,NA,NA,NA,NA
947,4.851176738739014,"""[7.2487206]""","""[1.000154]""",7.248720645904541,2.0265965758881066e-06,NA,NA,NA,NA,NA
948,4.853890419006348,"""[7.2487164]""","""[1.0001535]""",7.248716354370117,2.0173472421447514e-06,NA,NA,NA,NA,NA
949,4.856637954711914,"""[7.2487116]""","""[1.0001533]""",7.248711585998535,2.008200908676372e-06,NA,NA,NA,NA,NA
950,4.859419345855713,"""[7.2487087]""","""[1.0001528]""",7.248708724975586,1.9991391582152573e-06,NA,NA,NA,NA,NA
951,4.8622331619262695,"""[7.2487044]""","""[1.0001526]""",7.248704433441162,1.990170403587399e-06,NA,NA,NA,NA,NA
952,4.865079879760742,"""[7.2486987]""","""[1.0001525]""",7.248698711395264,1.9812634945992613e-06,NA,NA,NA,NA,NA
953,4.867959976196289,"""[7.2486954]""","""[1.0001521]""",7.248695373535156,1.972463905985933e-06,NA,NA,NA,NA,NA
954,4.870870113372803,"""[7.2486916]""","""[1.0001518]""",7.248691558837891,1.9637589048215887e-06,NA,NA,NA,NA,NA
955,4.87380838394165,"""[7.248688]""","""[1.0001513]""",7.248688220977783,1.95514644474315e-06,NA,NA,NA,NA,NA
956,4.8767805099487305,"""[7.248683]""","""[1.000151]""",7.248682975769043,1.946626753124292e-06,NA,NA,NA,NA,NA
957,4.879787445068359,"""[7.248679]""","""[1.0001509]""",7.248679161071777,1.9381486708880402e-06,NA,NA,NA,NA,NA
958,4.882818698883057,"""[7.2486753]""","""[1.0001507]""",7.248675346374512,1.9297715425636852e-06,NA,NA,NA,NA,NA
959,4.885883808135986,"""[7.248672]""","""[1.0001503]""",7.248672008514404,1.9214853637095075e-06,NA,NA,NA,NA,NA
960,4.888978481292725,"""[7.2486672]""","""[1.0001501]""",7.248667240142822,1.913264895847533e-06,NA,NA,NA,NA,NA
961,4.89210319519043,"""[7.2486634]""","""[1.0001497]""",7.248663425445557,1.9051435629080515e-06,NA,NA,NA,NA,NA
962,4.895260810852051,"""[7.24866]""","""[1.0001495]""",7.248660087585449,1.8970317796629388e-06,NA,NA,NA,NA,NA
963,4.898440837860107,"""[7.248656]""","""[1.000149]""",7.248655796051025,1.8890842738983338e-06,NA,NA,NA,NA,NA
964,4.901650905609131,"""[7.248651]""","""[1.0001487]""",7.248651027679443,1.8811654172168346e-06,NA,NA,NA,NA,NA
965,4.90488862991333,"""[7.248647]""","""[1.0001482]""",7.248647212982178,1.873343535407912e-06,NA,NA,NA,NA,NA
966,4.908153057098389,"""[7.248644]""","""[1.0001477]""",7.24864387512207,1.8656049860510393e-06,NA,NA,NA,NA,NA
967,4.911445140838623,"""[7.248641]""","""[1.0001472]""",7.248641014099121,1.857892016232654e-06,NA,NA,NA,NA,NA
968,4.914759159088135,"""[7.2486362]""","""[1.0001469]""",7.248636245727539,1.8502972807254991e-06,NA,NA,NA,NA,NA
969,4.918094635009766,"""[7.248633]""","""[1.0001465]""",7.248632907867432,1.8428224848321406e-06,NA,NA,NA,NA,NA
970,4.921452522277832,"""[7.248628]""","""[1.000146]""",7.24862813949585,1.8353805444348836e-06,NA,NA,NA,NA,NA
971,4.924837112426758,"""[7.2486258]""","""[1.0001454]""",7.248625755310059,1.827983396651689e-06,NA,NA,NA,NA,NA
972,4.928244113922119,"""[7.2486205]""","""[1.000145]""",7.248620510101318,1.8207247194368392e-06,NA,NA,NA,NA,NA
973,4.931673049926758,"""[7.2486176]""","""[1.0001444]""",7.248617649078369,1.8134824131266214e-06,NA,NA,NA,NA,NA
974,4.935121536254883,"""[7.248614]""","""[1.0001439]""",7.2486138343811035,1.8063394691125723e-06,NA,NA,NA,NA,NA
975,4.938592433929443,"""[7.248611]""","""[1.0001432]""",7.248610973358154,1.799300321181363e-06,NA,NA,NA,NA,NA
976,4.9420857429504395,"""[7.2486076]""","""[1.0001429]""",7.248607635498047,1.7923044879353256e-06,NA,NA,NA,NA,NA
977,4.945599555969238,"""[7.248603]""","""[1.0001426]""",7.248602867126465,1.785332869985723e-06,NA,NA,NA,NA,NA
978,4.9491400718688965,"""[7.2486]""","""[1.0001423]""",7.248600006103516,1.7784759620553814e-06,NA,NA,NA,NA,NA
979,4.95269775390625,"""[7.2485967]""","""[1.0001419]""",7.248596668243408,1.7716662341626943e-06,NA,NA,NA,NA,NA
980,4.956277370452881,"""[7.2485933]""","""[1.0001411]""",7.248593330383301,1.764917442415026e-06,NA,NA,NA,NA,NA
981,4.9598774909973145,"""[7.2485895]""","""[1.0001405]""",7.248589515686035,1.758266535034636e-06,NA,NA,NA,NA,NA
982,4.963494777679443,"""[7.2485857]""","""[1.0001401]""",7.2485857009887695,1.7516414345664089e-06,NA,NA,NA,NA,NA
983,4.967126846313477,"""[7.2485843]""","""[1.0001394]""",7.248584270477295,1.7451367284593289e-06,NA,NA,NA,NA,NA
984,4.970778942108154,"""[7.24858]""","""[1.0001392]""",7.248579978942871,1.7386657873430522e-06,NA,NA,NA,NA,NA
985,4.9744462966918945,"""[7.2485766]""","""[1.0001388]""",7.248576641082764,1.7322662415608647e-06,NA,NA,NA,NA,NA
986,4.978132247924805,"""[7.248574]""","""[1.0001383]""",7.2485737800598145,1.7259396827284945e-06,NA,NA,NA,NA,NA
987,4.9818339347839355,"""[7.24857]""","""[1.0001377]""",7.248569965362549,1.7196787212014897e-06,NA,NA,NA,NA,NA
988,4.985555171966553,"""[7.2485666]""","""[1.0001372]""",7.248566627502441,1.7134564131993102e-06,NA,NA,NA,NA,NA
989,4.9892897605896,"""[7.248564]""","""[1.0001365]""",7.248563766479492,1.7073101616915665e-06,NA,NA,NA,NA,NA
990,4.993041515350342,"""[7.2485595]""","""[1.000136]""",7.248559474945068,1.701205860626942e-06,NA,NA,NA,NA,NA
991,4.996809005737305,"""[7.2485566]""","""[1.0001353]""",7.248556613922119,1.695198534434894e-06,NA,NA,NA,NA,NA
992,5.000591278076172,"""[7.248554]""","""[1.0001346]""",7.248554229736328,1.6892596477191546e-06,NA,NA,NA,NA,NA
993,5.004387855529785,"""[7.24855]""","""[1.0001342]""",7.248549938201904,1.6833646441227756e-06,NA,NA,NA,NA,NA
994,5.0081963539123535,"""[7.248547]""","""[1.0001335]""",7.248547077178955,1.6775178437455907e-06,NA,NA,NA,NA,NA
995,5.012023448944092,"""[7.2485447]""","""[1.000133]""",7.248544692993164,1.671736640673771e-06,NA,NA,NA,NA,NA
996,5.015861988067627,"""[7.248542]""","""[1.0001322]""",7.248541831970215,1.6660367236909224e-06,NA,NA,NA,NA,NA
997,5.019715785980225,"""[7.2485375]""","""[1.0001317]""",7.248537540435791,1.6603745507381973e-06,NA,NA,NA,NA,NA
998,5.023581027984619,"""[7.2485347]""","""[1.0001311]""",7.248534679412842,1.6547934365007677e-06,NA,NA,NA,NA,NA
999,5.027455806732178,"""[7.2485323]""","""[1.0001304]""",7.248532295227051,1.6491700307597057e-06,NA,NA,NA,NA,NA
1000,5.03134298324585,"""[7.248529]""","""[1.0001299]""",7.248528957366943,1.6437181784567656e-06,NA,NA,NA,NA,NA
1001,5.035243034362793,"""[7.2485266]""","""[1.0001293]""",7.248526573181152,1.6383105503336992e-06,NA,NA,NA,NA,NA
1002,5.039148807525635,"""[7.2485237]""","""[1.0001289]""",7.248523712158203,1.6329609024978708e-06,NA,NA,NA,NA,NA
1003,5.043067932128906,"""[7.248521]""","""[1.0001283]""",7.248520851135254,1.6276566157102934e-06,NA,NA,NA,NA,NA
1004,5.046997547149658,"""[7.2485185]""","""[1.0001278]""",7.248518466949463,1.6223971215367783e-06,NA,NA,NA,NA,NA
1005,5.0509352684021,"""[7.2485156]""","""[1.0001273]""",7.248515605926514,1.617225052541471e-06,NA,NA,NA,NA,NA
1006,5.054882526397705,"""[7.2485127]""","""[1.0001267]""",7.2485127449035645,1.6121041426231386e-06,NA,NA,NA,NA,NA
1007,5.058844089508057,"""[7.2485094]""","""[1.0001262]""",7.248509407043457,1.6070251831479254e-06,NA,NA,NA,NA,NA
1008,5.062819480895996,"""[7.2485056]""","""[1.0001259]""",7.248505592346191,1.6019367876651813e-06,NA,NA,NA,NA,NA
1009,5.066805839538574,"""[7.248504]""","""[1.0001252]""",7.248504161834717,1.5969427522577462e-06,NA,NA,NA,NA,NA
1010,5.070799350738525,"""[7.248501]""","""[1.0001245]""",7.248500823974609,1.5919931684038602e-06,NA,NA,NA,NA,NA
1011,5.074801445007324,"""[7.248498]""","""[1.000124]""",7.24849796295166,1.5871011100898613e-06,NA,NA,NA,NA,NA
1012,5.078813076019287,"""[7.248495]""","""[1.0001233]""",7.248495101928711,1.5822649857000215e-06,NA,NA,NA,NA,NA
1013,5.082828998565674,"""[7.248493]""","""[1.0001224]""",7.248493194580078,1.5774871826579329e-06,NA,NA,NA,NA,NA
1014,5.08685302734375,"""[7.24849]""","""[1.0001218]""",7.248489856719971,1.5727404161225422e-06,NA,NA,NA,NA,NA
1015,5.090888500213623,"""[7.248488]""","""[1.0001211]""",7.248487949371338,1.5680791420891182e-06,NA,NA,NA,NA,NA
1016,5.094928741455078,"""[7.248485]""","""[1.0001204]""",7.248485088348389,1.5634410601705895e-06,NA,NA,NA,NA,NA
1017,5.098972797393799,"""[7.2484827]""","""[1.0001197]""",7.248482704162598,1.5588381074849167e-06,NA,NA,NA,NA,NA
1018,5.103025436401367,"""[7.248478]""","""[1.0001193]""",7.248477935791016,1.5542942719548591e-06,NA,NA,NA,NA,NA
1019,5.107082366943359,"""[7.248476]""","""[1.0001184]""",7.248476028442383,1.5497907952521928e-06,NA,NA,NA,NA,NA
1020,5.111146450042725,"""[7.2484736]""","""[1.0001177]""",7.248473644256592,1.5453882724614232e-06,NA,NA,NA,NA,NA
1021,5.1152143478393555,"""[7.2484717]""","""[1.000117]""",7.248471736907959,1.5410057585540926e-06,NA,NA,NA,NA,NA
1022,5.119284152984619,"""[7.2484694]""","""[1.0001162]""",7.248469352722168,1.5366675825134735e-06,NA,NA,NA,NA,NA
1023,5.123354434967041,"""[7.2484665]""","""[1.0001159]""",7.248466491699219,1.5323701063607587e-06,NA,NA,NA,NA,NA
1024,5.127437591552734,"""[7.2484636]""","""[1.0001154]""",7.2484636306762695,1.528164034425572e-06,NA,NA,NA,NA,NA
1025,5.131525993347168,"""[7.2484612]""","""[1.0001148]""",7.2484612464904785,1.523988316876057e-06,NA,NA,NA,NA,NA
1026,5.135620594024658,"""[7.2484584]""","""[1.0001142]""",7.248458385467529,1.5198471601252095e-06,NA,NA,NA,NA,NA
1027,5.139723300933838,"""[7.248457]""","""[1.0001134]""",7.248456954956055,1.5157118014030857e-06,NA,NA,NA,NA,NA
1028,5.143831729888916,"""[7.248454]""","""[1.0001128]""",7.2484540939331055,1.5116037275220151e-06,NA,NA,NA,NA,NA
1029,5.147939682006836,"""[7.2484527]""","""[1.0001122]""",7.248452663421631,1.5075825103849638e-06,NA,NA,NA,NA,NA
1030,5.1520514488220215,"""[7.24845]""","""[1.0001118]""",7.248449802398682,1.5036417835290194e-06,NA,NA,NA,NA,NA
1031,5.156167507171631,"""[7.2484474]""","""[1.0001113]""",7.248447418212891,1.4997164043961675e-06,NA,NA,NA,NA,NA
1032,5.160285472869873,"""[7.2484446]""","""[1.0001109]""",7.248444557189941,1.4957990970287938e-06,NA,NA,NA,NA,NA
1033,5.164406776428223,"""[7.248442]""","""[1.0001101]""",7.24844217300415,1.4919208979335963e-06,NA,NA,NA,NA,NA
1034,5.168529033660889,"""[7.2484403]""","""[1.0001093]""",7.248440265655518,1.4881036349834176e-06,NA,NA,NA,NA,NA
1035,5.172657489776611,"""[7.2484374]""","""[1.0001085]""",7.248437404632568,1.484415747654566e-06,NA,NA,NA,NA,NA
1036,5.1767802238464355,"""[7.2484355]""","""[1.0001076]""",7.2484354972839355,1.4806454373683664e-06,NA,NA,NA,NA,NA
1037,5.180908203125,"""[7.248433]""","""[1.0001069]""",7.2484331130981445,1.4769466361030936e-06,NA,NA,NA,NA,NA
1038,5.1850385665893555,"""[7.2484307]""","""[1.0001065]""",7.2484307289123535,1.4732981981069315e-06,NA,NA,NA,NA,NA
1039,5.1891655921936035,"""[7.2484293]""","""[1.0001057]""",7.248429298400879,1.4696868220198667e-06,NA,NA,NA,NA,NA
1040,5.193289279937744,"""[7.248426]""","""[1.000105]""",7.2484259605407715,1.4661667364634923e-06,NA,NA,NA,NA,NA
1041,5.197420120239258,"""[7.248424]""","""[1.0001042]""",7.248424053192139,1.462647787775495e-06,NA,NA,NA,NA,NA
1042,5.201551914215088,"""[7.248423]""","""[1.0001034]""",7.248423099517822,1.4592087609344162e-06,NA,NA,NA,NA,NA
1043,5.205685615539551,"""[7.2484202]""","""[1.0001029]""",7.248420238494873,1.4557391523339902e-06,NA,NA,NA,NA,NA
1044,5.2098236083984375,"""[7.248418]""","""[1.0001023]""",7.248417854309082,1.4523457139148377e-06,NA,NA,NA,NA,NA
1045,5.213962554931641,"""[7.2484155]""","""[1.0001017]""",7.248415470123291,1.4489876321022166e-06,NA,NA,NA,NA,NA
1046,5.218099594116211,"""[7.248413]""","""[1.0001011]""",7.2484130859375,1.445663656340912e-06,NA,NA,NA,NA,NA
1047,5.222240447998047,"""[7.2484117]""","""[1.0001006]""",7.248411655426025,1.4423326319956686e-06,NA,NA,NA,NA,NA
1048,5.226382255554199,"""[7.248408]""","""[1.0000999]""",7.24840784072876,1.4390477645065403e-06,NA,NA,NA,NA,NA
1049,5.230523109436035,"""[7.2484074]""","""[1.0000991]""",7.248407363891602,1.4358487305798917e-06,NA,NA,NA,NA,NA
1050,5.234661102294922,"""[7.248405]""","""[1.0000983]""",7.2484049797058105,1.4326516293294844e-06,NA,NA,NA,NA,NA
1051,5.2388014793396,"""[7.248403]""","""[1.0000978]""",7.248403072357178,1.4294769243861083e-06,NA,NA,NA,NA,NA
1052,5.242931365966797,"""[7.248401]""","""[1.000097]""",7.248401165008545,1.4264043102230062e-06,NA,NA,NA,NA,NA
1053,5.247061252593994,"""[7.2483983]""","""[1.0000964]""",7.248398303985596,1.423361140950874e-06,NA,NA,NA,NA,NA
1054,5.251189708709717,"""[7.2483974]""","""[1.0000958]""",7.248397350311279,1.4203236560206278e-06,NA,NA,NA,NA,NA
1055,5.255317211151123,"""[7.248395]""","""[1.0000952]""",7.248394966125488,1.41733016789658e-06,NA,NA,NA,NA,NA
1056,5.25944709777832,"""[7.248392]""","""[1.0000945]""",7.248392105102539,1.414380790265568e-06,NA,NA,NA,NA,NA
1057,5.2635722160339355,"""[7.248391]""","""[1.0000937]""",7.248391151428223,1.411385710525792e-06,NA,NA,NA,NA,NA
1058,5.267695903778076,"""[7.2483883]""","""[1.0000931]""",7.248388290405273,1.4085202337810188e-06,NA,NA,NA,NA,NA
1059,5.27182149887085,"""[7.2483864]""","""[1.0000923]""",7.248386383056641,1.4056273585083545e-06,NA,NA,NA,NA,NA
1060,5.275947093963623,"""[7.2483854]""","""[1.0000916]""",7.248385429382324,1.4028278201294597e-06,NA,NA,NA,NA,NA
1061,5.280064105987549,"""[7.248383]""","""[1.000091]""",7.248383045196533,1.4000586361362366e-06,NA,NA,NA,NA,NA
1062,5.284181118011475,"""[7.248381]""","""[1.0000906]""",7.2483811378479,1.3972749002277851e-06,NA,NA,NA,NA,NA
1063,5.288296699523926,"""[7.2483797]""","""[1.00009]""",7.248379707336426,1.394503669871483e-06,NA,NA,NA,NA,NA
1064,5.292407989501953,"""[7.248377]""","""[1.0000893]""",7.248376846313477,1.3918466947870911e-06,NA,NA,NA,NA,NA
1065,5.296518325805664,"""[7.2483754]""","""[1.0000885]""",7.248375415802002,1.3891994967707433e-06,NA,NA,NA,NA,NA
1066,5.300622463226318,"""[7.248374]""","""[1.0000877]""",7.248373985290527,1.3865433174942154e-06,NA,NA,NA,NA,NA
1067,5.304722785949707,"""[7.2483716]""","""[1.0000871]""",7.248371601104736,1.3839033954354818e-06,NA,NA,NA,NA,NA
1068,5.308819770812988,"""[7.2483697]""","""[1.0000865]""",7.2483696937561035,1.3813352097713505e-06,NA,NA,NA,NA,NA
1069,5.312909126281738,"""[7.2483683]""","""[1.000086]""",7.248368263244629,1.3788280739390757e-06,NA,NA,NA,NA,NA
1070,5.316993236541748,"""[7.2483673]""","""[1.0000855]""",7.2483673095703125,1.376323325530393e-06,NA,NA,NA,NA,NA
1071,5.321075916290283,"""[7.2483654]""","""[1.0000846]""",7.24836540222168,1.3738466577706276e-06,NA,NA,NA,NA,NA
1072,5.3251543045043945,"""[7.248363]""","""[1.000084]""",7.248363018035889,1.371372150060779e-06,NA,NA,NA,NA,NA
1073,5.329227447509766,"""[7.2483616]""","""[1.0000833]""",7.248361587524414,1.3689663092009141e-06,NA,NA,NA,NA,NA
1074,5.333306789398193,"""[7.2483597]""","""[1.0000827]""",7.248359680175781,1.36655444293865e-06,NA,NA,NA,NA,NA
1075,5.33737850189209,"""[7.2483587]""","""[1.000082]""",7.248358726501465,1.3641852092405315e-06,NA,NA,NA,NA,NA
1076,5.3414435386657715,"""[7.248357]""","""[1.0000814]""",7.248356819152832,1.3618700904771686e-06,NA,NA,NA,NA,NA
1077,5.345502853393555,"""[7.2483544]""","""[1.000081]""",7.248354434967041,1.3595154086942784e-06,NA,NA,NA,NA,NA
1078,5.349565029144287,"""[7.248352]""","""[1.0000806]""",7.24835205078125,1.3572488342106226e-06,NA,NA,NA,NA,NA
1079,5.353615760803223,"""[7.248351]""","""[1.0000799]""",7.248351097106934,1.3549871482609888e-06,NA,NA,NA,NA,NA
1080,5.357659339904785,"""[7.248349]""","""[1.0000793]""",7.248349189758301,1.3527554756365134e-06,NA,NA,NA,NA,NA
1081,5.361698150634766,"""[7.248348]""","""[1.0000783]""",7.248348236083984,1.3505563174476265e-06,NA,NA,NA,NA,NA
1082,5.3657307624816895,"""[7.2483463]""","""[1.0000777]""",7.248346328735352,1.3484011560649378e-06,NA,NA,NA,NA,NA
1083,5.369757175445557,"""[7.2483444]""","""[1.000077]""",7.248344421386719,1.3462637298289337e-06,NA,NA,NA,NA,NA
1084,5.373777389526367,"""[7.2483435]""","""[1.0000763]""",7.248343467712402,1.3441407418213203e-06,NA,NA,NA,NA,NA
1085,5.377796173095703,"""[7.2483406]""","""[1.0000758]""",7.248340606689453,1.3420424238574924e-06,NA,NA,NA,NA,NA
1086,5.381811141967773,"""[7.248339]""","""[1.0000751]""",7.2483391761779785,1.3399948102232884e-06,NA,NA,NA,NA,NA
1087,5.3858208656311035,"""[7.248338]""","""[1.0000743]""",7.248338222503662,1.3379421943682246e-06,NA,NA,NA,NA,NA
1088,5.389825344085693,"""[7.248336]""","""[1.0000737]""",7.248335838317871,1.335867409579805e-06,NA,NA,NA,NA,NA
1089,5.393823146820068,"""[7.2483344]""","""[1.0000728]""",7.2483344078063965,1.3338993767320062e-06,NA,NA,NA,NA,NA
1090,5.397810459136963,"""[7.2483335]""","""[1.0000722]""",7.24833345413208,1.3319411209522514e-06,NA,NA,NA,NA,NA
1091,5.40179443359375,"""[7.2483325]""","""[1.0000715]""",7.248332500457764,1.3300069667820935e-06,NA,NA,NA,NA,NA
1092,5.405768394470215,"""[7.248329]""","""[1.0000712]""",7.248329162597656,1.3280834991746815e-06,NA,NA,NA,NA,NA
1093,5.409735679626465,"""[7.2483273]""","""[1.0000706]""",7.248327255249023,1.3262146012493758e-06,NA,NA,NA,NA,NA
1094,5.413700103759766,"""[7.2483273]""","""[1.0000697]""",7.248327255249023,1.3243345620139735e-06,NA,NA,NA,NA,NA
1095,5.417661190032959,"""[7.2483253]""","""[1.000069]""",7.248325347900391,1.3224995427663089e-06,NA,NA,NA,NA,NA
1096,5.421613693237305,"""[7.2483244]""","""[1.0000684]""",7.248324394226074,1.3206864650783245e-06,NA,NA,NA,NA,NA
1097,5.4255571365356445,"""[7.248322]""","""[1.0000678]""",7.248322010040283,1.3189038554628496e-06,NA,NA,NA,NA,NA
1098,5.429494857788086,"""[7.248321]""","""[1.0000674]""",7.248321056365967,1.3171015780244488e-06,NA,NA,NA,NA,NA
1099,5.4334259033203125,"""[7.2483196]""","""[1.0000669]""",7.248319625854492,1.3153492091078078e-06,NA,NA,NA,NA,NA
1100,5.437351226806641,"""[7.2483177]""","""[1.0000663]""",7.248317718505859,1.3136215102349524e-06,NA,NA,NA,NA,NA
1101,5.441268444061279,"""[7.248317]""","""[1.0000656]""",7.248316764831543,1.3119104096404044e-06,NA,NA,NA,NA,NA
1102,5.44517707824707,"""[7.248317]""","""[1.0000648]""",7.248316764831543,1.3102434195388923e-06,NA,NA,NA,NA,NA
1103,5.4490766525268555,"""[7.248314]""","""[1.0000645]""",7.248313903808594,1.308600189986464e-06,NA,NA,NA,NA,NA
1104,5.45296573638916,"""[7.2483125]""","""[1.000064]""",7.248312473297119,1.3069443411950488e-06,NA,NA,NA,NA,NA
1105,5.456848621368408,"""[7.2483115]""","""[1.0000635]""",7.248311519622803,1.3053570455667796e-06,NA,NA,NA,NA,NA
1106,5.46073055267334,"""[7.2483106]""","""[1.0000631]""",7.248310565948486,1.3037540611549048e-06,NA,NA,NA,NA,NA
1107,5.464603424072266,"""[7.2483087]""","""[1.0000625]""",7.2483086585998535,1.302192686125636e-06,NA,NA,NA,NA,NA
1108,5.468472957611084,"""[7.2483077]""","""[1.0000618]""",7.248307704925537,1.3006124390813056e-06,NA,NA,NA,NA,NA
1109,5.4723358154296875,"""[7.2483053]""","""[1.0000612]""",7.248305320739746,1.2990458344575018e-06,NA,NA,NA,NA,NA
1110,5.476191997528076,"""[7.248304]""","""[1.0000604]""",7.2483038902282715,1.2975511936019757e-06,NA,NA,NA,NA,NA
1111,5.480043888092041,"""[7.2483025]""","""[1.0000597]""",7.248302459716797,1.2960362028024974e-06,NA,NA,NA,NA,NA
1112,5.483880996704102,"""[7.2483015]""","""[1.0000589]""",7.2483015060424805,1.2945548633069848e-06,NA,NA,NA,NA,NA
1113,5.487709999084473,"""[7.2483006]""","""[1.0000582]""",7.248300552368164,1.2930983075420954e-06,NA,NA,NA,NA,NA
1114,5.491528511047363,"""[7.2482986]""","""[1.0000576]""",7.248298645019531,1.2916570995002985e-06,NA,NA,NA,NA,NA
1115,5.495337009429932,"""[7.2482977]""","""[1.000057]""",7.248297691345215,1.2902726211905247e-06,NA,NA,NA,NA,NA
1116,5.499131679534912,"""[7.248296]""","""[1.0000563]""",7.248295783996582,1.288877001570654e-06,NA,NA,NA,NA,NA
1117,5.502918720245361,"""[7.248296]""","""[1.0000554]""",7.248295783996582,1.2875185575467185e-06,NA,NA,NA,NA,NA
1118,5.5066986083984375,"""[7.2482934]""","""[1.0000551]""",7.248293399810791,1.286185010940244e-06,NA,NA,NA,NA,NA
1119,5.510473728179932,"""[7.2482934]""","""[1.0000544]""",7.248293399810791,1.28485942241241e-06,NA,NA,NA,NA,NA
1120,5.514235973358154,"""[7.2482915]""","""[1.0000541]""",7.248291492462158,1.2835014331358252e-06,NA,NA,NA,NA,NA
1121,5.517992973327637,"""[7.2482905]""","""[1.0000539]""",7.248290538787842,1.2822063126805006e-06,NA,NA,NA,NA,NA
1122,5.521743297576904,"""[7.2482896]""","""[1.0000534]""",7.248289585113525,1.2808880001102807e-06,NA,NA,NA,NA,NA
1123,5.525480270385742,"""[7.248287]""","""[1.000053]""",7.248287200927734,1.2796539294868126e-06,NA,NA,NA,NA,NA
1124,5.529217720031738,"""[7.2482862]""","""[1.0000526]""",7.248286247253418,1.2784238379026647e-06,NA,NA,NA,NA,NA
1125,5.532944202423096,"""[7.248286]""","""[1.0000517]""",7.24828577041626,1.2772055697496398e-06,NA,NA,NA,NA,NA
1126,5.536662578582764,"""[7.2482834]""","""[1.0000513]""",7.248283386230469,1.2759718401866849e-06,NA,NA,NA,NA,NA
1127,5.540372848510742,"""[7.2482824]""","""[1.0000505]""",7.248282432556152,1.2747758546538535e-06,NA,NA,NA,NA,NA
1128,5.544075965881348,"""[7.248281]""","""[1.0000498]""",7.248281002044678,1.2735697509924648e-06,NA,NA,NA,NA,NA
1129,5.547771453857422,"""[7.2482805]""","""[1.0000492]""",7.2482805252075195,1.2723795634883572e-06,NA,NA,NA,NA,NA
1130,5.551457405090332,"""[7.2482796]""","""[1.0000484]""",7.248279571533203,1.2712491752608912e-06,NA,NA,NA,NA,NA
1131,5.555133819580078,"""[7.2482777]""","""[1.0000478]""",7.24827766418457,1.270079678761249e-06,NA,NA,NA,NA,NA
1132,5.558793544769287,"""[7.2482767]""","""[1.0000471]""",7.248276710510254,1.269007611881534e-06,NA,NA,NA,NA,NA
1133,5.562439441680908,"""[7.2482767]""","""[1.0000463]""",7.248276710510254,1.267943844140973e-06,NA,NA,NA,NA,NA
1134,5.566076278686523,"""[7.248274]""","""[1.000046]""",7.248273849487305,1.2668566569118411e-06,NA,NA,NA,NA,NA
1135,5.569702625274658,"""[7.2482734]""","""[1.0000454]""",7.2482733726501465,1.265762648472446e-06,NA,NA,NA,NA,NA
1136,5.573318958282471,"""[7.248273]""","""[1.000045]""",7.248272895812988,1.2647521998587763e-06,NA,NA,NA,NA,NA
1137,5.576931953430176,"""[7.2482715]""","""[1.0000445]""",7.248271465301514,1.2636995734283119e-06,NA,NA,NA,NA,NA
1138,5.580535888671875,"""[7.24827]""","""[1.0000442]""",7.248270034790039,1.2626871921384009e-06,NA,NA,NA,NA,NA
1139,5.584132671356201,"""[7.248269]""","""[1.0000437]""",7.248269081115723,1.2616839057955076e-06,NA,NA,NA,NA,NA
1140,5.587717056274414,"""[7.248268]""","""[1.0000432]""",7.248268127441406,1.2606801647052635e-06,NA,NA,NA,NA,NA
1141,5.5912933349609375,"""[7.2482677]""","""[1.0000426]""",7.248267650604248,1.2597527074831305e-06,NA,NA,NA,NA,NA
1142,5.594865798950195,"""[7.2482653]""","""[1.0000422]""",7.248265266418457,1.2587350965986843e-06,NA,NA,NA,NA,NA
1143,5.5984296798706055,"""[7.2482657]""","""[1.0000417]""",7.248265743255615,1.2577786492329324e-06,NA,NA,NA,NA,NA
1144,5.601985454559326,"""[7.248263]""","""[1.0000414]""",7.248262882232666,1.2568237934829085e-06,NA,NA,NA,NA,NA
1145,5.605534076690674,"""[7.248262]""","""[1.0000407]""",7.24826192855835,1.2559311244331184e-06,NA,NA,NA,NA,NA
1146,5.609074592590332,"""[7.2482605]""","""[1.0000399]""",7.248260498046875,1.2550235624075867e-06,NA,NA,NA,NA,NA
1147,5.6125993728637695,"""[7.248261]""","""[1.0000389]""",7.248260974884033,1.2541173646241077e-06,NA,NA,NA,NA,NA
1148,5.6161112785339355,"""[7.24826]""","""[1.0000383]""",7.248260021209717,1.2532209439086728e-06,NA,NA,NA,NA,NA
1149,5.619614124298096,"""[7.248257]""","""[1.000038]""",7.248257160186768,1.252379206562182e-06,NA,NA,NA,NA,NA
1150,5.623107433319092,"""[7.2482567]""","""[1.0000373]""",7.248256683349609,1.2515137086666073e-06,NA,NA,NA,NA,NA
1151,5.626588344573975,"""[7.2482557]""","""[1.0000368]""",7.248255729675293,1.2506720850069541e-06,NA,NA,NA,NA,NA
1152,5.630064487457275,"""[7.2482557]""","""[1.0000361]""",7.248255729675293,1.249863544217078e-06,NA,NA,NA,NA,NA
1153,5.6335272789001465,"""[7.2482543]""","""[1.0000356]""",7.248254299163818,1.2490213521232363e-06,NA,NA,NA,NA,NA
1154,5.636980056762695,"""[7.248254]""","""[1.0000352]""",7.24825382232666,1.2482321380957728e-06,NA,NA,NA,NA,NA
1155,5.640420913696289,"""[7.2482524]""","""[1.0000348]""",7.2482523918151855,1.2474371260395856e-06,NA,NA,NA,NA,NA
1156,5.643851280212402,"""[7.248251]""","""[1.0000343]""",7.248250961303711,1.2467048691178206e-06,NA,NA,NA,NA,NA
1157,5.647271156311035,"""[7.2482505]""","""[1.000034]""",7.248250484466553,1.2459478284654324e-06,NA,NA,NA,NA,NA
1158,5.650686740875244,"""[7.2482495]""","""[1.0000335]""",7.248249530792236,1.2452130704332376e-06,NA,NA,NA,NA,NA
1159,5.654085636138916,"""[7.248248]""","""[1.000033]""",7.248248100280762,1.2444983212844818e-06,NA,NA,NA,NA,NA
1160,5.657479763031006,"""[7.248247]""","""[1.0000325]""",7.248247146606445,1.2437599252734799e-06,NA,NA,NA,NA,NA
1161,5.660871982574463,"""[7.248246]""","""[1.0000322]""",7.248246192932129,1.243035853804031e-06,NA,NA,NA,NA,NA
1162,5.664252758026123,"""[7.2482452]""","""[1.0000317]""",7.2482452392578125,1.242348503183166e-06,NA,NA,NA,NA,NA
1163,5.667627334594727,"""[7.2482443]""","""[1.0000312]""",7.248244285583496,1.2416322761055198e-06,NA,NA,NA,NA,NA
1164,5.670991897583008,"""[7.248244]""","""[1.0000305]""",7.248243808746338,1.240937990587554e-06,NA,NA,NA,NA,NA
1165,5.674337863922119,"""[7.248242]""","""[1.0000302]""",7.248241901397705,1.240222445630934e-06,NA,NA,NA,NA,NA
1166,5.677669525146484,"""[7.2482414]""","""[1.0000294]""",7.248241424560547,1.2395909152473905e-06,NA,NA,NA,NA,NA
1167,5.68099308013916,"""[7.248241]""","""[1.0000287]""",7.248240947723389,1.2389500625431538e-06,NA,NA,NA,NA,NA
1168,5.684299945831299,"""[7.24824]""","""[1.0000283]""",7.248239994049072,1.2383711691654753e-06,NA,NA,NA,NA,NA
1169,5.687593936920166,"""[7.248239]""","""[1.0000279]""",7.248239040374756,1.2377298617138877e-06,NA,NA,NA,NA,NA
1170,5.690883159637451,"""[7.248238]""","""[1.0000274]""",7.2482380867004395,1.2371264119792613e-06,NA,NA,NA,NA,NA
1171,5.6941609382629395,"""[7.248237]""","""[1.000027]""",7.248237133026123,1.236536036230973e-06,NA,NA,NA,NA,NA
1172,5.6974358558654785,"""[7.2482357]""","""[1.0000266]""",7.248235702514648,1.235938952959259e-06,NA,NA,NA,NA,NA
1173,5.700700759887695,"""[7.2482357]""","""[1.000026]""",7.248235702514648,1.2353609690762823e-06,NA,NA,NA,NA,NA
1174,5.703957557678223,"""[7.2482347]""","""[1.0000255]""",7.248234748840332,1.2347586562100332e-06,NA,NA,NA,NA,NA
1175,5.707202911376953,"""[7.248234]""","""[1.000025]""",7.248233795166016,1.2342046602498158e-06,NA,NA,NA,NA,NA
1176,5.710439682006836,"""[7.2482333]""","""[1.0000249]""",7.248233318328857,1.233614057127852e-06,NA,NA,NA,NA,NA
1177,5.713665008544922,"""[7.2482324]""","""[1.0000246]""",7.248232364654541,1.2330486924838624e-06,NA,NA,NA,NA,NA
1178,5.716876029968262,"""[7.248231]""","""[1.0000243]""",7.248230934143066,1.2325047009653645e-06,NA,NA,NA,NA,NA
1179,5.72007942199707,"""[7.2482305]""","""[1.0000238]""",7.248230457305908,1.2320102769081132e-06,NA,NA,NA,NA,NA
1180,5.723272323608398,"""[7.24823]""","""[1.0000232]""",7.24822998046875,1.2314771993260365e-06,NA,NA,NA,NA,NA
1181,5.726451873779297,"""[7.248229]""","""[1.0000228]""",7.248229026794434,1.2310171086937771e-06,NA,NA,NA,NA,NA
1182,5.729621410369873,"""[7.2482276]""","""[1.0000223]""",7.248227596282959,1.2304994925216306e-06,NA,NA,NA,NA,NA
1183,5.732776641845703,"""[7.2482257]""","""[1.0000218]""",7.248225688934326,1.2299875606913702e-06,NA,NA,NA,NA,NA
1184,5.7359185218811035,"""[7.2482266]""","""[1.000021]""",7.248226642608643,1.2295182614252553e-06,NA,NA,NA,NA,NA
1185,5.739048957824707,"""[7.248226]""","""[1.0000205]""",7.248226165771484,1.2290922768443124e-06,NA,NA,NA,NA,NA
1186,5.742170333862305,"""[7.248224]""","""[1.0000201]""",7.248223781585693,1.2286423043406103e-06,NA,NA,NA,NA,NA
1187,5.745283603668213,"""[7.2482243]""","""[1.0000196]""",7.248224258422852,1.2281875569897238e-06,NA,NA,NA,NA,NA
1188,5.7483930587768555,"""[7.248223]""","""[1.0000193]""",7.248222827911377,1.2277184850972844e-06,NA,NA,NA,NA,NA
1189,5.751495838165283,"""[7.2482224]""","""[1.0000187]""",7.248222351074219,1.227261236635968e-06,NA,NA,NA,NA,NA
1190,5.754588603973389,"""[7.2482214]""","""[1.0000182]""",7.248221397399902,1.226827180289547e-06,NA,NA,NA,NA,NA
1191,5.7576751708984375,"""[7.2482204]""","""[1.0000178]""",7.248220443725586,1.2264231372682843e-06,NA,NA,NA,NA,NA
1192,5.760746955871582,"""[7.2482204]""","""[1.0000173]""",7.248220443725586,1.2259959021321265e-06,NA,NA,NA,NA,NA
1193,5.7638092041015625,"""[7.24822]""","""[1.0000168]""",7.248219966888428,1.2255565025043325e-06,NA,NA,NA,NA,NA
1194,5.766851902008057,"""[7.248218]""","""[1.0000166]""",7.248218059539795,1.2251856560396845e-06,NA,NA,NA,NA,NA
1195,5.769886016845703,"""[7.2482176]""","""[1.0000163]""",7.248217582702637,1.224790139531251e-06,NA,NA,NA,NA,NA
1196,5.772910118103027,"""[7.2482166]""","""[1.0000161]""",7.24821662902832,1.2243845048942603e-06,NA,NA,NA,NA,NA
1197,5.775926113128662,"""[7.2482166]""","""[1.0000155]""",7.24821662902832,1.2240363957971567e-06,NA,NA,NA,NA,NA
1198,5.778931140899658,"""[7.248215]""","""[1.000015]""",7.248215198516846,1.2236793054398731e-06,NA,NA,NA,NA,NA
1199,5.781924247741699,"""[7.2482147]""","""[1.0000144]""",7.2482147216796875,1.2233275583639625e-06,NA,NA,NA,NA,NA
1200,5.784902572631836,"""[7.2482142]""","""[1.0000141]""",7.248214244842529,1.2229517096784548e-06,NA,NA,NA,NA,NA
1201,5.787872314453125,"""[7.248213]""","""[1.0000137]""",7.248212814331055,1.2226096259837504e-06,NA,NA,NA,NA,NA
1202,5.790828704833984,"""[7.248212]""","""[1.0000134]""",7.248211860656738,1.2222971008668537e-06,NA,NA,NA,NA,NA
1203,5.79378604888916,"""[7.2482114]""","""[1.0000129]""",7.24821138381958,1.2219603604535223e-06,NA,NA,NA,NA,NA
1204,5.796728610992432,"""[7.24821]""","""[1.0000125]""",7.2482099533081055,1.2216295317557524e-06,NA,NA,NA,NA,NA
1205,5.799664497375488,"""[7.2482104]""","""[1.0000119]""",7.248210430145264,1.2212885849294253e-06,NA,NA,NA,NA,NA
1206,5.802591323852539,"""[7.2482095]""","""[1.0000113]""",7.248209476470947,1.2209490023451508e-06,NA,NA,NA,NA,NA
1207,5.805506706237793,"""[7.2482095]""","""[1.0000108]""",7.248209476470947,1.220705144078238e-06,NA,NA,NA,NA,NA
1208,5.808412075042725,"""[7.248208]""","""[1.0000106]""",7.248208045959473,1.2203585129100247e-06,NA,NA,NA,NA,NA
1209,5.811306953430176,"""[7.248207]""","""[1.0000103]""",7.248207092285156,1.2200885066704359e-06,NA,NA,NA,NA,NA
1210,5.814196586608887,"""[7.248206]""","""[1.0000099]""",7.24820613861084,1.2198105423522065e-06,NA,NA,NA,NA,NA
1211,5.817068576812744,"""[7.248205]""","""[1.0000094]""",7.248205184936523,1.2195149565741303e-06,NA,NA,NA,NA,NA
1212,5.81993293762207,"""[7.248205]""","""[1.0000091]""",7.248205184936523,1.219211299030576e-06,NA,NA,NA,NA,NA
1213,5.822782039642334,"""[7.248204]""","""[1.0000087]""",7.248204231262207,1.2189423159725266e-06,NA,NA,NA,NA,NA
1214,5.825615882873535,"""[7.248204]""","""[1.0000082]""",7.248204231262207,1.2186661706437008e-06,NA,NA,NA,NA,NA
1215,5.828438758850098,"""[7.248203]""","""[1.0000079]""",7.248202800750732,1.218461875396315e-06,NA,NA,NA,NA,NA
1216,5.83125114440918,"""[7.248203]""","""[1.0000075]""",7.248202800750732,1.2182347290945472e-06,NA,NA,NA,NA,NA
1217,5.834054946899414,"""[7.2482014]""","""[1.0000073]""",7.248201370239258,1.217981207446428e-06,NA,NA,NA,NA,NA
1218,5.836853504180908,"""[7.248201]""","""[1.0000068]""",7.2482008934021,1.2177430335214012e-06,NA,NA,NA,NA,NA
1219,5.83964729309082,"""[7.248202]""","""[1.0000063]""",7.248201847076416,1.217505428030563e-06,NA,NA,NA,NA,NA
1220,5.8424296379089355,"""[7.2482004]""","""[1.0000061]""",7.248200416564941,1.2172704373369925e-06,NA,NA,NA,NA,NA
1221,5.845205783843994,"""[7.248199]""","""[1.0000058]""",7.248198986053467,1.2170384025012027e-06,NA,NA,NA,NA,NA
1222,5.847967147827148,"""[7.248199]""","""[1.0000054]""",7.248198986053467,1.2168110288257594e-06,NA,NA,NA,NA,NA
1223,5.8507161140441895,"""[7.2481985]""","""[1.000005]""",7.248198509216309,1.216599230247084e-06,NA,NA,NA,NA,NA
1224,5.853456020355225,"""[7.2481976]""","""[1.0000046]""",7.248197555541992,1.2163908422735403e-06,NA,NA,NA,NA,NA
1225,5.856185436248779,"""[7.248197]""","""[1.0000045]""",7.248197078704834,1.2161705171820358e-06,NA,NA,NA,NA,NA
1226,5.85890007019043,"""[7.2481956]""","""[1.0000042]""",7.248195648193359,1.216003397530585e-06,NA,NA,NA,NA,NA
1227,5.86160135269165,"""[7.2481947]""","""[1.0000038]""",7.248194694519043,1.2158207027823664e-06,NA,NA,NA,NA,NA
1228,5.864294052124023,"""[7.2481937]""","""[1.0000035]""",7.248193740844727,1.2156377806604723e-06,NA,NA,NA,NA,NA
1229,5.866976261138916,"""[7.2481947]""","""[1.0000026]""",7.248194694519043,1.215467591464403e-06,NA,NA,NA,NA,NA
1230,5.8696489334106445,"""[7.2481937]""","""[1.0000021]""",7.248193740844727,1.2152929684816627e-06,NA,NA,NA,NA,NA
1231,5.872312545776367,"""[7.248193]""","""[1.0000019]""",7.24819278717041,1.2151089094913914e-06,NA,NA,NA,NA,NA
1232,5.874969005584717,"""[7.2481923]""","""[1.0000015]""",7.248192310333252,1.2149430403951555e-06,NA,NA,NA,NA,NA
1233,5.877614974975586,"""[7.2481923]""","""[1.0000012]""",7.248192310333252,1.214746816913248e-06,NA,NA,NA,NA,NA
1234,5.8802571296691895,"""[7.2481914]""","""[1.0000008]""",7.2481913566589355,1.2146211929575657e-06,NA,NA,NA,NA,NA
1235,5.88288688659668,"""[7.2481904]""","""[1.0000005]""",7.248190402984619,1.2144404308855883e-06,NA,NA,NA,NA,NA
1236,5.885506629943848,"""[7.24819]""","""[1.0]""",7.248189926147461,1.2143019603172434e-06,NA,NA,NA,NA,NA
1237,5.888110160827637,"""[7.248189]""","""[1.0]""",7.2481889724731445,1.2140899343648925e-06,NA,NA,NA,NA,NA
1238,5.890707015991211,"""[7.2481885]""","""[0.99999964]""",7.248188495635986,1.2139622640461312e-06,NA,NA,NA,NA,NA
1239,5.893286228179932,"""[7.248189]""","""[0.9999992]""",7.2481889724731445,1.213792074850062e-06,NA,NA,NA,NA,NA
1240,5.8958587646484375,"""[7.2481875]""","""[0.999999]""",7.24818754196167,1.2136811164964456e-06,NA,NA,NA,NA,NA
1241,5.89841365814209,"""[7.2481866]""","""[0.9999986]""",7.2481865882873535,1.2135750466768513e-06,NA,NA,NA,NA,NA
1242,5.90096378326416,"""[7.248186]""","""[0.9999983]""",7.248186111450195,1.2134433973187697e-06,NA,NA,NA,NA,NA
1243,5.903508186340332,"""[7.248185]""","""[0.9999978]""",7.248185157775879,1.2133270956837805e-06,NA,NA,NA,NA,NA
1244,5.9060444831848145,"""[7.248184]""","""[0.99999726]""",7.2481842041015625,1.2132381925766822e-06,NA,NA,NA,NA,NA
1245,5.908571720123291,"""[7.2481837]""","""[0.9999967]""",7.248183727264404,1.2131117728131358e-06,NA,NA,NA,NA,NA
1246,5.911087512969971,"""[7.248184]""","""[0.9999963]""",7.2481842041015625,1.212981032949756e-06,NA,NA,NA,NA,NA
1247,5.9135918617248535,"""[7.248183]""","""[0.99999607]""",7.248182773590088,1.2128614343964728e-06,NA,NA,NA,NA,NA
1248,5.916083335876465,"""[7.2481837]""","""[0.9999957]""",7.248183727264404,1.2127512718507205e-06,NA,NA,NA,NA,NA
1249,5.918558120727539,"""[7.248182]""","""[0.99999565]""",7.2481818199157715,1.2126740784879075e-06,NA,NA,NA,NA,NA
1250,5.921032905578613,"""[7.248182]""","""[0.9999954]""",7.2481818199157715,1.2125552757424884e-06,NA,NA,NA,NA,NA
1251,5.923494338989258,"""[7.2481813]""","""[0.9999948]""",7.248181343078613,1.2124407930969028e-06,NA,NA,NA,NA,NA
1252,5.925951957702637,"""[7.2481804]""","""[0.9999945]""",7.248180389404297,1.2123438182243262e-06,NA,NA,NA,NA,NA
1253,5.928396701812744,"""[7.248181]""","""[0.9999943]""",7.248180866241455,1.2122808357162285e-06,NA,NA,NA,NA,NA
1254,5.930834770202637,"""[7.2481804]""","""[0.9999944]""",7.248180389404297,1.212168740494235e-06,NA,NA,NA,NA,NA
1255,5.933260440826416,"""[7.2481794]""","""[0.9999942]""",7.2481794357299805,1.212053120980272e-06,NA,NA,NA,NA,NA
1256,5.935671329498291,"""[7.2481785]""","""[0.9999939]""",7.248178482055664,1.2120005976612447e-06,NA,NA,NA,NA,NA
1257,5.93807315826416,"""[7.2481785]""","""[0.9999935]""",7.248178482055664,1.211925336974673e-06,NA,NA,NA,NA,NA
1258,5.940460681915283,"""[7.2481775]""","""[0.999993]""",7.248177528381348,1.211885319207795e-06,NA,NA,NA,NA,NA
1259,5.942841053009033,"""[7.2481766]""","""[0.9999929]""",7.248176574707031,1.211841208714759e-06,NA,NA,NA,NA,NA
1260,5.9452080726623535,"""[7.248177]""","""[0.9999926]""",7.2481770515441895,1.2117518508603098e-06,NA,NA,NA,NA,NA
1261,5.947572708129883,"""[7.2481756]""","""[0.99999243]""",7.248175621032715,1.2116690868424485e-06,NA,NA,NA,NA,NA
1262,5.949926853179932,"""[7.2481747]""","""[0.999992]""",7.248174667358398,1.2116481684643077e-06,NA,NA,NA,NA,NA
1263,5.952272415161133,"""[7.2481737]""","""[0.99999166]""",7.248173713684082,1.211544713441981e-06,NA,NA,NA,NA,NA
1264,5.954611778259277,"""[7.2481747]""","""[0.99999094]""",7.248174667358398,1.2115093568354496e-06,NA,NA,NA,NA,NA
1265,5.956937789916992,"""[7.2481737]""","""[0.99999046]""",7.248173713684082,1.2114257970097242e-06,NA,NA,NA,NA,NA
1266,5.959256649017334,"""[7.248173]""","""[0.9999902]""",7.248173236846924,1.2113979437344824e-06,NA,NA,NA,NA,NA
1267,5.9615654945373535,"""[7.248173]""","""[0.9999899]""",7.248173236846924,1.2113231377952616e-06,NA,NA,NA,NA,NA
1268,5.963865756988525,"""[7.248172]""","""[0.9999898]""",7.248171806335449,1.2112628837712691e-06,NA,NA,NA,NA,NA
1269,5.966153144836426,"""[7.2481723]""","""[0.9999894]""",7.248172283172607,1.2111772775824647e-06,NA,NA,NA,NA,NA
1270,5.968432426452637,"""[7.248171]""","""[0.9999892]""",7.248170852661133,1.211133053402591e-06,NA,NA,NA,NA,NA
1271,5.970697402954102,"""[7.2481713]""","""[0.99998885]""",7.248171329498291,1.2111185014873627e-06,NA,NA,NA,NA,NA
1272,5.972946643829346,"""[7.2481704]""","""[0.9999887]""",7.248170375823975,1.2111017895222176e-06,NA,NA,NA,NA,NA
1273,5.975185394287109,"""[7.248171]""","""[0.99998856]""",7.248170852661133,1.211061203321151e-06,NA,NA,NA,NA,NA
1274,5.977413177490234,"""[7.248169]""","""[0.99998856]""",7.2481689453125,1.2110259604014573e-06,NA,NA,NA,NA,NA
1275,5.979635715484619,"""[7.248169]""","""[0.9999883]""",7.2481689453125,1.2110343732274487e-06,NA,NA,NA,NA,NA
1276,5.9818525314331055,"""[7.248169]""","""[0.99998814]""",7.2481689453125,1.210996288136812e-06,NA,NA,NA,NA,NA
1277,5.984064102172852,"""[7.248168]""","""[0.9999879]""",7.248167991638184,1.2109176168451086e-06,NA,NA,NA,NA,NA
1278,5.986270904541016,"""[7.2481666]""","""[0.99998754]""",7.248166561126709,1.2108899909435422e-06,NA,NA,NA,NA,NA
1279,5.988466739654541,"""[7.248167]""","""[0.9999869]""",7.248167037963867,1.2108740747862612e-06,NA,NA,NA,NA,NA
1280,5.990654468536377,"""[7.248166]""","""[0.99998635]""",7.248166084289551,1.2108579312553047e-06,NA,NA,NA,NA,NA
1281,5.992831230163574,"""[7.2481666]""","""[0.9999859]""",7.248166561126709,1.2108350802009227e-06,NA,NA,NA,NA,NA
1282,5.994997978210449,"""[7.248166]""","""[0.99998564]""",7.248166084289551,1.2107889233448077e-06,NA,NA,NA,NA,NA
1283,5.9971537590026855,"""[7.2481656]""","""[0.9999855]""",7.248165607452393,1.2107441307307454e-06,NA,NA,NA,NA,NA
1284,5.999304294586182,"""[7.2481637]""","""[0.99998534]""",7.24816370010376,1.2107170732633676e-06,NA,NA,NA,NA,NA
1285,6.001442909240723,"""[7.2481647]""","""[0.99998486]""",7.248164653778076,1.2107141174055869e-06,NA,NA,NA,NA,NA
1286,6.003576278686523,"""[7.2481637]""","""[0.9999845]""",7.24816370010376,1.210722643918416e-06,NA,NA,NA,NA,NA
1287,6.005687713623047,"""[7.2481627]""","""[0.9999842]""",7.248162746429443,1.2107514066883596e-06,NA,NA,NA,NA,NA
1288,6.0077924728393555,"""[7.2481637]""","""[0.99998397]""",7.24816370010376,1.2107168458896922e-06,NA,NA,NA,NA,NA
1289,6.009889125823975,"""[7.248163]""","""[0.9999842]""",7.248163223266602,1.2106812619094853e-06,NA,NA,NA,NA,NA
1290,6.011971950531006,"""[7.2481604]""","""[0.99998456]""",7.248160362243652,1.2106149824830936e-06,NA,NA,NA,NA,NA
1291,6.014049053192139,"""[7.2481613]""","""[0.9999842]""",7.248161315917969,1.210639766213717e-06,NA,NA,NA,NA,NA
1292,6.016122817993164,"""[7.248162]""","""[0.9999836]""",7.248161792755127,1.2106555686841602e-06,NA,NA,NA,NA,NA
1293,6.018189907073975,"""[7.2481613]""","""[0.99998325]""",7.248161315917969,1.210663413075963e-06,NA,NA,NA,NA,NA
1294,6.020240306854248,"""[7.248161]""","""[0.9999831]""",7.2481608390808105,1.2106975191272795e-06,NA,NA,NA,NA,NA
1295,6.022280693054199,"""[7.2481604]""","""[0.999983]""",7.248160362243652,1.2106880831197486e-06,NA,NA,NA,NA,NA
1296,6.0243096351623535,"""[7.24816]""","""[0.999983]""",7.248159885406494,1.2106588656024542e-06,NA,NA,NA,NA,NA
1297,6.0263285636901855,"""[7.248158]""","""[0.99998295]""",7.248157978057861,1.2106399935873924e-06,NA,NA,NA,NA,NA
1298,6.028350353240967,"""[7.248159]""","""[0.9999823]""",7.248158931732178,1.210667505802121e-06,NA,NA,NA,NA,NA
1299,6.0303544998168945,"""[7.248158]""","""[0.99998176]""",7.248157978057861,1.210686718877696e-06,NA,NA,NA,NA,NA
1300,6.032354831695557,"""[7.2481565]""","""[0.9999816]""",7.248156547546387,1.2107037719033542e-06,NA,NA,NA,NA,NA
1301,6.034348011016846,"""[7.248159]""","""[0.99998116]""",7.248158931732178,1.2107113889214816e-06,NA,NA,NA,NA,NA
1302,6.036324977874756,"""[7.248158]""","""[0.99998116]""",7.248157978057861,1.2106958138247137e-06,NA,NA,NA,NA,NA
1303,6.038295269012451,"""[7.2481565]""","""[0.99998116]""",7.248156547546387,1.210699792864034e-06,NA,NA,NA,NA,NA
1304,6.040255546569824,"""[7.248156]""","""[0.9999809]""",7.2481560707092285,1.2106921758459066e-06,NA,NA,NA,NA,NA
1305,6.042208194732666,"""[7.2481546]""","""[0.9999807]""",7.248154640197754,1.2106967233194155e-06,NA,NA,NA,NA,NA
1306,6.044149398803711,"""[7.2481556]""","""[0.99998003]""",7.24815559387207,1.2107562952223816e-06,NA,NA,NA,NA,NA
1307,6.046081066131592,"""[7.248155]""","""[0.99997973]""",7.248155117034912,1.2107416296203155e-06,NA,NA,NA,NA,NA
1308,6.047999858856201,"""[7.248155]""","""[0.99997973]""",7.248155117034912,1.2107841484976234e-06,NA,NA,NA,NA,NA
1309,6.0499091148376465,"""[7.2481527]""","""[0.9999799]""",7.248152732849121,1.210749587698956e-06,NA,NA,NA,NA,NA
1310,6.051811695098877,"""[7.248154]""","""[0.9999797]""",7.248154163360596,1.2107745988032548e-06,NA,NA,NA,NA,NA
1311,6.053711414337158,"""[7.2481523]""","""[0.9999794]""",7.248152256011963,1.2107934708183166e-06,NA,NA,NA,NA,NA
1312,6.055609226226807,"""[7.248152]""","""[0.9999788]""",7.248151779174805,1.2108117743991897e-06,NA,NA,NA,NA,NA
1313,6.057495594024658,"""[7.248152]""","""[0.99997824]""",7.248151779174805,1.2108330338378437e-06,NA,NA,NA,NA,NA
1314,6.059372425079346,"""[7.2481523]""","""[0.99997795]""",7.248152256011963,1.2108372402508394e-06,NA,NA,NA,NA,NA
1315,6.061237335205078,"""[7.2481513]""","""[0.9999779]""",7.2481513023376465,1.2108182545489399e-06,NA,NA,NA,NA,NA
1316,6.063097953796387,"""[7.2481503]""","""[0.9999779]""",7.24815034866333,1.2108353075745981e-06,NA,NA,NA,NA,NA
1317,6.064945697784424,"""[7.248151]""","""[0.99997765]""",7.248150825500488,1.2108389455534052e-06,NA,NA,NA,NA,NA
1318,6.066787242889404,"""[7.248151]""","""[0.9999774]""",7.248150825500488,1.2108584996894933e-06,NA,NA,NA,NA,NA
1319,6.068618297576904,"""[7.24815]""","""[0.9999772]""",7.248149871826172,1.2108779401387437e-06,NA,NA,NA,NA,NA
1320,6.070436477661133,"""[7.2481494]""","""[0.999977]""",7.248149394989014,1.2108843066016561e-06,NA,NA,NA,NA,NA
1321,6.072250843048096,"""[7.248148]""","""[0.999977]""",7.248147964477539,1.210909658766468e-06,NA,NA,NA,NA,NA
1322,6.074053764343262,"""[7.2481484]""","""[0.9999767]""",7.248148441314697,1.2109462659282144e-06,NA,NA,NA,NA,NA
1323,6.075850009918213,"""[7.2481484]""","""[0.9999766]""",7.248148441314697,1.2109551335015567e-06,NA,NA,NA,NA,NA
1324,6.077643871307373,"""[7.248147]""","""[0.99997646]""",7.248147010803223,1.210948880725482e-06,NA,NA,NA,NA,NA
1325,6.0794291496276855,"""[7.248148]""","""[0.9999761]""",7.248147964477539,1.210968093801057e-06,NA,NA,NA,NA,NA
1326,6.081211090087891,"""[7.2481465]""","""[0.99997574]""",7.2481465339660645,1.2109879889976582e-06,NA,NA,NA,NA,NA
1327,6.082980155944824,"""[7.2481465]""","""[0.9999754]""",7.2481465339660645,1.2110390343877953e-06,NA,NA,NA,NA,NA
1328,6.08474063873291,"""[7.248147]""","""[0.9999751]""",7.248147010803223,1.2110654097341467e-06,NA,NA,NA,NA,NA
1329,6.086495876312256,"""[7.2481465]""","""[0.99997497]""",7.2481465339660645,1.211062453876366e-06,NA,NA,NA,NA,NA
1330,6.088238716125488,"""[7.2481456]""","""[0.99997485]""",7.248145580291748,1.2110760962968925e-06,NA,NA,NA,NA,NA
1331,6.0899786949157715,"""[7.248146]""","""[0.9999747]""",7.248146057128906,1.211108951792994e-06,NA,NA,NA,NA,NA
1332,6.091701030731201,"""[7.248145]""","""[0.99997485]""",7.24814510345459,1.2111156593164196e-06,NA,NA,NA,NA,NA
1333,6.093421459197998,"""[7.2481437]""","""[0.9999749]""",7.248143672943115,1.2111180467400118e-06,NA,NA,NA,NA,NA
1334,6.095132827758789,"""[7.2481446]""","""[0.99997437]""",7.248144626617432,1.2111962632843642e-06,NA,NA,NA,NA,NA
1335,6.096832275390625,"""[7.248143]""","""[0.9999742]""",7.248143196105957,1.2111906926293159e-06,NA,NA,NA,NA,NA
1336,6.0985212326049805,"""[7.2481427]""","""[0.9999741]""",7.248142719268799,1.2112419653931283e-06,NA,NA,NA,NA,NA
1337,6.10019588470459,"""[7.248143]""","""[0.99997395]""",7.248143196105957,1.2112687954868306e-06,NA,NA,NA,NA,NA
1338,6.101861476898193,"""[7.2481427]""","""[0.9999739]""",7.248142719268799,1.2113063121432788e-06,NA,NA,NA,NA,NA
1339,6.1035261154174805,"""[7.248142]""","""[0.9999736]""",7.248141765594482,1.2113312095607398e-06,NA,NA,NA,NA,NA
1340,6.105183124542236,"""[7.2481413]""","""[0.9999733]""",7.248141288757324,1.2113757748011267e-06,NA,NA,NA,NA,NA
1341,6.106839179992676,"""[7.2481413]""","""[0.9999729]""",7.248141288757324,1.2114044238842325e-06,NA,NA,NA,NA,NA
1342,6.108491897583008,"""[7.248141]""","""[0.99997264]""",7.248140811920166,1.2114127230233862e-06,NA,NA,NA,NA,NA
1343,6.110137939453125,"""[7.2481403]""","""[0.9999725]""",7.248140335083008,1.2114084029235528e-06,NA,NA,NA,NA,NA
1344,6.111776828765869,"""[7.2481403]""","""[0.9999725]""",7.248140335083008,1.211438529935549e-06,NA,NA,NA,NA,NA
1345,6.113401889801025,"""[7.2481394]""","""[0.9999725]""",7.248139381408691,1.2113979437344824e-06,NA,NA,NA,NA,NA
1346,6.115020751953125,"""[7.2481394]""","""[0.99997216]""",7.248139381408691,1.2114527407902642e-06,NA,NA,NA,NA,NA
1347,6.116632461547852,"""[7.248138]""","""[0.99997205]""",7.248137950897217,1.2114280707464786e-06,NA,NA,NA,NA,NA
1348,6.118229389190674,"""[7.248139]""","""[0.9999715]""",7.248138904571533,1.211503445119888e-06,NA,NA,NA,NA,NA
1349,6.119806289672852,"""[7.2481384]""","""[0.9999713]""",7.248138427734375,1.2115048093619407e-06,NA,NA,NA,NA,NA
1350,6.121377944946289,"""[7.248138]""","""[0.9999713]""",7.248137950897217,1.2115737035856e-06,NA,NA,NA,NA,NA
1351,6.122941493988037,"""[7.248139]""","""[0.99997133]""",7.248138904571533,1.211565518133284e-06,NA,NA,NA,NA,NA
1352,6.12449836730957,"""[7.2481375]""","""[0.9999714]""",7.248137474060059,1.211623498420522e-06,NA,NA,NA,NA,NA
1353,6.126055717468262,"""[7.2481365]""","""[0.9999713]""",7.248136520385742,1.2116215657442808e-06,NA,NA,NA,NA,NA
1354,6.127613544464111,"""[7.2481365]""","""[0.9999709]""",7.248136520385742,1.2116253174099256e-06,NA,NA,NA,NA,NA
1355,6.12916374206543,"""[7.248136]""","""[0.99997056]""",7.248136043548584,1.2116871630496462e-06,NA,NA,NA,NA,NA
1356,6.130703926086426,"""[7.2481356]""","""[0.9999703]""",7.248135566711426,1.2116912557758042e-06,NA,NA,NA,NA,NA
1357,6.132238388061523,"""[7.2481356]""","""[0.9999703]""",7.248135566711426,1.211697849612392e-06,NA,NA,NA,NA,NA
1358,6.133769512176514,"""[7.2481356]""","""[0.99997026]""",7.248135566711426,1.211674202750146e-06,NA,NA,NA,NA,NA
1359,6.135296821594238,"""[7.2481356]""","""[0.99997026]""",7.248135566711426,1.2116679499740712e-06,NA,NA,NA,NA,NA
1360,6.136810779571533,"""[7.248135]""","""[0.99997]""",7.248135089874268,1.2117075129935984e-06,NA,NA,NA,NA,NA
1361,6.138317108154297,"""[7.2481356]""","""[0.9999696]""",7.248135566711426,1.211747303386801e-06,NA,NA,NA,NA,NA
1362,6.139803409576416,"""[7.2481337]""","""[0.9999695]""",7.248133659362793,1.2117282039980637e-06,NA,NA,NA,NA,NA
1363,6.141279220581055,"""[7.2481337]""","""[0.99996936]""",7.248133659362793,1.2117687901991303e-06,NA,NA,NA,NA,NA
1364,6.142742156982422,"""[7.248132]""","""[0.9999695]""",7.248132228851318,1.2117845926695736e-06,NA,NA,NA,NA,NA
1365,6.14420223236084,"""[7.2481327]""","""[0.99996924]""",7.248132705688477,1.2118390486648423e-06,NA,NA,NA,NA,NA
1366,6.145656585693359,"""[7.248132]""","""[0.99996907]""",7.248132228851318,1.2118536005800706e-06,NA,NA,NA,NA,NA
1367,6.147116661071777,"""[7.248132]""","""[0.9999688]""",7.248132228851318,1.2118886161260889e-06,NA,NA,NA,NA,NA
1368,6.148566246032715,"""[7.2481318]""","""[0.99996877]""",7.24813175201416,1.211865310324356e-06,NA,NA,NA,NA,NA
1369,6.150014877319336,"""[7.248132]""","""[0.99996847]""",7.248132228851318,1.2119043049096945e-06,NA,NA,NA,NA,NA
1370,6.1514692306518555,"""[7.2481313]""","""[0.99996835]""",7.248131275177002,1.2119169241486816e-06,NA,NA,NA,NA,NA
1371,6.1529083251953125,"""[7.24813]""","""[0.9999681]""",7.248129844665527,1.2118886161260889e-06,NA,NA,NA,NA,NA
1372,6.154339790344238,"""[7.2481313]""","""[0.999968]""",7.248131275177002,1.2119016901124269e-06,NA,NA,NA,NA,NA
1373,6.155755043029785,"""[7.2481294]""","""[0.99996793]""",7.248129367828369,1.2119098755647428e-06,NA,NA,NA,NA,NA
1374,6.157159805297852,"""[7.248129]""","""[0.9999677]""",7.248128890991211,1.2119264738430502e-06,NA,NA,NA,NA,NA
1375,6.1585540771484375,"""[7.248129]""","""[0.9999675]""",7.248128890991211,1.2119533039367525e-06,NA,NA,NA,NA,NA
1376,6.159938812255859,"""[7.2481294]""","""[0.9999672]""",7.248129367828369,1.2120058272557799e-06,NA,NA,NA,NA,NA
1377,6.161316394805908,"""[7.2481294]""","""[0.9999671]""",7.248129367828369,1.21199434488517e-06,NA,NA,NA,NA,NA
1378,6.162693500518799,"""[7.2481284]""","""[0.999967]""",7.248128414154053,1.2120084420530475e-06,NA,NA,NA,NA,NA
1379,6.1640625,"""[7.248128]""","""[0.99996704]""",7.2481279373168945,1.2119947996325209e-06,NA,NA,NA,NA,NA
1380,6.165427207946777,"""[7.248128]""","""[0.9999669]""",7.2481279373168945,1.2120158316974994e-06,NA,NA,NA,NA,NA
1381,6.1667866706848145,"""[7.248127]""","""[0.9999667]""",7.248126983642578,1.212011511597666e-06,NA,NA,NA,NA,NA
1382,6.168138027191162,"""[7.248127]""","""[0.9999665]""",7.248126983642578,1.2120602832510485e-06,NA,NA,NA,NA,NA
1383,6.169485092163086,"""[7.248127]""","""[0.9999663]""",7.248126983642578,1.2120316341679427e-06,NA,NA,NA,NA,NA
1384,6.170822620391846,"""[7.2481275]""","""[0.99996626]""",7.248127460479736,1.212046981891035e-06,NA,NA,NA,NA,NA
1385,6.172147274017334,"""[7.248127]""","""[0.99996626]""",7.248126983642578,1.212049028254114e-06,NA,NA,NA,NA,NA
1386,6.173471450805664,"""[7.2481256]""","""[0.99996626]""",7.2481255531311035,1.2120642622903688e-06,NA,NA,NA,NA,NA
1387,6.174793243408203,"""[7.248126]""","""[0.999966]""",7.248126029968262,1.2120921155656106e-06,NA,NA,NA,NA,NA
1388,6.176110744476318,"""[7.248125]""","""[0.9999659]""",7.248125076293945,1.2120730161768734e-06,NA,NA,NA,NA,NA
1389,6.177426338195801,"""[7.248125]""","""[0.9999655]""",7.248125076293945,1.2120398196202586e-06,NA,NA,NA,NA,NA
1390,6.178736686706543,"""[7.2481256]""","""[0.9999653]""",7.2481255531311035,1.2120393648729078e-06,NA,NA,NA,NA,NA
1391,6.180035591125488,"""[7.2481236]""","""[0.9999653]""",7.248123645782471,1.2120408428017981e-06,NA,NA,NA,NA,NA
1392,6.181321620941162,"""[7.2481246]""","""[0.9999652]""",7.248124599456787,1.2119977554903016e-06,NA,NA,NA,NA,NA
1393,6.182592391967773,"""[7.248124]""","""[0.99996495]""",7.248124122619629,1.2120508472435176e-06,NA,NA,NA,NA,NA
1394,6.183852672576904,"""[7.2481236]""","""[0.9999649]""",7.248123645782471,1.2120812016291893e-06,NA,NA,NA,NA,NA
1395,6.185112476348877,"""[7.248123]""","""[0.999965]""",7.2481231689453125,1.21206869607704e-06,NA,NA,NA,NA,NA
1396,6.186355113983154,"""[7.2481227]""","""[0.9999649]""",7.248122692108154,1.212082565871242e-06,NA,NA,NA,NA,NA
1397,6.187597751617432,"""[7.2481217]""","""[0.9999648]""",7.248121738433838,1.2121340660087299e-06,NA,NA,NA,NA,NA
1398,6.188847064971924,"""[7.248122]""","""[0.99996465]""",7.248122215270996,1.212096435665444e-06,NA,NA,NA,NA,NA
1399,6.190089225769043,"""[7.2481217]""","""[0.99996465]""",7.248121738433838,1.2121031431888696e-06,NA,NA,NA,NA,NA
1400,6.1913371086120605,"""[7.2481213]""","""[0.99996454]""",7.24812126159668,1.2120596011300222e-06,NA,NA,NA,NA,NA
1401,6.192578315734863,"""[7.248121]""","""[0.9999643]""",7.2481207847595215,1.2120426617912017e-06,NA,NA,NA,NA,NA
1402,6.193819999694824,"""[7.2481203]""","""[0.9999641]""",7.248120307922363,1.2119934353904682e-06,NA,NA,NA,NA,NA
1403,6.195044994354248,"""[7.248121]""","""[0.99996394]""",7.2481207847595215,1.2119985512981657e-06,NA,NA,NA,NA,NA
1404,6.196254253387451,"""[7.24812]""","""[0.99996376]""",7.248119831085205,1.211981270898832e-06,NA,NA,NA,NA,NA
1405,6.197449207305908,"""[7.2481203]""","""[0.99996364]""",7.248120307922363,1.2119901384721743e-06,NA,NA,NA,NA,NA
1406,6.198627948760986,"""[7.24812]""","""[0.99996346]""",7.248119831085205,1.212011511597666e-06,NA,NA,NA,NA,NA
1407,6.19980001449585,"""[7.248121]""","""[0.9999634]""",7.2481207847595215,1.2120389101255569e-06,NA,NA,NA,NA,NA
1408,6.200967311859131,"""[7.24812]""","""[0.9999635]""",7.248119831085205,1.212038455378206e-06,NA,NA,NA,NA,NA
1409,6.2021403312683105,"""[7.2481184]""","""[0.9999637]""",7.2481184005737305,1.2120284509364865e-06,NA,NA,NA,NA,NA
1410,6.203309535980225,"""[7.248118]""","""[0.99996364]""",7.248117923736572,1.2119995744797052e-06,NA,NA,NA,NA,NA
1411,6.204480171203613,"""[7.248118]""","""[0.99996346]""",7.248117923736572,1.2119819530198583e-06,NA,NA,NA,NA,NA
1412,6.2056379318237305,"""[7.248119]""","""[0.9999631]""",7.248118877410889,1.2119994607928675e-06,NA,NA,NA,NA,NA
1413,6.206789016723633,"""[7.2481174]""","""[0.99996316]""",7.248117446899414,1.2119780876673758e-06,NA,NA,NA,NA,NA
1414,6.207942485809326,"""[7.248117]""","""[0.9999634]""",7.248116970062256,1.2119381835873355e-06,NA,NA,NA,NA,NA
1415,6.2090888023376465,"""[7.2481165]""","""[0.9999633]""",7.248116493225098,1.2118888434997643e-06,NA,NA,NA,NA,NA
1416,6.2102251052856445,"""[7.2481174]""","""[0.9999629]""",7.248117446899414,1.2118545100747724e-06,NA,NA,NA,NA,NA
1417,6.211360931396484,"""[7.2481155]""","""[0.9999626]""",7.248115539550781,1.2118498489144258e-06,NA,NA,NA,NA,NA
1418,6.212484359741211,"""[7.2481155]""","""[0.9999622]""",7.248115539550781,1.2118533732063952e-06,NA,NA,NA,NA,NA
1419,6.2136030197143555,"""[7.2481165]""","""[0.9999619]""",7.248116493225098,1.2118147196815698e-06,NA,NA,NA,NA,NA
1420,6.2147088050842285,"""[7.248115]""","""[0.9999621]""",7.248115062713623,1.21178277368017e-06,NA,NA,NA,NA,NA
1421,6.215805530548096,"""[7.248115]""","""[0.99996215]""",7.248115062713623,1.2117565120206564e-06,NA,NA,NA,NA,NA
1422,6.216897964477539,"""[7.248114]""","""[0.99996215]""",7.248114109039307,1.2117479855078273e-06,NA,NA,NA,NA,NA
1423,6.217987060546875,"""[7.2481146]""","""[0.99996185]""",7.248114585876465,1.2117602636863012e-06,NA,NA,NA,NA,NA
1424,6.2190632820129395,"""[7.2481146]""","""[0.99996144]""",7.248114585876465,1.2117703818148584e-06,NA,NA,NA,NA,NA
1425,6.22014045715332,"""[7.2481146]""","""[0.9999615]""",7.248114585876465,1.2117297956137918e-06,NA,NA,NA,NA,NA
1426,6.221221923828125,"""[7.248114]""","""[0.99996173]""",7.248114109039307,1.211674543810659e-06,NA,NA,NA,NA,NA
1427,6.222299575805664,"""[7.2481136]""","""[0.999962]""",7.248113632202148,1.211590870298096e-06,NA,NA,NA,NA,NA
1428,6.223374843597412,"""[7.2481136]""","""[0.999962]""",7.248113632202148,1.2115322078898316e-06,NA,NA,NA,NA,NA
1429,6.224438667297363,"""[7.2481127]""","""[0.9999617]""",7.248112678527832,1.2115175422877655e-06,NA,NA,NA,NA,NA
1430,6.225494861602783,"""[7.2481136]""","""[0.9999613]""",7.248113632202148,1.2115159506720374e-06,NA,NA,NA,NA,NA
1431,6.226541042327881,"""[7.248113]""","""[0.99996114]""",7.24811315536499,1.2115106073906645e-06,NA,NA,NA,NA,NA
1432,6.2275800704956055,"""[7.2481112]""","""[0.9999613]""",7.248111248016357,1.2114712717448128e-06,NA,NA,NA,NA,NA
1433,6.228609085083008,"""[7.2481112]""","""[0.9999613]""",7.248111248016357,1.2114470564483781e-06,NA,NA,NA,NA,NA
1434,6.229629039764404,"""[7.2481117]""","""[0.99996114]""",7.248111724853516,1.2114099945392809e-06,NA,NA,NA,NA,NA
1435,6.230650424957275,"""[7.248112]""","""[0.9999607]""",7.248112201690674,1.2114010132791009e-06,NA,NA,NA,NA,NA
1436,6.231667518615723,"""[7.2481103]""","""[0.9999607]""",7.248110294342041,1.2114008995922632e-06,NA,NA,NA,NA,NA
1437,6.232681751251221,"""[7.248111]""","""[0.99996066]""",7.248110771179199,1.2113385992051917e-06,NA,NA,NA,NA,NA
1438,6.233692169189453,"""[7.2481093]""","""[0.9999607]""",7.248109340667725,1.2112919876017259e-06,NA,NA,NA,NA,NA
1439,6.234694004058838,"""[7.248109]""","""[0.99996066]""",7.248108863830566,1.2112498097849311e-06,NA,NA,NA,NA,NA
1440,6.235701084136963,"""[7.2481093]""","""[0.99996036]""",7.248109340667725,1.2112265039831982e-06,NA,NA,NA,NA,NA
1441,6.236691951751709,"""[7.2481093]""","""[0.9999603]""",7.248109340667725,1.211203311868303e-06,NA,NA,NA,NA,NA
1442,6.237682342529297,"""[7.2481084]""","""[0.9999603]""",7.248108386993408,1.211146127388929e-06,NA,NA,NA,NA,NA
1443,6.23867130279541,"""[7.248108]""","""[0.99996036]""",7.24810791015625,1.2110876923543401e-06,NA,NA,NA,NA,NA
1444,6.239655017852783,"""[7.248108]""","""[0.99996036]""",7.24810791015625,1.2110143643440097e-06,NA,NA,NA,NA,NA
1445,6.2406325340271,"""[7.2481084]""","""[0.9999601]""",7.248108386993408,1.2109780982427765e-06,NA,NA,NA,NA,NA
1446,6.241601467132568,"""[7.248108]""","""[0.99995995]""",7.24810791015625,1.2109151157346787e-06,NA,NA,NA,NA,NA
1447,6.242556095123291,"""[7.2481084]""","""[0.9999598]""",7.248108386993408,1.2108571354474407e-06,NA,NA,NA,NA,NA
1448,6.243505954742432,"""[7.248107]""","""[0.9999599]""",7.248106956481934,1.2108473583793966e-06,NA,NA,NA,NA,NA
1449,6.244452476501465,"""[7.2481074]""","""[0.9999598]""",7.248107433319092,1.2108085911677335e-06,NA,NA,NA,NA,NA
1450,6.245388984680176,"""[7.2481065]""","""[0.9999598]""",7.248106479644775,1.2107628890589694e-06,NA,NA,NA,NA,NA
1451,6.246335983276367,"""[7.2481065]""","""[0.9999597]""",7.248106479644775,1.210730374623381e-06,NA,NA,NA,NA,NA
1452,6.247272968292236,"""[7.2481065]""","""[0.9999597]""",7.248106479644775,1.210653636007919e-06,NA,NA,NA,NA,NA
1453,6.248208045959473,"""[7.2481074]""","""[0.9999596]""",7.248107433319092,1.2106012263757293e-06,NA,NA,NA,NA,NA
1454,6.2491350173950195,"""[7.2481065]""","""[0.9999597]""",7.248106479644775,1.210529035233776e-06,NA,NA,NA,NA,NA
1455,6.250056743621826,"""[7.2481055]""","""[0.9999598]""",7.248105525970459,1.2104940196877578e-06,NA,NA,NA,NA,NA
1456,6.250979423522949,"""[7.248105]""","""[0.9999599]""",7.248105049133301,1.21042455702991e-06,NA,NA,NA,NA,NA
1457,6.251895904541016,"""[7.248105]""","""[0.9999596]""",7.248105049133301,1.2104152347092167e-06,NA,NA,NA,NA,NA
1458,6.252798557281494,"""[7.2481046]""","""[0.99995935]""",7.248104572296143,1.2103382687200792e-06,NA,NA,NA,NA,NA
1459,6.253698825836182,"""[7.248104]""","""[0.9999592]""",7.248104095458984,1.2103305380151141e-06,NA,NA,NA,NA,NA
1460,6.2546000480651855,"""[7.2481046]""","""[0.99995935]""",7.248104572296143,1.2102193522878224e-06,NA,NA,NA,NA,NA
1461,6.255491733551025,"""[7.2481036]""","""[0.99995935]""",7.248103618621826,1.2101418178644963e-06,NA,NA,NA,NA,NA
1462,6.256377696990967,"""[7.248104]""","""[0.9999592]""",7.248104095458984,1.2100780395485344e-06,NA,NA,NA,NA,NA
1463,6.257265090942383,"""[7.2481036]""","""[0.99995893]""",7.248103618621826,1.2100374533474678e-06,NA,NA,NA,NA,NA
1464,6.258145809173584,"""[7.2481027]""","""[0.9999589]""",7.24810266494751,1.2099661717002164e-06,NA,NA,NA,NA,NA
1465,6.2590179443359375,"""[7.248103]""","""[0.9999586]""",7.248103141784668,1.2099568493795232e-06,NA,NA,NA,NA,NA
1466,6.259889125823975,"""[7.248102]""","""[0.99995863]""",7.248102188110352,1.2098734032406355e-06,NA,NA,NA,NA,NA
1467,6.2607502937316895,"""[7.2481017]""","""[0.9999588]""",7.248101711273193,1.209792799272691e-06,NA,NA,NA,NA,NA
1468,6.261610507965088,"""[7.2481017]""","""[0.9999588]""",7.248101711273193,1.2097264061594615e-06,NA,NA,NA,NA,NA
1469,6.262462615966797,"""[7.2481017]""","""[0.9999587]""",7.248101711273193,1.2096616046619602e-06,NA,NA,NA,NA,NA
1470,6.263303756713867,"""[7.248101]""","""[0.9999588]""",7.248101234436035,1.209595552609244e-06,NA,NA,NA,NA,NA
1471,6.264142036437988,"""[7.2481017]""","""[0.99995863]""",7.248101711273193,1.2095433703507297e-06,NA,NA,NA,NA,NA
1472,6.264974594116211,"""[7.248101]""","""[0.9999586]""",7.248101234436035,1.2094903922843514e-06,NA,NA,NA,NA,NA
1473,6.265807628631592,"""[7.2481017]""","""[0.99995846]""",7.248101711273193,1.2094050134692225e-06,NA,NA,NA,NA,NA
1474,6.266635894775391,"""[7.2481003]""","""[0.99995863]""",7.248100280761719,1.209354195452761e-06,NA,NA,NA,NA,NA
1475,6.2674665451049805,"""[7.2481]""","""[0.9999587]""",7.2480998039245605,1.209232891596912e-06,NA,NA,NA,NA,NA
1476,6.2682952880859375,"""[7.2481]""","""[0.9999586]""",7.2480998039245605,1.2091796861568582e-06,NA,NA,NA,NA,NA
1477,6.269113540649414,"""[7.248099]""","""[0.9999583]""",7.248098850250244,1.2091264807168045e-06,NA,NA,NA,NA,NA
1478,6.269925117492676,"""[7.2480993]""","""[0.99995804]""",7.248099327087402,1.2090429208910791e-06,NA,NA,NA,NA,NA
1479,6.270732402801514,"""[7.2480993]""","""[0.99995804]""",7.248099327087402,1.208970275001775e-06,NA,NA,NA,NA,NA
1480,6.27153205871582,"""[7.2480993]""","""[0.9999579]""",7.248099327087402,1.2088588619008078e-06,NA,NA,NA,NA,NA
1481,6.272326469421387,"""[7.2480984]""","""[0.9999581]""",7.248098373413086,1.2087718914699508e-06,NA,NA,NA,NA,NA
1482,6.273121356964111,"""[7.248099]""","""[0.99995786]""",7.248098850250244,1.208705612043559e-06,NA,NA,NA,NA,NA
1483,6.273910045623779,"""[7.2480974]""","""[0.9999578]""",7.2480974197387695,1.2086250080756145e-06,NA,NA,NA,NA,NA
1484,6.2746901512146,"""[7.2480984]""","""[0.9999573]""",7.248098373413086,1.2085961316188332e-06,NA,NA,NA,NA,NA
1485,6.275477886199951,"""[7.248098]""","""[0.9999574]""",7.248097896575928,1.208509615935327e-06,NA,NA,NA,NA,NA
1486,6.2762627601623535,"""[7.248098]""","""[0.99995756]""",7.248097896575928,1.2084051377314609e-06,NA,NA,NA,NA,NA
1487,6.277035713195801,"""[7.248097]""","""[0.9999578]""",7.248096942901611,1.208281787512533e-06,NA,NA,NA,NA,NA
1488,6.277801036834717,"""[7.248097]""","""[0.99995786]""",7.248096942901611,1.2081960676368908e-06,NA,NA,NA,NA,NA
1489,6.278554916381836,"""[7.248096]""","""[0.9999578]""",7.248095989227295,1.2081409295205958e-06,NA,NA,NA,NA,NA
1490,6.279310703277588,"""[7.2480965]""","""[0.9999574]""",7.248096466064453,1.2080888609489193e-06,NA,NA,NA,NA,NA
1491,6.280057430267334,"""[7.248096]""","""[0.9999573]""",7.248095989227295,1.2080417945981026e-06,NA,NA,NA,NA,NA
1492,6.2808051109313965,"""[7.2480965]""","""[0.9999574]""",7.248096466064453,1.2079743783033337e-06,NA,NA,NA,NA,NA
1493,6.281548023223877,"""[7.2480965]""","""[0.99995756]""",7.248096466064453,1.2078043027941021e-06,NA,NA,NA,NA,NA
1494,6.282289981842041,"""[7.248095]""","""[0.9999577]""",7.2480950355529785,1.207711648021359e-06,NA,NA,NA,NA,NA
1495,6.283029079437256,"""[7.248095]""","""[0.9999575]""",7.2480950355529785,1.2076269513272564e-06,NA,NA,NA,NA,NA
1496,6.283773422241211,"""[7.2480946]""","""[0.99995726]""",7.24809455871582,1.2075589665982989e-06,NA,NA,NA,NA,NA
1497,6.284515857696533,"""[7.2480946]""","""[0.99995726]""",7.24809455871582,1.207462901220424e-06,NA,NA,NA,NA,NA
1498,6.285254955291748,"""[7.2480936]""","""[0.9999571]""",7.248093605041504,1.2073418247382506e-06,NA,NA,NA,NA,NA
1499,6.285976409912109,"""[7.2480936]""","""[0.99995714]""",7.248093605041504,1.2072262052242877e-06,NA,NA,NA,NA,NA
1500,6.286684513092041,"""[7.2480936]""","""[0.99995726]""",7.248093605041504,1.2071334367647069e-06,NA,NA,NA,NA,NA
1501,6.287386417388916,"""[7.248093]""","""[0.99995714]""",7.248093128204346,1.2070363482052926e-06,NA,NA,NA,NA,NA
1502,6.288092613220215,"""[7.248093]""","""[0.9999569]""",7.248093128204346,1.2070191814927966e-06,NA,NA,NA,NA,NA
1503,6.288792610168457,"""[7.2480936]""","""[0.9999568]""",7.248093605041504,1.206914930662606e-06,NA,NA,NA,NA,NA
1504,6.289496421813965,"""[7.248092]""","""[0.99995685]""",7.248092174530029,1.206817728416354e-06,NA,NA,NA,NA,NA
1505,6.290197849273682,"""[7.248093]""","""[0.99995685]""",7.248093128204346,1.2067348507116549e-06,NA,NA,NA,NA,NA
1506,6.290893077850342,"""[7.2480917]""","""[0.999957]""",7.248091697692871,1.2065976306985249e-06,NA,NA,NA,NA,NA
1507,6.291586875915527,"""[7.2480917]""","""[0.9999571]""",7.248091697692871,1.2064830343661015e-06,NA,NA,NA,NA,NA
1508,6.292279243469238,"""[7.248091]""","""[0.99995714]""",7.248091220855713,1.2063703707099194e-06,NA,NA,NA,NA,NA
1509,6.292971134185791,"""[7.248091]""","""[0.9999571]""",7.248091220855713,1.2062762380082859e-06,NA,NA,NA,NA,NA
1510,6.293656826019287,"""[7.248091]""","""[0.9999569]""",7.248091220855713,1.2061369716320769e-06,NA,NA,NA,NA,NA
1511,6.2943291664123535,"""[7.248091]""","""[0.9999569]""",7.248091220855713,1.2060570497851586e-06,NA,NA,NA,NA,NA
1512,6.295001029968262,"""[7.248091]""","""[0.999957]""",7.248091220855713,1.2059758773830254e-06,NA,NA,NA,NA,NA
1513,6.295656681060791,"""[7.24809]""","""[0.9999571]""",7.248089790344238,1.2058532092851237e-06,NA,NA,NA,NA,NA
1514,6.2963128089904785,"""[7.2480903]""","""[0.9999569]""",7.2480902671813965,1.2057709000146133e-06,NA,NA,NA,NA,NA
1515,6.296967029571533,"""[7.2480893]""","""[0.9999571]""",7.24808931350708,1.2056418654537993e-06,NA,NA,NA,NA,NA
1516,6.297616958618164,"""[7.2480893]""","""[0.99995685]""",7.24808931350708,1.205577063956298e-06,NA,NA,NA,NA,NA
1517,6.298272609710693,"""[7.248089]""","""[0.9999566]""",7.248088836669922,1.2054638318659272e-06,NA,NA,NA,NA,NA
1518,6.298929214477539,"""[7.2480893]""","""[0.9999565]""",7.24808931350708,1.2053499176545301e-06,NA,NA,NA,NA,NA
1519,6.299581527709961,"""[7.248089]""","""[0.99995637]""",7.248088836669922,1.2052154261255055e-06,NA,NA,NA,NA,NA
1520,6.30023193359375,"""[7.248089]""","""[0.99995637]""",7.248088836669922,1.205098783430003e-06,NA,NA,NA,NA,NA
1521,6.30086612701416,"""[7.2480874]""","""[0.9999565]""",7.248087406158447,1.2049652013956802e-06,NA,NA,NA,NA,NA
1522,6.301494121551514,"""[7.2480874]""","""[0.9999563]""",7.248087406158447,1.2048724329360994e-06,NA,NA,NA,NA,NA
1523,6.302124500274658,"""[7.248088]""","""[0.99995613]""",7.2480878829956055,1.204782734021137e-06,NA,NA,NA,NA,NA
1524,6.302753925323486,"""[7.2480874]""","""[0.9999563]""",7.248087406158447,1.204642217089713e-06,NA,NA,NA,NA,NA
1525,6.303366184234619,"""[7.2480874]""","""[0.9999563]""",7.248087406158447,1.2045417179251672e-06,NA,NA,NA,NA,NA
1526,6.303974628448486,"""[7.2480865]""","""[0.99995655]""",7.248086452484131,1.2044332606819808e-06,NA,NA,NA,NA,NA
1527,6.304582118988037,"""[7.248087]""","""[0.99995637]""",7.248086929321289,1.2043348078805138e-06,NA,NA,NA,NA,NA
1528,6.305184841156006,"""[7.2480874]""","""[0.99995625]""",7.248087406158447,1.2042395383105031e-06,NA,NA,NA,NA,NA
1529,6.305788993835449,"""[7.2480855]""","""[0.99995637]""",7.2480854988098145,1.2041100490023382e-06,NA,NA,NA,NA,NA
1530,6.3063883781433105,"""[7.248087]""","""[0.99995613]""",7.248086929321289,1.204006366606336e-06,NA,NA,NA,NA,NA
1531,6.306988716125488,"""[7.2480865]""","""[0.99995625]""",7.248086452484131,1.2038594832119998e-06,NA,NA,NA,NA,NA
1532,6.307591438293457,"""[7.2480855]""","""[0.99995637]""",7.2480854988098145,1.2037321539537515e-06,NA,NA,NA,NA,NA
1533,6.30819845199585,"""[7.248085]""","""[0.9999565]""",7.248085021972656,1.2035308145641466e-06,NA,NA,NA,NA,NA
1534,6.308805465698242,"""[7.2480845]""","""[0.9999563]""",7.248084545135498,1.2034355449941359e-06,NA,NA,NA,NA,NA
1535,6.309404373168945,"""[7.248084]""","""[0.999956]""",7.24808406829834,1.2032713812004658e-06,NA,NA,NA,NA,NA
1536,6.309995651245117,"""[7.2480845]""","""[0.9999558]""",7.248084545135498,1.2031779306198587e-06,NA,NA,NA,NA,NA
1537,6.310572624206543,"""[7.2480836]""","""[0.9999558]""",7.248083591461182,1.2030297966703074e-06,NA,NA,NA,NA,NA
1538,6.311142444610596,"""[7.248084]""","""[0.9999558]""",7.24808406829834,1.2029199751850683e-06,NA,NA,NA,NA,NA
1539,6.311699867248535,"""[7.2480836]""","""[0.9999558]""",7.248083591461182,1.2028140190523118e-06,NA,NA,NA,NA,NA
1540,6.312266826629639,"""[7.2480836]""","""[0.9999558]""",7.248083591461182,1.2027003322145902e-06,NA,NA,NA,NA,NA
1541,6.31282901763916,"""[7.248083]""","""[0.9999556]""",7.248083114624023,1.2025782325508771e-06,NA,NA,NA,NA,NA
1542,6.313386917114258,"""[7.2480826]""","""[0.99995565]""",7.248082637786865,1.2024678426314495e-06,NA,NA,NA,NA,NA
1543,6.313947677612305,"""[7.2480826]""","""[0.99995583]""",7.248082637786865,1.202329144689429e-06,NA,NA,NA,NA,NA
1544,6.314511299133301,"""[7.2480836]""","""[0.9999561]""",7.248083591461182,1.2021974953313475e-06,NA,NA,NA,NA,NA
1545,6.3150715827941895,"""[7.248082]""","""[0.99995655]""",7.248082160949707,1.2020135500279139e-06,NA,NA,NA,NA,NA
1546,6.3156280517578125,"""[7.2480826]""","""[0.99995655]""",7.248082637786865,1.2018872439512052e-06,NA,NA,NA,NA,NA
1547,6.316186428070068,"""[7.2480817]""","""[0.99995655]""",7.248081684112549,1.2017741255476722e-06,NA,NA,NA,NA,NA
1548,6.316739082336426,"""[7.248081]""","""[0.9999563]""",7.248081207275391,1.2016461141683976e-06,NA,NA,NA,NA,NA
1549,6.317279815673828,"""[7.248081]""","""[0.9999561]""",7.248081207275391,1.2015073025395395e-06,NA,NA,NA,NA,NA
1550,6.317812442779541,"""[7.2480803]""","""[0.999956]""",7.248080253601074,1.2013757668682956e-06,NA,NA,NA,NA,NA
1551,6.318342208862305,"""[7.2480803]""","""[0.9999559]""",7.248080253601074,1.2012178558507003e-06,NA,NA,NA,NA,NA
1552,6.318867206573486,"""[7.2480817]""","""[0.99995583]""",7.248081684112549,1.201075065182522e-06,NA,NA,NA,NA,NA
1553,6.3193864822387695,"""[7.2480803]""","""[0.9999559]""",7.248080253601074,1.2009844567728578e-06,NA,NA,NA,NA,NA
1554,6.319902420043945,"""[7.2480803]""","""[0.9999558]""",7.248080253601074,1.2008530347884516e-06,NA,NA,NA,NA,NA
1555,6.320423126220703,"""[7.2480803]""","""[0.9999555]""",7.248080253601074,1.2007407121927827e-06,NA,NA,NA,NA,NA
1556,6.320940017700195,"""[7.2480807]""","""[0.9999555]""",7.248080730438232,1.200569045067823e-06,NA,NA,NA,NA,NA
1557,6.321463584899902,"""[7.2480803]""","""[0.9999559]""",7.248080253601074,1.200447400151461e-06,NA,NA,NA,NA,NA
1558,6.32198429107666,"""[7.248079]""","""[0.9999565]""",7.2480788230896,1.2002208222838817e-06,NA,NA,NA,NA,NA
1559,6.322509765625,"""[7.248079]""","""[0.99995655]""",7.2480788230896,1.200089627673151e-06,NA,NA,NA,NA,NA
1560,6.323031425476074,"""[7.248079]""","""[0.9999563]""",7.2480788230896,1.19993399039231e-06,NA,NA,NA,NA,NA
1561,6.323544502258301,"""[7.248079]""","""[0.9999561]""",7.2480788230896,1.1998283753200667e-06,NA,NA,NA,NA,NA
1562,6.324052810668945,"""[7.248078]""","""[0.999956]""",7.248077869415283,1.1996381772405584e-06,NA,NA,NA,NA,NA
1563,6.324552059173584,"""[7.2480783]""","""[0.999956]""",7.248078346252441,1.1994968645012705e-06,NA,NA,NA,NA,NA
1564,6.325043201446533,"""[7.248079]""","""[0.99995613]""",7.2480788230896,1.1993138286925387e-06,NA,NA,NA,NA,NA
1565,6.325524806976318,"""[7.2480764]""","""[0.9999563]""",7.248076438903809,1.1992138979621814e-06,NA,NA,NA,NA,NA
1566,6.326014518737793,"""[7.248078]""","""[0.99995583]""",7.248077869415283,1.199085772896069e-06,NA,NA,NA,NA,NA
1567,6.326496124267578,"""[7.2480774]""","""[0.99995536]""",7.248077392578125,1.19900289519137e-06,NA,NA,NA,NA,NA
1568,6.326974391937256,"""[7.248077]""","""[0.99995524]""",7.248076915740967,1.198846916850016e-06,NA,NA,NA,NA,NA
1569,6.327455043792725,"""[7.248077]""","""[0.99995553]""",7.248076915740967,1.198701966131921e-06,NA,NA,NA,NA,NA
1570,6.327934741973877,"""[7.248077]""","""[0.999956]""",7.248076915740967,1.198486302200763e-06,NA,NA,NA,NA,NA
1571,6.328410625457764,"""[7.248077]""","""[0.99995625]""",7.248076915740967,1.198318841488799e-06,NA,NA,NA,NA,NA
1572,6.328883171081543,"""[7.2480764]""","""[0.99995625]""",7.248076438903809,1.1981968555119238e-06,NA,NA,NA,NA,NA
1573,6.329358100891113,"""[7.2480745]""","""[0.99995613]""",7.248074531555176,1.1980431509073242e-06,NA,NA,NA,NA,NA
1574,6.329835414886475,"""[7.2480745]""","""[0.99995583]""",7.248074531555176,1.1979041119047906e-06,NA,NA,NA,NA,NA
1575,6.3303093910217285,"""[7.248075]""","""[0.99995565]""",7.248075008392334,1.1977514304817305e-06,NA,NA,NA,NA,NA
1576,6.330783843994141,"""[7.2480745]""","""[0.99995583]""",7.248074531555176,1.197582605527714e-06,NA,NA,NA,NA,NA
1577,6.331251621246338,"""[7.248075]""","""[0.999956]""",7.248075008392334,1.1973642131124507e-06,NA,NA,NA,NA,NA
1578,6.3317131996154785,"""[7.248074]""","""[0.999956]""",7.248074054718018,1.1971820867984206e-06,NA,NA,NA,NA,NA
1579,6.332170009613037,"""[7.2480745]""","""[0.99995583]""",7.248074531555176,1.1970421383011853e-06,NA,NA,NA,NA,NA
1580,6.3326215744018555,"""[7.2480736]""","""[0.99995565]""",7.248073577880859,1.196927541968762e-06,NA,NA,NA,NA,NA
1581,6.333071708679199,"""[7.2480736]""","""[0.9999555]""",7.248073577880859,1.196801349578891e-06,NA,NA,NA,NA,NA
1582,6.333519458770752,"""[7.2480736]""","""[0.99995536]""",7.248073577880859,1.196635139422142e-06,NA,NA,NA,NA,NA
1583,6.333950042724609,"""[7.248073]""","""[0.9999555]""",7.248073101043701,1.1964644954787218e-06,NA,NA,NA,NA,NA
1584,6.334381103515625,"""[7.248074]""","""[0.9999558]""",7.248074054718018,1.1962864618908498e-06,NA,NA,NA,NA,NA
1585,6.334811210632324,"""[7.2480726]""","""[0.9999561]""",7.248072624206543,1.1961276413785527e-06,NA,NA,NA,NA,NA
1586,6.335249423980713,"""[7.2480726]""","""[0.9999561]""",7.248072624206543,1.1959749599554925e-06,NA,NA,NA,NA,NA
1587,6.335693359375,"""[7.2480726]""","""[0.99995583]""",7.248072624206543,1.195861273117771e-06,NA,NA,NA,NA,NA
1588,6.336142539978027,"""[7.2480717]""","""[0.99995583]""",7.248071670532227,1.1956813068536576e-06,NA,NA,NA,NA,NA
1589,6.33658504486084,"""[7.2480717]""","""[0.9999559]""",7.248071670532227,1.195523054775549e-06,NA,NA,NA,NA,NA
1590,6.337025165557861,"""[7.2480717]""","""[0.999956]""",7.248071670532227,1.1952716931773466e-06,NA,NA,NA,NA,NA
1591,6.337459564208984,"""[7.248071]""","""[0.99995613]""",7.248071193695068,1.195088543681777e-06,NA,NA,NA,NA,NA
1592,6.337894439697266,"""[7.2480707]""","""[0.99995613]""",7.24807071685791,1.1949017562074005e-06,NA,NA,NA,NA,NA
1593,6.338313579559326,"""[7.248071]""","""[0.9999559]""",7.248071193695068,1.1947735174544505e-06,NA,NA,NA,NA,NA
1594,6.338730335235596,"""[7.2480702]""","""[0.9999558]""",7.248070240020752,1.1946395943596144e-06,NA,NA,NA,NA,NA
1595,6.339137554168701,"""[7.2480707]""","""[0.99995553]""",7.24807071685791,1.1944881634917692e-06,NA,NA,NA,NA,NA
1596,6.339543342590332,"""[7.2480707]""","""[0.9999558]""",7.24807071685791,1.1943352546950337e-06,NA,NA,NA,NA,NA
1597,6.339946269989014,"""[7.2480702]""","""[0.9999559]""",7.248070240020752,1.194164838125289e-06,NA,NA,NA,NA,NA
1598,6.34034538269043,"""[7.2480693]""","""[0.99995613]""",7.2480692863464355,1.1939933983740048e-06,NA,NA,NA,NA,NA
1599,6.340742588043213,"""[7.2480693]""","""[0.99995613]""",7.2480692863464355,1.1938660691157565e-06,NA,NA,NA,NA,NA
1600,6.341145038604736,"""[7.248069]""","""[0.9999561]""",7.248068809509277,1.1936779173993273e-06,NA,NA,NA,NA,NA
1601,6.341546058654785,"""[7.248068]""","""[0.999956]""",7.248067855834961,1.1935107977478765e-06,NA,NA,NA,NA,NA
1602,6.3419575691223145,"""[7.248069]""","""[0.999956]""",7.248068809509277,1.193362777485163e-06,NA,NA,NA,NA,NA
1603,6.3423614501953125,"""[7.24807]""","""[0.9999558]""",7.248069763183594,1.193151206280163e-06,NA,NA,NA,NA,NA
1604,6.342763900756836,"""[7.2480683]""","""[0.99995613]""",7.248068332672119,1.1929228094231803e-06,NA,NA,NA,NA,NA
1605,6.343158721923828,"""[7.2480693]""","""[0.9999561]""",7.2480692863464355,1.1927598961847252e-06,NA,NA,NA,NA,NA
1606,6.343548774719238,"""[7.2480683]""","""[0.99995625]""",7.248068332672119,1.1925600347240106e-06,NA,NA,NA,NA,NA
1607,6.343930721282959,"""[7.248067]""","""[0.9999563]""",7.2480669021606445,1.1924466889468022e-06,NA,NA,NA,NA,NA
1608,6.344310760498047,"""[7.248068]""","""[0.999956]""",7.248067855834961,1.1922397789021488e-06,NA,NA,NA,NA,NA
1609,6.344682693481445,"""[7.2480674]""","""[0.999956]""",7.248067378997803,1.192104946312611e-06,NA,NA,NA,NA,NA
1610,6.3450469970703125,"""[7.248066]""","""[0.9999561]""",7.248065948486328,1.191923615806445e-06,NA,NA,NA,NA,NA
1611,6.345417022705078,"""[7.2480655]""","""[0.99995625]""",7.24806547164917,1.1917621804968803e-06,NA,NA,NA,NA,NA
1612,6.345796585083008,"""[7.248066]""","""[0.999956]""",7.248065948486328,1.1916000630662893e-06,NA,NA,NA,NA,NA
1613,6.3461761474609375,"""[7.2480664]""","""[0.99995565]""",7.248066425323486,1.1914385140698869e-06,NA,NA,NA,NA,NA
1614,6.346558094024658,"""[7.248065]""","""[0.9999556]""",7.248064994812012,1.1912275112990756e-06,NA,NA,NA,NA,NA
1615,6.346933364868164,"""[7.2480655]""","""[0.9999555]""",7.24806547164917,1.1910551620530896e-06,NA,NA,NA,NA,NA
1616,6.347302436828613,"""[7.248065]""","""[0.99995553]""",7.248064994812012,1.1908131227755803e-06,NA,NA,NA,NA,NA
1617,6.347674369812012,"""[7.248065]""","""[0.9999556]""",7.248064994812012,1.1906442978215637e-06,NA,NA,NA,NA,NA
1618,6.3480329513549805,"""[7.248064]""","""[0.99995583]""",7.248064041137695,1.1904348866664805e-06,NA,NA,NA,NA,NA
1619,6.348384380340576,"""[7.2480655]""","""[0.9999558]""",7.24806547164917,1.1902833421117975e-06,NA,NA,NA,NA,NA
1620,6.348732948303223,"""[7.248065]""","""[0.9999559]""",7.248064994812012,1.190145894724992e-06,NA,NA,NA,NA,NA
1621,6.349077224731445,"""[7.2480645]""","""[0.99995613]""",7.2480645179748535,1.1899414857907686e-06,NA,NA,NA,NA,NA
1622,6.34942626953125,"""[7.248064]""","""[0.99995637]""",7.248064041137695,1.1897676586158923e-06,NA,NA,NA,NA,NA
1623,6.349771022796631,"""[7.2480645]""","""[0.99995655]""",7.2480645179748535,1.1895963325514458e-06,NA,NA,NA,NA,NA
1624,6.3501152992248535,"""[7.2480636]""","""[0.99995667]""",7.248063564300537,1.1894087492692051e-06,NA,NA,NA,NA,NA
1625,6.350461006164551,"""[7.2480636]""","""[0.99995667]""",7.248063564300537,1.189242198051943e-06,NA,NA,NA,NA,NA
1626,6.3508124351501465,"""[7.2480636]""","""[0.9999565]""",7.248063564300537,1.1890833775396459e-06,NA,NA,NA,NA,NA
1627,6.3511643409729,"""[7.248064]""","""[0.99995637]""",7.248064041137695,1.1888751032529399e-06,NA,NA,NA,NA,NA
1628,6.351503372192383,"""[7.248062]""","""[0.99995655]""",7.2480621337890625,1.1886648962899926e-06,NA,NA,NA,NA,NA
1629,6.3518452644348145,"""[7.2480626]""","""[0.9999565]""",7.248062610626221,1.1884734476552694e-06,NA,NA,NA,NA,NA
1630,6.352186679840088,"""[7.2480626]""","""[0.99995613]""",7.248062610626221,1.1882930266438052e-06,NA,NA,NA,NA,NA
1631,6.352521896362305,"""[7.248062]""","""[0.9999559]""",7.2480621337890625,1.1881022601301083e-06,NA,NA,NA,NA,NA
1632,6.3528547286987305,"""[7.2480617]""","""[0.99995583]""",7.248061656951904,1.1879498060807236e-06,NA,NA,NA,NA,NA
1633,6.3531904220581055,"""[7.248061]""","""[0.9999559]""",7.248061180114746,1.1877098131662933e-06,NA,NA,NA,NA,NA
1634,6.353522300720215,"""[7.248061]""","""[0.9999559]""",7.248061180114746,1.1875495147251058e-06,NA,NA,NA,NA,NA
1635,6.353848934173584,"""[7.248061]""","""[0.999956]""",7.248061180114746,1.1873145240315353e-06,NA,NA,NA,NA,NA
1636,6.354177951812744,"""[7.248061]""","""[0.99995625]""",7.248061180114746,1.1871118203998776e-06,NA,NA,NA,NA,NA
1637,6.354496955871582,"""[7.2480607]""","""[0.9999563]""",7.248060703277588,1.1869281024701195e-06,NA,NA,NA,NA,NA
1638,6.354818344116211,"""[7.248061]""","""[0.999956]""",7.248061180114746,1.1867684861499583e-06,NA,NA,NA,NA,NA
1639,6.355144500732422,"""[7.2480607]""","""[0.99995613]""",7.248060703277588,1.1865907936225994e-06,NA,NA,NA,NA,NA
1640,6.355459213256836,"""[7.2480597]""","""[0.99995655]""",7.2480597496032715,1.1864013913509552e-06,NA,NA,NA,NA,NA
1641,6.355772495269775,"""[7.2480597]""","""[0.99995667]""",7.2480597496032715,1.1861852726724464e-06,NA,NA,NA,NA,NA
1642,6.3560791015625,"""[7.2480593]""","""[0.9999568]""",7.248059272766113,1.1860264521601493e-06,NA,NA,NA,NA,NA
1643,6.356383800506592,"""[7.248059]""","""[0.99995637]""",7.248058795928955,1.1858660400321241e-06,NA,NA,NA,NA,NA
1644,6.356689453125,"""[7.2480583]""","""[0.99995655]""",7.248058319091797,1.1856329820147948e-06,NA,NA,NA,NA,NA
1645,6.356998443603516,"""[7.2480593]""","""[0.9999563]""",7.248059272766113,1.1854526746901684e-06,NA,NA,NA,NA,NA
1646,6.357306957244873,"""[7.2480593]""","""[0.99995655]""",7.248059272766113,1.185256792268774e-06,NA,NA,NA,NA,NA
1647,6.357628345489502,"""[7.2480583]""","""[0.9999565]""",7.248058319091797,1.1849879228975624e-06,NA,NA,NA,NA,NA
1648,6.357942581176758,"""[7.248057]""","""[0.9999565]""",7.248056888580322,1.184815346277901e-06,NA,NA,NA,NA,NA
1649,6.358252048492432,"""[7.2480574]""","""[0.99995613]""",7.2480573654174805,1.1846328789033578e-06,NA,NA,NA,NA,NA
1650,6.3585615158081055,"""[7.248058]""","""[0.99995583]""",7.248057842254639,1.1844576874864288e-06,NA,NA,NA,NA,NA
1651,6.358868598937988,"""[7.248057]""","""[0.9999561]""",7.248056888580322,1.184221559924481e-06,NA,NA,NA,NA,NA
1652,6.3591718673706055,"""[7.248058]""","""[0.9999563]""",7.248057842254639,1.183984295494156e-06,NA,NA,NA,NA,NA
1653,6.359464168548584,"""[7.248058]""","""[0.99995655]""",7.248057842254639,1.183771132673428e-06,NA,NA,NA,NA,NA
1654,6.359745025634766,"""[7.248057]""","""[0.9999568]""",7.248056888580322,1.1835912800961523e-06,NA,NA,NA,NA,NA
1655,6.360022068023682,"""[7.2480564]""","""[0.9999566]""",7.248056411743164,1.183453832709347e-06,NA,NA,NA,NA,NA
1656,6.360299110412598,"""[7.2480564]""","""[0.99995655]""",7.248056411743164,1.1833137705252739e-06,NA,NA,NA,NA,NA
1657,6.360568046569824,"""[7.248055]""","""[0.99995667]""",7.2480549812316895,1.1831493793579284e-06,NA,NA,NA,NA,NA
1658,6.360844612121582,"""[7.2480555]""","""[0.99995685]""",7.248055458068848,1.18291677608795e-06,NA,NA,NA,NA,NA
1659,6.361129283905029,"""[7.2480555]""","""[0.999957]""",7.248055458068848,1.182644382424769e-06,NA,NA,NA,NA,NA
1660,6.361425876617432,"""[7.2480555]""","""[0.999957]""",7.248055458068848,1.1824448620245676e-06,NA,NA,NA,NA,NA
1661,6.361738681793213,"""[7.2480545]""","""[0.99995685]""",7.248054504394531,1.1822198757727165e-06,NA,NA,NA,NA,NA
1662,6.362043857574463,"""[7.2480564]""","""[0.9999563]""",7.248056411743164,1.1820168310805457e-06,NA,NA,NA,NA,NA
1663,6.362331390380859,"""[7.248055]""","""[0.99995625]""",7.2480549812316895,1.18180105346255e-06,NA,NA,NA,NA,NA
1664,6.362597465515137,"""[7.2480545]""","""[0.99995637]""",7.248054504394531,1.1816149481091998e-06,NA,NA,NA,NA,NA
1665,6.362854480743408,"""[7.248054]""","""[0.9999568]""",7.248054027557373,1.1814113349828403e-06,NA,NA,NA,NA,NA
1666,6.3631181716918945,"""[7.2480545]""","""[0.99995685]""",7.248054504394531,1.181207721856481e-06,NA,NA,NA,NA,NA
1667,6.363377571105957,"""[7.248053]""","""[0.9999569]""",7.248053073883057,1.1810429896286223e-06,NA,NA,NA,NA,NA
1668,6.363641262054443,"""[7.248054]""","""[0.9999568]""",7.248054027557373,1.1808600675067282e-06,NA,NA,NA,NA,NA
1669,6.363905429840088,"""[7.2480536]""","""[0.9999568]""",7.248053550720215,1.1806826023530448e-06,NA,NA,NA,NA,NA
1670,6.364172458648682,"""[7.248054]""","""[0.999957]""",7.248054027557373,1.1804565929196542e-06,NA,NA,NA,NA,NA
1671,6.364435195922852,"""[7.2480526]""","""[0.9999573]""",7.248052597045898,1.1802475228250842e-06,NA,NA,NA,NA,NA
1672,6.364708423614502,"""[7.248053]""","""[0.9999574]""",7.248053073883057,1.180035610559571e-06,NA,NA,NA,NA,NA
1673,6.364983558654785,"""[7.248052]""","""[0.9999573]""",7.24805212020874,1.1798119885497727e-06,NA,NA,NA,NA,NA
1674,6.365262031555176,"""[7.248052]""","""[0.999957]""",7.24805212020874,1.1796008720921236e-06,NA,NA,NA,NA,NA
1675,6.365518569946289,"""[7.2480526]""","""[0.9999569]""",7.248052597045898,1.179400214823545e-06,NA,NA,NA,NA,NA
1676,6.365764141082764,"""[7.248052]""","""[0.99995714]""",7.24805212020874,1.179174773824343e-06,NA,NA,NA,NA,NA
1677,6.366013050079346,"""[7.2480516]""","""[0.9999574]""",7.248051643371582,1.1789687732743914e-06,NA,NA,NA,NA,NA
1678,6.366257190704346,"""[7.248051]""","""[0.9999574]""",7.248051166534424,1.1787595894929837e-06,NA,NA,NA,NA,NA
1679,6.366509437561035,"""[7.2480516]""","""[0.9999569]""",7.248051643371582,1.1785990636781207e-06,NA,NA,NA,NA,NA
1680,6.366757869720459,"""[7.248051]""","""[0.999957]""",7.248051166534424,1.1784020443883492e-06,NA,NA,NA,NA,NA
1681,6.367006301879883,"""[7.2480507]""","""[0.9999571]""",7.248050689697266,1.1781523880927125e-06,NA,NA,NA,NA,NA
1682,6.367257595062256,"""[7.2480516]""","""[0.99995726]""",7.248051643371582,1.1779466149164364e-06,NA,NA,NA,NA,NA
1683,6.367507457733154,"""[7.248051]""","""[0.9999576]""",7.248051166534424,1.1776847941291635e-06,NA,NA,NA,NA,NA
1684,6.367743968963623,"""[7.2480497]""","""[0.9999577]""",7.248049736022949,1.1775086932175327e-06,NA,NA,NA,NA,NA
1685,6.367988109588623,"""[7.2480497]""","""[0.99995756]""",7.248049736022949,1.1773589676522533e-06,NA,NA,NA,NA,NA
1686,6.368232250213623,"""[7.2480493]""","""[0.99995756]""",7.248049259185791,1.1771206800403888e-06,NA,NA,NA,NA,NA
1687,6.3684797286987305,"""[7.248049]""","""[0.9999576]""",7.248048782348633,1.1769112688853056e-06,NA,NA,NA,NA,NA
1688,6.368724822998047,"""[7.248049]""","""[0.9999577]""",7.248048782348633,1.1766474017349537e-06,NA,NA,NA,NA,NA
1689,6.368973255157471,"""[7.2480483]""","""[0.9999577]""",7.248048305511475,1.1764249165935325e-06,NA,NA,NA,NA,NA
1690,6.369206428527832,"""[7.248048]""","""[0.9999574]""",7.248047828674316,1.1762259646275197e-06,NA,NA,NA,NA,NA
1691,6.369443893432617,"""[7.248049]""","""[0.9999569]""",7.248048782348633,1.176033947558608e-06,NA,NA,NA,NA,NA
1692,6.36967658996582,"""[7.248049]""","""[0.9999568]""",7.248048782348633,1.1758249911508756e-06,NA,NA,NA,NA,NA
1693,6.369905948638916,"""[7.2480483]""","""[0.9999569]""",7.248048305511475,1.1756277444874286e-06,NA,NA,NA,NA,NA
1694,6.370138645172119,"""[7.2480493]""","""[0.999957]""",7.248049259185791,1.1753970738936914e-06,NA,NA,NA,NA,NA
1695,6.370362758636475,"""[7.2480474]""","""[0.99995756]""",7.248047351837158,1.175149350274296e-06,NA,NA,NA,NA,NA
1696,6.3705902099609375,"""[7.2480483]""","""[0.9999577]""",7.248048305511475,1.1749789337045513e-06,NA,NA,NA,NA,NA
1697,6.370816230773926,"""[7.248048]""","""[0.9999579]""",7.248047828674316,1.1747524695238099e-06,NA,NA,NA,NA,NA
1698,6.371039867401123,"""[7.2480474]""","""[0.9999581]""",7.248047351837158,1.1745892152248416e-06,NA,NA,NA,NA,NA
1699,6.3712592124938965,"""[7.248046]""","""[0.9999584]""",7.248045921325684,1.174337057818775e-06,NA,NA,NA,NA,NA
1700,6.371485710144043,"""[7.248046]""","""[0.9999584]""",7.248045921325684,1.1741503840312362e-06,NA,NA,NA,NA,NA
1701,6.3717145919799805,"""[7.248047]""","""[0.99995834]""",7.248046875,1.173922555608442e-06,NA,NA,NA,NA,NA
1702,6.371939659118652,"""[7.248046]""","""[0.99995816]""",7.248045921325684,1.1736809710782836e-06,NA,NA,NA,NA,NA
1703,6.372162342071533,"""[7.2480464]""","""[0.99995804]""",7.248046398162842,1.1734761073967093e-06,NA,NA,NA,NA,NA
1704,6.372392177581787,"""[7.2480464]""","""[0.99995786]""",7.248046398162842,1.1732180382750812e-06,NA,NA,NA,NA,NA
1705,6.372615337371826,"""[7.2480454]""","""[0.9999578]""",7.248045444488525,1.1730439837265294e-06,NA,NA,NA,NA,NA
1706,6.3728461265563965,"""[7.2480454]""","""[0.9999577]""",7.248045444488525,1.1727930768756778e-06,NA,NA,NA,NA,NA
1707,6.373064041137695,"""[7.248045]""","""[0.9999577]""",7.248044967651367,1.1726228876796085e-06,NA,NA,NA,NA,NA
1708,6.373269557952881,"""[7.2480445]""","""[0.99995804]""",7.248044490814209,1.1723495845217258e-06,NA,NA,NA,NA,NA
1709,6.373470306396484,"""[7.2480454]""","""[0.99995804]""",7.248045444488525,1.1721670034603449e-06,NA,NA,NA,NA,NA
1710,6.373682022094727,"""[7.248044]""","""[0.99995816]""",7.248044013977051,1.1719515669028624e-06,NA,NA,NA,NA,NA
1711,6.373890399932861,"""[7.248044]""","""[0.9999583]""",7.248044013977051,1.1717089591911645e-06,NA,NA,NA,NA,NA
1712,6.374101161956787,"""[7.248044]""","""[0.99995834]""",7.248044013977051,1.171518420051143e-06,NA,NA,NA,NA,NA
1713,6.3743109703063965,"""[7.248044]""","""[0.99995816]""",7.248044013977051,1.171296275970235e-06,NA,NA,NA,NA,NA
1714,6.374516010284424,"""[7.2480435]""","""[0.99995816]""",7.248043537139893,1.1710675380527391e-06,NA,NA,NA,NA,NA
1715,6.374715805053711,"""[7.248043]""","""[0.9999583]""",7.248043060302734,1.1708910960805952e-06,NA,NA,NA,NA,NA
1716,6.374919414520264,"""[7.248043]""","""[0.9999583]""",7.248043060302734,1.1706682698786608e-06,NA,NA,NA,NA,NA
1717,6.375123977661133,"""[7.248043]""","""[0.99995846]""",7.248043060302734,1.1704335065587657e-06,NA,NA,NA,NA,NA
1718,6.375322341918945,"""[7.2480416]""","""[0.99995846]""",7.24804162979126,1.1702329629770247e-06,NA,NA,NA,NA,NA
1719,6.375523090362549,"""[7.248043]""","""[0.9999583]""",7.248043060302734,1.1700138884407352e-06,NA,NA,NA,NA,NA
1720,6.375729560852051,"""[7.248042]""","""[0.99995834]""",7.248042106628418,1.16978162623127e-06,NA,NA,NA,NA,NA
1721,6.3759379386901855,"""[7.2480416]""","""[0.99995846]""",7.24804162979126,1.1695370858433307e-06,NA,NA,NA,NA,NA
1722,6.376148700714111,"""[7.248041]""","""[0.99995863]""",7.248041152954102,1.1692862926793168e-06,NA,NA,NA,NA,NA
1723,6.3763628005981445,"""[7.2480416]""","""[0.99995846]""",7.24804162979126,1.1690586916301982e-06,NA,NA,NA,NA,NA
1724,6.376567840576172,"""[7.2480416]""","""[0.9999584]""",7.24804162979126,1.1688364338624524e-06,NA,NA,NA,NA,NA
1725,6.376765727996826,"""[7.248041]""","""[0.99995834]""",7.248041152954102,1.168661810879712e-06,NA,NA,NA,NA,NA
1726,6.376951217651367,"""[7.2480416]""","""[0.99995834]""",7.24804162979126,1.1684062428685138e-06,NA,NA,NA,NA,NA
1727,6.377117156982422,"""[7.2480416]""","""[0.9999584]""",7.24804162979126,1.168224002867646e-06,NA,NA,NA,NA,NA
1728,6.377292633056641,"""[7.2480407]""","""[0.9999588]""",7.248040676116943,1.1679926501528826e-06,NA,NA,NA,NA,NA
1729,6.377471923828125,"""[7.2480397]""","""[0.9999591]""",7.248039722442627,1.1677840348056634e-06,NA,NA,NA,NA,NA
1730,6.377652168273926,"""[7.24804]""","""[0.99995905]""",7.248040199279785,1.167590198747348e-06,NA,NA,NA,NA,NA
1731,6.377844333648682,"""[7.2480397]""","""[0.99995893]""",7.248039722442627,1.1673769222397823e-06,NA,NA,NA,NA,NA
1732,6.378048896789551,"""[7.24804]""","""[0.9999589]""",7.248040199279785,1.1671349966491107e-06,NA,NA,NA,NA,NA
1733,6.378255844116211,"""[7.2480392]""","""[0.9999591]""",7.248039245605469,1.1668680599541403e-06,NA,NA,NA,NA,NA
1734,6.3784661293029785,"""[7.248039]""","""[0.9999593]""",7.2480387687683105,1.1666063528537052e-06,NA,NA,NA,NA,NA
1735,6.378663539886475,"""[7.2480383]""","""[0.99995905]""",7.248038291931152,1.1663621535262791e-06,NA,NA,NA,NA,NA
1736,6.378860950469971,"""[7.248039]""","""[0.9999588]""",7.2480387687683105,1.1661567214105162e-06,NA,NA,NA,NA,NA
1737,6.379039764404297,"""[7.248039]""","""[0.99995863]""",7.2480387687683105,1.1659409437925206e-06,NA,NA,NA,NA,NA
1738,6.379202365875244,"""[7.2480383]""","""[0.99995893]""",7.248038291931152,1.1657089089567307e-06,NA,NA,NA,NA,NA
1739,6.379354953765869,"""[7.248039]""","""[0.9999591]""",7.2480387687683105,1.1655301932478324e-06,NA,NA,NA,NA,NA
1740,6.379515171051025,"""[7.248038]""","""[0.9999591]""",7.248037815093994,1.1652925877569942e-06,NA,NA,NA,NA,NA
1741,6.379684925079346,"""[7.2480383]""","""[0.99995905]""",7.248038291931152,1.1651079603325343e-06,NA,NA,NA,NA,NA
1742,6.379863739013672,"""[7.2480373]""","""[0.9999591]""",7.248037338256836,1.1649111684164382e-06,NA,NA,NA,NA,NA
1743,6.380034923553467,"""[7.248038]""","""[0.9999591]""",7.248037815093994,1.1646477560134372e-06,NA,NA,NA,NA,NA
1744,6.38021183013916,"""[7.2480383]""","""[0.99995935]""",7.248038291931152,1.1644469850580208e-06,NA,NA,NA,NA,NA
1745,6.380385875701904,"""[7.2480373]""","""[0.99995965]""",7.248037338256836,1.1641889159363927e-06,NA,NA,NA,NA,NA
1746,6.380572319030762,"""[7.248038]""","""[0.9999598]""",7.248037815093994,1.1639644981187303e-06,NA,NA,NA,NA,NA
1747,6.380758762359619,"""[7.2480364]""","""[0.9999601]""",7.2480363845825195,1.1636931276370888e-06,NA,NA,NA,NA,NA
1748,6.380941390991211,"""[7.2480364]""","""[0.9999597]""",7.2480363845825195,1.163483943855681e-06,NA,NA,NA,NA,NA
1749,6.38111686706543,"""[7.2480373]""","""[0.99995965]""",7.248037338256836,1.1632532732619438e-06,NA,NA,NA,NA,NA
1750,6.381275653839111,"""[7.248036]""","""[0.99995995]""",7.248035907745361,1.1630207836788031e-06,NA,NA,NA,NA,NA
1751,6.3814287185668945,"""[7.2480354]""","""[0.99995995]""",7.248035430908203,1.1628135325736366e-06,NA,NA,NA,NA,NA
1752,6.3815741539001465,"""[7.2480354]""","""[0.9999599]""",7.248035430908203,1.1626055993474438e-06,NA,NA,NA,NA,NA
1753,6.381728649139404,"""[7.2480354]""","""[0.99995965]""",7.248035430908203,1.1623836826402112e-06,NA,NA,NA,NA,NA
1754,6.381894588470459,"""[7.2480345]""","""[0.99995947]""",7.248034477233887,1.1621560815910925e-06,NA,NA,NA,NA,NA
1755,6.382067680358887,"""[7.2480335]""","""[0.99995935]""",7.24803352355957,1.1619509905358427e-06,NA,NA,NA,NA,NA
1756,6.382254600524902,"""[7.248035]""","""[0.9999592]""",7.248034954071045,1.16167518626753e-06,NA,NA,NA,NA,NA
1757,6.382440090179443,"""[7.2480345]""","""[0.9999593]""",7.248034477233887,1.1614345112320734e-06,NA,NA,NA,NA,NA
1758,6.38261604309082,"""[7.2480345]""","""[0.99995935]""",7.248034477233887,1.1611670061029145e-06,NA,NA,NA,NA,NA
1759,6.382783889770508,"""[7.2480335]""","""[0.99995965]""",7.24803352355957,1.1609183729888173e-06,NA,NA,NA,NA,NA
1760,6.382940292358398,"""[7.248034]""","""[0.99995965]""",7.2480340003967285,1.1606966836552601e-06,NA,NA,NA,NA,NA
1761,6.383080005645752,"""[7.2480335]""","""[0.9999598]""",7.24803352355957,1.160500346486515e-06,NA,NA,NA,NA,NA
1762,6.383209228515625,"""[7.248033]""","""[0.99996006]""",7.248033046722412,1.1603302709772834e-06,NA,NA,NA,NA,NA
1763,6.38333797454834,"""[7.2480326]""","""[0.99996036]""",7.248032569885254,1.1601201777011738e-06,NA,NA,NA,NA,NA
1764,6.383472442626953,"""[7.2480335]""","""[0.9999605]""",7.24803352355957,1.1599041727095027e-06,NA,NA,NA,NA,NA
1765,6.383620738983154,"""[7.248033]""","""[0.9999607]""",7.248033046722412,1.1596649756029365e-06,NA,NA,NA,NA,NA
1766,6.383780479431152,"""[7.248032]""","""[0.9999607]""",7.248032093048096,1.1594316902119317e-06,NA,NA,NA,NA,NA
1767,6.383958339691162,"""[7.2480316]""","""[0.9999604]""",7.2480316162109375,1.159195903710497e-06,NA,NA,NA,NA,NA
1768,6.384141445159912,"""[7.248032]""","""[0.9999598]""",7.248032093048096,1.1589785344767733e-06,NA,NA,NA,NA,NA
1769,6.384320259094238,"""[7.248032]""","""[0.9999598]""",7.248032093048096,1.1586873824853683e-06,NA,NA,NA,NA,NA
1770,6.384491443634033,"""[7.2480326]""","""[0.99995995]""",7.248032569885254,1.1583805417103576e-06,NA,NA,NA,NA,NA
1771,6.384653091430664,"""[7.2480307]""","""[0.9999603]""",7.248030662536621,1.1581051921893959e-06,NA,NA,NA,NA,NA
1772,6.384815692901611,"""[7.248031]""","""[0.9999602]""",7.248031139373779,1.1578630392250489e-06,NA,NA,NA,NA,NA
1773,6.384954452514648,"""[7.248031]""","""[0.9999598]""",7.248031139373779,1.157725364464568e-06,NA,NA,NA,NA,NA
1774,6.3850836753845215,"""[7.24803]""","""[0.9999598]""",7.248030185699463,1.157550173047639e-06,NA,NA,NA,NA,NA
1775,6.385212421417236,"""[7.2480307]""","""[0.99996006]""",7.248030662536621,1.1573266647246783e-06,NA,NA,NA,NA,NA
1776,6.3853373527526855,"""[7.24803]""","""[0.9999605]""",7.248030185699463,1.1570757578738267e-06,NA,NA,NA,NA,NA
1777,6.385472297668457,"""[7.248031]""","""[0.9999607]""",7.248031139373779,1.1568500895009493e-06,NA,NA,NA,NA,NA
1778,6.385623931884766,"""[7.24803]""","""[0.9999611]""",7.248030185699463,1.1566510238480987e-06,NA,NA,NA,NA,NA
1779,6.385772705078125,"""[7.248029]""","""[0.99996084]""",7.2480292320251465,1.1564260375962476e-06,NA,NA,NA,NA,NA
1780,6.385934829711914,"""[7.2480297]""","""[0.99996066]""",7.248029708862305,1.1562166264411644e-06,NA,NA,NA,NA,NA
1781,6.386089324951172,"""[7.248029]""","""[0.9999609]""",7.2480292320251465,1.1559189943000092e-06,NA,NA,NA,NA,NA
1782,6.386239051818848,"""[7.2480283]""","""[0.9999614]""",7.24802827835083,1.155649556494609e-06,NA,NA,NA,NA,NA
1783,6.386385440826416,"""[7.2480297]""","""[0.9999614]""",7.248029708862305,1.155395125351788e-06,NA,NA,NA,NA,NA
1784,6.386537075042725,"""[7.2480288]""","""[0.9999613]""",7.248028755187988,1.1551593388503534e-06,NA,NA,NA,NA,NA
1785,6.386688709259033,"""[7.2480288]""","""[0.99996096]""",7.248028755187988,1.1549468581506517e-06,NA,NA,NA,NA,NA
1786,6.386831283569336,"""[7.248029]""","""[0.99996066]""",7.2480292320251465,1.1547525673449854e-06,NA,NA,NA,NA,NA
1787,6.386960506439209,"""[7.2480283]""","""[0.9999609]""",7.24802827835083,1.1545155302883359e-06,NA,NA,NA,NA,NA
1788,6.387094020843506,"""[7.2480283]""","""[0.9999613]""",7.24802827835083,1.154277015302796e-06,NA,NA,NA,NA,NA
1789,6.3872270584106445,"""[7.248028]""","""[0.9999614]""",7.248027801513672,1.1540292916834005e-06,NA,NA,NA,NA,NA
1790,6.387369155883789,"""[7.2480283]""","""[0.9999612]""",7.24802827835083,1.1537713362486102e-06,NA,NA,NA,NA,NA
1791,6.387499809265137,"""[7.248028]""","""[0.99996114]""",7.248027801513672,1.153603989223484e-06,NA,NA,NA,NA,NA
1792,6.387634754180908,"""[7.248027]""","""[0.9999612]""",7.2480268478393555,1.1533727501955582e-06,NA,NA,NA,NA,NA
1793,6.3877739906311035,"""[7.2480264]""","""[0.9999614]""",7.248026371002197,1.1531226391525706e-06,NA,NA,NA,NA,NA
1794,6.387920379638672,"""[7.248026]""","""[0.9999616]""",7.248025894165039,1.1528638879099162e-06,NA,NA,NA,NA,NA
1795,6.388061046600342,"""[7.2480254]""","""[0.9999616]""",7.248025417327881,1.1526003618200775e-06,NA,NA,NA,NA,NA
1796,6.3882036209106445,"""[7.2480264]""","""[0.9999612]""",7.248026371002197,1.1523969760673936e-06,NA,NA,NA,NA,NA
1797,6.388339042663574,"""[7.248025]""","""[0.99996114]""",7.248024940490723,1.1521451597218402e-06,NA,NA,NA,NA,NA
1798,6.388483047485352,"""[7.2480264]""","""[0.9999609]""",7.248026371002197,1.1518884548422648e-06,NA,NA,NA,NA,NA
1799,6.388617038726807,"""[7.248026]""","""[0.9999611]""",7.248025894165039,1.1516581253090408e-06,NA,NA,NA,NA,NA
1800,6.3887410163879395,"""[7.248026]""","""[0.99996114]""",7.248025894165039,1.1514728157635545e-06,NA,NA,NA,NA,NA
1801,6.388861179351807,"""[7.248025]""","""[0.99996144]""",7.248024940490723,1.1512154287629528e-06,NA,NA,NA,NA,NA
1802,6.388980865478516,"""[7.2480254]""","""[0.99996144]""",7.248025417327881,1.151011133515567e-06,NA,NA,NA,NA,NA
1803,6.389097213745117,"""[7.2480245]""","""[0.9999617]""",7.2480244636535645,1.1507888757478213e-06,NA,NA,NA,NA,NA
1804,6.389219760894775,"""[7.2480245]""","""[0.9999619]""",7.2480244636535645,1.150584012066247e-06,NA,NA,NA,NA,NA
1805,6.389347076416016,"""[7.248024]""","""[0.99996215]""",7.248023986816406,1.1503080941110966e-06,NA,NA,NA,NA,NA
1806,6.389472007751465,"""[7.248024]""","""[0.9999623]""",7.248023986816406,1.15006491796521e-06,NA,NA,NA,NA,NA
1807,6.389595985412598,"""[7.2480245]""","""[0.99996215]""",7.2480244636535645,1.1498572121126927e-06,NA,NA,NA,NA,NA
1808,6.3897247314453125,"""[7.248024]""","""[0.99996215]""",7.248023986816406,1.1496232446006616e-06,NA,NA,NA,NA,NA
1809,6.389852523803711,"""[7.2480235]""","""[0.9999621]""",7.248023509979248,1.1493712008814327e-06,NA,NA,NA,NA,NA
1810,6.389988422393799,"""[7.248024]""","""[0.9999619]""",7.248023986816406,1.1491274563013576e-06,NA,NA,NA,NA,NA
1811,6.390124320983887,"""[7.248022]""","""[0.9999621]""",7.248022079467773,1.1488705240481067e-06,NA,NA,NA,NA,NA
1812,6.390259265899658,"""[7.248024]""","""[0.99996185]""",7.248023986816406,1.1486222319945227e-06,NA,NA,NA,NA,NA
1813,6.390389442443848,"""[7.248022]""","""[0.999962]""",7.248022079467773,1.148357114288956e-06,NA,NA,NA,NA,NA
1814,6.390507221221924,"""[7.2480226]""","""[0.999962]""",7.248022556304932,1.1481045021355385e-06,NA,NA,NA,NA,NA
1815,6.390622138977051,"""[7.248022]""","""[0.9999621]""",7.248022079467773,1.1478927035568631e-06,NA,NA,NA,NA,NA
1816,6.390727996826172,"""[7.248021]""","""[0.99996215]""",7.248021125793457,1.1476936379040126e-06,NA,NA,NA,NA,NA
1817,6.390830039978027,"""[7.248022]""","""[0.999962]""",7.248022079467773,1.147475018115074e-06,NA,NA,NA,NA,NA
1818,6.390928268432617,"""[7.2480216]""","""[0.99996215]""",7.248021602630615,1.1472710639282013e-06,NA,NA,NA,NA,NA
1819,6.391031265258789,"""[7.248021]""","""[0.9999624]""",7.248021125793457,1.147074385698943e-06,NA,NA,NA,NA,NA
1820,6.3911519050598145,"""[7.248021]""","""[0.9999625]""",7.248021125793457,1.1468257525848458e-06,NA,NA,NA,NA,NA
1821,6.391275405883789,"""[7.24802]""","""[0.9999626]""",7.248020172119141,1.146557792708336e-06,NA,NA,NA,NA,NA
1822,6.391411304473877,"""[7.248021]""","""[0.9999622]""",7.248021125793457,1.1463124565125327e-06,NA,NA,NA,NA,NA
1823,6.3915534019470215,"""[7.2480206]""","""[0.9999624]""",7.248020648956299,1.1460250561867724e-06,NA,NA,NA,NA,NA
1824,6.391688823699951,"""[7.248021]""","""[0.9999625]""",7.248021125793457,1.145752435149916e-06,NA,NA,NA,NA,NA
1825,6.391811370849609,"""[7.24802]""","""[0.99996275]""",7.248020172119141,1.1454997093096608e-06,NA,NA,NA,NA,NA
1826,6.3919243812561035,"""[7.2480206]""","""[0.9999627]""",7.248020648956299,1.1452455055405153e-06,NA,NA,NA,NA,NA
1827,6.392025947570801,"""[7.2480206]""","""[0.9999625]""",7.248020648956299,1.1450770216470119e-06,NA,NA,NA,NA,NA
1828,6.39212703704834,"""[7.2480197]""","""[0.99996275]""",7.248019695281982,1.1448734085206524e-06,NA,NA,NA,NA,NA
1829,6.3922200202941895,"""[7.248019]""","""[0.9999631]""",7.248019218444824,1.1446180678831297e-06,NA,NA,NA,NA,NA
1830,6.392314910888672,"""[7.2480197]""","""[0.999963]""",7.248019695281982,1.1444524261605693e-06,NA,NA,NA,NA,NA
1831,6.392411708831787,"""[7.2480197]""","""[0.99996316]""",7.248019695281982,1.1442338063716306e-06,NA,NA,NA,NA,NA
1832,6.392521858215332,"""[7.248019]""","""[0.9999633]""",7.248019218444824,1.1439866511864238e-06,NA,NA,NA,NA,NA
1833,6.392641067504883,"""[7.2480187]""","""[0.9999634]""",7.248018741607666,1.1437200555519667e-06,NA,NA,NA,NA,NA
1834,6.392758846282959,"""[7.2480187]""","""[0.99996316]""",7.248018741607666,1.1434865427872865e-06,NA,NA,NA,NA,NA
1835,6.392877101898193,"""[7.2480173]""","""[0.9999633]""",7.248017311096191,1.1432181281634257e-06,NA,NA,NA,NA,NA
1836,6.3929924964904785,"""[7.2480183]""","""[0.9999633]""",7.248018264770508,1.1429772257542936e-06,NA,NA,NA,NA,NA
1837,6.3931050300598145,"""[7.2480183]""","""[0.9999634]""",7.248018264770508,1.1427295021348982e-06,NA,NA,NA,NA,NA
1838,6.393214225769043,"""[7.2480164]""","""[0.99996346]""",7.248016357421875,1.1424424428696511e-06,NA,NA,NA,NA,NA
1839,6.393332481384277,"""[7.248018]""","""[0.99996316]""",7.24801778793335,1.1422237093938747e-06,NA,NA,NA,NA,NA
1840,6.393442153930664,"""[7.248017]""","""[0.9999631]""",7.248016834259033,1.1419721204219968e-06,NA,NA,NA,NA,NA
1841,6.3935441970825195,"""[7.248016]""","""[0.9999631]""",7.248015880584717,1.141767484114098e-06,NA,NA,NA,NA,NA
1842,6.3936448097229,"""[7.248016]""","""[0.9999631]""",7.248015880584717,1.1415210110499174e-06,NA,NA,NA,NA,NA
1843,6.3937482833862305,"""[7.248016]""","""[0.9999631]""",7.248015880584717,1.1412936373744742e-06,NA,NA,NA,NA,NA
1844,6.3938422203063965,"""[7.2480164]""","""[0.999963]""",7.248016357421875,1.1410820661694743e-06,NA,NA,NA,NA,NA
1845,6.393940448760986,"""[7.2480164]""","""[0.9999632]""",7.248016357421875,1.140853100878303e-06,NA,NA,NA,NA,NA
1846,6.394047260284424,"""[7.2480164]""","""[0.9999635]""",7.248016357421875,1.140563085755275e-06,NA,NA,NA,NA,NA
1847,6.394151210784912,"""[7.2480154]""","""[0.99996376]""",7.248015403747559,1.1403307098589721e-06,NA,NA,NA,NA,NA
1848,6.394262790679932,"""[7.2480154]""","""[0.9999637]""",7.248015403747559,1.1400859420973575e-06,NA,NA,NA,NA,NA
1849,6.394373893737793,"""[7.248016]""","""[0.99996364]""",7.248015880584717,1.1398609558455064e-06,NA,NA,NA,NA,NA
1850,6.394474506378174,"""[7.2480154]""","""[0.99996376]""",7.248015403747559,1.139620621870563e-06,NA,NA,NA,NA,NA
1851,6.3945794105529785,"""[7.2480154]""","""[0.9999642]""",7.248015403747559,1.1393402701287414e-06,NA,NA,NA,NA,NA
1852,6.394680976867676,"""[7.2480145]""","""[0.9999643]""",7.248014450073242,1.1391047110009822e-06,NA,NA,NA,NA,NA
1853,6.3947906494140625,"""[7.2480145]""","""[0.999964]""",7.248014450073242,1.1388767688913504e-06,NA,NA,NA,NA,NA
1854,6.394893169403076,"""[7.2480135]""","""[0.99996376]""",7.248013496398926,1.1387055565137416e-06,NA,NA,NA,NA,NA
1855,6.395002841949463,"""[7.248014]""","""[0.99996346]""",7.248013973236084,1.138451352744596e-06,NA,NA,NA,NA,NA
1856,6.395109176635742,"""[7.2480145]""","""[0.99996364]""",7.248014450073242,1.1381774811525247e-06,NA,NA,NA,NA,NA
1857,6.395216464996338,"""[7.248013]""","""[0.9999641]""",7.248013019561768,1.1378945146134356e-06,NA,NA,NA,NA,NA
1858,6.395322799682617,"""[7.2480135]""","""[0.999964]""",7.248013496398926,1.1376594102330273e-06,NA,NA,NA,NA,NA
1859,6.3954315185546875,"""[7.2480135]""","""[0.9999639]""",7.248013496398926,1.1374522728146985e-06,NA,NA,NA,NA,NA
1860,6.395538806915283,"""[7.2480135]""","""[0.9999639]""",7.248013496398926,1.137205799750518e-06,NA,NA,NA,NA,NA
1861,6.395632266998291,"""[7.248013]""","""[0.9999641]""",7.248013019561768,1.1369813819328556e-06,NA,NA,NA,NA,NA
1862,6.395727157592773,"""[7.248013]""","""[0.99996465]""",7.248013019561768,1.1366903436282882e-06,NA,NA,NA,NA,NA
1863,6.395827770233154,"""[7.2480116]""","""[0.99996495]""",7.248011589050293,1.1365028740328853e-06,NA,NA,NA,NA,NA
1864,6.395931243896484,"""[7.248012]""","""[0.9999647]""",7.248012065887451,1.1362674285919638e-06,NA,NA,NA,NA,NA
1865,6.39603328704834,"""[7.2480116]""","""[0.9999645]""",7.248011589050293,1.1360605185473105e-06,NA,NA,NA,NA,NA
1866,6.3961358070373535,"""[7.2480125]""","""[0.9999643]""",7.248012542724609,1.1358155234120204e-06,NA,NA,NA,NA,NA
1867,6.396234035491943,"""[7.2480116]""","""[0.9999647]""",7.248011589050293,1.1355153901604353e-06,NA,NA,NA,NA,NA
1868,6.396333694458008,"""[7.248011]""","""[0.9999647]""",7.248011112213135,1.1352636875017197e-06,NA,NA,NA,NA,NA
1869,6.3964338302612305,"""[7.2480116]""","""[0.99996454]""",7.248011589050293,1.1350410886734608e-06,NA,NA,NA,NA,NA
1870,6.396527290344238,"""[7.2480125]""","""[0.99996424]""",7.248012542724609,1.1348246289344388e-06,NA,NA,NA,NA,NA
1871,6.396624565124512,"""[7.248011]""","""[0.99996454]""",7.248011112213135,1.134589297180355e-06,NA,NA,NA,NA,NA
1872,6.396730899810791,"""[7.2480106]""","""[0.9999648]""",7.248010635375977,1.1343461210344685e-06,NA,NA,NA,NA,NA
1873,6.3968305587768555,"""[7.2480106]""","""[0.999965]""",7.248010635375977,1.1340941910020774e-06,NA,NA,NA,NA,NA
1874,6.396924018859863,"""[7.24801]""","""[0.99996513]""",7.248010158538818,1.1338619287926122e-06,NA,NA,NA,NA,NA
1875,6.397012233734131,"""[7.24801]""","""[0.999965]""",7.248010158538818,1.1336728675814811e-06,NA,NA,NA,NA,NA
1876,6.397113800048828,"""[7.24801]""","""[0.9999652]""",7.248010158538818,1.1333852398820454e-06,NA,NA,NA,NA,NA
1877,6.397212028503418,"""[7.24801]""","""[0.9999653]""",7.248010158538818,1.1331322866681148e-06,NA,NA,NA,NA,NA
1878,6.397302150726318,"""[7.248009]""","""[0.9999655]""",7.248009204864502,1.1328902473906055e-06,NA,NA,NA,NA,NA
1879,6.397401332855225,"""[7.2480083]""","""[0.9999654]""",7.2480082511901855,1.1326343383188942e-06,NA,NA,NA,NA,NA
1880,6.397496223449707,"""[7.2480087]""","""[0.99996513]""",7.248008728027344,1.1324406159474165e-06,NA,NA,NA,NA,NA
1881,6.397587776184082,"""[7.2480087]""","""[0.99996495]""",7.248008728027344,1.132205170506495e-06,NA,NA,NA,NA,NA
1882,6.397680759429932,"""[7.2480087]""","""[0.999965]""",7.248008728027344,1.1319343684590422e-06,NA,NA,NA,NA,NA
1883,6.3977837562561035,"""[7.2480087]""","""[0.9999652]""",7.248008728027344,1.1316491281831986e-06,NA,NA,NA,NA,NA
1884,6.3978753089904785,"""[7.248008]""","""[0.99996525]""",7.248007774353027,1.1314268704154529e-06,NA,NA,NA,NA,NA
1885,6.397973537445068,"""[7.248007]""","""[0.99996513]""",7.248006820678711,1.1312145034025889e-06,NA,NA,NA,NA,NA
1886,6.398068904876709,"""[7.248008]""","""[0.9999648]""",7.248007774353027,1.130989062403387e-06,NA,NA,NA,NA,NA
1887,6.398157119750977,"""[7.248007]""","""[0.9999652]""",7.248006820678711,1.1306980240988196e-06,NA,NA,NA,NA,NA
1888,6.398240566253662,"""[7.2480063]""","""[0.9999654]""",7.248006343841553,1.1304676945655956e-06,NA,NA,NA,NA,NA
1889,6.398324489593506,"""[7.248008]""","""[0.99996525]""",7.248007774353027,1.130230657508946e-06,NA,NA,NA,NA,NA
1890,6.398402690887451,"""[7.2480063]""","""[0.9999654]""",7.248006343841553,1.1300434152872185e-06,NA,NA,NA,NA,NA
1891,6.398482799530029,"""[7.248006]""","""[0.9999655]""",7.2480058670043945,1.1298047866148409e-06,NA,NA,NA,NA,NA
1892,6.398571968078613,"""[7.2480063]""","""[0.9999654]""",7.248006343841553,1.129602992477885e-06,NA,NA,NA,NA,NA
1893,6.398672103881836,"""[7.248007]""","""[0.9999655]""",7.248006820678711,1.129328552451625e-06,NA,NA,NA,NA,NA
1894,6.398769378662109,"""[7.248007]""","""[0.9999657]""",7.248006820678711,1.1290603652014397e-06,NA,NA,NA,NA,NA
1895,6.398859977722168,"""[7.248006]""","""[0.99996597]""",7.2480058670043945,1.1287667120996048e-06,NA,NA,NA,NA,NA
1896,6.3989434242248535,"""[7.2480054]""","""[0.999966]""",7.248005390167236,1.1285494565527188e-06,NA,NA,NA,NA,NA
1897,6.399029731750488,"""[7.2480063]""","""[0.9999657]""",7.248006343841553,1.1283322010058328e-06,NA,NA,NA,NA,NA
1898,6.399111270904541,"""[7.248006]""","""[0.99996597]""",7.2480058670043945,1.128091980717727e-06,NA,NA,NA,NA,NA
1899,6.399209022521973,"""[7.2480054]""","""[0.9999661]""",7.248005390167236,1.1278261808911338e-06,NA,NA,NA,NA,NA
1900,6.399305820465088,"""[7.248005]""","""[0.9999663]""",7.248004913330078,1.1275344604655402e-06,NA,NA,NA,NA,NA
1901,6.399403095245361,"""[7.2480044]""","""[0.9999661]""",7.24800443649292,1.127302198256075e-06,NA,NA,NA,NA,NA
1902,6.399486064910889,"""[7.248004]""","""[0.9999659]""",7.248003959655762,1.1271068842688692e-06,NA,NA,NA,NA,NA
1903,6.399570941925049,"""[7.248004]""","""[0.9999659]""",7.248003959655762,1.1269020205872948e-06,NA,NA,NA,NA,NA
1904,6.399648666381836,"""[7.2480044]""","""[0.99996597]""",7.24800443649292,1.126647134697123e-06,NA,NA,NA,NA,NA
1905,6.399723052978516,"""[7.2480035]""","""[0.9999663]""",7.2480034828186035,1.1263743999734288e-06,NA,NA,NA,NA,NA
1906,6.3997955322265625,"""[7.248003]""","""[0.9999663]""",7.248003005981445,1.1261818144703284e-06,NA,NA,NA,NA,NA
1907,6.399872303009033,"""[7.248002]""","""[0.9999662]""",7.248002052307129,1.1259691063969512e-06,NA,NA,NA,NA,NA
1908,6.399964809417725,"""[7.248004]""","""[0.999966]""",7.248003959655762,1.1257448022661265e-06,NA,NA,NA,NA,NA
1909,6.400048732757568,"""[7.2480025]""","""[0.99996644]""",7.248002529144287,1.1254887795075774e-06,NA,NA,NA,NA,NA
1910,6.400135040283203,"""[7.2480025]""","""[0.9999667]""",7.248002529144287,1.1251962632741197e-06,NA,NA,NA,NA,NA
1911,6.4002156257629395,"""[7.2480025]""","""[0.9999667]""",7.248002529144287,1.1249510407651542e-06,NA,NA,NA,NA,NA
1912,6.400299549102783,"""[7.248002]""","""[0.99996656]""",7.248002052307129,1.1247359452681849e-06,NA,NA,NA,NA,NA
1913,6.400384426116943,"""[7.2480025]""","""[0.9999667]""",7.248002529144287,1.1244960660405923e-06,NA,NA,NA,NA,NA
1914,6.400473594665527,"""[7.2480016]""","""[0.9999668]""",7.248001575469971,1.1242406117162318e-06,NA,NA,NA,NA,NA
1915,6.400557041168213,"""[7.2480016]""","""[0.9999669]""",7.248001575469971,1.123955485127226e-06,NA,NA,NA,NA,NA
1916,6.400636196136475,"""[7.2480016]""","""[0.9999669]""",7.248001575469971,1.1237275430175941e-06,NA,NA,NA,NA,NA
1917,6.400712490081787,"""[7.248001]""","""[0.9999667]""",7.2480010986328125,1.1234498060730402e-06,NA,NA,NA,NA,NA
1918,6.400793552398682,"""[7.248001]""","""[0.9999667]""",7.2480010986328125,1.1232800716243219e-06,NA,NA,NA,NA,NA
1919,6.400875091552734,"""[7.248]""","""[0.9999667]""",7.248000144958496,1.1230008567508776e-06,NA,NA,NA,NA,NA
1920,6.400953769683838,"""[7.2480006]""","""[0.9999667]""",7.248000621795654,1.1227722325202194e-06,NA,NA,NA,NA,NA
1921,6.401031970977783,"""[7.248]""","""[0.9999669]""",7.248000144958496,1.1225242815271486e-06,NA,NA,NA,NA,NA
1922,6.4011101722717285,"""[7.2479997]""","""[0.9999669]""",7.247999668121338,1.1222969078517053e-06,NA,NA,NA,NA,NA
1923,6.401180267333984,"""[7.2480006]""","""[0.9999668]""",7.248000621795654,1.1220917031096178e-06,NA,NA,NA,NA,NA
1924,6.401242733001709,"""[7.248]""","""[0.999967]""",7.248000144958496,1.1218680810998194e-06,NA,NA,NA,NA,NA
1925,6.401309013366699,"""[7.2479987]""","""[0.9999673]""",7.2479987144470215,1.1216043276363052e-06,NA,NA,NA,NA,NA
1926,6.4013752937316895,"""[7.247999]""","""[0.9999672]""",7.24799919128418,1.1213847983526648e-06,NA,NA,NA,NA,NA
1927,6.401454448699951,"""[7.2479987]""","""[0.9999673]""",7.2479987144470215,1.1211742503292044e-06,NA,NA,NA,NA,NA
1928,6.40153694152832,"""[7.2479987]""","""[0.9999673]""",7.2479987144470215,1.1209056083316682e-06,NA,NA,NA,NA,NA
1929,6.401622772216797,"""[7.247999]""","""[0.9999673]""",7.24799919128418,1.120649244512606e-06,NA,NA,NA,NA,NA
1930,6.40170955657959,"""[7.2479997]""","""[0.9999676]""",7.247999668121338,1.1203255780856125e-06,NA,NA,NA,NA,NA
1931,6.401793003082275,"""[7.2479978]""","""[0.999968]""",7.247997760772705,1.1200610288142343e-06,NA,NA,NA,NA,NA
1932,6.401870250701904,"""[7.247998]""","""[0.9999675]""",7.247998237609863,1.1198751508345595e-06,NA,NA,NA,NA,NA
1933,6.401944637298584,"""[7.247999]""","""[0.9999671]""",7.24799919128418,1.1196852938155644e-06,NA,NA,NA,NA,NA
1934,6.402016639709473,"""[7.2479978]""","""[0.9999675]""",7.247997760772705,1.1194108537893044e-06,NA,NA,NA,NA,NA
1935,6.402085781097412,"""[7.2479973]""","""[0.999968]""",7.247997283935547,1.119154148909729e-06,NA,NA,NA,NA,NA
1936,6.402156829833984,"""[7.2479973]""","""[0.9999678]""",7.247997283935547,1.1189166571057285e-06,NA,NA,NA,NA,NA
1937,6.402226448059082,"""[7.247997]""","""[0.99996746]""",7.247996807098389,1.1187255495315185e-06,NA,NA,NA,NA,NA
1938,6.402302265167236,"""[7.247997]""","""[0.9999672]""",7.247996807098389,1.1185167068106239e-06,NA,NA,NA,NA,NA
1939,6.402382850646973,"""[7.2479973]""","""[0.9999673]""",7.247997283935547,1.1182326034031576e-06,NA,NA,NA,NA,NA
1940,6.4024658203125,"""[7.247997]""","""[0.99996793]""",7.247996807098389,1.1179203056599363e-06,NA,NA,NA,NA,NA
1941,6.402553081512451,"""[7.2479963]""","""[0.99996823]""",7.2479963302612305,1.117650867854536e-06,NA,NA,NA,NA,NA
1942,6.402639389038086,"""[7.247997]""","""[0.99996823]""",7.247996807098389,1.1174333849339746e-06,NA,NA,NA,NA,NA
1943,6.4027204513549805,"""[7.2479954]""","""[0.99996805]""",7.247995376586914,1.1172018048455357e-06,NA,NA,NA,NA,NA
1944,6.402790069580078,"""[7.2479954]""","""[0.999968]""",7.247995376586914,1.1169817071277066e-06,NA,NA,NA,NA,NA
1945,6.402856826782227,"""[7.2479954]""","""[0.99996823]""",7.247995376586914,1.116733642447798e-06,NA,NA,NA,NA,NA
1946,6.402921676635742,"""[7.247996]""","""[0.9999685]""",7.247995853424072,1.116453518079652e-06,NA,NA,NA,NA,NA
1947,6.402980804443359,"""[7.2479954]""","""[0.9999685]""",7.247995376586914,1.1162518376295338e-06,NA,NA,NA,NA,NA
1948,6.4030442237854,"""[7.247995]""","""[0.99996823]""",7.247994899749756,1.11608187580714e-06,NA,NA,NA,NA,NA
1949,6.403116226196289,"""[7.2479954]""","""[0.9999678]""",7.247995376586914,1.115865870815469e-06,NA,NA,NA,NA,NA
1950,6.403187274932861,"""[7.247995]""","""[0.9999678]""",7.247994899749756,1.1155618722114014e-06,NA,NA,NA,NA,NA
1951,6.403275012969971,"""[7.247995]""","""[0.99996805]""",7.247994899749756,1.1153363175253617e-06,NA,NA,NA,NA,NA
1952,6.403370380401611,"""[7.247994]""","""[0.9999685]""",7.2479939460754395,1.1149659258080646e-06,NA,NA,NA,NA,NA
1953,6.403470993041992,"""[7.2479944]""","""[0.99996835]""",7.247994422912598,1.1147418490509153e-06,NA,NA,NA,NA,NA
1954,6.403564929962158,"""[7.247994]""","""[0.9999683]""",7.2479939460754395,1.1144933296236559e-06,NA,NA,NA,NA,NA
1955,6.4036478996276855,"""[7.247993]""","""[0.99996835]""",7.247992992401123,1.1142644780193223e-06,NA,NA,NA,NA,NA
1956,6.403704643249512,"""[7.2479944]""","""[0.99996835]""",7.247994422912598,1.1140595006509102e-06,NA,NA,NA,NA,NA
1957,6.403743267059326,"""[7.247993]""","""[0.99996895]""",7.247992992401123,1.1138489526274498e-06,NA,NA,NA,NA,NA
1958,6.4037885665893555,"""[7.2479925]""","""[0.9999691]""",7.247992515563965,1.113636130867235e-06,NA,NA,NA,NA,NA
1959,6.403841495513916,"""[7.2479935]""","""[0.99996877]""",7.247993469238281,1.113456846724148e-06,NA,NA,NA,NA,NA
1960,6.403902053833008,"""[7.2479925]""","""[0.9999688]""",7.247992515563965,1.1132410691061523e-06,NA,NA,NA,NA,NA
1961,6.403977870941162,"""[7.247993]""","""[0.99996895]""",7.247992992401123,1.1129521908515017e-06,NA,NA,NA,NA,NA
1962,6.4040632247924805,"""[7.2479925]""","""[0.99996907]""",7.247992515563965,1.1126819572382374e-06,NA,NA,NA,NA,NA
1963,6.404148578643799,"""[7.247992]""","""[0.99996924]""",7.247992038726807,1.1123955800940166e-06,NA,NA,NA,NA,NA
1964,6.4042463302612305,"""[7.247992]""","""[0.99996924]""",7.247992038726807,1.1121225043098093e-06,NA,NA,NA,NA,NA
1965,6.404329299926758,"""[7.247991]""","""[0.9999691]""",7.24799108505249,1.1118677321064752e-06,NA,NA,NA,NA,NA
1966,6.4043965339660645,"""[7.2479906]""","""[0.999969]""",7.247990608215332,1.1116477480754838e-06,NA,NA,NA,NA,NA
1967,6.404452323913574,"""[7.247991]""","""[0.99996877]""",7.24799108505249,1.1114453855043394e-06,NA,NA,NA,NA,NA
1968,6.404507637023926,"""[7.247991]""","""[0.999969]""",7.24799108505249,1.1111781077488558e-06,NA,NA,NA,NA,NA
1969,6.404562950134277,"""[7.247991]""","""[0.99996907]""",7.24799108505249,1.1109173101431224e-06,NA,NA,NA,NA,NA
1970,6.404621601104736,"""[7.2479906]""","""[0.99996907]""",7.247990608215332,1.1107168802482192e-06,NA,NA,NA,NA,NA
1971,6.404685020446777,"""[7.2479906]""","""[0.9999688]""",7.247990608215332,1.1105113344456186e-06,NA,NA,NA,NA,NA
1972,6.404749870300293,"""[7.247989]""","""[0.999969]""",7.247989177703857,1.1102908956672763e-06,NA,NA,NA,NA,NA
1973,6.404826641082764,"""[7.2479906]""","""[0.999969]""",7.247990608215332,1.1100250958406832e-06,NA,NA,NA,NA,NA
1974,6.404902935028076,"""[7.2479897]""","""[0.99996954]""",7.247989654541016,1.1097242804680718e-06,NA,NA,NA,NA,NA
1975,6.404982089996338,"""[7.24799]""","""[0.9999698]""",7.247990131378174,1.1094576848336146e-06,NA,NA,NA,NA,NA
1976,6.405055046081543,"""[7.2479887]""","""[0.9999699]""",7.247988700866699,1.1091796068285475e-06,NA,NA,NA,NA,NA
1977,6.405123233795166,"""[7.2479897]""","""[0.9999696]""",7.247989654541016,1.1090120324297459e-06,NA,NA,NA,NA,NA
1978,6.405181407928467,"""[7.2479887]""","""[0.99996954]""",7.247988700866699,1.1087931852671318e-06,NA,NA,NA,NA,NA
1979,6.405239105224609,"""[7.2479887]""","""[0.9999698]""",7.247988700866699,1.1085413689215784e-06,NA,NA,NA,NA,NA
1980,6.405308246612549,"""[7.2479887]""","""[0.9999699]""",7.247988700866699,1.1082524906669278e-06,NA,NA,NA,NA,NA
1981,6.4053778648376465,"""[7.247988]""","""[0.9999699]""",7.247988224029541,1.1079987416451331e-06,NA,NA,NA,NA,NA
1982,6.405450344085693,"""[7.2479887]""","""[0.9999698]""",7.247988700866699,1.1077864883191069e-06,NA,NA,NA,NA,NA
1983,6.405515670776367,"""[7.2479877]""","""[0.9999697]""",7.247987747192383,1.1075914017055766e-06,NA,NA,NA,NA,NA
1984,6.405576229095459,"""[7.2479877]""","""[0.9999696]""",7.247987747192383,1.107347429751826e-06,NA,NA,NA,NA,NA
1985,6.405637741088867,"""[7.247986]""","""[0.99997026]""",7.24798583984375,1.1070779919464258e-06,NA,NA,NA,NA,NA
1986,6.405701160430908,"""[7.247987]""","""[0.9999701]""",7.247986793518066,1.1068294725191663e-06,NA,NA,NA,NA,NA
1987,6.405767917633057,"""[7.2479873]""","""[0.99996984]""",7.247987270355225,1.1065862963732798e-06,NA,NA,NA,NA,NA
1988,6.405829906463623,"""[7.2479873]""","""[0.9999698]""",7.247987270355225,1.1063959846069338e-06,NA,NA,NA,NA,NA
1989,6.405893325805664,"""[7.2479863]""","""[0.9999699]""",7.247986316680908,1.1060999440815067e-06,NA,NA,NA,NA,NA
1990,6.40595817565918,"""[7.2479863]""","""[0.99997]""",7.247986316680908,1.1058472182412515e-06,NA,NA,NA,NA,NA
1991,6.406032085418701,"""[7.247986]""","""[0.99997]""",7.24798583984375,1.105610181184602e-06,NA,NA,NA,NA,NA
1992,6.406108856201172,"""[7.247986]""","""[0.9999699]""",7.24798583984375,1.1053821253881324e-06,NA,NA,NA,NA,NA
1993,6.406179904937744,"""[7.2479863]""","""[0.99997]""",7.247986316680908,1.1051386081817327e-06,NA,NA,NA,NA,NA
1994,6.406251430511475,"""[7.247985]""","""[0.9999704]""",7.247984886169434,1.1048700798710342e-06,NA,NA,NA,NA,NA
1995,6.406320095062256,"""[7.2479844]""","""[0.99997073]""",7.247984409332275,1.1046009831261472e-06,NA,NA,NA,NA,NA
1996,6.406386852264404,"""[7.2479854]""","""[0.9999704]""",7.247985363006592,1.1043478025385411e-06,NA,NA,NA,NA,NA
1997,6.4064435958862305,"""[7.2479854]""","""[0.9999705]""",7.247985363006592,1.104139982999186e-06,NA,NA,NA,NA,NA
1998,6.406496047973633,"""[7.247985]""","""[0.99997056]""",7.247984886169434,1.1039265928047826e-06,NA,NA,NA,NA,NA
1999,6.406546592712402,"""[7.2479844]""","""[0.99997073]""",7.247984409332275,1.1037184322049143e-06,NA,NA,NA,NA,NA
