epoch,DE,E,I,loss,mse_odd_even_sol,val_DE,val_E,val_I,val_loss,val_mse_odd_even_sol
0,0.07266280800104141,"""[41.726524]""","""[7.072865e-05]""",83.29490661621094,0.9646568298339844,NA,NA,NA,NA,NA
1,0.3969970643520355,"""[12.979211]""","""[0.0007537934]""",3791.623779296875,0.9612215161323547,NA,NA,NA,NA,NA
2,1.5779762268066406,"""[26.682653]""","""[0.0014887751]""",1174.0966796875,0.9291491508483887,NA,NA,NA,NA,NA
3,2.998398542404175,"""[39.361313]""","""[0.0027457986]""",41.8087043762207,0.8902683854103088,NA,NA,NA,NA,NA
4,4.486457347869873,"""[43.365486]""","""[0.004639982]""",344.6681213378906,0.8564627170562744,NA,NA,NA,NA,NA
5,6.258312225341797,"""[43.915333]""","""[0.006818504]""",604.4771728515625,0.8299154043197632,NA,NA,NA,NA,NA
6,8.212620735168457,"""[43.746754]""","""[0.009012903]""",250.79867553710938,0.8089365363121033,NA,NA,NA,NA,NA
7,10.300350189208984,"""[43.27676]""","""[0.011199587]""",185.11082458496094,0.7917837500572205,NA,NA,NA,NA,NA
8,12.574407577514648,"""[42.425495]""","""[0.013396541]""",352.2477111816406,0.7780264019966125,NA,NA,NA,NA,NA
9,15.157456398010254,"""[40.971325]""","""[0.015658975]""",266.69464111328125,0.7679731249809265,NA,NA,NA,NA,NA
10,17.605222702026367,"""[40.028545]""","""[0.018030224]""",377.45751953125,0.7572740912437439,NA,NA,NA,NA,NA
11,19.743227005004883,"""[39.82502]""","""[0.020409511]""",148.85614013671875,0.7449509501457214,NA,NA,NA,NA,NA
12,21.630615234375,"""[39.96979]""","""[0.02273798]""",40.92483901977539,0.7322745323181152,NA,NA,NA,NA,NA
13,23.402864456176758,"""[40.084423]""","""[0.024987984]""",43.691123962402344,0.7207417488098145,NA,NA,NA,NA,NA
14,25.087932586669922,"""[40.128246]""","""[0.027144458]""",67.69495391845703,0.7104980945587158,NA,NA,NA,NA,NA
15,26.561838150024414,"""[40.309574]""","""[0.029217068]""",66.08528900146484,0.700350821018219,NA,NA,NA,NA,NA
16,27.824899673461914,"""[40.592743]""","""[0.031204639]""",43.234230041503906,0.6903269290924072,NA,NA,NA,NA,NA
17,28.959592819213867,"""[40.859196]""","""[0.033102263]""",139.26792907714844,0.6809771060943604,NA,NA,NA,NA,NA
18,29.79999351501465,"""[41.295494]""","""[0.034946125]""",175.685546875,0.671049177646637,NA,NA,NA,NA,NA
19,30.812299728393555,"""[41.420307]""","""[0.036662787]""",48.73165512084961,0.6635265946388245,NA,NA,NA,NA,NA
20,31.689062118530273,"""[41.57189]""","""[0.038288966]""",54.65727615356445,0.6563376784324646,NA,NA,NA,NA,NA
21,32.41350555419922,"""[41.763874]""","""[0.03983401]""",43.19191360473633,0.6493170261383057,NA,NA,NA,NA,NA
22,33.06174850463867,"""[41.936543]""","""[0.04129294]""",98.68692016601562,0.6428143978118896,NA,NA,NA,NA,NA
23,33.49126052856445,"""[42.19636]""","""[0.042704087]""",124.34831237792969,0.6359884738922119,NA,NA,NA,NA,NA
24,34.10358428955078,"""[42.272762]""","""[0.043989394]""",223.21546936035156,0.6308518052101135,NA,NA,NA,NA,NA
25,34.96562576293945,"""[42.146328]""","""[0.04510894]""",186.09022521972656,0.6277197003364563,NA,NA,NA,NA,NA
26,36.07649612426758,"""[41.834476]""","""[0.04611256]""",60.257545471191406,0.6263150572776794,NA,NA,NA,NA,NA
27,37.03341293334961,"""[41.598137]""","""[0.04708798]""",43.34737014770508,0.6245816349983215,NA,NA,NA,NA,NA
28,37.910762786865234,"""[41.388546]""","""[0.048009418]""",152.48822021484375,0.6229198575019836,NA,NA,NA,NA,NA
29,39.04085159301758,"""[40.98275]""","""[0.048839424]""",45.08673858642578,0.6229719519615173,NA,NA,NA,NA,NA
30,40.18111038208008,"""[40.54532]""","""[0.049642548]""",91.81903076171875,0.623406171798706,NA,NA,NA,NA,NA
31,41.48093795776367,"""[39.963264]""","""[0.050413292]""",40.87338638305664,0.6250329613685608,NA,NA,NA,NA,NA
32,42.72160339355469,"""[39.3963]""","""[0.05118797]""",307.2228088378906,0.6266395449638367,NA,NA,NA,NA,NA
33,43.34228515625,"""[39.301968]""","""[0.051975235]""",97.24444580078125,0.624935507774353,NA,NA,NA,NA,NA
34,43.6688346862793,"""[39.41076]""","""[0.052722476]""",138.21746826171875,0.621924638748169,NA,NA,NA,NA,NA
35,43.68409729003906,"""[39.728367]""","""[0.05346275]""",61.95829772949219,0.6174301505088806,NA,NA,NA,NA,NA
36,43.85041046142578,"""[39.896587]""","""[0.054147243]""",146.72657775878906,0.6141745448112488,NA,NA,NA,NA,NA
37,43.66688537597656,"""[40.279423]""","""[0.054843895]""",94.36492919921875,0.6093057990074158,NA,NA,NA,NA,NA
38,43.259952545166016,"""[40.766026]""","""[0.055567067]""",83.36236572265625,0.603563666343689,NA,NA,NA,NA,NA
39,43.12556457519531,"""[41.04828]""","""[0.056256346]""",121.77247619628906,0.5994052886962891,NA,NA,NA,NA,NA
40,42.734195709228516,"""[41.4459]""","""[0.05697867]""",45.47342300415039,0.5942559242248535,NA,NA,NA,NA,NA
41,42.474666595458984,"""[41.739822]""","""[0.05768063]""",66.96170806884766,0.5899162888526917,NA,NA,NA,NA,NA
42,42.44462585449219,"""[41.895744]""","""[0.058322657]""",45.73127365112305,0.586794912815094,NA,NA,NA,NA,NA
43,42.482147216796875,"""[42.00231]""","""[0.05891155]""",51.59912872314453,0.5842093825340271,NA,NA,NA,NA,NA
44,42.42230987548828,"""[42.13912]""","""[0.059481706]""",62.247100830078125,0.5814374685287476,NA,NA,NA,NA,NA
45,42.238121032714844,"""[42.315105]""","""[0.060047276]""",50.21160888671875,0.5783559679985046,NA,NA,NA,NA,NA
46,42.17555618286133,"""[42.42621]""","""[0.060565986]""",186.93179321289062,0.5759203433990479,NA,NA,NA,NA,NA
47,42.51445007324219,"""[42.369263]""","""[0.06099021]""",117.82071685791016,0.5751286149024963,NA,NA,NA,NA,NA
48,42.530189514160156,"""[42.434155]""","""[0.061432585]""",99.28025817871094,0.5732960104942322,NA,NA,NA,NA,NA
49,42.78761672973633,"""[42.399708]""","""[0.061814826]""",273.0285949707031,0.5724561810493469,NA,NA,NA,NA,NA
50,43.5521240234375,"""[42.161774]""","""[0.062121216]""",127.6075439453125,0.5735073089599609,NA,NA,NA,NA,NA
51,43.928001403808594,"""[42.074844]""","""[0.062473286]""",42.9913444519043,0.5731958150863647,NA,NA,NA,NA,NA
52,44.27263641357422,"""[41.995335]""","""[0.06280194]""",61.78031539916992,0.5728973150253296,NA,NA,NA,NA,NA
53,44.42837905883789,"""[41.988895]""","""[0.063122794]""",49.3663330078125,0.572030782699585,NA,NA,NA,NA,NA
54,44.67298889160156,"""[41.941555]""","""[0.063411884]""",254.84844970703125,0.5715922117233276,NA,NA,NA,NA,NA
55,45.490745544433594,"""[41.64703]""","""[0.063618645]""",98.25859069824219,0.5734087228775024,NA,NA,NA,NA,NA
56,46.60588455200195,"""[41.210026]""","""[0.06384118]""",69.51457214355469,0.5763301253318787,NA,NA,NA,NA,NA
57,47.9217643737793,"""[40.66114]""","""[0.06411857]""",200.05987548828125,0.5800014734268188,NA,NA,NA,NA,NA
58,48.60252380371094,"""[40.41493]""","""[0.06447609]""",90.65571594238281,0.5810220241546631,NA,NA,NA,NA,NA
59,48.918216705322266,"""[40.348125]""","""[0.06483971]""",108.9947509765625,0.5805854201316833,NA,NA,NA,NA,NA
60,48.840755462646484,"""[40.47322]""","""[0.06519758]""",43.02580642700195,0.5786088705062866,NA,NA,NA,NA,NA
61,48.8370475769043,"""[40.551914]""","""[0.06552443]""",70.13885498046875,0.577090859413147,NA,NA,NA,NA,NA
62,49.079689025878906,"""[40.502872]""","""[0.065812826]""",46.140777587890625,0.5767207741737366,NA,NA,NA,NA,NA
63,49.21009826660156,"""[40.502865]""","""[0.066081606]""",189.7808380126953,0.5760046243667603,NA,NA,NA,NA,NA
64,48.789512634277344,"""[40.758118]""","""[0.06634081]""",53.957481384277344,0.5732146501541138,NA,NA,NA,NA,NA
65,48.582698822021484,"""[40.903767]""","""[0.066582434]""",121.23928833007812,0.5713666677474976,NA,NA,NA,NA,NA
66,48.01545333862305,"""[41.205303]""","""[0.06685817]""",57.20602035522461,0.5681253671646118,NA,NA,NA,NA,NA
67,47.363914489746094,"""[41.52946]""","""[0.067167476]""",147.019775390625,0.5645816922187805,NA,NA,NA,NA,NA
68,47.219635009765625,"""[41.63189]""","""[0.06742867]""",43.50012969970703,0.5630130171775818,NA,NA,NA,NA,NA
69,47.142486572265625,"""[41.702534]""","""[0.06767164]""",55.484580993652344,0.5617579817771912,NA,NA,NA,NA,NA
70,47.24494171142578,"""[41.69855]""","""[0.06788431]""",51.87257385253906,0.5612162947654724,NA,NA,NA,NA,NA
71,47.1972770690918,"""[41.750446]""","""[0.068093315]""",357.5953369140625,0.5602102875709534,NA,NA,NA,NA,NA
72,47.95558166503906,"""[41.48468]""","""[0.06825161]""",93.83393859863281,0.5620397925376892,NA,NA,NA,NA,NA
73,49.043670654296875,"""[41.07613]""","""[0.068438366]""",113.45492553710938,0.564993143081665,NA,NA,NA,NA,NA
74,50.525146484375,"""[40.482433]""","""[0.06870012]""",102.13258361816406,0.5693033933639526,NA,NA,NA,NA,NA
75,52.35004806518555,"""[39.696236]""","""[0.06905283]""",170.64907836914062,0.5750143527984619,NA,NA,NA,NA,NA
76,53.47829055786133,"""[39.239212]""","""[0.069519356]""",130.4852294921875,0.5777031183242798,NA,NA,NA,NA,NA
77,54.0794563293457,"""[39.048683]""","""[0.0699867]""",76.19522857666016,0.5781644582748413,NA,NA,NA,NA,NA
78,54.935447692871094,"""[38.705986]""","""[0.070415065]""",77.01179504394531,0.580039381980896,NA,NA,NA,NA,NA
79,55.42878341674805,"""[38.554142]""","""[0.070829734]""",175.54583740234375,0.5803388357162476,NA,NA,NA,NA,NA
80,55.303001403808594,"""[38.740234]""","""[0.07123191]""",51.97021484375,0.5777737498283386,NA,NA,NA,NA,NA
81,55.021053314208984,"""[38.99653]""","""[0.07162145]""",39.8600959777832,0.5746275186538696,NA,NA,NA,NA,NA
82,54.77362823486328,"""[39.218662]""","""[0.071992934]""",232.7960968017578,0.5718109011650085,NA,NA,NA,NA,NA
83,53.814659118652344,"""[39.781628]""","""[0.072428316]""",99.2027816772461,0.565874457359314,NA,NA,NA,NA,NA
84,52.557220458984375,"""[40.44104]""","""[0.07294502]""",41.73503112792969,0.5588610768318176,NA,NA,NA,NA,NA
85,51.46306228637695,"""[40.986618]""","""[0.07354921]""",79.46271514892578,0.5525626540184021,NA,NA,NA,NA,NA
86,50.861019134521484,"""[41.30526]""","""[0.07415465]""",48.73204803466797,0.5482110977172852,NA,NA,NA,NA,NA
87,50.4683952331543,"""[41.52695]""","""[0.07474246]""",123.81559753417969,0.5447377562522888,NA,NA,NA,NA,NA
88,50.57865905761719,"""[41.555107]""","""[0.07522885]""",120.93338775634766,0.5432543754577637,NA,NA,NA,NA,NA
89,51.14845657348633,"""[41.416115]""","""[0.075651325]""",53.204559326171875,0.5434490442276001,NA,NA,NA,NA,NA
90,51.50090026855469,"""[41.348076]""","""[0.07604327]""",246.04190063476562,0.5430867075920105,NA,NA,NA,NA,NA
91,52.57691955566406,"""[41.016983]""","""[0.076417424]""",56.251502990722656,0.5451551079750061,NA,NA,NA,NA,NA
92,53.39205551147461,"""[40.773293]""","""[0.07679812]""",157.51351928710938,0.5464259386062622,NA,NA,NA,NA,NA
93,53.5572509765625,"""[40.766678]""","""[0.077141106]""",42.273658752441406,0.5456542372703552,NA,NA,NA,NA,NA
94,53.66801452636719,"""[40.775993]""","""[0.07745935]""",112.5577392578125,0.5448001623153687,NA,NA,NA,NA,NA
95,54.264549255371094,"""[40.599842]""","""[0.077759676]""",205.80682373046875,0.5456779599189758,NA,NA,NA,NA,NA
96,55.533931732177734,"""[40.153828]""","""[0.07803194]""",100.5298843383789,0.5490856766700745,NA,NA,NA,NA,NA
97,57.199058532714844,"""[39.52791]""","""[0.07835979]""",95.48384094238281,0.5540124773979187,NA,NA,NA,NA,NA
98,59.242088317871094,"""[38.70775]""","""[0.07881211]""",41.41665267944336,0.560463011264801,NA,NA,NA,NA,NA
99,61.246673583984375,"""[37.862343]""","""[0.07939035]""",135.37677001953125,0.5669472217559814,NA,NA,NA,NA,NA
100,62.519187927246094,"""[37.35494]""","""[0.079995036]""",273.2311096191406,0.5703431963920593,NA,NA,NA,NA,NA
101,62.777976989746094,"""[37.380997]""","""[0.08056564]""",250.2801055908203,0.5688900947570801,NA,NA,NA,NA,NA
102,62.169612884521484,"""[37.834473]""","""[0.081040315]""",327.44610595703125,0.5636506080627441,NA,NA,NA,NA,NA
103,60.713829040527344,"""[38.66357]""","""[0.08158966]""",322.70849609375,0.5547236800193787,NA,NA,NA,NA,NA
104,58.503883361816406,"""[39.742653]""","""[0.08237684]""",299.6162109375,0.5428780317306519,NA,NA,NA,NA,NA
105,55.731998443603516,"""[40.909607]""","""[0.083557524]""",184.4796142578125,0.5291451811790466,NA,NA,NA,NA,NA
106,54.166404724121094,"""[41.558434]""","""[0.08503873]""",275.1810607910156,0.5194247961044312,NA,NA,NA,NA,NA
107,53.741615295410156,"""[41.812412]""","""[0.08650424]""",45.90540313720703,0.5134868621826172,NA,NA,NA,NA,NA
108,53.484375,"""[41.99264]""","""[0.08790299]""",176.95443725585938,0.5084050893783569,NA,NA,NA,NA,NA
109,53.813907623291016,"""[42.005005]""","""[0.08921376]""",42.885013580322266,0.5052444338798523,NA,NA,NA,NA,NA
110,54.124855041503906,"""[42.011734]""","""[0.0904165]""",234.02432250976562,0.502414345741272,NA,NA,NA,NA,NA
111,55.1291389465332,"""[41.83876]""","""[0.09150271]""",102.87061309814453,0.5017613768577576,NA,NA,NA,NA,NA
112,56.519126892089844,"""[41.561855]""","""[0.09258516]""",92.94212341308594,0.5022299885749817,NA,NA,NA,NA,NA
113,58.273773193359375,"""[41.180008]""","""[0.09367972]""",63.565521240234375,0.5037952661514282,NA,NA,NA,NA,NA
114,60.26994705200195,"""[40.719776]""","""[0.09479819]""",41.63731384277344,0.5061655640602112,NA,NA,NA,NA,NA
115,62.22537612915039,"""[40.258286]""","""[0.09593904]""",110.12950134277344,0.5085623264312744,NA,NA,NA,NA,NA
116,63.57127380371094,"""[39.968765]""","""[0.097081125]""",169.60572814941406,0.5092325806617737,NA,NA,NA,NA,NA
117,64.10881805419922,"""[39.913147]""","""[0.098131314]""",336.3768310546875,0.5076876878738403,NA,NA,NA,NA,NA
118,63.503170013427734,"""[40.186073]""","""[0.099153616]""",49.464149475097656,0.5027366280555725,NA,NA,NA,NA,NA
119,63.19292449951172,"""[40.356503]""","""[0.10012886]""",119.029296875,0.4989455044269562,NA,NA,NA,NA,NA
120,63.559417724609375,"""[40.331886]""","""[0.1010856]""",47.522422790527344,0.4972790777683258,NA,NA,NA,NA,NA
121,64.07022094726562,"""[40.261425]""","""[0.10196429]""",360.1129455566406,0.4962806701660156,NA,NA,NA,NA,NA
122,65.74944305419922,"""[39.86803]""","""[0.10285827]""",47.439369201660156,0.4987793266773224,NA,NA,NA,NA,NA
123,67.5281753540039,"""[39.43757]""","""[0.10376466]""",360.7790832519531,0.5017068386077881,NA,NA,NA,NA,NA
124,68.0351791381836,"""[39.367165]""","""[0.104601964]""",40.222862243652344,0.5008808970451355,NA,NA,NA,NA,NA
125,68.5244140625,"""[39.295902]""","""[0.10537166]""",40.55453872680664,0.5002087354660034,NA,NA,NA,NA,NA
126,68.93273162841797,"""[39.242195]""","""[0.106073804]""",597.7546997070312,0.4994836747646332,NA,NA,NA,NA,NA
127,67.67072296142578,"""[39.65894]""","""[0.10684573]""",40.45800018310547,0.49340683221817017,NA,NA,NA,NA,NA
128,66.56195068359375,"""[40.009853]""","""[0.10762266]""",106.55784606933594,0.48800837993621826,NA,NA,NA,NA,NA
129,65.00508117675781,"""[40.451153]""","""[0.10839527]""",66.77446746826172,0.48155033588409424,NA,NA,NA,NA,NA
130,64.02523803710938,"""[40.730534]""","""[0.10923774]""",58.442596435546875,0.47673356533050537,NA,NA,NA,NA,NA
131,63.43489074707031,"""[40.9059]""","""[0.11007456]""",48.41756057739258,0.47308528423309326,NA,NA,NA,NA,NA
132,63.09727478027344,"""[41.015694]""","""[0.11086423]""",50.18324661254883,0.47027093172073364,NA,NA,NA,NA,NA
133,62.6213264465332,"""[41.14891]""","""[0.11160285]""",44.41290283203125,0.46726977825164795,NA,NA,NA,NA,NA
134,62.115901947021484,"""[41.281303]""","""[0.11228916]""",71.66616821289062,0.46436408162117004,NA,NA,NA,NA,NA
135,62.027366638183594,"""[41.322334]""","""[0.1129517]""",165.8885498046875,0.4625818133354187,NA,NA,NA,NA,NA
136,62.718605041503906,"""[41.20191]""","""[0.113644645]""",42.33882522583008,0.46267592906951904,NA,NA,NA,NA,NA
137,63.408119201660156,"""[41.08006]""","""[0.11429851]""",43.968502044677734,0.46287429332733154,NA,NA,NA,NA,NA
138,64.16014862060547,"""[40.943302]""","""[0.11491346]""",60.233333587646484,0.46333667635917664,NA,NA,NA,NA,NA
139,64.56446075439453,"""[40.878105]""","""[0.1154781]""",47.60746765136719,0.46304813027381897,NA,NA,NA,NA,NA
140,65.12494659423828,"""[40.77876]""","""[0.11602567]""",56.43980407714844,0.4632086157798767,NA,NA,NA,NA,NA
141,65.36409759521484,"""[40.746136]""","""[0.11652302]""",41.56153869628906,0.4626697301864624,NA,NA,NA,NA,NA
142,65.57756042480469,"""[40.717667]""","""[0.11698292]""",81.00531768798828,0.4621552526950836,NA,NA,NA,NA,NA
143,66.29414367675781,"""[40.582214]""","""[0.11747711]""",44.75000762939453,0.46287083625793457,NA,NA,NA,NA,NA
144,66.82986450195312,"""[40.483852]""","""[0.11792825]""",125.33796691894531,0.4632267355918884,NA,NA,NA,NA,NA
145,66.63719940185547,"""[40.53992]""","""[0.11830862]""",41.32709884643555,0.46185237169265747,NA,NA,NA,NA,NA
146,66.46651458740234,"""[40.58949]""","""[0.11866436]""",53.389190673828125,0.46059954166412354,NA,NA,NA,NA,NA
147,66.06112670898438,"""[40.686142]""","""[0.11897822]""",88.1761474609375,0.45884811878204346,NA,NA,NA,NA,NA
148,66.1811752319336,"""[40.672684]""","""[0.11931958]""",64.01317596435547,0.4583856463432312,NA,NA,NA,NA,NA
149,65.94987487792969,"""[40.730686]""","""[0.11963095]""",41.654361724853516,0.45710429549217224,NA,NA,NA,NA,NA
150,65.78207397460938,"""[40.774414]""","""[0.119927675]""",174.27923583984375,0.45602262020111084,NA,NA,NA,NA,NA
151,66.4801254272461,"""[40.642452]""","""[0.120317]""",111.46955871582031,0.4569303095340729,NA,NA,NA,NA,NA
152,67.80018615722656,"""[40.380547]""","""[0.12074553]""",144.59938049316406,0.4593662619590759,NA,NA,NA,NA,NA
153,68.23672485351562,"""[40.300873]""","""[0.121077046]""",75.05612182617188,0.4597497284412384,NA,NA,NA,NA,NA
154,69.14069366455078,"""[40.121876]""","""[0.12146274]""",79.3558349609375,0.46125733852386475,NA,NA,NA,NA,NA
155,70.48486328125,"""[39.84491]""","""[0.12185463]""",42.81254959106445,0.46396052837371826,NA,NA,NA,NA,NA
156,71.62808227539062,"""[39.608067]""","""[0.12225157]""",253.00148010253906,0.4661710858345032,NA,NA,NA,NA,NA
157,71.37566375732422,"""[39.679893]""","""[0.12252892]""",84.86611938476562,0.4648156762123108,NA,NA,NA,NA,NA
158,70.59625244140625,"""[39.866184]""","""[0.12283238]""",43.21373748779297,0.4620020389556885,NA,NA,NA,NA,NA
159,69.78893280029297,"""[40.053326]""","""[0.12312438]""",202.9134979248047,0.4591858983039856,NA,NA,NA,NA,NA
160,68.09375,"""[40.419872]""","""[0.123517975]""",42.10769271850586,0.45394039154052734,NA,NA,NA,NA,NA
161,66.5691146850586,"""[40.737286]""","""[0.12397423]""",55.704959869384766,0.44914698600769043,NA,NA,NA,NA,NA
162,65.57227325439453,"""[40.94154]""","""[0.124477215]""",45.41713333129883,0.4456552565097809,NA,NA,NA,NA,NA
163,64.85513305664062,"""[41.086792]""","""[0.12500453]""",109.92201232910156,0.4428439438343048,NA,NA,NA,NA,NA
164,64.79685974121094,"""[41.108067]""","""[0.1255459]""",45.43083572387695,0.44158923625946045,NA,NA,NA,NA,NA
165,64.61599731445312,"""[41.150173]""","""[0.12605052]""",42.22932052612305,0.4401310384273529,NA,NA,NA,NA,NA
166,64.5040512084961,"""[41.178566]""","""[0.12652308]""",53.491886138916016,0.43890735507011414,NA,NA,NA,NA,NA
167,64.64129638671875,"""[41.161827]""","""[0.12697487]""",199.68197631835938,0.4383104741573334,NA,NA,NA,NA,NA
168,63.76707077026367,"""[41.321655]""","""[0.12734841]""",153.27651977539062,0.4355373680591583,NA,NA,NA,NA,NA
169,63.82994079589844,"""[41.316998]""","""[0.12778749]""",44.107337951660156,0.43480435013771057,NA,NA,NA,NA,NA
170,63.79031753540039,"""[41.329433]""","""[0.12818362]""",54.84434509277344,0.4339243173599243,NA,NA,NA,NA,NA
171,64.00743865966797,"""[41.297497]""","""[0.12859172]""",67.86973571777344,0.4336126744747162,NA,NA,NA,NA,NA
172,63.820106506347656,"""[41.333984]""","""[0.12895225]""",72.15768432617188,0.4324771463871002,NA,NA,NA,NA,NA
173,64.06535339355469,"""[41.296963]""","""[0.12930946]""",45.38743209838867,0.43233028054237366,NA,NA,NA,NA,NA
174,64.43653106689453,"""[41.238308]""","""[0.12966955]""",48.2628059387207,0.4324692487716675,NA,NA,NA,NA,NA
175,64.95823669433594,"""[41.15351]""","""[0.13004838]""",146.88262939453125,0.4329247772693634,NA,NA,NA,NA,NA
176,66.25907897949219,"""[40.932636]""","""[0.13054131]""",266.743896484375,0.4349842965602875,NA,NA,NA,NA,NA
177,68.78469848632812,"""[40.48741]""","""[0.13120905]""",78.2960205078125,0.4396844804286957,NA,NA,NA,NA,NA
178,71.84398651123047,"""[39.927757]""","""[0.13206129]""",192.28656005859375,0.44555312395095825,NA,NA,NA,NA,NA
179,73.70963287353516,"""[39.58785]""","""[0.13293177]""",55.35356903076172,0.4485511779785156,NA,NA,NA,NA,NA
180,75.83777618408203,"""[39.18995]""","""[0.13385923]""",40.29798126220703,0.4522465467453003,NA,NA,NA,NA,NA
181,77.89578247070312,"""[38.799213]""","""[0.13478714]""",67.29304504394531,0.4558921754360199,NA,NA,NA,NA,NA
182,80.33724975585938,"""[38.319637]""","""[0.1357819]""",40.440765380859375,0.4606483578681946,NA,NA,NA,NA,NA
183,82.50279235839844,"""[37.89042]""","""[0.13678192]""",159.48814392089844,0.4647998809814453,NA,NA,NA,NA,NA
184,83.42707824707031,"""[37.736988]""","""[0.1377889]""",60.175048828125,0.46535560488700867,NA,NA,NA,NA,NA
185,83.8310775756836,"""[37.697815]""","""[0.13871928]""",372.5536193847656,0.46453145146369934,NA,NA,NA,NA,NA
186,82.39805603027344,"""[38.059322]""","""[0.13955942]""",91.92727661132812,0.4584968090057373,NA,NA,NA,NA,NA
187,80.38597869873047,"""[38.52152]""","""[0.14039087]""",177.96511840820312,0.4510824680328369,NA,NA,NA,NA,NA
188,79.84036254882812,"""[38.668808]""","""[0.14133647]""",160.01058959960938,0.4476926028728485,NA,NA,NA,NA,NA
189,78.28388214111328,"""[39.004147]""","""[0.14217684]""",40.77016830444336,0.441889226436615,NA,NA,NA,NA,NA
190,76.81404113769531,"""[39.307034]""","""[0.1429938]""",44.49736022949219,0.4365200400352478,NA,NA,NA,NA,NA
191,75.7226333618164,"""[39.528187]""","""[0.14379035]""",129.17884826660156,0.43226683139801025,NA,NA,NA,NA,NA
192,73.79158020019531,"""[39.8858]""","""[0.14461857]""",42.68017578125,0.42603161931037903,NA,NA,NA,NA,NA
193,71.9697494506836,"""[40.207535]""","""[0.14547727]""",133.49911499023438,0.42018193006515503,NA,NA,NA,NA,NA
194,69.58897399902344,"""[40.60271]""","""[0.14621182]""",49.109771728515625,0.41341063380241394,NA,NA,NA,NA,NA
195,67.3641586303711,"""[40.952106]""","""[0.14704432]""",147.920654296875,0.4070248305797577,NA,NA,NA,NA,NA
196,66.34821319580078,"""[41.107548]""","""[0.14803816]""",78.71469116210938,0.40313035249710083,NA,NA,NA,NA,NA
197,65.9566421508789,"""[41.168896]""","""[0.14899524]""",51.618289947509766,0.4006703495979309,NA,NA,NA,NA,NA
198,65.84264373779297,"""[41.18898]""","""[0.14992492]""",54.99246597290039,0.3988698124885559,NA,NA,NA,NA,NA
199,66.03547668457031,"""[41.165928]""","""[0.15079844]""",110.33262634277344,0.39781856536865234,NA,NA,NA,NA,NA
200,65.5545425415039,"""[41.23572]""","""[0.15150146]""",168.17991638183594,0.39563214778900146,NA,NA,NA,NA,NA
201,65.99243927001953,"""[41.179703]""","""[0.15223305]""",165.828125,0.3953278660774231,NA,NA,NA,NA,NA
202,67.30746459960938,"""[41.00277]""","""[0.15302494]""",297.3995056152344,0.39678123593330383,NA,NA,NA,NA,NA
203,69.84955596923828,"""[40.649082]""","""[0.15398966]""",76.720458984375,0.4006260931491852,NA,NA,NA,NA,NA
204,72.90560913085938,"""[40.21106]""","""[0.1550702]""",55.57390594482422,0.40553349256515503,NA,NA,NA,NA,NA
205,76.28553771972656,"""[39.712505]""","""[0.1562807]""",49.372474670410156,0.4111468493938446,NA,NA,NA,NA,NA
206,79.8616714477539,"""[39.170536]""","""[0.15764944]""",58.871307373046875,0.4172070324420929,NA,NA,NA,NA,NA
207,82.80792236328125,"""[38.72086]""","""[0.1590818]""",245.52133178710938,0.4218829870223999,NA,NA,NA,NA,NA
208,84.0303726196289,"""[38.554375]""","""[0.1604014]""",48.85435485839844,0.42258548736572266,NA,NA,NA,NA,NA
209,84.82022094726562,"""[38.458595]""","""[0.1616346]""",68.1700210571289,0.42238521575927734,NA,NA,NA,NA,NA
210,84.95406341552734,"""[38.470028]""","""[0.16278064]""",218.11676025390625,0.42071548104286194,NA,NA,NA,NA,NA
211,83.77556610107422,"""[38.691822]""","""[0.16378264]""",440.7210693359375,0.41606956720352173,NA,NA,NA,NA,NA
212,80.55258178710938,"""[39.220284]""","""[0.1649881]""",58.23619079589844,0.40643879771232605,NA,NA,NA,NA,NA
213,77.2967300415039,"""[39.719017]""","""[0.16627079]""",61.0200309753418,0.39701515436172485,NA,NA,NA,NA,NA
214,74.0704345703125,"""[40.180317]""","""[0.16765162]""",41.17352294921875,0.38787150382995605,NA,NA,NA,NA,NA
215,71.38050079345703,"""[40.541195]""","""[0.16911037]""",48.122501373291016,0.3800395131111145,NA,NA,NA,NA,NA
216,69.33784484863281,"""[40.79952]""","""[0.17060174]""",59.94136047363281,0.37368348240852356,NA,NA,NA,NA,NA
217,67.25172424316406,"""[41.047707]""","""[0.17201185]""",365.14678955078125,0.3674876093864441,NA,NA,NA,NA,NA
218,66.77635192871094,"""[41.100285]""","""[0.17353852]""",141.1739959716797,0.3643814027309418,NA,NA,NA,NA,NA
219,67.09327697753906,"""[41.059845]""","""[0.17517027]""",109.48834991455078,0.36273232102394104,NA,NA,NA,NA,NA
220,68.0680160522461,"""[40.94704]""","""[0.17672496]""",138.8778839111328,0.36248067021369934,NA,NA,NA,NA,NA
221,69.87590026855469,"""[40.739353]""","""[0.17835239]""",42.24072265625,0.3637932538986206,NA,NA,NA,NA,NA
222,71.70489501953125,"""[40.528755]""","""[0.17992142]""",46.00678253173828,0.36526092886924744,NA,NA,NA,NA,NA
223,73.24474334716797,"""[40.351486]""","""[0.1814106]""",186.92221069335938,0.36629462242126465,NA,NA,NA,NA,NA
224,73.5318832397461,"""[40.32319]""","""[0.18257456]""",65.09471130371094,0.36524444818496704,NA,NA,NA,NA,NA
225,74.27574157714844,"""[40.241634]""","""[0.18368565]""",43.92314529418945,0.3651919662952423,NA,NA,NA,NA,NA
226,75.15153503417969,"""[40.1451]""","""[0.18471444]""",43.04996871948242,0.36552172899246216,NA,NA,NA,NA,NA
227,76.11723327636719,"""[40.038216]""","""[0.18567254]""",59.55653381347656,0.36613595485687256,NA,NA,NA,NA,NA
228,77.47611999511719,"""[39.88534]""","""[0.18655112]""",52.2635383605957,0.36765727400779724,NA,NA,NA,NA,NA
229,79.09783935546875,"""[39.70025]""","""[0.18740952]""",42.65846252441406,0.36976802349090576,NA,NA,NA,NA,NA
230,80.4511947631836,"""[39.54618]""","""[0.18821871]""",40.79581069946289,0.3714185655117035,NA,NA,NA,NA,NA
231,81.80357360839844,"""[39.391285]""","""[0.18898769]""",94.75946044921875,0.37314358353614807,NA,NA,NA,NA,NA
232,84.01615142822266,"""[39.12955]""","""[0.18968883]""",39.88351821899414,0.37679100036621094,NA,NA,NA,NA,NA
233,86.04891967773438,"""[38.886646]""","""[0.1903874]""",203.32505798339844,0.38012591004371643,NA,NA,NA,NA,NA
234,86.4190902709961,"""[38.852516]""","""[0.19106981]""",61.11086654663086,0.37992486357688904,NA,NA,NA,NA,NA
235,86.2192153930664,"""[38.88955]""","""[0.191699]""",88.94757080078125,0.3785705268383026,NA,NA,NA,NA,NA
236,85.19497680664062,"""[39.027374]""","""[0.19235592]""",67.60942840576172,0.3754439055919647,NA,NA,NA,NA,NA
237,84.93646240234375,"""[39.068344]""","""[0.19301303]""",125.9776611328125,0.37397730350494385,NA,NA,NA,NA,NA
238,83.6283950805664,"""[39.234776]""","""[0.19362387]""",57.463321685791016,0.3703807592391968,NA,NA,NA,NA,NA
239,83.0093765258789,"""[39.315746]""","""[0.19421984]""",104.3360595703125,0.3682745397090912,NA,NA,NA,NA,NA
240,81.54513549804688,"""[39.492916]""","""[0.19483998]""",94.4722900390625,0.3644372522830963,NA,NA,NA,NA,NA
241,79.4078598022461,"""[39.741463]""","""[0.19543034]""",43.98954772949219,0.3593376874923706,NA,NA,NA,NA,NA
242,77.35945129394531,"""[39.971725]""","""[0.196072]""",116.46351623535156,0.35444605350494385,NA,NA,NA,NA,NA
243,76.46849822998047,"""[40.070667]""","""[0.19676535]""",74.4492416381836,0.3518166244029999,NA,NA,NA,NA,NA
244,76.32537841796875,"""[40.0888]""","""[0.19740836]""",53.64854431152344,0.3507084548473358,NA,NA,NA,NA,NA
245,75.85529327392578,"""[40.141727]""","""[0.19794267]""",92.194580078125,0.3490985929965973,NA,NA,NA,NA,NA
246,76.22327423095703,"""[40.105343]""","""[0.19854121]""",88.31825256347656,0.34904152154922485,NA,NA,NA,NA,NA
247,77.3255386352539,"""[39.991684]""","""[0.19912326]""",45.34034729003906,0.35042300820350647,NA,NA,NA,NA,NA
248,78.58441162109375,"""[39.860912]""","""[0.19967487]""",42.79393005371094,0.35215526819229126,NA,NA,NA,NA,NA
249,79.95034790039062,"""[39.717457]""","""[0.2002471]""",44.463592529296875,0.3540942072868347,NA,NA,NA,NA,NA
250,81.44499969482422,"""[39.558792]""","""[0.20082718]""",48.91497039794922,0.3563007712364197,NA,NA,NA,NA,NA
251,82.46589660644531,"""[39.45143]""","""[0.20135087]""",50.40229415893555,0.3576468527317047,NA,NA,NA,NA,NA
252,83.79303741455078,"""[39.30957]""","""[0.2018489]""",42.95730972290039,0.35965004563331604,NA,NA,NA,NA,NA
253,84.83210754394531,"""[39.198956]""","""[0.20234956]""",67.26277923583984,0.36108845472335815,NA,NA,NA,NA,NA
254,85.18400573730469,"""[39.16516]""","""[0.20284042]""",117.20176696777344,0.361154168844223,NA,NA,NA,NA,NA
255,84.48307800292969,"""[39.24857]""","""[0.20338053]""",43.78261184692383,0.3590414822101593,NA,NA,NA,NA,NA
256,84.11666107177734,"""[39.293743]""","""[0.20389253]""",230.0072021484375,0.35764893889427185,NA,NA,NA,NA,NA
257,82.07013702392578,"""[39.520485]""","""[0.204378]""",122.88671875,0.35295578837394714,NA,NA,NA,NA,NA
258,79.23851776123047,"""[39.822388]""","""[0.20492315]""",43.73326873779297,0.34675145149230957,NA,NA,NA,NA,NA
259,76.59993743896484,"""[40.09342]""","""[0.20552747]""",41.022377014160156,0.34096911549568176,NA,NA,NA,NA,NA
260,74.3856430053711,"""[40.31279]""","""[0.2061819]""",116.53153228759766,0.33602291345596313,NA,NA,NA,NA,NA
261,71.56182861328125,"""[40.58066]""","""[0.20685889]""",182.02980041503906,0.3300158679485321,NA,NA,NA,NA,NA
262,70.35384368896484,"""[40.68935]""","""[0.20772198]""",41.678321838378906,0.32681822776794434,NA,NA,NA,NA,NA
263,69.24238586425781,"""[40.78645]""","""[0.20853698]""",181.82369995117188,0.3238751292228699,NA,NA,NA,NA,NA
264,69.22370910644531,"""[40.78515]""","""[0.20940125]""",67.75321197509766,0.32284507155418396,NA,NA,NA,NA,NA
265,69.70016479492188,"""[40.74045]""","""[0.21025914]""",264.54022216796875,0.32270991802215576,NA,NA,NA,NA,NA
266,71.66140747070312,"""[40.565865]""","""[0.21108255]""",91.30912017822266,0.32524922490119934,NA,NA,NA,NA,NA
267,74.34326934814453,"""[40.32185]""","""[0.21201548]""",125.4041748046875,0.3290078043937683,NA,NA,NA,NA,NA
268,78.02734375,"""[39.97787]""","""[0.21307191]""",41.604393005371094,0.334537535905838,NA,NA,NA,NA,NA
269,81.48150634765625,"""[39.647984]""","""[0.21420078]""",106.68333435058594,0.3396685719490051,NA,NA,NA,NA,NA
270,85.8497085571289,"""[39.21958]""","""[0.21531889]""",157.54501342773438,0.3466796875,NA,NA,NA,NA,NA
271,91.45635986328125,"""[38.648575]""","""[0.21647932]""",222.57606506347656,0.35632553696632385,NA,NA,NA,NA,NA
272,94.76317596435547,"""[38.311428]""","""[0.21753643]""",469.11248779296875,0.3616498112678528,NA,NA,NA,NA,NA
273,94.99214935302734,"""[38.311226]""","""[0.21888094]""",481.75091552734375,0.36035770177841187,NA,NA,NA,NA,NA
274,92.49568176269531,"""[38.602226]""","""[0.22030984]""",162.85061645507812,0.35343751311302185,NA,NA,NA,NA,NA
275,88.75328826904297,"""[39.00646]""","""[0.2216811]""",41.06708526611328,0.3442995548248291,NA,NA,NA,NA,NA
276,85.35192108154297,"""[39.355873]""","""[0.22308798]""",131.7594451904297,0.3360520899295807,NA,NA,NA,NA,NA
277,83.6010971069336,"""[39.534542]""","""[0.22436564]""",42.417274475097656,0.33121222257614136,NA,NA,NA,NA,NA
278,81.87223815917969,"""[39.70448]""","""[0.22556706]""",150.3272705078125,0.3265756666660309,NA,NA,NA,NA,NA
279,81.54598999023438,"""[39.7424]""","""[0.22676197]""",228.18443298339844,0.32457664608955383,NA,NA,NA,NA,NA
280,79.65908813476562,"""[39.91747]""","""[0.2277611]""",66.25141906738281,0.31997382640838623,NA,NA,NA,NA,NA
281,78.6630630493164,"""[40.00954]""","""[0.22881234]""",107.06683349609375,0.31698137521743774,NA,NA,NA,NA,NA
282,78.66203308105469,"""[40.015007]""","""[0.22977667]""",51.29608917236328,0.31586766242980957,NA,NA,NA,NA,NA
283,79.07459259033203,"""[39.984863]""","""[0.23069388]""",68.53590393066406,0.31554919481277466,NA,NA,NA,NA,NA
284,78.84722900390625,"""[40.008934]""","""[0.23151565]""",198.2818603515625,0.31420227885246277,NA,NA,NA,NA,NA
285,80.09700775146484,"""[39.907055]""","""[0.232417]""",78.8251953125,0.3154101073741913,NA,NA,NA,NA,NA
286,82.04098510742188,"""[39.745995]""","""[0.23321669]""",61.150604248046875,0.317964106798172,NA,NA,NA,NA,NA
287,84.46832275390625,"""[39.541443]""","""[0.23393802]""",40.133506774902344,0.3214942216873169,NA,NA,NA,NA,NA
288,86.73381042480469,"""[39.348328]""","""[0.23466054]""",94.32752990722656,0.32477638125419617,NA,NA,NA,NA,NA
289,89.8460464477539,"""[39.07547]""","""[0.23540236]""",105.23484802246094,0.32966533303260803,NA,NA,NA,NA,NA
290,91.60762023925781,"""[38.923306]""","""[0.23626418]""",39.51512908935547,0.33197006583213806,NA,NA,NA,NA,NA
291,93.23316192626953,"""[38.782673]""","""[0.23708326]""",39.92475891113281,0.3340883255004883,NA,NA,NA,NA,NA
292,94.63814544677734,"""[38.661766]""","""[0.23785855]""",39.328277587890625,0.3358534872531891,NA,NA,NA,NA,NA
293,95.97920227050781,"""[38.546017]""","""[0.23857184]""",46.001808166503906,0.33757808804512024,NA,NA,NA,NA,NA
294,97.58492279052734,"""[38.40381]""","""[0.23919109]""",110.07089233398438,0.33993205428123474,NA,NA,NA,NA,NA
295,97.91748046875,"""[38.383446]""","""[0.2398202]""",57.60150146484375,0.33980217576026917,NA,NA,NA,NA,NA
296,97.624267578125,"""[38.422382]""","""[0.2404248]""",110.4752197265625,0.33848389983177185,NA,NA,NA,NA,NA
297,96.18704986572266,"""[38.56852]""","""[0.24108672]""",218.31436157226562,0.3349117040634155,NA,NA,NA,NA,NA
298,93.28759002685547,"""[38.8458]""","""[0.24208345]""",52.137779235839844,0.3283016085624695,NA,NA,NA,NA,NA
299,90.285888671875,"""[39.121655]""","""[0.24311498]""",40.16984176635742,0.32160812616348267,NA,NA,NA,NA,NA
300,87.56282043457031,"""[39.363224]""","""[0.24414128]""",43.5108528137207,0.31555765867233276,NA,NA,NA,NA,NA
301,84.95034790039062,"""[39.586864]""","""[0.24513742]""",89.56614685058594,0.3098393678665161,NA,NA,NA,NA,NA
302,81.77477264404297,"""[39.846096]""","""[0.24623117]""",41.79762268066406,0.3031594455242157,NA,NA,NA,NA,NA
303,78.89762878417969,"""[40.071247]""","""[0.24733843]""",105.41764831542969,0.29709896445274353,NA,NA,NA,NA,NA
304,75.51510620117188,"""[40.322186]""","""[0.2485434]""",323.0647888183594,0.29021966457366943,NA,NA,NA,NA,NA
305,71.03965759277344,"""[40.634365]""","""[0.24969134]""",73.26004028320312,0.2817339301109314,NA,NA,NA,NA,NA
306,67.94043731689453,"""[40.834877]""","""[0.25099584]""",240.75546264648438,0.27547141909599304,NA,NA,NA,NA,NA
307,66.71711730957031,"""[40.908913]""","""[0.25235358]""",68.37124633789062,0.27219176292419434,NA,NA,NA,NA,NA
308,66.06580352783203,"""[40.943836]""","""[0.25384182]""",374.32611083984375,0.26974058151245117,NA,NA,NA,NA,NA
309,67.05802154541016,"""[40.879684]""","""[0.2555256]""",42.18133544921875,0.2696978449821472,NA,NA,NA,NA,NA
310,67.9166030883789,"""[40.824627]""","""[0.25705236]""",63.555686950683594,0.26959046721458435,NA,NA,NA,NA,NA
311,69.1994400024414,"""[40.74363]""","""[0.2586049]""",51.846336364746094,0.270134836435318,NA,NA,NA,NA,NA
312,70.77194213867188,"""[40.645008]""","""[0.26009786]""",47.02652359008789,0.27119094133377075,NA,NA,NA,NA,NA
313,72.5134048461914,"""[40.535378]""","""[0.2615575]""",52.263912200927734,0.27255305647850037,NA,NA,NA,NA,NA
314,74.53666687011719,"""[40.40706]""","""[0.26301605]""",89.03317260742188,0.2743757963180542,NA,NA,NA,NA,NA
315,75.56951904296875,"""[40.341854]""","""[0.26434568]""",186.60696411132812,0.27475544810295105,NA,NA,NA,NA,NA
316,77.9449691772461,"""[40.19035]""","""[0.26560402]""",69.32817077636719,0.2773343324661255,NA,NA,NA,NA,NA
317,80.88725280761719,"""[39.99941]""","""[0.266874]""",90.14625549316406,0.28084322810173035,NA,NA,NA,NA,NA
318,82.80587005615234,"""[39.875244]""","""[0.26814064]""",47.04583740234375,0.2827319800853729,NA,NA,NA,NA,NA
319,84.96654510498047,"""[39.733955]""","""[0.26939157]""",165.39520263671875,0.2850509583950043,NA,NA,NA,NA,NA
320,88.6407241821289,"""[39.486145]""","""[0.27071914]""",148.6137237548828,0.2898401618003845,NA,NA,NA,NA,NA
321,90.6717758178711,"""[39.351948]""","""[0.27186543]""",49.78159713745117,0.29208797216415405,NA,NA,NA,NA,NA
322,92.99445343017578,"""[39.195683]""","""[0.27290037]""",321.10540771484375,0.2949516177177429,NA,NA,NA,NA,NA
323,97.47747039794922,"""[38.878166]""","""[0.2738495]""",124.82378387451172,0.3016454577445984,NA,NA,NA,NA,NA
324,103.04507446289062,"""[38.46976]""","""[0.27488405]""",42.99032211303711,0.3103381097316742,NA,NA,NA,NA,NA
325,108.58460235595703,"""[38.051865]""","""[0.27603048]""",68.61998748779297,0.31912630796432495,NA,NA,NA,NA,NA
326,112.92390441894531,"""[37.724064]""","""[0.277396]""",95.88493347167969,0.3257029056549072,NA,NA,NA,NA,NA
327,115.72036743164062,"""[37.519962]""","""[0.2787411]""",78.39964294433594,0.3294929265975952,NA,NA,NA,NA,NA
328,119.20597839355469,"""[37.251427]""","""[0.27985606]""",82.32701873779297,0.33491650223731995,NA,NA,NA,NA,NA
329,121.23152160644531,"""[37.10707]""","""[0.281064]""",136.2782440185547,0.3374727964401245,NA,NA,NA,NA,NA
330,121.409423828125,"""[37.125885]""","""[0.28247985]""",461.234375,0.336201548576355,NA,NA,NA,NA,NA
331,118.4474105834961,"""[37.417927]""","""[0.2844507]""",88.7237548828125,0.32831093668937683,NA,NA,NA,NA,NA
332,114.58761596679688,"""[37.768074]""","""[0.28640485]""",143.15794372558594,0.31896063685417175,NA,NA,NA,NA,NA
333,109.6122817993164,"""[38.186348]""","""[0.28847948]""",96.11283874511719,0.30776122212409973,NA,NA,NA,NA,NA
334,104.16384887695312,"""[38.614975]""","""[0.29067117]""",85.8074951171875,0.29600533843040466,NA,NA,NA,NA,NA
335,98.33633422851562,"""[39.04266]""","""[0.2929618]""",170.2746124267578,0.2839207053184509,NA,NA,NA,NA,NA
336,91.60562133789062,"""[39.49823]""","""[0.29541677]""",336.6488037109375,0.2706492245197296,NA,NA,NA,NA,NA
337,83.50418090820312,"""[39.995277]""","""[0.2978968]""",167.36770629882812,0.25571030378341675,NA,NA,NA,NA,NA
338,78.1222915649414,"""[40.300694]""","""[0.30065063]""",42.29440689086914,0.24514217674732208,NA,NA,NA,NA,NA
339,73.51030731201172,"""[40.54036]""","""[0.30339378]""",247.5207061767578,0.2359914928674698,NA,NA,NA,NA,NA
340,71.32433319091797,"""[40.64914]""","""[0.306155]""",86.85719299316406,0.23046576976776123,NA,NA,NA,NA,NA
341,70.12764739990234,"""[40.707718]""","""[0.30890965]""",140.513427734375,0.22641681134700775,NA,NA,NA,NA,NA
342,70.17418670654297,"""[40.71144]""","""[0.31169796]""",43.030303955078125,0.2241077423095703,NA,NA,NA,NA,NA
343,70.094482421875,"""[40.72056]""","""[0.3142047]""",99.94557189941406,0.22186458110809326,NA,NA,NA,NA,NA
344,70.78697967529297,"""[40.698376]""","""[0.31657353]""",61.602081298828125,0.22080114483833313,NA,NA,NA,NA,NA
345,71.03646850585938,"""[40.694683]""","""[0.318695]""",195.51309204101562,0.219332754611969,NA,NA,NA,NA,NA
346,72.78958892822266,"""[40.631317]""","""[0.32113588]""",63.74334716796875,0.21966493129730225,NA,NA,NA,NA,NA
347,75.01176452636719,"""[40.54913]""","""[0.32351226]""",77.94905090332031,0.2206890732049942,NA,NA,NA,NA,NA
348,77.9284896850586,"""[40.437553]""","""[0.32580915]""",45.23347091674805,0.2227354794740677,NA,NA,NA,NA,NA
349,80.42799377441406,"""[40.34276]""","""[0.32793343]""",115.84501647949219,0.22435352206230164,NA,NA,NA,NA,NA
350,83.91943359375,"""[40.20304]""","""[0.3299619]""",288.33642578125,0.22745147347450256,NA,NA,NA,NA,NA
351,89.4611587524414,"""[39.965576]""","""[0.33197075]""",60.295475006103516,0.2335319072008133,NA,NA,NA,NA,NA
352,95.38984680175781,"""[39.700882]""","""[0.33390847]""",63.72129440307617,0.2403569221496582,NA,NA,NA,NA,NA
353,101.78180694580078,"""[39.40503]""","""[0.33588153]""",51.30154037475586,0.24798476696014404,NA,NA,NA,NA,NA
354,108.38766479492188,"""[39.09026]""","""[0.3379165]""",46.2052116394043,0.2560557425022125,NA,NA,NA,NA,NA
355,114.24059295654297,"""[38.808533]""","""[0.33994043]""",172.06982421875,0.2631429433822632,NA,NA,NA,NA,NA
356,117.70181274414062,"""[38.653584]""","""[0.34183487]""",39.09012222290039,0.2666703462600708,NA,NA,NA,NA,NA
357,120.91510009765625,"""[38.509457]""","""[0.34359285]""",41.40678787231445,0.26997461915016174,NA,NA,NA,NA,NA
358,123.63404083251953,"""[38.391304]""","""[0.34525615]""",145.16384887695312,0.27260613441467285,NA,NA,NA,NA,NA
359,124.55545043945312,"""[38.37731]""","""[0.3469566]""",328.4824523925781,0.27228954434394836,NA,NA,NA,NA,NA
360,122.51548767089844,"""[38.53268]""","""[0.34879]""",132.62547302246094,0.26707300543785095,NA,NA,NA,NA,NA
361,118.92543029785156,"""[38.765392]""","""[0.35057884]""",237.12559509277344,0.25954699516296387,NA,NA,NA,NA,NA
362,113.9180679321289,"""[39.06383]""","""[0.35252982]""",152.72439575195312,0.24986869096755981,NA,NA,NA,NA,NA
363,108.09315490722656,"""[39.386227]""","""[0.3545409]""",219.94369506835938,0.2391871213912964,NA,NA,NA,NA,NA
364,104.98808288574219,"""[39.565495]""","""[0.35657322]""",43.916229248046875,0.23268340528011322,NA,NA,NA,NA,NA
365,102.60609436035156,"""[39.703175]""","""[0.35849163]""",69.13470458984375,0.22742675244808197,NA,NA,NA,NA,NA
366,101.23307800292969,"""[39.787586]""","""[0.36013368]""",54.49736404418945,0.2239241749048233,NA,NA,NA,NA,NA
367,100.559326171875,"""[39.836384]""","""[0.36154333]""",55.4056396484375,0.2216499000787735,NA,NA,NA,NA,NA
368,99.40645599365234,"""[39.900692]""","""[0.36273015]""",64.60713958740234,0.2189449667930603,NA,NA,NA,NA,NA
369,99.1386489868164,"""[39.924927]""","""[0.36376867]""",66.34150695800781,0.21761657297611237,NA,NA,NA,NA,NA
370,99.61676025390625,"""[39.917892]""","""[0.36477545]""",40.577884674072266,0.2173447161912918,NA,NA,NA,NA,NA
371,100.13442993164062,"""[39.908318]""","""[0.3657072]""",57.78050231933594,0.21719712018966675,NA,NA,NA,NA,NA
372,101.25037384033203,"""[39.87289]""","""[0.36655483]""",187.20816040039062,0.2179514765739441,NA,NA,NA,NA,NA
373,103.88446044921875,"""[39.766815]""","""[0.3670625]""",137.67352294921875,0.221157506108284,NA,NA,NA,NA,NA
374,107.85688781738281,"""[39.598637]""","""[0.36749852]""",67.44953155517578,0.22636210918426514,NA,NA,NA,NA,NA
375,112.36437225341797,"""[39.402508]""","""[0.36800388]""",177.88241577148438,0.23234988749027252,NA,NA,NA,NA,NA
376,114.4940414428711,"""[39.310463]""","""[0.36852792]""",86.68551635742188,0.23496438562870026,NA,NA,NA,NA,NA
377,115.2208480834961,"""[39.280396]""","""[0.36896846]""",177.29534912109375,0.2356424331665039,NA,NA,NA,NA,NA
378,114.20106506347656,"""[39.336685]""","""[0.36964905]""",133.7793426513672,0.23352956771850586,NA,NA,NA,NA,NA
379,111.69213104248047,"""[39.45564]""","""[0.37016895]""",39.85325241088867,0.22945797443389893,NA,NA,NA,NA,NA
380,109.48109436035156,"""[39.558857]""","""[0.3706822]""",190.3680877685547,0.22585928440093994,NA,NA,NA,NA,NA
381,109.50293731689453,"""[39.561405]""","""[0.37108892]""",99.65779876708984,0.22553963959217072,NA,NA,NA,NA,NA
382,108.23422241210938,"""[39.616776]""","""[0.37131566]""",40.337772369384766,0.22357438504695892,NA,NA,NA,NA,NA
383,107.0412826538086,"""[39.66892]""","""[0.37156224]""",51.85163497924805,0.2217036783695221,NA,NA,NA,NA,NA
384,105.49105834960938,"""[39.73674]""","""[0.37186405]""",116.53197479248047,0.21929359436035156,NA,NA,NA,NA,NA
385,102.74102783203125,"""[39.85484]""","""[0.37223643]""",58.75811004638672,0.21517503261566162,NA,NA,NA,NA,NA
386,99.70426940917969,"""[39.980965]""","""[0.3726]""",436.225341796875,0.21072934567928314,NA,NA,NA,NA,NA
387,99.88789367675781,"""[39.980236]""","""[0.37323028]""",50.526607513427734,0.21042746305465698,NA,NA,NA,NA,NA
388,99.60486602783203,"""[39.99739]""","""[0.37381464]""",77.62117767333984,0.20954057574272156,NA,NA,NA,NA,NA
389,100.3152084350586,"""[39.97766]""","""[0.3745556]""",44.0124626159668,0.2098483443260193,NA,NA,NA,NA,NA
390,101.26831817626953,"""[39.948055]""","""[0.37527505]""",42.308135986328125,0.21050390601158142,NA,NA,NA,NA,NA
391,102.38806915283203,"""[39.911346]""","""[0.37595677]""",79.97476959228516,0.2114187479019165,NA,NA,NA,NA,NA
392,102.47840118408203,"""[39.91745]""","""[0.37672362]""",49.043033599853516,0.2108575850725174,NA,NA,NA,NA,NA
393,103.00105285644531,"""[39.90542]""","""[0.3774249]""",84.4068603515625,0.21094027161598206,NA,NA,NA,NA,NA
394,104.40018463134766,"""[39.85741]""","""[0.37806746]""",56.24645233154297,0.21226383745670319,NA,NA,NA,NA,NA
395,106.24107360839844,"""[39.78888]""","""[0.37859562]""",269.9576416015625,0.21431221067905426,NA,NA,NA,NA,NA
396,105.7503433227539,"""[39.818336]""","""[0.37932527]""",51.06998062133789,0.21299512684345245,NA,NA,NA,NA,NA
397,105.79158020019531,"""[39.8252]""","""[0.38000134]""",59.270751953125,0.21245718002319336,NA,NA,NA,NA,NA
398,105.13646697998047,"""[39.85935]""","""[0.3806366]""",69.1219711303711,0.211009681224823,NA,NA,NA,NA,NA
399,105.48514556884766,"""[39.852695]""","""[0.38122916]""",120.17478942871094,0.21096408367156982,NA,NA,NA,NA,NA
400,104.5307846069336,"""[39.899666]""","""[0.38190645]""",75.14247131347656,0.20906491577625275,NA,NA,NA,NA,NA
401,104.67613220214844,"""[39.90482]""","""[0.38268408]""",112.43193054199219,0.2085593193769455,NA,NA,NA,NA,NA
402,106.26653289794922,"""[39.85524]""","""[0.38354102]""",79.81669616699219,0.20991501212120056,NA,NA,NA,NA,NA
403,108.60948944091797,"""[39.774097]""","""[0.38434047]""",98.44029998779297,0.21236009895801544,NA,NA,NA,NA,NA
404,111.91319274902344,"""[39.651524]""","""[0.38507023]""",153.59970092773438,0.21620871126651764,NA,NA,NA,NA,NA
405,113.4485855102539,"""[39.605278]""","""[0.38604552]""",47.136959075927734,0.21740366518497467,NA,NA,NA,NA,NA
406,115.33147430419922,"""[39.542633]""","""[0.38691765]""",43.757999420166016,0.21918466687202454,NA,NA,NA,NA,NA
407,117.380859375,"""[39.470917]""","""[0.3877055]""",74.72567749023438,0.22129124402999878,NA,NA,NA,NA,NA
408,118.35246276855469,"""[39.44013]""","""[0.3883246]""",47.31081771850586,0.22207683324813843,NA,NA,NA,NA,NA
409,118.79652404785156,"""[39.43233]""","""[0.38897017]""",67.43716430664062,0.22209298610687256,NA,NA,NA,NA,NA
410,118.23918914794922,"""[39.463398]""","""[0.3894848]""",65.12684631347656,0.22084425389766693,NA,NA,NA,NA,NA
411,118.55384826660156,"""[39.45754]""","""[0.38997734]""",69.39085388183594,0.22083646059036255,NA,NA,NA,NA,NA
412,117.83734130859375,"""[39.492004]""","""[0.39036497]""",108.21430206298828,0.2195010632276535,NA,NA,NA,NA,NA
413,115.76080322265625,"""[39.57712]""","""[0.39058298]""",119.41506958007812,0.21648535132408142,NA,NA,NA,NA,NA
414,112.37053680419922,"""[39.71164]""","""[0.39073747]""",79.58473205566406,0.21176806092262268,NA,NA,NA,NA,NA
415,110.50892639160156,"""[39.784813]""","""[0.39096898]""",53.98431396484375,0.2090938240289688,NA,NA,NA,NA,NA
416,108.33111572265625,"""[39.86831]""","""[0.39116603]""",53.35828399658203,0.20604966580867767,NA,NA,NA,NA,NA
417,105.90489196777344,"""[39.96135]""","""[0.3914514]""",155.58950805664062,0.20261286199092865,NA,NA,NA,NA,NA
418,101.96932983398438,"""[40.10509]""","""[0.3916423]""",196.66114807128906,0.19733256101608276,NA,NA,NA,NA,NA
419,100.45643615722656,"""[40.16018]""","""[0.39191252]""",113.09980010986328,0.19516557455062866,NA,NA,NA,NA,NA
420,97.90763854980469,"""[40.25127]""","""[0.39225584]""",79.58197021484375,0.19162176549434662,NA,NA,NA,NA,NA
421,94.66556549072266,"""[40.36138]""","""[0.3925386]""",177.11553955078125,0.1873071789741516,NA,NA,NA,NA,NA
422,93.56310272216797,"""[40.399693]""","""[0.3929217]""",197.53436279296875,0.18562723696231842,NA,NA,NA,NA,NA
423,94.4326171875,"""[40.376904]""","""[0.39352944]""",84.58090209960938,0.18621011078357697,NA,NA,NA,NA,NA
424,94.2001953125,"""[40.385555]""","""[0.39380252]""",96.16989135742188,0.18571457266807556,NA,NA,NA,NA,NA
425,92.99726867675781,"""[40.424923]""","""[0.39401373]""",359.5159606933594,0.18405942618846893,NA,NA,NA,NA,NA
426,94.7188949584961,"""[40.381042]""","""[0.39506423]""",93.51713562011719,0.18530450761318207,NA,NA,NA,NA,NA
427,97.41051483154297,"""[40.307312]""","""[0.39626458]""",45.94695281982422,0.1876298189163208,NA,NA,NA,NA,NA
428,100.25310516357422,"""[40.22639]""","""[0.39740124]""",188.78363037109375,0.19022253155708313,NA,NA,NA,NA,NA
429,104.82537078857422,"""[40.078255]""","""[0.39826366]""",158.8603515625,0.19533468782901764,NA,NA,NA,NA,NA
430,111.14564514160156,"""[39.873493]""","""[0.3998093]""",478.11602783203125,0.2021646499633789,NA,NA,NA,NA,NA
431,113.91270446777344,"""[39.79856]""","""[0.40142637]""",85.01985168457031,0.20429782569408417,NA,NA,NA,NA,NA
432,115.44692993164062,"""[39.773838]""","""[0.40317792]""",43.12055587768555,0.20464186370372772,NA,NA,NA,NA,NA
433,117.16068267822266,"""[39.739784]""","""[0.4047593]""",263.05902099609375,0.20538143813610077,NA,NA,NA,NA,NA
434,116.36042785644531,"""[39.791126]""","""[0.40594944]""",65.80608367919922,0.20317977666854858,NA,NA,NA,NA,NA
435,114.89863586425781,"""[39.866714]""","""[0.40718192]""",251.62913513183594,0.20007717609405518,NA,NA,NA,NA,NA
436,111.27607727050781,"""[40.018795]""","""[0.40853214]""",203.71607971191406,0.1940838247537613,NA,NA,NA,NA,NA
437,105.99667358398438,"""[40.214397]""","""[0.4097187]""",43.423954010009766,0.18628405034542084,NA,NA,NA,NA,NA
438,101.20787048339844,"""[40.381508]""","""[0.41092128]""",113.44544219970703,0.17927803099155426,NA,NA,NA,NA,NA
439,95.93560791015625,"""[40.54911]""","""[0.41208103]""",54.31492614746094,0.17191776633262634,NA,NA,NA,NA,NA
440,90.9571304321289,"""[40.693665]""","""[0.4132436]""",154.31301879882812,0.16510847210884094,NA,NA,NA,NA,NA
441,88.22352600097656,"""[40.775276]""","""[0.41475537]""",157.85848999023438,0.1607084721326828,NA,NA,NA,NA,NA
442,87.3768539428711,"""[40.80998]""","""[0.41643438]""",46.18653106689453,0.15836720168590546,NA,NA,NA,NA,NA
443,86.9487075805664,"""[40.833702]""","""[0.41804212]""",204.48675537109375,0.15656442940235138,NA,NA,NA,NA,NA
444,88.2146224975586,"""[40.820187]""","""[0.41966313]""",72.89613342285156,0.15663938224315643,NA,NA,NA,NA,NA
445,90.1469497680664,"""[40.79248]""","""[0.4213131]""",115.37257385253906,0.1574220210313797,NA,NA,NA,NA,NA
446,90.64642333984375,"""[40.79119]""","""[0.4224816]""",580.6318359375,0.15703625977039337,NA,NA,NA,NA,NA
447,94.50567626953125,"""[40.724735]""","""[0.4245283]""",365.8326416015625,0.15959106385707855,NA,NA,NA,NA,NA
448,100.86858367919922,"""[40.60224]""","""[0.42715892]""",242.1644287109375,0.16447408497333527,NA,NA,NA,NA,NA
449,109.43566131591797,"""[40.42081]""","""[0.43023193]""",83.80506134033203,0.1716030240058899,NA,NA,NA,NA,NA
450,116.70687866210938,"""[40.261555]""","""[0.43304947]""",43.24671936035156,0.17760133743286133,NA,NA,NA,NA,NA
451,123.35892486572266,"""[40.114178]""","""[0.43576345]""",42.63460159301758,0.18303164839744568,NA,NA,NA,NA,NA
452,129.8792724609375,"""[39.964066]""","""[0.4383246]""",153.0246124267578,0.18853576481342316,NA,NA,NA,NA,NA
453,138.1101531982422,"""[39.761272]""","""[0.44105855]""",46.959163665771484,0.19606469571590424,NA,NA,NA,NA,NA
454,145.39541625976562,"""[39.583218]""","""[0.4436975]""",96.37576293945312,0.2025929093360901,NA,NA,NA,NA,NA
455,153.61009216308594,"""[39.365444]""","""[0.44622073]""",46.269405364990234,0.21060782670974731,NA,NA,NA,NA,NA
456,160.7624969482422,"""[39.176094]""","""[0.44860396]""",51.478973388671875,0.2175130695104599,NA,NA,NA,NA,NA
457,168.10044860839844,"""[38.96977]""","""[0.45081642]""",259.5312194824219,0.22502608597278595,NA,NA,NA,NA,NA
458,172.47933959960938,"""[38.888023]""","""[0.45328686]""",65.25145721435547,0.2280135154724121,NA,NA,NA,NA,NA
459,175.79507446289062,"""[38.851048]""","""[0.45575556]""",103.57904052734375,0.22942513227462769,NA,NA,NA,NA,NA
460,177.40052795410156,"""[38.88037]""","""[0.458171]""",353.1408996582031,0.22842180728912354,NA,NA,NA,NA,NA
461,175.63385009765625,"""[39.0451]""","""[0.4607551]""",144.89915466308594,0.22237327694892883,NA,NA,NA,NA,NA
462,175.41690063476562,"""[39.11991]""","""[0.46270144]""",42.16066360473633,0.2195298820734024,NA,NA,NA,NA,NA
463,175.59263610839844,"""[39.17362]""","""[0.46447438]""",50.032432556152344,0.21746738255023956,NA,NA,NA,NA,NA
464,176.36305236816406,"""[39.19995]""","""[0.46608135]""",39.562503814697266,0.2164451628923416,NA,NA,NA,NA,NA
465,177.12506103515625,"""[39.220467]""","""[0.4675315]""",232.78005981445312,0.21563181281089783,NA,NA,NA,NA,NA
466,175.3437042236328,"""[39.316505]""","""[0.46877995]""",46.15081787109375,0.21178697049617767,NA,NA,NA,NA,NA
467,174.2333984375,"""[39.38152]""","""[0.46987307]""",59.906558990478516,0.20910651981830597,NA,NA,NA,NA,NA
468,172.23736572265625,"""[39.469315]""","""[0.47084308]""",39.81134796142578,0.20546720921993256,NA,NA,NA,NA,NA
469,170.50750732421875,"""[39.544178]""","""[0.47174168]""",131.6033172607422,0.20230832695960999,NA,NA,NA,NA,NA
470,167.1545867919922,"""[39.667202]""","""[0.47260085]""",254.50267028808594,0.1971478909254074,NA,NA,NA,NA,NA
471,161.93527221679688,"""[39.856773]""","""[0.47375378]""",154.8232421875,0.1892232894897461,NA,NA,NA,NA,NA
472,158.81289672851562,"""[39.9601]""","""[0.4745635]""",58.87541961669922,0.1846548467874527,NA,NA,NA,NA,NA
473,156.76507568359375,"""[40.027996]""","""[0.4753137]""",85.43499755859375,0.18153494596481323,NA,NA,NA,NA,NA
474,153.71090698242188,"""[40.118805]""","""[0.475961]""",40.44107437133789,0.17737220227718353,NA,NA,NA,NA,NA
475,151.03379821777344,"""[40.19588]""","""[0.47657618]""",73.34235382080078,0.17375287413597107,NA,NA,NA,NA,NA
476,149.9599151611328,"""[40.230976]""","""[0.47724023]""",103.83302307128906,0.17198140919208527,NA,NA,NA,NA,NA
477,150.3777618408203,"""[40.224396]""","""[0.47785127]""",41.47380065917969,0.17205017805099487,NA,NA,NA,NA,NA
478,150.9282684326172,"""[40.213673]""","""[0.47842872]""",41.45849609375,0.1723092496395111,NA,NA,NA,NA,NA
479,151.2268524169922,"""[40.20796]""","""[0.47894484]""",78.73687744140625,0.17234578728675842,NA,NA,NA,NA,NA
480,150.31524658203125,"""[40.231293]""","""[0.47935745]""",40.800537109375,0.17108187079429626,NA,NA,NA,NA,NA
481,149.58204650878906,"""[40.24901]""","""[0.47973838]""",52.05476379394531,0.1700671762228012,NA,NA,NA,NA,NA
482,149.52581787109375,"""[40.248352]""","""[0.4800957]""",46.6712532043457,0.1698746681213379,NA,NA,NA,NA,NA
483,149.84548950195312,"""[40.236065]""","""[0.48040143]""",126.33219909667969,0.17019543051719666,NA,NA,NA,NA,NA
484,151.8251495361328,"""[40.17676]""","""[0.48065376]""",40.571250915527344,0.17258290946483612,NA,NA,NA,NA,NA
485,153.6935272216797,"""[40.119392]""","""[0.48089746]""",105.94537353515625,0.17486199736595154,NA,NA,NA,NA,NA
486,154.0732879638672,"""[40.113598]""","""[0.4813869]""",40.6529655456543,0.17495177686214447,NA,NA,NA,NA,NA
487,154.30384826660156,"""[40.110332]""","""[0.48182923]""",71.14736938476562,0.17492645978927612,NA,NA,NA,NA,NA
488,155.3390350341797,"""[40.077755]""","""[0.48210448]""",57.87206268310547,0.1761360764503479,NA,NA,NA,NA,NA
489,156.81842041015625,"""[40.02449]""","""[0.48218566]""",43.813758850097656,0.17818470299243927,NA,NA,NA,NA,NA
490,157.8883056640625,"""[39.983917]""","""[0.48229963]""",48.32622528076172,0.1796858012676239,NA,NA,NA,NA,NA
491,158.38900756835938,"""[39.959686]""","""[0.48241872]""",76.35513305664062,0.18048729002475739,NA,NA,NA,NA,NA
492,157.98602294921875,"""[39.97234]""","""[0.4827941]""",40.34321975708008,0.17978250980377197,NA,NA,NA,NA,NA
493,157.56500244140625,"""[39.98463]""","""[0.4831431]""",117.13204956054688,0.1790904551744461,NA,NA,NA,NA,NA
494,158.35191345214844,"""[39.94913]""","""[0.48317942]""",56.22404861450195,0.18036305904388428,NA,NA,NA,NA,NA
495,159.6377410888672,"""[39.894447]""","""[0.4831004]""",149.33824157714844,0.18241636455059052,NA,NA,NA,NA,NA
496,162.2549591064453,"""[39.786343]""","""[0.4827037]""",41.9858283996582,0.1866077035665512,NA,NA,NA,NA,NA
497,164.39852905273438,"""[39.694828]""","""[0.48241985]""",43.43231201171875,0.19007612764835358,NA,NA,NA,NA,NA
498,166.0095672607422,"""[39.62035]""","""[0.4821884]""",44.766212463378906,0.1928190439939499,NA,NA,NA,NA,NA
499,167.8213653564453,"""[39.53865]""","""[0.48195267]""",46.09235382080078,0.1958315521478653,NA,NA,NA,NA,NA
500,169.15234375,"""[39.47836]""","""[0.48188367]""",59.68933868408203,0.1979939490556717,NA,NA,NA,NA,NA
501,171.18032836914062,"""[39.392517]""","""[0.48174548]""",74.95822143554688,0.20115619897842407,NA,NA,NA,NA,NA
502,172.01095581054688,"""[39.352524]""","""[0.48180455]""",133.47073364257812,0.20250743627548218,NA,NA,NA,NA,NA
503,174.45303344726562,"""[39.248585]""","""[0.48159197]""",206.18629455566406,0.20633858442306519,NA,NA,NA,NA,NA
504,174.39923095703125,"""[39.24171]""","""[0.48174542]""",60.69252014160156,0.20638719201087952,NA,NA,NA,NA,NA
505,175.00067138671875,"""[39.202263]""","""[0.48163608]""",47.20085144042969,0.20767030119895935,NA,NA,NA,NA,NA
506,175.02059936523438,"""[39.18721]""","""[0.4816394]""",49.52755355834961,0.20801864564418793,NA,NA,NA,NA,NA
507,174.50515747070312,"""[39.191658]""","""[0.4816754]""",225.25772094726562,0.20761112868785858,NA,NA,NA,NA,NA
508,171.06326293945312,"""[39.301186]""","""[0.4819194]""",408.5861511230469,0.20308732986450195,NA,NA,NA,NA,NA
509,164.44216918945312,"""[39.531647]""","""[0.48277122]""",189.61488342285156,0.19374491274356842,NA,NA,NA,NA,NA
510,156.80657958984375,"""[39.79843]""","""[0.48415798]""",41.503414154052734,0.1827104687690735,NA,NA,NA,NA,NA
511,149.95379638671875,"""[40.025887]""","""[0.48560092]""",71.32307434082031,0.17293624579906464,NA,NA,NA,NA,NA
512,144.9055938720703,"""[40.18704]""","""[0.48694944]""",358.9500732421875,0.16570185124874115,NA,NA,NA,NA,NA
513,143.91485595703125,"""[40.237534]""","""[0.48832697]""",126.43727111816406,0.1632513403892517,NA,NA,NA,NA,NA
514,144.62962341308594,"""[40.237255]""","""[0.48947972]""",68.40457153320312,0.16305133700370789,NA,NA,NA,NA,NA
515,144.33438110351562,"""[40.260258]""","""[0.49051496]""",81.9759292602539,0.16181150078773499,NA,NA,NA,NA,NA
516,142.8632049560547,"""[40.310966]""","""[0.49147117]""",58.43543243408203,0.15930946171283722,NA,NA,NA,NA,NA
517,142.24667358398438,"""[40.336285]""","""[0.49230337]""",48.64653778076172,0.15794198215007782,NA,NA,NA,NA,NA
518,142.17636108398438,"""[40.345127]""","""[0.49302778]""",87.50495910644531,0.15732403099536896,NA,NA,NA,NA,NA
519,143.37185668945312,"""[40.32522]""","""[0.49382353]""",67.05340576171875,0.15804800391197205,NA,NA,NA,NA,NA
520,145.53579711914062,"""[40.284298]""","""[0.4947033]""",69.4354019165039,0.159755140542984,NA,NA,NA,NA,NA
521,148.41920471191406,"""[40.220383]""","""[0.49545038]""",44.60694885253906,0.16247335076332092,NA,NA,NA,NA,NA
522,150.60525512695312,"""[40.17095]""","""[0.496114]""",45.63580322265625,0.16450819373130798,NA,NA,NA,NA,NA
523,152.1517333984375,"""[40.136993]""","""[0.49674147]""",86.17422485351562,0.16584312915802002,NA,NA,NA,NA,NA
524,152.3206329345703,"""[40.141502]""","""[0.497434]""",295.21331787109375,0.16548185050487518,NA,NA,NA,NA,NA
525,155.52394104003906,"""[40.059174]""","""[0.4979233]""",43.36056137084961,0.16894052922725677,NA,NA,NA,NA,NA
526,158.01548767089844,"""[39.990288]""","""[0.49829704]""",50.00663757324219,0.17174997925758362,NA,NA,NA,NA,NA
527,159.61666870117188,"""[39.942184]""","""[0.49859542]""",177.2623291015625,0.1736205518245697,NA,NA,NA,NA,NA
528,163.363525390625,"""[39.847626]""","""[0.49924305]""",67.72787475585938,0.1775568723678589,NA,NA,NA,NA,NA
529,165.76422119140625,"""[39.79046]""","""[0.49992016]""",56.477500915527344,0.17986714839935303,NA,NA,NA,NA,NA
530,168.8411102294922,"""[39.710438]""","""[0.5005147]""",121.28671264648438,0.1831238567829132,NA,NA,NA,NA,NA
531,169.60409545898438,"""[39.689342]""","""[0.500952]""",271.2265930175781,0.18382741510868073,NA,NA,NA,NA,NA
532,172.59585571289062,"""[39.580345]""","""[0.5007975]""",62.526031494140625,0.18809658288955688,NA,NA,NA,NA,NA
533,174.42405700683594,"""[39.505424]""","""[0.5006835]""",40.74091339111328,0.19090698659420013,NA,NA,NA,NA,NA
534,176.29833984375,"""[39.430054]""","""[0.50060767]""",91.41178894042969,0.19372783601284027,NA,NA,NA,NA,NA
535,176.5840301513672,"""[39.40014]""","""[0.50048244]""",165.16329956054688,0.19464872777462006,NA,NA,NA,NA,NA
536,174.6671142578125,"""[39.43769]""","""[0.50037646]""",99.07847595214844,0.19279798865318298,NA,NA,NA,NA,NA
537,171.11888122558594,"""[39.51453]""","""[0.50001556]""",141.09307861328125,0.189274400472641,NA,NA,NA,NA,NA
538,166.38043212890625,"""[39.63991]""","""[0.50005513]""",124.78189086914062,0.1837872564792633,NA,NA,NA,NA,NA
539,160.34896850585938,"""[39.79914]""","""[0.50012904]""",307.6659851074219,0.1767989695072174,NA,NA,NA,NA,NA
540,152.14413452148438,"""[40.01821]""","""[0.50051624]""",63.55016326904297,0.16708891093730927,NA,NA,NA,NA,NA
541,145.9616241455078,"""[40.176163]""","""[0.50104386]""",158.32040405273438,0.15980929136276245,NA,NA,NA,NA,NA
542,142.67373657226562,"""[40.26016]""","""[0.5017697]""",364.761962890625,0.15572597086429596,NA,NA,NA,NA,NA
543,143.2019500732422,"""[40.249912]""","""[0.50253487]""",92.25848388671875,0.15591497719287872,NA,NA,NA,NA,NA
544,145.08773803710938,"""[40.209713]""","""[0.5034252]""",68.29822540283203,0.15748310089111328,NA,NA,NA,NA,NA
545,145.96670532226562,"""[40.20138]""","""[0.5045126]""",53.79999542236328,0.15764561295509338,NA,NA,NA,NA,NA
546,147.6060028076172,"""[40.17714]""","""[0.5056874]""",40.43742370605469,0.15855173766613007,NA,NA,NA,NA,NA
547,149.12478637695312,"""[40.153996]""","""[0.5067652]""",44.74889373779297,0.15941469371318817,NA,NA,NA,NA,NA
548,150.80433654785156,"""[40.123142]""","""[0.50769806]""",41.18349075317383,0.1606186479330063,NA,NA,NA,NA,NA
549,152.51942443847656,"""[40.090332]""","""[0.5085802]""",48.405029296875,0.1619124859571457,NA,NA,NA,NA,NA
550,153.4709014892578,"""[40.07506]""","""[0.50937253]""",121.51431274414062,0.16242216527462006,NA,NA,NA,NA,NA
551,152.23916625976562,"""[40.103424]""","""[0.50974065]""",46.376731872558594,0.16093552112579346,NA,NA,NA,NA,NA
552,151.6517333984375,"""[40.1149]""","""[0.5100734]""",46.256591796875,0.1602098047733307,NA,NA,NA,NA,NA
553,150.80882263183594,"""[40.13612]""","""[0.5105026]""",41.88490295410156,0.15906499326229095,NA,NA,NA,NA,NA
554,149.8699188232422,"""[40.159653]""","""[0.51092106]""",49.837608337402344,0.15781772136688232,NA,NA,NA,NA,NA
555,149.63934326171875,"""[40.166042]""","""[0.5113531]""",40.56573486328125,0.15735164284706116,NA,NA,NA,NA,NA
556,149.52406311035156,"""[40.169197]""","""[0.5117625]""",40.664703369140625,0.15703491866588593,NA,NA,NA,NA,NA
557,149.5421600341797,"""[40.16893]""","""[0.5121579]""",55.49443435668945,0.15687817335128784,NA,NA,NA,NA,NA
558,150.45042419433594,"""[40.150593]""","""[0.51269215]""",65.02168273925781,0.1575598120689392,NA,NA,NA,NA,NA
559,152.27391052246094,"""[40.105785]""","""[0.5131103]""",40.41518020629883,0.15942196547985077,NA,NA,NA,NA,NA
560,154.00119018554688,"""[40.062527]""","""[0.51350987]""",44.02587127685547,0.16120196878910065,NA,NA,NA,NA,NA
561,155.1541748046875,"""[40.03338]""","""[0.5138925]""",99.52095794677734,0.16234396398067474,NA,NA,NA,NA,NA
562,157.78660583496094,"""[39.959473]""","""[0.5140779]""",264.8521728515625,0.1654340624809265,NA,NA,NA,NA,NA
563,163.19601440429688,"""[39.80985]""","""[0.5143099]""",160.89688110351562,0.1717701107263565,NA,NA,NA,NA,NA
564,165.9912567138672,"""[39.730675]""","""[0.514631]""",40.50013732910156,0.1749899536371231,NA,NA,NA,NA,NA
565,168.7017364501953,"""[39.65214]""","""[0.5149374]""",85.72198486328125,0.1781526356935501,NA,NA,NA,NA,NA
566,172.6317138671875,"""[39.538433]""","""[0.515257]""",63.134925842285156,0.18277765810489655,NA,NA,NA,NA,NA
567,175.44497680664062,"""[39.460503]""","""[0.51573455]""",48.24656677246094,0.18588759005069733,NA,NA,NA,NA,NA
568,177.421875,"""[39.405006]""","""[0.5161798]""",41.885746002197266,0.1880408674478531,NA,NA,NA,NA,NA
569,178.97622680664062,"""[39.362232]""","""[0.51663965]""",40.70813751220703,0.18966428935527802,NA,NA,NA,NA,NA
570,180.60569763183594,"""[39.314503]""","""[0.5170233]""",62.101837158203125,0.19147881865501404,NA,NA,NA,NA,NA
571,180.91656494140625,"""[39.303864]""","""[0.51733404]""",168.66200256347656,0.19174757599830627,NA,NA,NA,NA,NA
572,179.35052490234375,"""[39.363106]""","""[0.5180557]""",180.2518310546875,0.18919432163238525,NA,NA,NA,NA,NA
573,175.6522674560547,"""[39.495777]""","""[0.51916426]""",80.17146301269531,0.18360167741775513,NA,NA,NA,NA,NA
574,171.06143188476562,"""[39.64259]""","""[0.5200798]""",44.67170333862305,0.1772802174091339,NA,NA,NA,NA,NA
575,167.4079132080078,"""[39.75767]""","""[0.520963]""",212.3988494873047,0.17221423983573914,NA,NA,NA,NA,NA
576,166.51536560058594,"""[39.781357]""","""[0.5213768]""",72.22509765625,0.17099760472774506,NA,NA,NA,NA,NA
577,166.64404296875,"""[39.772396]""","""[0.52160716]""",111.43736267089844,0.17117942869663239,NA,NA,NA,NA,NA
578,165.23561096191406,"""[39.805065]""","""[0.5218409]""",101.59623718261719,0.16956108808517456,NA,NA,NA,NA,NA
579,162.2370147705078,"""[39.878666]""","""[0.52202165]""",42.88857650756836,0.16614654660224915,NA,NA,NA,NA,NA
580,159.92356872558594,"""[39.933044]""","""[0.5221972]""",68.24708557128906,0.16355544328689575,NA,NA,NA,NA,NA
581,156.63153076171875,"""[40.004856]""","""[0.5221237]""",57.13347625732422,0.1601477563381195,NA,NA,NA,NA,NA
582,152.9038543701172,"""[40.08791]""","""[0.522109]""",58.1361083984375,0.156212717294693,NA,NA,NA,NA,NA
583,150.5492706298828,"""[40.14365]""","""[0.5224181]""",45.4822883605957,0.15350228548049927,NA,NA,NA,NA,NA
584,148.0260772705078,"""[40.203888]""","""[0.52277714]""",40.56963348388672,0.15056686103343964,NA,NA,NA,NA,NA
585,145.85618591308594,"""[40.254265]""","""[0.5231208]""",90.36213684082031,0.14805868268013,NA,NA,NA,NA,NA
586,142.60952758789062,"""[40.3314]""","""[0.5235754]""",135.37966918945312,0.14427369832992554,NA,NA,NA,NA,NA
587,141.66883850097656,"""[40.34623]""","""[0.5236971]""",43.823551177978516,0.1433809995651245,NA,NA,NA,NA,NA
588,140.43479919433594,"""[40.366493]""","""[0.52374583]""",250.96502685546875,0.14223282039165497,NA,NA,NA,NA,NA
589,142.4089813232422,"""[40.31971]""","""[0.5241184]""",48.17877197265625,0.1442650854587555,NA,NA,NA,NA,NA
590,143.58985900878906,"""[40.287853]""","""[0.52434593]""",162.1735382080078,0.14557801187038422,NA,NA,NA,NA,NA
591,147.0703125,"""[40.20711]""","""[0.5248877]""",78.37193298339844,0.14914275705814362,NA,NA,NA,NA,NA
592,151.4240264892578,"""[40.10292]""","""[0.525455]""",40.3592643737793,0.15370823442935944,NA,NA,NA,NA,NA
593,155.40676879882812,"""[40.005142]""","""[0.5260278]""",217.7492218017578,0.15790869295597076,NA,NA,NA,NA,NA
594,156.47377014160156,"""[39.98903]""","""[0.526908]""",84.64608764648438,0.15847495198249817,NA,NA,NA,NA,NA
595,158.94349670410156,"""[39.94078]""","""[0.52792764]""",79.05522155761719,0.16048294305801392,NA,NA,NA,NA,NA
596,160.18043518066406,"""[39.92688]""","""[0.52902424]""",126.35538482666016,0.16098682582378387,NA,NA,NA,NA,NA
597,162.8212432861328,"""[39.855343]""","""[0.52933407]""",114.8004150390625,0.16395772993564606,NA,NA,NA,NA,NA
598,163.33270263671875,"""[39.838062]""","""[0.5295879]""",615.8873291015625,0.1645357310771942,NA,NA,NA,NA,NA
599,158.67408752441406,"""[39.94219]""","""[0.5293588]""",84.15626525878906,0.15972712635993958,NA,NA,NA,NA,NA
600,153.50486755371094,"""[40.06244]""","""[0.5293717]""",42.123878479003906,0.15415306389331818,NA,NA,NA,NA,NA
601,148.7041015625,"""[40.170494]""","""[0.52941805]""",201.03756713867188,0.14903835952281952,NA,NA,NA,NA,NA
602,146.884033203125,"""[40.213394]""","""[0.5298887]""",63.871089935302734,0.14686143398284912,NA,NA,NA,NA,NA
603,144.11569213867188,"""[40.27174]""","""[0.5300573]""",121.85894775390625,0.14394411444664001,NA,NA,NA,NA,NA
604,140.32147216796875,"""[40.357544]""","""[0.5304523]""",77.20242309570312,0.13970592617988586,NA,NA,NA,NA,NA
605,135.8155517578125,"""[40.456062]""","""[0.5308534]""",153.63613891601562,0.13475842773914337,NA,NA,NA,NA,NA
606,134.54176330566406,"""[40.502083]""","""[0.53231984]""",303.13336181640625,0.13229793310165405,NA,NA,NA,NA,NA
607,136.1413116455078,"""[40.480396]""","""[0.53346413]""",118.83450317382812,0.13317829370498657,NA,NA,NA,NA,NA
608,135.50645446777344,"""[40.489574]""","""[0.5337117]""",154.48904418945312,0.13253019750118256,NA,NA,NA,NA,NA
609,137.52142333984375,"""[40.45674]""","""[0.53473]""",43.4958381652832,0.133966863155365,NA,NA,NA,NA,NA
610,139.71507263183594,"""[40.41933]""","""[0.53571993]""",57.066566467285156,0.13562080264091492,NA,NA,NA,NA,NA
611,140.95114135742188,"""[40.403053]""","""[0.5366971]""",51.7496337890625,0.13624906539916992,NA,NA,NA,NA,NA
612,141.43878173828125,"""[40.403397]""","""[0.5376614]""",97.66567993164062,0.13607820868492126,NA,NA,NA,NA,NA
613,143.33096313476562,"""[40.371037]""","""[0.53853416]""",222.9119873046875,0.13749206066131592,NA,NA,NA,NA,NA
614,147.65536499023438,"""[40.284344]""","""[0.53949255]""",60.87788391113281,0.14147846400737762,NA,NA,NA,NA,NA
615,152.52328491210938,"""[40.180058]""","""[0.54036987]""",80.27494049072266,0.1462041288614273,NA,NA,NA,NA,NA
616,158.65130615234375,"""[40.05256]""","""[0.5416989]""",42.81854248046875,0.1519363522529602,NA,NA,NA,NA,NA
617,164.63629150390625,"""[39.920868]""","""[0.54289067]""",43.297080993652344,0.15774549543857574,NA,NA,NA,NA,NA
618,170.53689575195312,"""[39.785957]""","""[0.544038]""",46.58011245727539,0.16360242664813995,NA,NA,NA,NA,NA
619,175.34414672851562,"""[39.67322]""","""[0.54507416]""",125.12117004394531,0.16840064525604248,NA,NA,NA,NA,NA
620,181.5196075439453,"""[39.506348]""","""[0.5456377]""",102.94291687011719,0.175415500998497,NA,NA,NA,NA,NA
621,185.75758361816406,"""[39.404537]""","""[0.54672265]""",41.29398727416992,0.17963847517967224,NA,NA,NA,NA,NA
622,189.91847229003906,"""[39.30162]""","""[0.5477353]""",40.673580169677734,0.1838809996843338,NA,NA,NA,NA,NA
623,193.9387664794922,"""[39.198048]""","""[0.5486343]""",152.80311584472656,0.1881159394979477,NA,NA,NA,NA,NA
624,194.52157592773438,"""[39.18143]""","""[0.5491451]""",39.430084228515625,0.18861129879951477,NA,NA,NA,NA,NA
625,195.08367919921875,"""[39.16406]""","""[0.54959214]""",126.71710205078125,0.18913915753364563,NA,NA,NA,NA,NA
626,197.74449157714844,"""[39.07645]""","""[0.5497513]""",157.08901977539062,0.19256986677646637,NA,NA,NA,NA,NA
627,197.63600158691406,"""[39.070164]""","""[0.5499263]""",117.14097595214844,0.19259220361709595,NA,NA,NA,NA,NA
628,195.73744201660156,"""[39.12473]""","""[0.5503578]""",69.78649139404297,0.1901189237833023,NA,NA,NA,NA,NA
629,195.2276611328125,"""[39.127735]""","""[0.55043185]""",44.06907653808594,0.18975147604942322,NA,NA,NA,NA,NA
630,194.36566162109375,"""[39.144806]""","""[0.5506105]""",163.3829345703125,0.18882137537002563,NA,NA,NA,NA,NA
631,191.68673706054688,"""[39.242023]""","""[0.55169326]""",42.80768966674805,0.18466423451900482,NA,NA,NA,NA,NA
632,188.93185424804688,"""[39.33835]""","""[0.55273783]""",533.256591796875,0.18050029873847961,NA,NA,NA,NA,NA
633,182.4219970703125,"""[39.5668]""","""[0.5549307]""",174.96054077148438,0.1707216203212738,NA,NA,NA,NA,NA
634,179.42599487304688,"""[39.690125]""","""[0.55703527]""",117.914794921875,0.16532714664936066,NA,NA,NA,NA,NA
635,175.24244689941406,"""[39.845284]""","""[0.5593679]""",116.84680938720703,0.15842364728450775,NA,NA,NA,NA,NA
636,169.90631103515625,"""[40.021076]""","""[0.5617078]""",47.88462448120117,0.15037530660629272,NA,NA,NA,NA,NA
637,165.6916046142578,"""[40.154377]""","""[0.5637337]""",47.10981750488281,0.14405298233032227,NA,NA,NA,NA,NA
638,162.40582275390625,"""[40.2553]""","""[0.5654991]""",195.6356658935547,0.13910308480262756,NA,NA,NA,NA,NA
639,162.4836883544922,"""[40.286922]""","""[0.5675261]""",40.47795486450195,0.13751232624053955,NA,NA,NA,NA,NA
640,162.5774688720703,"""[40.3143]""","""[0.56936353]""",192.34207153320312,0.13611336052417755,NA,NA,NA,NA,NA
641,165.3773651123047,"""[40.289856]""","""[0.57139814]""",81.59007263183594,0.13733263313770294,NA,NA,NA,NA,NA
642,169.3800048828125,"""[40.236942]""","""[0.5732944]""",52.88315200805664,0.1399560123682022,NA,NA,NA,NA,NA
643,172.26539611816406,"""[40.199814]""","""[0.57484007]""",67.22710418701172,0.14175482094287872,NA,NA,NA,NA,NA
644,175.80372619628906,"""[40.14498]""","""[0.57625383]""",49.3321533203125,0.14439454674720764,NA,NA,NA,NA,NA
645,178.38629150390625,"""[40.109154]""","""[0.5775785]""",99.37458801269531,0.1460980474948883,NA,NA,NA,NA,NA
646,178.88316345214844,"""[40.116722]""","""[0.57873344]""",56.725582122802734,0.145690456032753,NA,NA,NA,NA,NA
647,178.48416137695312,"""[40.141006]""","""[0.5797486]""",117.11543273925781,0.144453763961792,NA,NA,NA,NA,NA
648,180.18612670898438,"""[40.125282]""","""[0.58100164]""",44.01512908935547,0.1452166736125946,NA,NA,NA,NA,NA
649,181.40748596191406,"""[40.12071]""","""[0.58224916]""",47.80812072753906,0.14544948935508728,NA,NA,NA,NA,NA
650,181.7608642578125,"""[40.127556]""","""[0.5832003]""",138.9564666748047,0.14507128298282623,NA,NA,NA,NA,NA
651,179.89923095703125,"""[40.172474]""","""[0.5837514]""",177.42205810546875,0.1427491456270218,NA,NA,NA,NA,NA
652,176.1881866455078,"""[40.270924]""","""[0.58482903]""",42.01921081542969,0.13786080479621887,NA,NA,NA,NA,NA
653,172.60548400878906,"""[40.360027]""","""[0.58579254]""",66.94499206542969,0.13331389427185059,NA,NA,NA,NA,NA
654,170.89053344726562,"""[40.418125]""","""[0.58713746]""",162.8446502685547,0.13035643100738525,NA,NA,NA,NA,NA
655,166.69357299804688,"""[40.513638]""","""[0.58813286]""",42.82579040527344,0.1252879500389099,NA,NA,NA,NA,NA
656,162.66392517089844,"""[40.598717]""","""[0.58900744]""",204.89776611328125,0.12061064690351486,NA,NA,NA,NA,NA
657,161.93344116210938,"""[40.63143]""","""[0.5903428]""",48.58251190185547,0.11880595982074738,NA,NA,NA,NA,NA
658,161.96087646484375,"""[40.65076]""","""[0.5916919]""",52.38361358642578,0.11773872375488281,NA,NA,NA,NA,NA
659,162.87445068359375,"""[40.656242]""","""[0.5931085]""",59.223548889160156,0.117467500269413,NA,NA,NA,NA,NA
660,162.9258270263672,"""[40.67407]""","""[0.5943872]""",52.9010009765625,0.11648264527320862,NA,NA,NA,NA,NA
661,162.16773986816406,"""[40.701683]""","""[0.59547794]""",87.30589294433594,0.11489814519882202,NA,NA,NA,NA,NA
662,163.15567016601562,"""[40.701458]""","""[0.59668565]""",358.4971923828125,0.11492002755403519,NA,NA,NA,NA,NA
663,168.0297088623047,"""[40.6416]""","""[0.59828806]""",210.30921936035156,0.11839403957128525,NA,NA,NA,NA,NA
664,175.48158264160156,"""[40.54809]""","""[0.6004875]""",59.62152099609375,0.1238025352358818,NA,NA,NA,NA,NA
665,181.52447509765625,"""[40.4753]""","""[0.6025676]""",43.60502243041992,0.1279713213443756,NA,NA,NA,NA,NA
666,187.61244201660156,"""[40.40096]""","""[0.604666]""",43.11650085449219,0.13218899071216583,NA,NA,NA,NA,NA
667,192.89117431640625,"""[40.33712]""","""[0.60660636]""",55.42420959472656,0.13578148186206818,NA,NA,NA,NA,NA
668,196.91285705566406,"""[40.295723]""","""[0.60845584]""",69.78488159179688,0.13817578554153442,NA,NA,NA,NA,NA
669,199.3213653564453,"""[40.28142]""","""[0.6100972]""",40.48039627075195,0.13911423087120056,NA,NA,NA,NA,NA
670,201.53794860839844,"""[40.26671]""","""[0.6115743]""",152.4908447265625,0.1400374472141266,NA,NA,NA,NA,NA
671,201.13868713378906,"""[40.303654]""","""[0.61298555]""",48.337284088134766,0.13827218115329742,NA,NA,NA,NA,NA
672,200.11106872558594,"""[40.348927]""","""[0.61426836]""",48.63033676147461,0.13601507246494293,NA,NA,NA,NA,NA
673,199.91445922851562,"""[40.375095]""","""[0.6154634]""",56.33138656616211,0.1347280889749527,NA,NA,NA,NA,NA
674,199.0111541748047,"""[40.41713]""","""[0.6167311]""",122.38066864013672,0.13261732459068298,NA,NA,NA,NA,NA
675,196.29771423339844,"""[40.49492]""","""[0.6180894]""",119.07169342041016,0.1285705417394638,NA,NA,NA,NA,NA
676,192.3501739501953,"""[40.6067]""","""[0.61994845]""",144.0493927001953,0.12271057814359665,NA,NA,NA,NA,NA
677,186.24652099609375,"""[40.735065]""","""[0.6213691]""",41.01922607421875,0.11546394228935242,NA,NA,NA,NA,NA
678,180.84605407714844,"""[40.841812]""","""[0.6227511]""",82.74081420898438,0.10914574563503265,NA,NA,NA,NA,NA
679,177.60113525390625,"""[40.91038]""","""[0.62416]""",156.69677734375,0.10495775938034058,NA,NA,NA,NA,NA
680,176.83470153808594,"""[40.935505]""","""[0.6253539]""",77.40757751464844,0.10337567329406738,NA,NA,NA,NA,NA
681,177.5494384765625,"""[40.940735]""","""[0.6265914]""",41.20564651489258,0.10310233384370804,NA,NA,NA,NA,NA
682,178.27294921875,"""[40.94431]""","""[0.62774044]""",197.29039001464844,0.1029195562005043,NA,NA,NA,NA,NA
683,181.57142639160156,"""[40.9138]""","""[0.6289989]""",230.90480041503906,0.10499309748411179,NA,NA,NA,NA,NA
684,187.00146484375,"""[40.83953]""","""[0.6298685]""",144.15597534179688,0.10958930104970932,NA,NA,NA,NA,NA
685,194.9315643310547,"""[40.74255]""","""[0.6315202]""",256.0339660644531,0.11570965498685837,NA,NA,NA,NA,NA
686,205.6677703857422,"""[40.60161]""","""[0.63349545]""",282.8018798828125,0.12428600341081619,NA,NA,NA,NA,NA
687,218.37359619140625,"""[40.390064]""","""[0.63481563]""",45.355098724365234,0.13608737289905548,NA,NA,NA,NA,NA
688,230.9986572265625,"""[40.16757]""","""[0.63633484]""",191.0373077392578,0.14802630245685577,NA,NA,NA,NA,NA
689,244.82159423828125,"""[39.88943]""","""[0.6375444]""",41.168190002441406,0.16221605241298676,NA,NA,NA,NA,NA
690,258.011962890625,"""[39.609005]""","""[0.638897]""",55.404598236083984,0.17609676718711853,NA,NA,NA,NA,NA
691,269.3450012207031,"""[39.362797]""","""[0.64042664]""",40.761749267578125,0.18805328011512756,NA,NA,NA,NA,NA
692,279.9874267578125,"""[39.11985]""","""[0.6419022]""",92.83462524414062,0.19962480664253235,NA,NA,NA,NA,NA
693,288.37921142578125,"""[38.938972]""","""[0.64365745]""",88.5125961303711,0.20827613770961761,NA,NA,NA,NA,NA
694,295.0763244628906,"""[38.822178]""","""[0.6458717]""",67.41890716552734,0.21415948867797852,NA,NA,NA,NA,NA
695,299.9589538574219,"""[38.75533]""","""[0.648097]""",193.27914428710938,0.21774618327617645,NA,NA,NA,NA,NA
696,301.419677734375,"""[38.785507]""","""[0.6504357]""",446.986083984375,0.21686787903308868,NA,NA,NA,NA,NA
697,300.82464599609375,"""[38.9758]""","""[0.65482914]""",550.1495361328125,0.20967333018779755,NA,NA,NA,NA,NA
698,294.442138671875,"""[39.288002]""","""[0.6589996]""",40.85569381713867,0.19615663588047028,NA,NA,NA,NA,NA
699,288.5639343261719,"""[39.559727]""","""[0.6629093]""",94.69406127929688,0.18406648933887482,NA,NA,NA,NA,NA
700,281.9643859863281,"""[39.83605]""","""[0.6669052]""",88.1715087890625,0.17137457430362701,NA,NA,NA,NA,NA
701,275.1119384765625,"""[40.10412]""","""[0.6709874]""",54.99320983886719,0.15866996347904205,NA,NA,NA,NA,NA
702,270.05389404296875,"""[40.310833]""","""[0.6747789]""",43.015384674072266,0.14866629242897034,NA,NA,NA,NA,NA
703,265.2779541015625,"""[40.491974]""","""[0.6783129]""",49.0718994140625,0.1395908147096634,NA,NA,NA,NA,NA
704,261.8062744140625,"""[40.631207]""","""[0.6815321]""",57.375274658203125,0.1324741393327713,NA,NA,NA,NA,NA
705,257.83184814453125,"""[40.7644]""","""[0.6845136]""",75.42390441894531,0.12534886598587036,NA,NA,NA,NA,NA
706,252.58636474609375,"""[40.89428]""","""[0.6870568]""",59.22039794921875,0.11786089837551117,NA,NA,NA,NA,NA
707,248.93504333496094,"""[40.989616]""","""[0.6894272]""",44.9561767578125,0.11223854869604111,NA,NA,NA,NA,NA
708,245.1504364013672,"""[41.074554]""","""[0.6915363]""",195.53529357910156,0.10696074366569519,NA,NA,NA,NA,NA
709,245.24874877929688,"""[41.123196]""","""[0.69407606]""",45.109317779541016,0.1044415831565857,NA,NA,NA,NA,NA
710,245.72540283203125,"""[41.16051]""","""[0.6963777]""",44.62851333618164,0.10255804657936096,NA,NA,NA,NA,NA
711,245.84872436523438,"""[41.198963]""","""[0.6985363]""",212.5819854736328,0.100515216588974,NA,NA,NA,NA,NA
712,248.37596130371094,"""[41.18933]""","""[0.70009315]""",43.251155853271484,0.10148176550865173,NA,NA,NA,NA,NA
713,250.21827697753906,"""[41.183002]""","""[0.70145017]""",57.26573944091797,0.10209938883781433,NA,NA,NA,NA,NA
714,250.12570190429688,"""[41.18372]""","""[0.7022767]""",220.5403594970703,0.1018173098564148,NA,NA,NA,NA,NA
715,255.30245971679688,"""[41.16155]""","""[0.704262]""",332.165771484375,0.10419730842113495,NA,NA,NA,NA,NA
716,255.15643310546875,"""[41.18484]""","""[0.70563793]""",66.29014587402344,0.10285118967294693,NA,NA,NA,NA,NA
717,256.2456970214844,"""[41.189]""","""[0.7068625]""",307.92059326171875,0.1027824655175209,NA,NA,NA,NA,NA
718,263.136962890625,"""[41.16115]""","""[0.7091344]""",290.879638671875,0.10595404356718063,NA,NA,NA,NA,NA
719,271.3034362792969,"""[41.06764]""","""[0.71009547]""",186.02720642089844,0.11249900609254837,NA,NA,NA,NA,NA
720,274.1936340332031,"""[41.005753]""","""[0.71019566]""",61.05115509033203,0.11595497280359268,NA,NA,NA,NA,NA
721,278.057373046875,"""[40.935493]""","""[0.7104465]""",178.14535522460938,0.12004464864730835,NA,NA,NA,NA,NA
722,283.8045959472656,"""[40.824444]""","""[0.71039426]""",43.724613189697266,0.12643085420131683,NA,NA,NA,NA,NA
723,289.56011962890625,"""[40.712677]""","""[0.7104515]""",181.01239013671875,0.1327611207962036,NA,NA,NA,NA,NA
724,296.47882080078125,"""[40.555046]""","""[0.70996106]""",80.02041625976562,0.14129339158535004,NA,NA,NA,NA,NA
725,303.9772644042969,"""[40.370697]""","""[0.70928556]""",116.75696563720703,0.15096572041511536,NA,NA,NA,NA,NA
726,309.31756591796875,"""[40.240604]""","""[0.7092225]""",41.38861846923828,0.15765172243118286,NA,NA,NA,NA,NA
727,314.3521423339844,"""[40.112804]""","""[0.70916593]""",58.592124938964844,0.16410206258296967,NA,NA,NA,NA,NA
728,318.3709716796875,"""[40.02272]""","""[0.7095835]""",45.96329116821289,0.1686996966600418,NA,NA,NA,NA,NA
729,321.466064453125,"""[39.95192]""","""[0.7100616]""",421.4993896484375,0.17224019765853882,NA,NA,NA,NA,NA
730,320.2383728027344,"""[39.98442]""","""[0.7111418]""",195.03294372558594,0.17038100957870483,NA,NA,NA,NA,NA
731,321.3095397949219,"""[39.951878]""","""[0.7116011]""",137.96701049804688,0.17181473970413208,NA,NA,NA,NA,NA
732,321.67425537109375,"""[39.97181]""","""[0.71293104]""",40.92156219482422,0.17096048593521118,NA,NA,NA,NA,NA
733,322.09197998046875,"""[39.983143]""","""[0.7140552]""",41.11310958862305,0.17047132551670074,NA,NA,NA,NA,NA
734,322.1893310546875,"""[39.997917]""","""[0.71509755]""",45.73735809326172,0.16975373029708862,NA,NA,NA,NA,NA
735,321.69476318359375,"""[40.020496]""","""[0.71606165]""",100.57431030273438,0.16854844987392426,NA,NA,NA,NA,NA
736,319.3031005859375,"""[40.075836]""","""[0.7170125]""",80.89322662353516,0.16545246541500092,NA,NA,NA,NA,NA
737,317.7962646484375,"""[40.085236]""","""[0.7172485]""",58.95161437988281,0.16446734964847565,NA,NA,NA,NA,NA
738,317.1430358886719,"""[40.074112]""","""[0.7173172]""",109.4913558959961,0.16457508504390717,NA,NA,NA,NA,NA
739,318.0379638671875,"""[40.016384]""","""[0.71690726]""",62.45182418823242,0.16702371835708618,NA,NA,NA,NA,NA
740,317.966552734375,"""[39.985203]""","""[0.71670914]""",55.97745132446289,0.1681099385023117,NA,NA,NA,NA,NA
741,318.43450927734375,"""[39.934074]""","""[0.7162404]""",82.84724426269531,0.1701495498418808,NA,NA,NA,NA,NA
742,317.7061767578125,"""[39.924877]""","""[0.7162438]""",53.05682373046875,0.1701667457818985,NA,NA,NA,NA,NA
743,317.34942626953125,"""[39.89374]""","""[0.7158697]""",57.098567962646484,0.1711674928665161,NA,NA,NA,NA,NA
744,316.47039794921875,"""[39.886894]""","""[0.71583444]""",42.078670501708984,0.17105132341384888,NA,NA,NA,NA,NA
745,315.5845031738281,"""[39.887653]""","""[0.7159616]""",51.652610778808594,0.17063680291175842,NA,NA,NA,NA,NA
746,313.9121398925781,"""[39.902893]""","""[0.7160932]""",57.32227325439453,0.16941604018211365,NA,NA,NA,NA,NA
747,311.7842712402344,"""[39.93942]""","""[0.7165342]""",312.7613220214844,0.16721723973751068,NA,NA,NA,NA,NA
748,304.4696044921875,"""[40.04217]""","""[0.7164023]""",75.94068145751953,0.16081619262695312,NA,NA,NA,NA,NA
749,298.0254821777344,"""[40.090824]""","""[0.7153131]""",124.14955139160156,0.15683265030384064,NA,NA,NA,NA,NA
750,295.38720703125,"""[40.102676]""","""[0.7149247]""",124.18449401855469,0.1554555743932724,NA,NA,NA,NA,NA
751,292.6183166503906,"""[40.16836]""","""[0.7158982]""",276.64678955078125,0.1518668234348297,NA,NA,NA,NA,NA
752,288.3463134765625,"""[40.293503]""","""[0.7179129]""",41.75043869018555,0.1453848034143448,NA,NA,NA,NA,NA
753,284.7616882324219,"""[40.396233]""","""[0.71973276]""",49.13120651245117,0.1399608850479126,NA,NA,NA,NA,NA
754,282.1939392089844,"""[40.473015]""","""[0.72134835]""",264.4503479003906,0.1358695924282074,NA,NA,NA,NA,NA
755,277.28851318359375,"""[40.60286]""","""[0.72357637]""",56.14522933959961,0.12880106270313263,NA,NA,NA,NA,NA
756,271.8315734863281,"""[40.726254]""","""[0.72556615]""",132.2221221923828,0.12174012511968613,NA,NA,NA,NA,NA
757,265.1351623535156,"""[40.862915]""","""[0.7276711]""",41.429168701171875,0.11360201984643936,NA,NA,NA,NA,NA
758,259.3564147949219,"""[40.97405]""","""[0.729621]""",44.6144905090332,0.10671474784612656,NA,NA,NA,NA,NA
759,255.01443481445312,"""[41.06313]""","""[0.7316392]""",233.4225616455078,0.1011311411857605,NA,NA,NA,NA,NA
760,254.46072387695312,"""[41.110172]""","""[0.73388684]""",43.077816009521484,0.09856036305427551,NA,NA,NA,NA,NA
761,254.34324645996094,"""[41.148006]""","""[0.73597646]""",50.23911666870117,0.09653875231742859,NA,NA,NA,NA,NA
762,255.29452514648438,"""[41.174904]""","""[0.73808295]""",72.23734283447266,0.09534962475299835,NA,NA,NA,NA,NA
763,257.569091796875,"""[41.18869]""","""[0.74021286]""",67.63218688964844,0.09519056230783463,NA,NA,NA,NA,NA
764,260.7982482910156,"""[41.188923]""","""[0.7421912]""",604.6758422851562,0.09597805887460709,NA,NA,NA,NA,NA
765,273.4724426269531,"""[41.15323]""","""[0.74656886]""",193.33627319335938,0.10128530859947205,NA,NA,NA,NA,NA
766,287.11968994140625,"""[41.08507]""","""[0.7502795]""",72.49398803710938,0.10838301479816437,NA,NA,NA,NA,NA
767,296.9891662597656,"""[41.026096]""","""[0.752928]""",85.34648895263672,0.1138772964477539,NA,NA,NA,NA,NA
768,308.86541748046875,"""[40.953953]""","""[0.7559496]""",72.4489517211914,0.12053755670785904,NA,NA,NA,NA,NA
769,318.5827331542969,"""[40.907837]""","""[0.7589091]""",65.91789245605469,0.1253560185432434,NA,NA,NA,NA,NA
770,328.46038818359375,"""[40.845463]""","""[0.7614791]""",40.952144622802734,0.13094212114810944,NA,NA,NA,NA,NA
771,337.3035583496094,"""[40.786133]""","""[0.7637729]""",107.9947280883789,0.13607138395309448,NA,NA,NA,NA,NA
772,347.78338623046875,"""[40.69631]""","""[0.7658909]""",55.931861877441406,0.1430172473192215,NA,NA,NA,NA,NA
773,357.11407470703125,"""[40.630592]""","""[0.76821494]""",64.29295349121094,0.14855366945266724,NA,NA,NA,NA,NA
774,364.7564697265625,"""[40.590733]""","""[0.7705478]""",44.41847229003906,0.15245769917964935,NA,NA,NA,NA,NA
775,371.0768737792969,"""[40.560997]""","""[0.77263975]""",196.62551879882812,0.15552730858325958,NA,NA,NA,NA,NA
776,375.7120361328125,"""[40.602127]""","""[0.7756595]""",74.14509582519531,0.15504246950149536,NA,NA,NA,NA,NA
777,380.9659729003906,"""[40.608997]""","""[0.77806634]""",153.8053741455078,0.15622442960739136,NA,NA,NA,NA,NA
778,384.30548095703125,"""[40.66015]""","""[0.7807891]""",54.94293975830078,0.15490493178367615,NA,NA,NA,NA,NA
779,387.8101501464844,"""[40.684185]""","""[0.7829456]""",326.5527648925781,0.15481692552566528,NA,NA,NA,NA,NA
780,390.0503845214844,"""[40.776646]""","""[0.7861603]""",63.653533935546875,0.15132158994674683,NA,NA,NA,NA,NA
781,393.5461730957031,"""[40.841324]""","""[0.78910524]""",41.57499313354492,0.14941741526126862,NA,NA,NA,NA,NA
782,396.294677734375,"""[40.90038]""","""[0.7916881]""",49.963043212890625,0.1475127786397934,NA,NA,NA,NA,NA
783,399.166259765625,"""[40.939144]""","""[0.79384214]""",141.3945770263672,0.14654532074928284,NA,NA,NA,NA,NA
784,400.635986328125,"""[41.02073]""","""[0.7964692]""",188.56719970703125,0.1432148814201355,NA,NA,NA,NA,NA
785,404.66082763671875,"""[41.05309]""","""[0.79866916]""",99.56310272216797,0.1429060399532318,NA,NA,NA,NA,NA
786,409.8365173339844,"""[41.048546]""","""[0.80037344]""",41.08880615234375,0.14463526010513306,NA,NA,NA,NA,NA
787,414.3123474121094,"""[41.042393]""","""[0.80184746]""",54.95639419555664,0.1462223380804062,NA,NA,NA,NA,NA
788,417.6792297363281,"""[41.050186]""","""[0.8033081]""",148.45184326171875,0.14682722091674805,NA,NA,NA,NA,NA
789,422.7774963378906,"""[41.01468]""","""[0.80432385]""",54.975791931152344,0.14995671808719635,NA,NA,NA,NA,NA
790,426.3898010253906,"""[40.99718]""","""[0.805322]""",85.85466003417969,0.15180286765098572,NA,NA,NA,NA,NA
791,430.0282287597656,"""[40.94473]""","""[0.805678]""",116.36140441894531,0.15522688627243042,NA,NA,NA,NA,NA
792,432.9062194824219,"""[40.938236]""","""[0.8067201]""",60.87744903564453,0.15633301436901093,NA,NA,NA,NA,NA
793,436.12921142578125,"""[40.916256]""","""[0.80752844]""",77.36126708984375,0.1582438349723816,NA,NA,NA,NA,NA
794,438.4346008300781,"""[40.93045]""","""[0.80875534]""",66.27631378173828,0.15824300050735474,NA,NA,NA,NA,NA
795,441.65264892578125,"""[40.921925]""","""[0.80975837]""",71.47062683105469,0.15955324470996857,NA,NA,NA,NA,NA
796,442.31134033203125,"""[40.93073]""","""[0.81049156]""",41.062660217285156,0.1592714637517929,NA,NA,NA,NA,NA
797,442.6702880859375,"""[40.935043]""","""[0.81106573]""",61.80461502075195,0.1591000258922577,NA,NA,NA,NA,NA
798,441.871337890625,"""[40.95664]""","""[0.811688]""",51.341712951660156,0.15778395533561707,NA,NA,NA,NA,NA
799,440.3993225097656,"""[40.988632]""","""[0.8123498]""",51.131591796875,0.15578491985797882,NA,NA,NA,NA,NA
800,437.56170654296875,"""[41.025105]""","""[0.8127862]""",45.822654724121094,0.1531551629304886,NA,NA,NA,NA,NA
801,434.5020751953125,"""[41.06456]""","""[0.81323904]""",97.43306732177734,0.1503129005432129,NA,NA,NA,NA,NA
802,434.3105163574219,"""[41.079727]""","""[0.81385356]""",57.54275131225586,0.1494796723127365,NA,NA,NA,NA,NA
803,433.1226806640625,"""[41.108204]""","""[0.8145036]""",41.15086364746094,0.1477171927690506,NA,NA,NA,NA,NA
804,431.81219482421875,"""[41.13101]""","""[0.81501985]""",41.16542434692383,0.1461753100156784,NA,NA,NA,NA,NA
805,430.3778991699219,"""[41.149162]""","""[0.8154195]""",192.9759521484375,0.1448076218366623,NA,NA,NA,NA,NA
806,426.9859313964844,"""[41.205273]""","""[0.81616396]""",43.92832946777344,0.14106139540672302,NA,NA,NA,NA,NA
807,423.5311279296875,"""[41.259007]""","""[0.81688315]""",117.69648742675781,0.13738515973091125,NA,NA,NA,NA,NA
808,417.128662109375,"""[41.33274]""","""[0.8174055]""",279.79364013671875,0.13179926574230194,NA,NA,NA,NA,NA
809,404.3302001953125,"""[41.425026]""","""[0.817023]""",46.64630126953125,0.12325563281774521,NA,NA,NA,NA,NA
810,391.8458557128906,"""[41.505516]""","""[0.81659776]""",66.14483642578125,0.11529259383678436,NA,NA,NA,NA,NA
811,378.787353515625,"""[41.578575]""","""[0.8160183]""",73.61902618408203,0.10742583870887756,NA,NA,NA,NA,NA
812,366.4779052734375,"""[41.654793]""","""[0.8158689]""",162.45062255859375,0.09951938688755035,NA,NA,NA,NA,NA
813,353.3428039550781,"""[41.742393]""","""[0.8161115]""",42.167362213134766,0.0905865877866745,NA,NA,NA,NA,NA
814,341.98846435546875,"""[41.809357]""","""[0.8164547]""",67.2413101196289,0.08310102671384811,NA,NA,NA,NA,NA
815,329.430908203125,"""[41.860844]""","""[0.81632155]""",100.31732940673828,0.07584059983491898,NA,NA,NA,NA,NA
816,319.8489990234375,"""[41.88638]""","""[0.8161065]""",162.8379364013672,0.07090690732002258,NA,NA,NA,NA,NA
817,314.982177734375,"""[41.899784]""","""[0.81646013]""",109.86100769042969,0.06824222207069397,NA,NA,NA,NA,NA
818,313.5630187988281,"""[41.903065]""","""[0.8171074]""",272.4267578125,0.06738243252038956,NA,NA,NA,NA,NA
819,317.6964111328125,"""[41.894165]""","""[0.8183562]""",313.7442321777344,0.06923693418502808,NA,NA,NA,NA,NA
820,329.64324951171875,"""[41.88858]""","""[0.82137406]""",46.57053756713867,0.07356361299753189,NA,NA,NA,NA,NA
821,339.4576110839844,"""[41.88104]""","""[0.8238931]""",220.61337280273438,0.0772055834531784,NA,NA,NA,NA,NA
822,343.7748718261719,"""[41.88996]""","""[0.8258101]""",84.60719299316406,0.07802386581897736,NA,NA,NA,NA,NA
823,345.701171875,"""[41.90544]""","""[0.8274099]""",182.0504150390625,0.07766734063625336,NA,NA,NA,NA,NA
824,350.8934326171875,"""[41.901196]""","""[0.828978]""",81.27256774902344,0.07953598350286484,NA,NA,NA,NA,NA
825,357.365478515625,"""[41.88778]""","""[0.83049506]""",48.764095306396484,0.08233428001403809,NA,NA,NA,NA,NA
826,361.7906494140625,"""[41.875294]""","""[0.8316173]""",80.37655639648438,0.08438314497470856,NA,NA,NA,NA,NA
827,367.9585266113281,"""[41.856987]""","""[0.8329097]""",41.8946533203125,0.08731241524219513,NA,NA,NA,NA,NA
828,373.2974548339844,"""[41.837936]""","""[0.834016]""",59.96184158325195,0.08998898416757584,NA,NA,NA,NA,NA
829,379.1593017578125,"""[41.80976]""","""[0.83497417]""",139.38070678710938,0.0933084562420845,NA,NA,NA,NA,NA
830,387.9359436035156,"""[41.771423]""","""[0.83627784]""",77.17747497558594,0.09807634353637695,NA,NA,NA,NA,NA
831,393.6495056152344,"""[41.740997]""","""[0.83721006]""",57.871726989746094,0.10140308737754822,NA,NA,NA,NA,NA
832,399.72796630859375,"""[41.702877]""","""[0.8380268]""",56.319618225097656,0.10522700101137161,NA,NA,NA,NA,NA
833,405.98614501953125,"""[41.657444]""","""[0.8387202]""",74.28361511230469,0.10945308953523636,NA,NA,NA,NA,NA
834,412.924072265625,"""[41.598763]""","""[0.8392642]""",41.908119201660156,0.11453281342983246,NA,NA,NA,NA,NA
835,419.2266540527344,"""[41.54063]""","""[0.8397462]""",461.8635559082031,0.11933793127536774,NA,NA,NA,NA,NA
836,429.69488525390625,"""[41.41605]""","""[0.8396909]""",57.30739212036133,0.1286228448152542,NA,NA,NA,NA,NA
837,440.3770751953125,"""[41.282528]""","""[0.8397194]""",62.881568908691406,0.13825897872447968,NA,NA,NA,NA,NA
838,450.9149475097656,"""[41.1311]""","""[0.83955514]""",57.08356475830078,0.14856861531734467,NA,NA,NA,NA,NA
839,459.6600646972656,"""[40.999134]""","""[0.8395936]""",275.00860595703125,0.1572970449924469,NA,NA,NA,NA,NA
840,464.99237060546875,"""[40.94077]""","""[0.8404299]""",172.32809448242188,0.16152608394622803,NA,NA,NA,NA,NA
841,470.0181884765625,"""[40.95279]""","""[0.84255666]""",41.579444885253906,0.16244500875473022,NA,NA,NA,NA,NA
842,474.3016662597656,"""[40.965355]""","""[0.84447026]""",129.5081787109375,0.16310949623584747,NA,NA,NA,NA,NA
843,477.853759765625,"""[41.025238]""","""[0.84711516]""",55.115962982177734,0.16134513914585114,NA,NA,NA,NA,NA
844,481.2813415527344,"""[41.05945]""","""[0.84917074]""",88.48176574707031,0.1607259213924408,NA,NA,NA,NA,NA
845,485.43243408203125,"""[41.060257]""","""[0.8506737]""",133.47903442382812,0.16189266741275787,NA,NA,NA,NA,NA
846,488.4483642578125,"""[41.10953]""","""[0.85284454]""",80.16633605957031,0.1604418158531189,NA,NA,NA,NA,NA
847,488.4766540527344,"""[41.171852]""","""[0.8546385]""",41.33391189575195,0.15741963684558868,NA,NA,NA,NA,NA
848,488.1382141113281,"""[41.226448]""","""[0.85619783]""",41.809120178222656,0.15463240444660187,NA,NA,NA,NA,NA
849,487.2734375,"""[41.27456]""","""[0.8575163]""",248.83468627929688,0.15197688341140747,NA,NA,NA,NA,NA
850,488.8862609863281,"""[41.258995]""","""[0.85804546]""",202.86590576171875,0.1531374305486679,NA,NA,NA,NA,NA
851,493.9201965332031,"""[41.200348]""","""[0.85839033]""",47.346588134765625,0.15741966664791107,NA,NA,NA,NA,NA
852,498.5264587402344,"""[41.131985]""","""[0.8584832]""",131.47840881347656,0.16201351583003998,NA,NA,NA,NA,NA
853,503.0675354003906,"""[41.019203]""","""[0.8577581]""",41.10495376586914,0.16864314675331116,NA,NA,NA,NA,NA
854,506.9653015136719,"""[40.91092]""","""[0.85705036]""",59.817108154296875,0.17481128871440887,NA,NA,NA,NA,NA
855,510.51776123046875,"""[40.832935]""","""[0.8568817]""",51.678802490234375,0.17943796515464783,NA,NA,NA,NA,NA
856,512.32568359375,"""[40.76917]""","""[0.8566291]""",41.2786750793457,0.182845801115036,NA,NA,NA,NA,NA
857,513.42626953125,"""[40.71126]""","""[0.85632515]""",276.0351257324219,0.18575340509414673,NA,NA,NA,NA,NA
858,513.635498046875,"""[40.74132]""","""[0.8574248]""",122.96087646484375,0.1843845248222351,NA,NA,NA,NA,NA
859,510.5643310546875,"""[40.80026]""","""[0.8583537]""",365.096923828125,0.18066243827342987,NA,NA,NA,NA,NA
860,504.73187255859375,"""[40.936874]""","""[0.8601854]""",41.22782516479492,0.17246931791305542,NA,NA,NA,NA,NA
861,499.266845703125,"""[41.049847]""","""[0.8617498]""",41.51179122924805,0.1654241681098938,NA,NA,NA,NA,NA
862,493.98480224609375,"""[41.148632]""","""[0.86315215]""",71.33064270019531,0.1590503603219986,NA,NA,NA,NA,NA
863,486.324951171875,"""[41.24619]""","""[0.86409515]""",76.88091278076172,0.151943638920784,NA,NA,NA,NA,NA
864,480.3944091796875,"""[41.309708]""","""[0.8647533]""",72.18861389160156,0.14696726202964783,NA,NA,NA,NA,NA
865,475.87579345703125,"""[41.337353]""","""[0.86497176]""",198.0135498046875,0.14415204524993896,NA,NA,NA,NA,NA
866,469.70684814453125,"""[41.414658]""","""[0.86584765]""",220.1405792236328,0.13843360543251038,NA,NA,NA,NA,NA
867,462.0825500488281,"""[41.522675]""","""[0.86717564]""",41.990474700927734,0.13071991503238678,NA,NA,NA,NA,NA
868,455.1513366699219,"""[41.61078]""","""[0.8683282]""",148.6649932861328,0.12411662936210632,NA,NA,NA,NA,NA
869,450.88067626953125,"""[41.650875]""","""[0.86899936]""",429.4548034667969,0.12071525305509567,NA,NA,NA,NA,NA
870,452.8760070800781,"""[41.620464]""","""[0.869348]""",234.55007934570312,0.12285827845335007,NA,NA,NA,NA,NA
871,460.10028076171875,"""[41.55911]""","""[0.87010837]""",48.082122802734375,0.12816540896892548,NA,NA,NA,NA,NA
872,465.06622314453125,"""[41.504356]""","""[0.8705533]""",71.89972686767578,0.13240796327590942,NA,NA,NA,NA,NA
873,468.4677734375,"""[41.474194]""","""[0.8711981]""",79.11654663085938,0.13493658602237701,NA,NA,NA,NA,NA
874,469.6029052734375,"""[41.469864]""","""[0.87186867]""",41.91847229003906,0.13548821210861206,NA,NA,NA,NA,NA
875,470.27667236328125,"""[41.46643]""","""[0.8724323]""",41.99090576171875,0.13584987819194794,NA,NA,NA,NA,NA
876,470.7423400878906,"""[41.45927]""","""[0.87284625]""",312.51824951171875,0.13632707297801971,NA,NA,NA,NA,NA
877,478.2919921875,"""[41.40277]""","""[0.8737646]""",48.37701416015625,0.14143230020999908,NA,NA,NA,NA,NA
878,484.824951171875,"""[41.359932]""","""[0.87476784]""",135.0226593017578,0.14553622901439667,NA,NA,NA,NA,NA
879,486.57635498046875,"""[41.34714]""","""[0.8753325]""",182.50335693359375,0.14668716490268707,NA,NA,NA,NA,NA
880,484.3764953613281,"""[41.374138]""","""[0.87585014]""",41.39223098754883,0.14466454088687897,NA,NA,NA,NA,NA
881,482.0649108886719,"""[41.395535]""","""[0.87621754]""",302.36865234375,0.14287322759628296,NA,NA,NA,NA,NA
882,474.3070983886719,"""[41.468403]""","""[0.8764498]""",57.932064056396484,0.13686464726924896,NA,NA,NA,NA,NA
883,466.25335693359375,"""[41.539467]""","""[0.87666583]""",158.32470703125,0.13080237805843353,NA,NA,NA,NA,NA
884,456.4215087890625,"""[41.63027]""","""[0.87703586]""",95.81614685058594,0.12314359843730927,NA,NA,NA,NA,NA
885,445.66925048828125,"""[41.728752]""","""[0.8775383]""",129.7066192626953,0.11469796299934387,NA,NA,NA,NA,NA
886,439.7710266113281,"""[41.79195]""","""[0.8784028]""",99.86311340332031,0.10948599874973297,NA,NA,NA,NA,NA
887,436.6997375488281,"""[41.832207]""","""[0.8793512]""",45.692222595214844,0.10631529986858368,NA,NA,NA,NA,NA
888,434.00665283203125,"""[41.860386]""","""[0.88007486]""",66.26493835449219,0.10388221591711044,NA,NA,NA,NA,NA
889,432.6168212890625,"""[41.873623]""","""[0.88068354]""",92.45741271972656,0.10264377295970917,NA,NA,NA,NA,NA
890,429.4005126953125,"""[41.89995]""","""[0.88120574]""",122.84632873535156,0.10013727843761444,NA,NA,NA,NA,NA
891,423.3992614746094,"""[41.938324]""","""[0.88149196]""",133.84796142578125,0.0960502028465271,NA,NA,NA,NA,NA
892,411.511962890625,"""[41.96459]""","""[0.88023907]""",43.79874038696289,0.09068503975868225,NA,NA,NA,NA,NA
893,400.3929748535156,"""[41.986805]""","""[0.87907284]""",137.2462615966797,0.0857313722372055,NA,NA,NA,NA,NA
894,396.0233154296875,"""[42.001278]""","""[0.87914985]""",43.205997467041016,0.08338119834661484,NA,NA,NA,NA,NA
895,392.0975341796875,"""[42.009747]""","""[0.87912345]""",94.59988403320312,0.08150923997163773,NA,NA,NA,NA,NA
896,390.5386962890625,"""[42.00651]""","""[0.87920004]""",127.30535888671875,0.0810985341668129,NA,NA,NA,NA,NA
897,386.3917541503906,"""[42.015343]""","""[0.8790568]""",42.14543151855469,0.07915578782558441,NA,NA,NA,NA,NA
898,382.5065612792969,"""[42.020737]""","""[0.8788496]""",85.0098876953125,0.07748812437057495,NA,NA,NA,NA,NA
899,381.60919189453125,"""[42.02216]""","""[0.87915444]""",43.44622802734375,0.07703570276498795,NA,NA,NA,NA,NA
900,380.4020690917969,"""[42.024536]""","""[0.87940645]""",79.38511657714844,0.07642554491758347,NA,NA,NA,NA,NA
901,381.462158203125,"""[42.021458]""","""[0.8799606]""",78.46748352050781,0.07688774913549423,NA,NA,NA,NA,NA
902,384.93792724609375,"""[42.013134]""","""[0.8808538]""",163.8411407470703,0.07846289873123169,NA,NA,NA,NA,NA
903,391.5945739746094,"""[41.992237]""","""[0.88202727]""",140.8157196044922,0.08181136846542358,NA,NA,NA,NA,NA
904,399.7169494628906,"""[41.953773]""","""[0.8830322]""",194.81280517578125,0.08657810091972351,NA,NA,NA,NA,NA
905,412.5950012207031,"""[41.900734]""","""[0.88480186]""",238.35525512695312,0.0935811698436737,NA,NA,NA,NA,NA
906,421.8320617675781,"""[41.87668]""","""[0.8867384]""",42.79679489135742,0.09772249311208725,NA,NA,NA,NA,NA
907,430.1438293457031,"""[41.849567]""","""[0.88839227]""",117.62971496582031,0.10170749574899673,NA,NA,NA,NA,NA
908,433.694580078125,"""[41.835194]""","""[0.88933283]""",49.64069747924805,0.1034863218665123,NA,NA,NA,NA,NA
909,437.1279602050781,"""[41.812874]""","""[0.8900078]""",42.445457458496094,0.1056530550122261,NA,NA,NA,NA,NA
910,440.07574462890625,"""[41.78808]""","""[0.89049786]""",136.5716094970703,0.10779250413179398,NA,NA,NA,NA,NA
911,444.45916748046875,"""[41.740482]""","""[0.89069194]""",48.901126861572266,0.11157186329364777,NA,NA,NA,NA,NA
912,447.0020446777344,"""[41.696663]""","""[0.8905907]""",41.90776443481445,0.11455731093883514,NA,NA,NA,NA,NA
913,448.95855712890625,"""[41.655437]""","""[0.8904289]""",47.05184555053711,0.11721004545688629,NA,NA,NA,NA,NA
914,451.2782287597656,"""[41.60985]""","""[0.8902461]""",68.87956237792969,0.1201823428273201,NA,NA,NA,NA,NA
915,454.9436340332031,"""[41.552555]""","""[0.89009947]""",51.197044372558594,0.12414953112602234,NA,NA,NA,NA,NA
916,456.8428039550781,"""[41.503193]""","""[0.88976055]""",59.43181610107422,0.1271464079618454,NA,NA,NA,NA,NA
917,455.8226623535156,"""[41.46323]""","""[0.8889484]""",54.293514251708984,0.1287524700164795,NA,NA,NA,NA,NA
918,453.164306640625,"""[41.43518]""","""[0.88800436]""",54.79019546508789,0.1292514204978943,NA,NA,NA,NA,NA
919,451.2192687988281,"""[41.39692]""","""[0.88695157]""",118.39555358886719,0.13046883046627045,NA,NA,NA,NA,NA
920,447.1459655761719,"""[41.38975]""","""[0.8861286]""",51.970481872558594,0.12948822975158691,NA,NA,NA,NA,NA
921,442.93975830078125,"""[41.36669]""","""[0.8848236]""",65.23139953613281,0.12925180792808533,NA,NA,NA,NA,NA
922,438.0403137207031,"""[41.36075]""","""[0.8837434]""",58.898529052734375,0.12796737253665924,NA,NA,NA,NA,NA
923,435.5620422363281,"""[41.34656]""","""[0.8830555]""",47.213050842285156,0.12784002721309662,NA,NA,NA,NA,NA
924,434.2001953125,"""[41.326004]""","""[0.8824799]""",167.32913208007812,0.12837135791778564,NA,NA,NA,NA,NA
925,435.5357360839844,"""[41.267616]""","""[0.8816286]""",75.5030288696289,0.13157233595848083,NA,NA,NA,NA,NA
926,437.9437255859375,"""[41.193584]""","""[0.8806928]""",66.08522033691406,0.13582755625247955,NA,NA,NA,NA,NA
927,441.2026062011719,"""[41.10519]""","""[0.87966996]""",115.61109924316406,0.14100168645381927,NA,NA,NA,NA,NA
928,444.9077453613281,"""[40.97981]""","""[0.8779353]""",41.43814468383789,0.1479898989200592,NA,NA,NA,NA,NA
929,447.9800720214844,"""[40.86303]""","""[0.8763448]""",78.07987976074219,0.15430036187171936,NA,NA,NA,NA,NA
930,449.4185791015625,"""[40.778996]""","""[0.8751504]""",85.06754302978516,0.1585528552532196,NA,NA,NA,NA,NA
931,448.166015625,"""[40.727535]""","""[0.87395734]""",65.61073303222656,0.16045644879341125,NA,NA,NA,NA,NA
932,446.4234619140625,"""[40.70329]""","""[0.8732727]""",351.5316162109375,0.16096918284893036,NA,NA,NA,NA,NA
933,447.1983947753906,"""[40.605698]""","""[0.87151897]""",325.37139892578125,0.1655423939228058,NA,NA,NA,NA,NA
934,443.7672119140625,"""[40.58245]""","""[0.8703352]""",119.43321990966797,0.1654321253299713,NA,NA,NA,NA,NA
935,440.585693359375,"""[40.606403]""","""[0.8704014]""",49.80299758911133,0.16329163312911987,NA,NA,NA,NA,NA
936,436.8699645996094,"""[40.640305]""","""[0.8705407]""",134.7760009765625,0.16053849458694458,NA,NA,NA,NA,NA
937,432.7569274902344,"""[40.72734]""","""[0.87191373]""",98.0753173828125,0.15526717901229858,NA,NA,NA,NA,NA
938,428.0460205078125,"""[40.84008]""","""[0.8738503]""",65.43279266357422,0.1485910713672638,NA,NA,NA,NA,NA
939,421.84906005859375,"""[40.953793]""","""[0.8754647]""",41.01972579956055,0.14134669303894043,NA,NA,NA,NA,NA
940,416.1554260253906,"""[41.0491]""","""[0.87685376]""",95.35092163085938,0.13505253195762634,NA,NA,NA,NA,NA
941,408.11578369140625,"""[41.14556]""","""[0.87766886]""",47.012882232666016,0.1279311627149582,NA,NA,NA,NA,NA
942,401.5306396484375,"""[41.220314]""","""[0.87841064]""",73.8001937866211,0.1222391352057457,NA,NA,NA,NA,NA
943,393.9703063964844,"""[41.30026]""","""[0.87909395]""",71.869384765625,0.11594823747873306,NA,NA,NA,NA,NA
944,389.7589111328125,"""[41.359802]""","""[0.8802633]""",49.3701286315918,0.11163826286792755,NA,NA,NA,NA,NA
945,384.9195556640625,"""[41.417686]""","""[0.88122964]""",76.91697692871094,0.10717827826738358,NA,NA,NA,NA,NA
946,377.6234436035156,"""[41.47333]""","""[0.8814224]""",249.09193420410156,0.10202810913324356,NA,NA,NA,NA,NA
947,374.8936767578125,"""[41.485397]""","""[0.8815808]""",44.21647262573242,0.10048831254243851,NA,NA,NA,NA,NA
948,371.769775390625,"""[41.49844]""","""[0.88162184]""",121.07553100585938,0.09877711534500122,NA,NA,NA,NA,NA
949,370.7148742675781,"""[41.481064]""","""[0.88123447]""",156.922119140625,0.0992642492055893,NA,NA,NA,NA,NA
950,366.957763671875,"""[41.490444]""","""[0.8809034]""",41.50614547729492,0.09755440801382065,NA,NA,NA,NA,NA
951,363.3603820800781,"""[41.49701]""","""[0.88049585]""",129.25238037109375,0.09603805840015411,NA,NA,NA,NA,NA
952,361.55352783203125,"""[41.47365]""","""[0.87954974]""",72.17249298095703,0.09661535918712616,NA,NA,NA,NA,NA
953,361.76226806640625,"""[41.441124]""","""[0.8789094]""",285.5146484375,0.09828288853168488,NA,NA,NA,NA,NA
954,367.4380798339844,"""[41.379364]""","""[0.8790895]""",73.53449249267578,0.10309096425771713,NA,NA,NA,NA,NA
955,369.4984130859375,"""[41.32925]""","""[0.8785167]""",313.0490417480469,0.10616347938776016,NA,NA,NA,NA,NA
956,377.35784912109375,"""[41.256023]""","""[0.87918437]""",47.06943130493164,0.11210297793149948,NA,NA,NA,NA,NA
957,384.5443115234375,"""[41.17519]""","""[0.87948966]""",307.2171936035156,0.11814501136541367,NA,NA,NA,NA,NA
958,394.382568359375,"""[41.045086]""","""[0.87930346]""",41.11255645751953,0.12727293372154236,NA,NA,NA,NA,NA
959,403.2092590332031,"""[40.91719]""","""[0.8790848]""",71.88060760498047,0.13586877286434174,NA,NA,NA,NA,NA
960,412.4300842285156,"""[40.774963]""","""[0.87878877]""",121.16725158691406,0.14514702558517456,NA,NA,NA,NA,NA
961,419.4696960449219,"""[40.687172]""","""[0.87944394]""",44.11277770996094,0.15120689570903778,NA,NA,NA,NA,NA
962,426.1483459472656,"""[40.5971]""","""[0.87994903]""",98.87998962402344,0.1572355180978775,NA,NA,NA,NA,NA
963,430.0968322753906,"""[40.54607]""","""[0.8805921]""",154.65708923339844,0.16065166890621185,NA,NA,NA,NA,NA
964,431.3975830078125,"""[40.541813]""","""[0.8815961]""",203.61627197265625,0.16115666925907135,NA,NA,NA,NA,NA
965,427.8037414550781,"""[40.57645]""","""[0.881928]""",102.90054321289062,0.1584089696407318,NA,NA,NA,NA,NA
966,421.840087890625,"""[40.638203]""","""[0.88215846]""",72.15940856933594,0.1537162810564041,NA,NA,NA,NA,NA
967,415.28790283203125,"""[40.716194]""","""[0.88267463]""",189.55282592773438,0.14809757471084595,NA,NA,NA,NA,NA
968,410.1783142089844,"""[40.723396]""","""[0.8815966]""",49.14259338378906,0.14613144099712372,NA,NA,NA,NA,NA
969,405.0585632324219,"""[40.74248]""","""[0.8808246]""",133.43096923828125,0.14362721145153046,NA,NA,NA,NA,NA
970,397.40313720703125,"""[40.789417]""","""[0.87995464]""",128.19107055664062,0.13907887041568756,NA,NA,NA,NA,NA
971,390.5527648925781,"""[40.875874]""","""[0.8806877]""",40.9288330078125,0.13293768465518951,NA,NA,NA,NA,NA
972,384.17437744140625,"""[40.94963]""","""[0.88126653]""",78.62034606933594,0.12749211490154266,NA,NA,NA,NA,NA
973,379.74261474609375,"""[40.99167]""","""[0.88155323]""",58.26803970336914,0.12410289794206619,NA,NA,NA,NA,NA
974,376.5027770996094,"""[41.012077]""","""[0.88154]""",45.59379959106445,0.12208864837884903,NA,NA,NA,NA,NA
975,373.9199523925781,"""[41.02095]""","""[0.88135225]""",396.8917236328125,0.12081868946552277,NA,NA,NA,NA,NA
976,376.2313537597656,"""[40.96377]""","""[0.88071126]""",44.42913818359375,0.1241646483540535,NA,NA,NA,NA,NA
977,377.6169128417969,"""[40.916466]""","""[0.8800694]""",76.99794006347656,0.1267474889755249,NA,NA,NA,NA,NA
978,380.5184631347656,"""[40.85479]""","""[0.879533]""",51.00952911376953,0.13044022023677826,NA,NA,NA,NA,NA
979,383.5957336425781,"""[40.783974]""","""[0.87879115]""",56.78285598754883,0.13458356261253357,NA,NA,NA,NA,NA
980,386.5528869628906,"""[40.734528]""","""[0.87876904]""",66.22123718261719,0.1376921683549881,NA,NA,NA,NA,NA
981,391.3946228027344,"""[40.678776]""","""[0.87930274]""",130.05718994140625,0.14164766669273376,NA,NA,NA,NA,NA
982,391.1766357421875,"""[40.651886]""","""[0.8787568]""",55.428504943847656,0.14273835718631744,NA,NA,NA,NA,NA
983,391.5372009277344,"""[40.608967]""","""[0.87790275]""",58.20504379272461,0.14472465217113495,NA,NA,NA,NA,NA
984,390.8034362792969,"""[40.585026]""","""[0.8772157]""",99.97012329101562,0.14551974833011627,NA,NA,NA,NA,NA
985,391.9463195800781,"""[40.530785]""","""[0.8763024]""",62.345924377441406,0.14823907613754272,NA,NA,NA,NA,NA
986,393.9381103515625,"""[40.459064]""","""[0.87519103]""",64.06871032714844,0.15197820961475372,NA,NA,NA,NA,NA
987,397.35174560546875,"""[40.3739]""","""[0.8742804]""",224.9305877685547,0.15672078728675842,NA,NA,NA,NA,NA
988,396.8744812011719,"""[40.360863]""","""[0.87403387]""",45.2215461730957,0.15709348022937775,NA,NA,NA,NA,NA
989,395.2366027832031,"""[40.3541]""","""[0.8734757]""",40.471763610839844,0.1568373739719391,NA,NA,NA,NA,NA
990,393.4717712402344,"""[40.347626]""","""[0.8728532]""",47.23563003540039,0.1565304696559906,NA,NA,NA,NA,NA
991,392.3700866699219,"""[40.330452]""","""[0.87215]""",189.66766357421875,0.15689590573310852,NA,NA,NA,NA,NA
992,388.9029235839844,"""[40.361763]""","""[0.87201345]""",357.2239074707031,0.15441244840621948,NA,NA,NA,NA,NA
993,384.5855712890625,"""[40.47972]""","""[0.8744492]""",344.334716796875,0.14784777164459229,NA,NA,NA,NA,NA
994,378.1546630859375,"""[40.661655]""","""[0.8783843]""",55.17707061767578,0.13769811391830444,NA,NA,NA,NA,NA
995,373.3323059082031,"""[40.802753]""","""[0.8818843]""",58.82459259033203,0.12973564863204956,NA,NA,NA,NA,NA
996,367.8720703125,"""[40.937046]""","""[0.8851162]""",62.039459228515625,0.12176711857318878,NA,NA,NA,NA,NA
997,362.26507568359375,"""[41.06511]""","""[0.8883208]""",105.52547454833984,0.11391456425189972,NA,NA,NA,NA,NA
998,358.24749755859375,"""[41.143852]""","""[0.8904503]""",120.2935562133789,0.1088046282529831,NA,NA,NA,NA,NA
999,356.3370056152344,"""[41.18574]""","""[0.8920197]""",41.23488998413086,0.106089286506176,NA,NA,NA,NA,NA
1000,354.50518798828125,"""[41.22077]""","""[0.89333963]""",68.51396179199219,0.10372288525104523,NA,NA,NA,NA,NA
1001,350.9754333496094,"""[41.26546]""","""[0.8943752]""",79.1098861694336,0.10034798830747604,NA,NA,NA,NA,NA
1002,348.77227783203125,"""[41.2875]""","""[0.8949978]""",78.0999984741211,0.09849535673856735,NA,NA,NA,NA,NA
1003,344.15985107421875,"""[41.315727]""","""[0.894919]""",262.7516784667969,0.09559481590986252,NA,NA,NA,NA,NA
1004,343.8945617675781,"""[41.29504]""","""[0.8944632]""",61.355613708496094,0.09649160504341125,NA,NA,NA,NA,NA
1005,345.4033508300781,"""[41.267853]""","""[0.8944212]""",90.34237670898438,0.09825029224157333,NA,NA,NA,NA,NA
1006,347.0810241699219,"""[41.222416]""","""[0.89365095]""",54.416385650634766,0.10096271336078644,NA,NA,NA,NA,NA
1007,350.3416442871094,"""[41.17403]""","""[0.8934398]""",87.5888900756836,0.10427278280258179,NA,NA,NA,NA,NA
1008,350.9473571777344,"""[41.145603]""","""[0.89296454]""",42.54147720336914,0.10578203946352005,NA,NA,NA,NA,NA
1009,350.5920715332031,"""[41.11967]""","""[0.89216954]""",41.132843017578125,0.10687756538391113,NA,NA,NA,NA,NA
1010,350.0824279785156,"""[41.094624]""","""[0.89132375]""",79.90815734863281,0.10788187384605408,NA,NA,NA,NA,NA
1011,347.9450378417969,"""[41.086357]""","""[0.89045155]""",107.08024597167969,0.10758409649133682,NA,NA,NA,NA,NA
1012,342.6251220703125,"""[41.093147]""","""[0.888781]""",117.6012191772461,0.10561177879571915,NA,NA,NA,NA,NA
1013,340.283447265625,"""[41.07457]""","""[0.887304]""",69.17466735839844,0.10576207935810089,NA,NA,NA,NA,NA
1014,334.9345397949219,"""[41.062912]""","""[0.88471144]""",44.961151123046875,0.10468515753746033,NA,NA,NA,NA,NA
1015,329.1035461425781,"""[41.055077]""","""[0.8819863]""",210.88510131835938,0.10328444838523865,NA,NA,NA,NA,NA
1016,327.8963317871094,"""[41.015324]""","""[0.8799577]""",41.103599548339844,0.10479450970888138,NA,NA,NA,NA,NA
1017,326.7777404785156,"""[40.977413]""","""[0.8780392]""",54.47130584716797,0.1062312200665474,NA,NA,NA,NA,NA
1018,323.58380126953125,"""[40.94674]""","""[0.8753911]""",42.02568435668945,0.10670475661754608,NA,NA,NA,NA,NA
1019,320.3471374511719,"""[40.92116]""","""[0.8728998]""",104.21817016601562,0.10692214965820312,NA,NA,NA,NA,NA
1020,314.735107421875,"""[40.92152]""","""[0.87030816]""",72.24557495117188,0.10522013902664185,NA,NA,NA,NA,NA
1021,307.2689208984375,"""[40.933315]""","""[0.8672166]""",246.91915893554688,0.10244416445493698,NA,NA,NA,NA,NA
1022,302.2818298339844,"""[40.891895]""","""[0.86280906]""",45.17770767211914,0.10293034464120865,NA,NA,NA,NA,NA
1023,298.16839599609375,"""[40.84698]""","""[0.8585984]""",41.646018981933594,0.10382901877164841,NA,NA,NA,NA,NA
1024,294.2563171386719,"""[40.808475]""","""[0.85472417]""",52.2871208190918,0.10447826236486435,NA,NA,NA,NA,NA
1025,289.7162170410156,"""[40.78187]""","""[0.85098016]""",89.37065887451172,0.10439342260360718,NA,NA,NA,NA,NA
1026,287.0443420410156,"""[40.73632]""","""[0.84730005]""",53.99762725830078,0.10571476072072983,NA,NA,NA,NA,NA
1027,285.1640319824219,"""[40.681957]""","""[0.8436132]""",198.4129180908203,0.10765140503644943,NA,NA,NA,NA,NA
1028,280.05303955078125,"""[40.68095]""","""[0.8405413]""",57.00619888305664,0.10623403638601303,NA,NA,NA,NA,NA
1029,273.63330078125,"""[40.690052]""","""[0.8370421]""",70.15399169921875,0.10400305688381195,NA,NA,NA,NA,NA
1030,266.7588195800781,"""[40.71806]""","""[0.8341938]""",67.64724731445312,0.10078219324350357,NA,NA,NA,NA,NA
1031,258.8268127441406,"""[40.752285]""","""[0.83091414]""",45.21446228027344,0.09698967635631561,NA,NA,NA,NA,NA
1032,252.19650268554688,"""[40.77482]""","""[0.8278225]""",74.68338012695312,0.09410238265991211,NA,NA,NA,NA,NA
1033,247.8533172607422,"""[40.77881]""","""[0.82519877]""",41.531009674072266,0.0927114486694336,NA,NA,NA,NA,NA
1034,244.12876892089844,"""[40.779663]""","""[0.8227795]""",58.65367126464844,0.09164220094680786,NA,NA,NA,NA,NA
1035,239.22314453125,"""[40.787083]""","""[0.81981224]""",41.48912811279297,0.08996357023715973,NA,NA,NA,NA,NA
1036,234.50901794433594,"""[40.794968]""","""[0.8169485]""",141.7959747314453,0.08832331746816635,NA,NA,NA,NA,NA
1037,227.1568145751953,"""[40.82453]""","""[0.81336546]""",142.74813842773438,0.08496980369091034,NA,NA,NA,NA,NA
1038,224.89242553710938,"""[40.83412]""","""[0.8125466]""",349.40728759765625,0.08386801928281784,NA,NA,NA,NA,NA
1039,229.30616760253906,"""[40.809853]""","""[0.814899]""",42.244266510009766,0.08609743416309357,NA,NA,NA,NA,NA
1040,233.65277099609375,"""[40.78446]""","""[0.8171215]""",80.57762145996094,0.08836092054843903,NA,NA,NA,NA,NA
1041,240.32904052734375,"""[40.75043]""","""[0.8206434]""",88.2994613647461,0.0916266143321991,NA,NA,NA,NA,NA
1042,248.24227905273438,"""[40.697186]""","""[0.8238989]""",229.54495239257812,0.09611964970827103,NA,NA,NA,NA,NA
1043,261.48516845703125,"""[40.62312]""","""[0.82999146]""",200.55990600585938,0.10295848548412323,NA,NA,NA,NA,NA
1044,277.054931640625,"""[40.508167]""","""[0.83546865]""",40.5643196105957,0.11227196455001831,NA,NA,NA,NA,NA
1045,291.57763671875,"""[40.39562]""","""[0.84045285]""",40.4753303527832,0.12115663290023804,NA,NA,NA,NA,NA
1046,305.0169677734375,"""[40.286087]""","""[0.84492415]""",64.59268188476562,0.1295904517173767,NA,NA,NA,NA,NA
1047,315.4425354003906,"""[40.199036]""","""[0.8484991]""",43.16694259643555,0.13619492948055267,NA,NA,NA,NA,NA
1048,324.3489685058594,"""[40.12258]""","""[0.85157174]""",40.90251922607422,0.14191369712352753,NA,NA,NA,NA,NA
1049,332.25421142578125,"""[40.054947]""","""[0.85438263]""",233.92955017089844,0.1469748467206955,NA,NA,NA,NA,NA
1050,341.0509338378906,"""[39.911594]""","""[0.8544721]""",59.4596061706543,0.15547211468219757,NA,NA,NA,NA,NA
1051,348.1937561035156,"""[39.801857]""","""[0.8550892]""",207.59854125976562,0.16204114258289337,NA,NA,NA,NA,NA
1052,353.2591857910156,"""[39.780254]""","""[0.8580927]""",39.885128021240234,0.16434994339942932,NA,NA,NA,NA,NA
1053,357.6820373535156,"""[39.757156]""","""[0.86056644]""",118.52901458740234,0.1665404886007309,NA,NA,NA,NA,NA
1054,360.6489562988281,"""[39.790073]""","""[0.8643583]""",75.37055969238281,0.16598840057849884,NA,NA,NA,NA,NA
1055,362.926513671875,"""[39.851376]""","""[0.86884314]""",40.12006759643555,0.16404859721660614,NA,NA,NA,NA,NA
1056,364.6722412109375,"""[39.906464]""","""[0.87271]""",62.74482727050781,0.1621970534324646,NA,NA,NA,NA,NA
1057,367.143798828125,"""[39.92858]""","""[0.875613]""",360.53497314453125,0.16194747388362885,NA,NA,NA,NA,NA
1058,375.3348693847656,"""[39.854412]""","""[0.8778998]""",39.92393493652344,0.16748657822608948,NA,NA,NA,NA,NA
1059,382.6643371582031,"""[39.783134]""","""[0.8798111]""",39.825557708740234,0.17264698445796967,NA,NA,NA,NA,NA
1060,389.1142578125,"""[39.716793]""","""[0.88141924]""",102.02255249023438,0.17733539640903473,NA,NA,NA,NA,NA
1061,395.9593505859375,"""[39.71218]""","""[0.88553566]""",87.61595153808594,0.17960134148597717,NA,NA,NA,NA,NA
1062,400.5810241699219,"""[39.73864]""","""[0.88954294]""",207.54608154296875,0.1798882931470871,NA,NA,NA,NA,NA
1063,404.2608947753906,"""[39.842896]""","""[0.89586484]""",64.55496215820312,0.17661263048648834,NA,NA,NA,NA,NA
1064,407.115478515625,"""[39.96138]""","""[0.9022383]""",62.16876220703125,0.17242597043514252,NA,NA,NA,NA,NA
1065,409.91619873046875,"""[40.098015]""","""[0.909225]""",421.9637145996094,0.16737863421440125,NA,NA,NA,NA,NA
1066,408.4237976074219,"""[40.324642]""","""[0.917594]""",51.551536560058594,0.15696093440055847,NA,NA,NA,NA,NA
1067,405.3890686035156,"""[40.525017]""","""[0.92457235]""",185.31277465820312,0.14701801538467407,NA,NA,NA,NA,NA
1068,400.23663330078125,"""[40.742134]""","""[0.9317081]""",47.20987319946289,0.13544103503227234,NA,NA,NA,NA,NA
1069,395.302490234375,"""[40.933178]""","""[0.93838733]""",55.40864562988281,0.1248842254281044,NA,NA,NA,NA,NA
1070,391.100341796875,"""[41.077812]""","""[0.9437584]""",73.861083984375,0.11655586957931519,NA,NA,NA,NA,NA
1071,389.3358459472656,"""[41.18702]""","""[0.9487702]""",51.09213638305664,0.11056096851825714,NA,NA,NA,NA,NA
1072,386.33245849609375,"""[41.285923]""","""[0.95297253]""",61.797386169433594,0.10459688305854797,NA,NA,NA,NA,NA
1073,381.9173889160156,"""[41.380226]""","""[0.9566113]""",111.42224884033203,0.0983271598815918,NA,NA,NA,NA,NA
1074,377.40155029296875,"""[41.428284]""","""[0.9579721]""",41.44895935058594,0.09436215460300446,NA,NA,NA,NA,NA
1075,373.1444396972656,"""[41.46783]""","""[0.95903766]""",50.8189697265625,0.09089288860559464,NA,NA,NA,NA,NA
1076,370.84765625,"""[41.498005]""","""[0.9603573]""",115.2750244140625,0.08850786834955215,NA,NA,NA,NA,NA
1077,370.9326477050781,"""[41.50487]""","""[0.96126443]""",316.6717224121094,0.08812299370765686,NA,NA,NA,NA,NA
1078,375.2300720214844,"""[41.474564]""","""[0.9616633]""",50.29450988769531,0.0910600870847702,NA,NA,NA,NA,NA
1079,379.7716369628906,"""[41.43827]""","""[0.9618585]""",59.08192443847656,0.0943693220615387,NA,NA,NA,NA,NA
1080,382.8206787109375,"""[41.413292]""","""[0.96211624]""",93.7899398803711,0.09660178422927856,NA,NA,NA,NA,NA
1081,383.2508544921875,"""[41.405113]""","""[0.9622283]""",228.84060668945312,0.09714595973491669,NA,NA,NA,NA,NA
1082,391.5562744140625,"""[41.375587]""","""[0.9643102]""",43.665565490722656,0.10120922327041626,NA,NA,NA,NA,NA
1083,398.55645751953125,"""[41.350536]""","""[0.9661227]""",72.16632080078125,0.10462392866611481,NA,NA,NA,NA,NA
1084,406.2821044921875,"""[41.31333]""","""[0.96764076]""",42.48808288574219,0.10886968672275543,NA,NA,NA,NA,NA
1085,413.3549499511719,"""[41.274906]""","""[0.9688852]""",59.36884307861328,0.11295776069164276,NA,NA,NA,NA,NA
1086,421.14239501953125,"""[41.22776]""","""[0.9700514]""",46.06514358520508,0.11768028885126114,NA,NA,NA,NA,NA
1087,429.53472900390625,"""[41.180546]""","""[0.97150093]""",41.36101150512695,0.12256641685962677,NA,NA,NA,NA,NA
1088,436.8541259765625,"""[41.132637]""","""[0.9725568]""",99.54597473144531,0.12714138627052307,NA,NA,NA,NA,NA
1089,439.5415954589844,"""[41.106262]""","""[0.9727305]""",49.463748931884766,0.12924499809741974,NA,NA,NA,NA,NA
1090,441.29022216796875,"""[41.08892]""","""[0.972915]""",156.81280517578125,0.13061769306659698,NA,NA,NA,NA,NA
1091,443.835693359375,"""[41.027676]""","""[0.97165275]""",111.78733825683594,0.13436295092105865,NA,NA,NA,NA,NA
1092,447.9145812988281,"""[40.93973]""","""[0.9700359]""",50.35086441040039,0.13983187079429626,NA,NA,NA,NA,NA
1093,449.7925720214844,"""[40.863125]""","""[0.96805835]""",234.10015869140625,0.14404429495334625,NA,NA,NA,NA,NA
1094,445.3459777832031,"""[40.8303]""","""[0.96519583]""",73.45025634765625,0.1442461609840393,NA,NA,NA,NA,NA
1095,439.0828857421875,"""[40.81501]""","""[0.9621994]""",163.51724243164062,0.14306241273880005,NA,NA,NA,NA,NA
1096,435.6439208984375,"""[40.75101]""","""[0.9584919]""",55.149147033691406,0.1450137495994568,NA,NA,NA,NA,NA
1097,430.4698181152344,"""[40.70156]""","""[0.954537]""",55.29948043823242,0.14573459327220917,NA,NA,NA,NA,NA
1098,426.285888671875,"""[40.64089]""","""[0.95050937]""",109.27520751953125,0.14725267887115479,NA,NA,NA,NA,NA
1099,421.4080810546875,"""[40.621567]""","""[0.9477146]""",96.07708740234375,0.14664943516254425,NA,NA,NA,NA,NA
1100,415.404296875,"""[40.634396]""","""[0.9456178]""",75.72001647949219,0.14423303306102753,NA,NA,NA,NA,NA
1101,409.4678649902344,"""[40.67604]""","""[0.94466263]""",45.33888626098633,0.14051231741905212,NA,NA,NA,NA,NA
1102,403.07269287109375,"""[40.716278]""","""[0.94345456]""",67.90687561035156,0.13671110570430756,NA,NA,NA,NA,NA
1103,396.0631103515625,"""[40.7699]""","""[0.9425403]""",144.32911682128906,0.13209661841392517,NA,NA,NA,NA,NA
1104,385.906494140625,"""[40.843822]""","""[0.9410574]""",44.216957092285156,0.1255628913640976,NA,NA,NA,NA,NA
1105,376.19854736328125,"""[40.91157]""","""[0.93962073]""",168.42230224609375,0.11942632496356964,NA,NA,NA,NA,NA
1106,363.89300537109375,"""[41.00268]""","""[0.9381565]""",57.894474029541016,0.11134960502386093,NA,NA,NA,NA,NA
1107,353.8748474121094,"""[41.066643]""","""[0.93666285]""",102.74836730957031,0.10521167516708374,NA,NA,NA,NA,NA
1108,340.9264831542969,"""[41.125885]""","""[0.93361247]""",125.21907043457031,0.0983865037560463,NA,NA,NA,NA,NA
1109,332.8902587890625,"""[41.155003]""","""[0.931453]""",67.67784881591797,0.09449531883001328,NA,NA,NA,NA,NA
1110,327.54278564453125,"""[41.16803]""","""[0.9297568]""",109.90083312988281,0.09220968186855316,NA,NA,NA,NA,NA
1111,319.4865417480469,"""[41.19154]""","""[0.92726034]""",94.85193634033203,0.0885787308216095,NA,NA,NA,NA,NA
1112,309.2806701660156,"""[41.22118]""","""[0.92402303]""",77.3065185546875,0.08397591859102249,NA,NA,NA,NA,NA
1113,302.1659851074219,"""[41.235096]""","""[0.9214211]""",56.83289337158203,0.081093929708004,NA,NA,NA,NA,NA
1114,296.67987060546875,"""[41.23677]""","""[0.91885483]""",265.8592224121094,0.07933784276247025,NA,NA,NA,NA,NA
1115,295.4701843261719,"""[41.20628]""","""[0.9164325]""",270.6398010253906,0.08054808527231216,NA,NA,NA,NA,NA
1116,298.931884765625,"""[41.14764]""","""[0.914868]""",46.5946044921875,0.08457957953214645,NA,NA,NA,NA,NA
1117,302.9073486328125,"""[41.088467]""","""[0.9137185]""",324.0856628417969,0.0887240394949913,NA,NA,NA,NA,NA
1118,311.7046203613281,"""[41.00351]""","""[0.91394657]""",75.55216979980469,0.09548774361610413,NA,NA,NA,NA,NA
1119,322.7872314453125,"""[40.912853]""","""[0.9154875]""",80.58128356933594,0.10309045016765594,NA,NA,NA,NA,NA
1120,334.2244567871094,"""[40.80381]""","""[0.91654015]""",112.4329833984375,0.11157464236021042,NA,NA,NA,NA,NA
1121,342.3656921386719,"""[40.7285]""","""[0.9177262]""",48.124839782714844,0.11743263900279999,NA,NA,NA,NA,NA
1122,350.2477722167969,"""[40.647015]""","""[0.91856295]""",95.86296081542969,0.12346049398183823,NA,NA,NA,NA,NA
1123,359.6935119628906,"""[40.54497]""","""[0.91941756]""",94.78246307373047,0.13084588944911957,NA,NA,NA,NA,NA
1124,367.0407409667969,"""[40.47851]""","""[0.9209196]""",119.28105163574219,0.13597054779529572,NA,NA,NA,NA,NA
1125,377.941650390625,"""[40.397453]""","""[0.92378396]""",44.60930633544922,0.14280195534229279,NA,NA,NA,NA,NA
1126,388.60662841796875,"""[40.311954]""","""[0.92637056]""",53.74555587768555,0.14975187182426453,NA,NA,NA,NA,NA
1127,398.2071533203125,"""[40.213406]""","""[0.9278589]""",54.57880401611328,0.15694019198417664,NA,NA,NA,NA,NA
1128,406.3045349121094,"""[40.097015]""","""[0.9278853]""",70.12081909179688,0.16442230343818665,NA,NA,NA,NA,NA
1129,413.5790100097656,"""[40.019207]""","""[0.92914283]""",204.98434448242188,0.16996711492538452,NA,NA,NA,NA,NA
1130,418.60858154296875,"""[40.01074]""","""[0.93197125]""",60.166290283203125,0.17183686792850494,NA,NA,NA,NA,NA
1131,422.2705383300781,"""[40.023056]""","""[0.93485326]""",98.81229400634766,0.17239457368850708,NA,NA,NA,NA,NA
1132,426.73516845703125,"""[40.080856]""","""[0.9399035]""",57.189884185791016,0.17124129831790924,NA,NA,NA,NA,NA
1133,430.5710144042969,"""[40.109886]""","""[0.9434065]""",45.54082489013672,0.17113010585308075,NA,NA,NA,NA,NA
1134,434.024169921875,"""[40.14976]""","""[0.94707143]""",58.06798553466797,0.17042317986488342,NA,NA,NA,NA,NA
1135,437.72735595703125,"""[40.164665]""","""[0.94982535]""",96.05381774902344,0.1708846241235733,NA,NA,NA,NA,NA
1136,441.4293212890625,"""[40.13786]""","""[0.9508892]""",40.49617004394531,0.17317362129688263,NA,NA,NA,NA,NA
1137,444.5004577636719,"""[40.114788]""","""[0.95177585]""",160.7696533203125,0.17510586977005005,NA,NA,NA,NA,NA
1138,446.0584411621094,"""[40.149796]""","""[0.95414835]""",50.861289978027344,0.1740281730890274,NA,NA,NA,NA,NA
1139,446.81878662109375,"""[40.197117]""","""[0.95658445]""",40.383663177490234,0.17215442657470703,NA,NA,NA,NA,NA
1140,447.26104736328125,"""[40.240143]""","""[0.9586939]""",82.9981460571289,0.1703631430864334,NA,NA,NA,NA,NA
1141,446.6862487792969,"""[40.308296]""","""[0.96130574]""",67.42501068115234,0.1671293079853058,NA,NA,NA,NA,NA
1142,446.38360595703125,"""[40.342495]""","""[0.96270853]""",53.886314392089844,0.16548040509223938,NA,NA,NA,NA,NA
1143,446.6365661621094,"""[40.393887]""","""[0.96505743]""",186.80894470214844,0.16322721540927887,NA,NA,NA,NA,NA
1144,443.58636474609375,"""[40.49289]""","""[0.9677822]""",83.53443908691406,0.1577906310558319,NA,NA,NA,NA,NA
1145,441.67596435546875,"""[40.547894]""","""[0.96932065]""",152.37742614746094,0.1546747088432312,NA,NA,NA,NA,NA
1146,434.9868469238281,"""[40.629303]""","""[0.96977013]""",76.40133666992188,0.14887051284313202,NA,NA,NA,NA,NA
1147,430.7934875488281,"""[40.67948]""","""[0.9701276]""",64.62483215332031,0.1452520787715912,NA,NA,NA,NA,NA
1148,428.3684387207031,"""[40.706112]""","""[0.9703154]""",366.986328125,0.14325903356075287,NA,NA,NA,NA,NA
1149,421.255615234375,"""[40.79987]""","""[0.9712622]""",73.2650146484375,0.13669055700302124,NA,NA,NA,NA,NA
1150,415.0377197265625,"""[40.85617]""","""[0.97104704]""",100.08859252929688,0.13212372362613678,NA,NA,NA,NA,NA
1151,411.0118713378906,"""[40.880077]""","""[0.97037864]""",141.81869506835938,0.12974615395069122,NA,NA,NA,NA,NA
1152,406.15460205078125,"""[40.927174]""","""[0.9704701]""",44.80516052246094,0.1260037124156952,NA,NA,NA,NA,NA
1153,401.6568603515625,"""[40.95918]""","""[0.97004354]""",156.29428100585938,0.12308420240879059,NA,NA,NA,NA,NA
1154,399.0423583984375,"""[40.947136]""","""[0.96835744]""",54.33528137207031,0.12285160273313522,NA,NA,NA,NA,NA
1155,397.0181884765625,"""[40.922836]""","""[0.96632624]""",116.56307983398438,0.12338615208864212,NA,NA,NA,NA,NA
1156,390.61297607421875,"""[40.912968]""","""[0.9628695]""",103.95990753173828,0.12190935760736465,NA,NA,NA,NA,NA
1157,384.8914489746094,"""[40.872833]""","""[0.9581473]""",55.82319641113281,0.12208268791437149,NA,NA,NA,NA,NA
1158,380.3086853027344,"""[40.821495]""","""[0.9533481]""",41.21571350097656,0.12311805039644241,NA,NA,NA,NA,NA
1159,375.9761962890625,"""[40.77072]""","""[0.94863564]""",190.43194580078125,0.12418592721223831,NA,NA,NA,NA,NA
1160,371.5498962402344,"""[40.67522]""","""[0.9414971]""",43.47173309326172,0.12727808952331543,NA,NA,NA,NA,NA
1161,367.40167236328125,"""[40.593918]""","""[0.9351618]""",100.361572265625,0.12974756956100464,NA,NA,NA,NA,NA
1162,364.6831970214844,"""[40.495335]""","""[0.9286959]""",42.30236053466797,0.13337820768356323,NA,NA,NA,NA,NA
1163,361.565673828125,"""[40.407253]""","""[0.92250884]""",43.77363586425781,0.13636472821235657,NA,NA,NA,NA,NA
1164,359.275634765625,"""[40.318745]""","""[0.9167815]""",81.82560729980469,0.13957202434539795,NA,NA,NA,NA,NA
1165,358.5804748535156,"""[40.210876]""","""[0.9111011]""",53.9451904296875,0.14405006170272827,NA,NA,NA,NA,NA
1166,357.5418701171875,"""[40.127293]""","""[0.9064591]""",237.72181701660156,0.14732450246810913,NA,NA,NA,NA,NA
1167,356.8763427734375,"""[39.97963]""","""[0.898901]""",40.63020324707031,0.15338648855686188,NA,NA,NA,NA,NA
1168,356.3992614746094,"""[39.838226]""","""[0.8918734]""",41.619224548339844,0.15914398431777954,NA,NA,NA,NA,NA
1169,355.2856140136719,"""[39.711906]""","""[0.8851935]""",168.83676147460938,0.16400447487831116,NA,NA,NA,NA,NA
1170,352.3847961425781,"""[39.644768]""","""[0.8801219]""",277.33831787109375,0.16584977507591248,NA,NA,NA,NA,NA
1171,348.6277770996094,"""[39.665287]""","""[0.87862784]""",47.507564544677734,0.1638527810573578,NA,NA,NA,NA,NA
1172,345.1170654296875,"""[39.69792]""","""[0.8778956]""",133.15670776367188,0.16143712401390076,NA,NA,NA,NA,NA
1173,342.8403625488281,"""[39.671803]""","""[0.875176]""",40.237098693847656,0.16179630160331726,NA,NA,NA,NA,NA
1174,340.4719543457031,"""[39.650448]""","""[0.87258154]""",40.72984313964844,0.1619332879781723,NA,NA,NA,NA,NA
1175,338.13031005859375,"""[39.63597]""","""[0.8703122]""",165.67457580566406,0.16179847717285156,NA,NA,NA,NA,NA
1176,336.7586364746094,"""[39.688396]""","""[0.87220544]""",297.8788757324219,0.15922585129737854,NA,NA,NA,NA,NA
1177,330.1504821777344,"""[39.789845]""","""[0.87258154]""",304.90863037109375,0.15309469401836395,NA,NA,NA,NA,NA
1178,321.3148193359375,"""[39.940334]""","""[0.8740453]""",349.2262268066406,0.14425258338451385,NA,NA,NA,NA,NA
1179,313.00482177734375,"""[40.157284]""","""[0.8800889]""",61.256622314453125,0.13264413177967072,NA,NA,NA,NA,NA
1180,305.1342468261719,"""[40.359184]""","""[0.88639355]""",40.56419372558594,0.12158441543579102,NA,NA,NA,NA,NA
1181,298.3559265136719,"""[40.525993]""","""[0.89214]""",118.72881317138672,0.11216507107019424,NA,NA,NA,NA,NA
1182,296.0944519042969,"""[40.643562]""","""[0.89869374]""",109.56838989257812,0.10608187317848206,NA,NA,NA,NA,NA
1183,297.0187072753906,"""[40.72747]""","""[0.9056102]""",204.34371948242188,0.10236229747533798,NA,NA,NA,NA,NA
1184,291.0029602050781,"""[40.82073]""","""[0.9081803]""",50.100772857666016,0.09618088603019714,NA,NA,NA,NA,NA
1185,284.7713928222656,"""[40.90654]""","""[0.9103684]""",170.741943359375,0.09020183235406876,NA,NA,NA,NA,NA
1186,285.22418212890625,"""[40.964306]""","""[0.91560245]""",112.61215209960938,0.08741478621959686,NA,NA,NA,NA,NA
1187,288.70111083984375,"""[40.998272]""","""[0.9212179]""",52.19403076171875,0.08665073662996292,NA,NA,NA,NA,NA
1188,290.5086975097656,"""[41.032776]""","""[0.92561877]""",47.22493362426758,0.08538161963224411,NA,NA,NA,NA,NA
1189,292.7505798339844,"""[41.057503]""","""[0.9295467]""",57.54098129272461,0.08472685515880585,NA,NA,NA,NA,NA
1190,292.9644775390625,"""[41.08198]""","""[0.932046]""",44.33714294433594,0.08349746465682983,NA,NA,NA,NA,NA
1191,292.2652282714844,"""[41.10584]""","""[0.93386847]""",106.12213134765625,0.08202889561653137,NA,NA,NA,NA,NA
1192,295.32684326171875,"""[41.115986]""","""[0.93713766]""",68.2758560180664,0.08235727250576019,NA,NA,NA,NA,NA
1193,299.85235595703125,"""[41.11741]""","""[0.94065857]""",48.54931640625,0.08356542885303497,NA,NA,NA,NA,NA
1194,302.4668884277344,"""[41.119656]""","""[0.9429385]""",50.345394134521484,0.08417873084545135,NA,NA,NA,NA,NA
1195,302.9613037109375,"""[41.12163]""","""[0.9438151]""",44.66140365600586,0.0841873362660408,NA,NA,NA,NA,NA
1196,303.9917907714844,"""[41.120163]""","""[0.94476265]""",145.58963012695312,0.08453171700239182,NA,NA,NA,NA,NA
1197,299.0701599121094,"""[41.132168]""","""[0.94282013]""",184.7814483642578,0.08243916183710098,NA,NA,NA,NA,NA
1198,295.8837890625,"""[41.112305]""","""[0.93962586]""",76.67558288574219,0.0824894979596138,NA,NA,NA,NA,NA
1199,295.6246643066406,"""[41.087067]""","""[0.9379284]""",72.12493896484375,0.08366823941469193,NA,NA,NA,NA,NA
1200,292.10089111328125,"""[41.066006]""","""[0.93432015]""",200.9147186279297,0.08368304371833801,NA,NA,NA,NA,NA
1201,285.5975036621094,"""[41.08124]""","""[0.93128693]""",406.6358337402344,0.08099523186683655,NA,NA,NA,NA,NA
1202,282.1459655761719,"""[41.050262]""","""[0.9268174]""",64.70478057861328,0.08154669404029846,NA,NA,NA,NA,NA
1203,281.57275390625,"""[41.017223]""","""[0.9241918]""",132.7728271484375,0.08302178233861923,NA,NA,NA,NA,NA
1204,275.9871520996094,"""[40.99314]""","""[0.918528]""",70.78837585449219,0.08261556923389435,NA,NA,NA,NA,NA
1205,268.83319091796875,"""[40.980938]""","""[0.91241187]""",274.2742004394531,0.08118721097707748,NA,NA,NA,NA,NA
1206,267.6601867675781,"""[40.937477]""","""[0.9083391]""",47.38093948364258,0.0830121710896492,NA,NA,NA,NA,NA
1207,267.3758850097656,"""[40.892193]""","""[0.9048343]""",67.55335998535156,0.08515229821205139,NA,NA,NA,NA,NA
1208,269.118896484375,"""[40.8408]""","""[0.9025508]""",81.18733215332031,0.08812062442302704,NA,NA,NA,NA,NA
1209,274.00018310546875,"""[40.786015]""","""[0.9027156]""",54.97763442993164,0.09207337349653244,NA,NA,NA,NA,NA
1210,279.48248291015625,"""[40.723064]""","""[0.9029232]""",43.235408782958984,0.09653981029987335,NA,NA,NA,NA,NA
1211,285.0389404296875,"""[40.659927]""","""[0.9033264]""",61.20928192138672,0.10099265724420547,NA,NA,NA,NA,NA
1212,291.97064208984375,"""[40.58836]""","""[0.9044254]""",60.76844787597656,0.10617745667695999,NA,NA,NA,NA,NA
1213,300.4173583984375,"""[40.511963]""","""[0.90658]""",41.188968658447266,0.11196723580360413,NA,NA,NA,NA,NA
1214,308.20379638671875,"""[40.435524]""","""[0.90833086]""",55.13703155517578,0.11754421889781952,NA,NA,NA,NA,NA
1215,315.2865295410156,"""[40.346333]""","""[0.9088662]""",63.01649475097656,0.12345512211322784,NA,NA,NA,NA,NA
1216,322.41485595703125,"""[40.23927]""","""[0.9085718]""",161.57595825195312,0.13011565804481506,NA,NA,NA,NA,NA
1217,326.0707702636719,"""[40.18803]""","""[0.90885955]""",40.19844055175781,0.13333848118782043,NA,NA,NA,NA,NA
1218,329.2305603027344,"""[40.1395]""","""[0.90893734]""",41.87385559082031,0.13629372417926788,NA,NA,NA,NA,NA
1219,331.7830810546875,"""[40.099777]""","""[0.9090492]""",245.51846313476562,0.13869185745716095,NA,NA,NA,NA,NA
1220,332.5126037597656,"""[40.132946]""","""[0.911783]""",47.34142303466797,0.1374642699956894,NA,NA,NA,NA,NA
1221,333.0189208984375,"""[40.147694]""","""[0.9133014]""",42.45448303222656,0.13695411384105682,NA,NA,NA,NA,NA
1222,332.94866943359375,"""[40.16715]""","""[0.9146178]""",134.8157501220703,0.1360744684934616,NA,NA,NA,NA,NA
1223,330.663330078125,"""[40.217155]""","""[0.91594875]""",46.76481628417969,0.1332368105649948,NA,NA,NA,NA,NA
1224,327.98480224609375,"""[40.270058]""","""[0.9171845]""",410.3463134765625,0.13014839589595795,NA,NA,NA,NA,NA
1225,328.85003662109375,"""[40.247864]""","""[0.91675955]""",44.20526885986328,0.13133381307125092,NA,NA,NA,NA,NA
1226,328.91949462890625,"""[40.234314]""","""[0.9162171]""",41.98046112060547,0.13191336393356323,NA,NA,NA,NA,NA
1227,328.66046142578125,"""[40.22587]""","""[0.91570926]""",182.63009643554688,0.1321772038936615,NA,NA,NA,NA,NA
1228,322.9661560058594,"""[40.256702]""","""[0.91320324]""",50.88866424560547,0.1291733682155609,NA,NA,NA,NA,NA
1229,317.1822509765625,"""[40.294918]""","""[0.9110574]""",82.79217529296875,0.12582917511463165,NA,NA,NA,NA,NA
1230,309.4857177734375,"""[40.34997]""","""[0.9083771]""",82.93783569335938,0.12120608985424042,NA,NA,NA,NA,NA
1231,301.6463623046875,"""[40.423096]""","""[0.90677756]""",69.30529022216797,0.11574003845453262,NA,NA,NA,NA,NA
1232,295.9877624511719,"""[40.466564]""","""[0.9051085]""",81.65545654296875,0.11219178885221481,NA,NA,NA,NA,NA
1233,292.2860412597656,"""[40.480286]""","""[0.90308326]""",131.43161010742188,0.11052246391773224,NA,NA,NA,NA,NA
1234,287.7166442871094,"""[40.53036]""","""[0.9028088]""",470.7752990722656,0.10697050392627716,NA,NA,NA,NA,NA
1235,293.96636962890625,"""[40.525158]""","""[0.9079033]""",107.12651062011719,0.10891322046518326,NA,NA,NA,NA,NA
1236,301.824951171875,"""[40.4953]""","""[0.9125604]""",88.06646728515625,0.11243608593940735,NA,NA,NA,NA,NA
1237,306.4256591796875,"""[40.4821]""","""[0.9156113]""",125.19510650634766,0.11430300772190094,NA,NA,NA,NA,NA
1238,311.34332275390625,"""[40.43045]""","""[0.9164162]""",43.519920349121094,0.11797942221164703,NA,NA,NA,NA,NA
1239,315.384765625,"""[40.3891]""","""[0.9172226]""",40.66831970214844,0.12093865126371384,NA,NA,NA,NA,NA
1240,318.6388244628906,"""[40.351303]""","""[0.9176571]""",81.74552917480469,0.12350989133119583,NA,NA,NA,NA,NA
1241,319.6302185058594,"""[40.335197]""","""[0.9176584]""",108.69345092773438,0.12447613477706909,NA,NA,NA,NA,NA
1242,318.4542236328125,"""[40.353546]""","""[0.91805494]""",50.296607971191406,0.12330964207649231,NA,NA,NA,NA,NA
1243,317.8291320800781,"""[40.35842]""","""[0.91804874]""",138.15902709960938,0.12289300560951233,NA,NA,NA,NA,NA
1244,320.2657165527344,"""[40.33236]""","""[0.9185542]""",44.866493225097656,0.1247129887342453,NA,NA,NA,NA,NA
1245,322.744384765625,"""[40.29972]""","""[0.9187096]""",72.39257049560547,0.12682969868183136,NA,NA,NA,NA,NA
1246,325.78399658203125,"""[40.248585]""","""[0.9182106]""",42.250858306884766,0.12990577518939972,NA,NA,NA,NA,NA
1247,328.5171203613281,"""[40.193714]""","""[0.9173022]""",42.59897232055664,0.1330413967370987,NA,NA,NA,NA,NA
1248,331.21563720703125,"""[40.135197]""","""[0.91620964]""",179.47698974609375,0.13630905747413635,NA,NA,NA,NA,NA
1249,334.6170349121094,"""[40.022263]""","""[0.91262203]""",139.5844268798828,0.14206372201442719,NA,NA,NA,NA,NA
1250,338.2501525878906,"""[39.866333]""","""[0.9069904]""",91.8785400390625,0.1496119499206543,NA,NA,NA,NA,NA
1251,340.2681579589844,"""[39.752876]""","""[0.9026444]""",40.047767639160156,0.15484954416751862,NA,NA,NA,NA,NA
1252,341.8890686035156,"""[39.649086]""","""[0.89860773]""",49.14183807373047,0.15952762961387634,NA,NA,NA,NA,NA
1253,344.7485656738281,"""[39.541187]""","""[0.8955226]""",158.28231811523438,0.1647007167339325,NA,NA,NA,NA,NA
1254,344.4671630859375,"""[39.499573]""","""[0.8932974]""",164.85177612304688,0.16625604033470154,NA,NA,NA,NA,NA
1255,343.8293762207031,"""[39.522007]""","""[0.89417547]""",50.29137420654297,0.16514283418655396,NA,NA,NA,NA,NA
1256,342.7376708984375,"""[39.55696]""","""[0.89533806]""",52.425048828125,0.1633913218975067,NA,NA,NA,NA,NA
1257,341.873291015625,"""[39.567623]""","""[0.8954039]""",43.70631408691406,0.16268116235733032,NA,NA,NA,NA,NA
1258,340.31890869140625,"""[39.58344]""","""[0.8951511]""",186.19046020507812,0.16155874729156494,NA,NA,NA,NA,NA
1259,336.8514099121094,"""[39.65501]""","""[0.8962993]""",146.20628356933594,0.15761993825435638,NA,NA,NA,NA,NA
1260,328.9693298339844,"""[39.75379]""","""[0.8951716]""",175.15054321289062,0.15126699209213257,NA,NA,NA,NA,NA
1261,320.6342468261719,"""[39.770927]""","""[0.88887876]""",152.77313232421875,0.14812925457954407,NA,NA,NA,NA,NA
1262,310.24847412109375,"""[39.834217]""","""[0.8832156]""",58.42873001098633,0.14255236089229584,NA,NA,NA,NA,NA
1263,300.6909484863281,"""[39.91147]""","""[0.87908703]""",44.89149856567383,0.13666385412216187,NA,NA,NA,NA,NA
1264,292.3838806152344,"""[39.96764]""","""[0.87476945]""",234.56866455078125,0.1320192515850067,NA,NA,NA,NA,NA
1265,280.8392639160156,"""[40.060936]""","""[0.86965793]""",65.24365997314453,0.12496623396873474,NA,NA,NA,NA,NA
1266,269.3323059082031,"""[40.15746]""","""[0.8647809]""",40.60780715942383,0.11780592054128647,NA,NA,NA,NA,NA
1267,259.1401062011719,"""[40.242237]""","""[0.86043656]""",44.4560546875,0.11150142550468445,NA,NA,NA,NA,NA
1268,249.87246704101562,"""[40.32281]""","""[0.85680836]""",90.15290832519531,0.10561130195856094,NA,NA,NA,NA,NA
1269,242.5428924560547,"""[40.360695]""","""[0.85183525]""",48.347511291503906,0.1021217331290245,NA,NA,NA,NA,NA
1270,235.4161376953125,"""[40.40276]""","""[0.8473256]""",52.98413848876953,0.09851377457380295,NA,NA,NA,NA,NA
1271,229.68505859375,"""[40.427685]""","""[0.842848]""",49.27849197387695,0.09603933244943619,NA,NA,NA,NA,NA
1272,225.23236083984375,"""[40.439533]""","""[0.83862644]""",44.37446212768555,0.09448279440402985,NA,NA,NA,NA,NA
1273,221.90371704101562,"""[40.443542]""","""[0.83499396]""",185.36483764648438,0.09355593472719193,NA,NA,NA,NA,NA
1274,222.69775390625,"""[40.413197]""","""[0.8333644]""",71.06932830810547,0.09512582421302795,NA,NA,NA,NA,NA
1275,221.9209747314453,"""[40.402035]""","""[0.83150965]""",179.12217712402344,0.0954592227935791,NA,NA,NA,NA,NA
1276,224.7086944580078,"""[40.355625]""","""[0.8310581]""",52.06563186645508,0.09817490726709366,NA,NA,NA,NA,NA
1277,228.00668334960938,"""[40.300217]""","""[0.8305392]""",40.431983947753906,0.10139067471027374,NA,NA,NA,NA,NA
1278,230.90855407714844,"""[40.24964]""","""[0.8300434]""",60.05518341064453,0.10427594184875488,NA,NA,NA,NA,NA
1279,234.91261291503906,"""[40.18836]""","""[0.8301425]""",89.8109359741211,0.10785545408725739,NA,NA,NA,NA,NA
1280,240.35531616210938,"""[40.109802]""","""[0.8307425]""",40.15235137939453,0.11248724907636642,NA,NA,NA,NA,NA
1281,245.30642700195312,"""[40.035492]""","""[0.83121115]""",70.49920654296875,0.11679383367300034,NA,NA,NA,NA,NA
1282,251.69427490234375,"""[39.944813]""","""[0.8323139]""",44.61610412597656,0.12210402637720108,NA,NA,NA,NA,NA
1283,257.99151611328125,"""[39.85148]""","""[0.8332442]""",43.436649322509766,0.1274796724319458,NA,NA,NA,NA,NA
1284,263.47918701171875,"""[39.774017]""","""[0.8345071]""",42.68794250488281,0.13197536766529083,NA,NA,NA,NA,NA
1285,268.8074951171875,"""[39.69236]""","""[0.8353486]""",39.81391906738281,0.13659517467021942,NA,NA,NA,NA,NA
1286,273.53546142578125,"""[39.617413]""","""[0.83603233]""",61.49341583251953,0.14077967405319214,NA,NA,NA,NA,NA
1287,278.29241943359375,"""[39.521534]""","""[0.8353458]""",41.45792007446289,0.1458105891942978,NA,NA,NA,NA,NA
1288,282.85516357421875,"""[39.4251]""","""[0.8345239]""",86.56309509277344,0.15078963339328766,NA,NA,NA,NA,NA
1289,288.18231201171875,"""[39.384605]""","""[0.838515]""",54.348026275634766,0.1537170261144638,NA,NA,NA,NA,NA
1290,292.3142395019531,"""[39.369125]""","""[0.8426948]""",53.377777099609375,0.15535858273506165,NA,NA,NA,NA,NA
1291,295.7814636230469,"""[39.3767]""","""[0.8475571]""",127.52265930175781,0.15592579543590546,NA,NA,NA,NA,NA
1292,296.4301452636719,"""[39.419296]""","""[0.8514749]""",94.22877502441406,0.15435436367988586,NA,NA,NA,NA,NA
1293,297.1955261230469,"""[39.410835]""","""[0.85215074]""",50.51608657836914,0.15484872460365295,NA,NA,NA,NA,NA
1294,297.79583740234375,"""[39.420338]""","""[0.85381657]""",60.404869079589844,0.1545848399400711,NA,NA,NA,NA,NA
1295,297.3630676269531,"""[39.452686]""","""[0.8558133]""",205.631591796875,0.15313269197940826,NA,NA,NA,NA,NA
1296,291.7745666503906,"""[39.5395]""","""[0.8556624]""",39.8915901184082,0.14810962975025177,NA,NA,NA,NA,NA
1297,286.6253662109375,"""[39.61774]""","""[0.85551107]""",84.17145538330078,0.14354035258293152,NA,NA,NA,NA,NA
1298,283.1763000488281,"""[39.652542]""","""[0.85429156]""",48.78256607055664,0.14118099212646484,NA,NA,NA,NA,NA
1299,279.23614501953125,"""[39.69805]""","""[0.8532555]""",76.28518676757812,0.13826008141040802,NA,NA,NA,NA,NA
1300,275.5465087890625,"""[39.773323]""","""[0.8547334]""",52.57337188720703,0.13417020440101624,NA,NA,NA,NA,NA
1301,271.8062438964844,"""[39.856445]""","""[0.85686606]""",115.68633270263672,0.12971705198287964,NA,NA,NA,NA,NA
1302,269.8423156738281,"""[39.895958]""","""[0.8578362]""",49.689144134521484,0.12752357125282288,NA,NA,NA,NA,NA
1303,267.266357421875,"""[39.94094]""","""[0.8585473]""",157.14947509765625,0.12493896484375,NA,NA,NA,NA,NA
1304,267.6781311035156,"""[39.937737]""","""[0.8590705]""",81.40699768066406,0.12513810396194458,NA,NA,NA,NA,NA
1305,266.7658386230469,"""[39.96541]""","""[0.860428]""",113.57251739501953,0.12369739264249802,NA,NA,NA,NA,NA
1306,263.8782958984375,"""[40.02394]""","""[0.8619177]""",68.18154907226562,0.12044185400009155,NA,NA,NA,NA,NA
1307,263.99114990234375,"""[40.06047]""","""[0.86526877]""",108.80467224121094,0.11886057257652283,NA,NA,NA,NA,NA
1308,263.9725341796875,"""[40.13422]""","""[0.87151754]""",45.12322235107422,0.11562473326921463,NA,NA,NA,NA,NA
1309,264.7089538574219,"""[40.191074]""","""[0.87729144]""",50.510379791259766,0.11329314112663269,NA,NA,NA,NA,NA
1310,266.5699157714844,"""[40.23224]""","""[0.88302475]""",43.776615142822266,0.11192828416824341,NA,NA,NA,NA,NA
1311,268.0953063964844,"""[40.259476]""","""[0.8871956]""",40.482696533203125,0.11109070479869843,NA,NA,NA,NA,NA
1312,269.2935485839844,"""[40.284916]""","""[0.8908361]""",41.80698013305664,0.11024843901395798,NA,NA,NA,NA,NA
1313,270.1314697265625,"""[40.312046]""","""[0.8942114]""",41.80693054199219,0.10923662036657333,NA,NA,NA,NA,NA
1314,270.40618896484375,"""[40.339417]""","""[0.8970015]""",82.93070983886719,0.1080642119050026,NA,NA,NA,NA,NA
1315,269.6931457519531,"""[40.388824]""","""[0.9005947]""",155.9075469970703,0.1056390255689621,NA,NA,NA,NA,NA
1316,271.5730285644531,"""[40.39304]""","""[0.90311736]""",46.21849822998047,0.1059223935008049,NA,NA,NA,NA,NA
1317,273.84991455078125,"""[40.388733]""","""[0.9053164]""",343.7059631347656,0.10669785737991333,NA,NA,NA,NA,NA
1318,272.6284484863281,"""[40.455532]""","""[0.9098921]""",47.49553298950195,0.10333596169948578,NA,NA,NA,NA,NA
1319,272.1638488769531,"""[40.50481]""","""[0.91385144]""",44.00011444091797,0.10094431787729263,NA,NA,NA,NA,NA
1320,272.1568603515625,"""[40.542225]""","""[0.917292]""",40.626346588134766,0.09920389950275421,NA,NA,NA,NA,NA
1321,272.1356506347656,"""[40.573914]""","""[0.9202442]""",47.374446868896484,0.09771401435136795,NA,NA,NA,NA,NA
1322,271.5180358886719,"""[40.609234]""","""[0.9229498]""",43.314208984375,0.09588487446308136,NA,NA,NA,NA,NA
1323,271.3238220214844,"""[40.634666]""","""[0.92522514]""",47.37247848510742,0.09462340176105499,NA,NA,NA,NA,NA
1324,271.8013000488281,"""[40.65022]""","""[0.9272767]""",144.3410186767578,0.09400490671396255,NA,NA,NA,NA,NA
1325,274.7263488769531,"""[40.633026]""","""[0.92874247]""",46.91676330566406,0.09559498727321625,NA,NA,NA,NA,NA
1326,278.1407775878906,"""[40.609188]""","""[0.9301006]""",54.543617248535156,0.09762851893901825,NA,NA,NA,NA,NA
1327,281.993896484375,"""[40.574787]""","""[0.9309909]""",200.14691162109375,0.1002674475312233,NA,NA,NA,NA,NA
1328,282.48797607421875,"""[40.583664]""","""[0.9323772]""",40.70720672607422,0.0999792069196701,NA,NA,NA,NA,NA
1329,282.689208984375,"""[40.591537]""","""[0.9334031]""",58.09077072143555,0.09965556114912033,NA,NA,NA,NA,NA
1330,281.92803955078125,"""[40.611942]""","""[0.9345871]""",259.49627685546875,0.09848477691411972,NA,NA,NA,NA,NA
1331,278.44122314453125,"""[40.68029]""","""[0.9374205]""",54.15841293334961,0.09430904686450958,NA,NA,NA,NA,NA
1332,273.7366943359375,"""[40.744904]""","""[0.939025]""",66.09153747558594,0.08991838246583939,NA,NA,NA,NA,NA
1333,268.5921325683594,"""[40.813644]""","""[0.9408585]""",106.3316650390625,0.08514893800020218,NA,NA,NA,NA,NA
1334,266.8982238769531,"""[40.85447]""","""[0.94339]""",117.96746063232422,0.08265917748212814,NA,NA,NA,NA,NA
1335,269.12310791015625,"""[40.874626]""","""[0.9475025]""",101.51895141601562,0.08227811753749847,NA,NA,NA,NA,NA
1336,272.9249572753906,"""[40.873188]""","""[0.95088047]""",85.9380111694336,0.08341523259878159,NA,NA,NA,NA,NA
1337,279.0786437988281,"""[40.862106]""","""[0.9553338]""",119.62613677978516,0.08570324629545212,NA,NA,NA,NA,NA
1338,287.7782897949219,"""[40.835114]""","""[0.96043664]""",62.19673156738281,0.08950341492891312,NA,NA,NA,NA,NA
1339,297.7196044921875,"""[40.798214]""","""[0.96564996]""",40.80226135253906,0.09414061903953552,NA,NA,NA,NA,NA
1340,306.73150634765625,"""[40.76245]""","""[0.9701561]""",57.59449768066406,0.09845147281885147,NA,NA,NA,NA,NA
1341,311.9896240234375,"""[40.72922]""","""[0.97185403]""",43.04363250732422,0.10153975337743759,NA,NA,NA,NA,NA
1342,316.33575439453125,"""[40.702824]""","""[0.97338116]""",157.78216552734375,0.10403584688901901,NA,NA,NA,NA,NA
1343,315.9151611328125,"""[40.70128]""","""[0.9731018]""",43.59346008300781,0.10397674888372421,NA,NA,NA,NA,NA
1344,314.4590759277344,"""[40.701256]""","""[0.9721058]""",119.95430755615234,0.10354284942150116,NA,NA,NA,NA,NA
1345,316.4224853515625,"""[40.679806]""","""[0.9721686]""",65.84752655029297,0.10510516911745071,NA,NA,NA,NA,NA
1346,316.1900329589844,"""[40.672096]""","""[0.97152495]""",50.49522399902344,0.10538611561059952,NA,NA,NA,NA,NA
1347,317.51300048828125,"""[40.658134]""","""[0.9716378]""",92.91879272460938,0.10641077905893326,NA,NA,NA,NA,NA
1348,317.2776184082031,"""[40.67499]""","""[0.97285265]""",182.31570434570312,0.105560302734375,NA,NA,NA,NA,NA
1349,319.95391845703125,"""[40.65482]""","""[0.9735617]""",53.50379943847656,0.10727012902498245,NA,NA,NA,NA,NA
1350,320.9020690917969,"""[40.645107]""","""[0.973687]""",80.53340148925781,0.10798856616020203,NA,NA,NA,NA,NA
1351,320.1762390136719,"""[40.65642]""","""[0.97408956]""",44.74462127685547,0.10725127905607224,NA,NA,NA,NA,NA
1352,318.295166015625,"""[40.669083]""","""[0.97368014]""",40.96088409423828,0.10610955953598022,NA,NA,NA,NA,NA
1353,316.19171142578125,"""[40.680412]""","""[0.9729888]""",58.19084548950195,0.10496310889720917,NA,NA,NA,NA,NA
1354,315.95428466796875,"""[40.68204]""","""[0.973034]""",176.83460998535156,0.10481307655572891,NA,NA,NA,NA,NA
1355,317.26495361328125,"""[40.639553]""","""[0.97094935]""",44.36865234375,0.1071457639336586,NA,NA,NA,NA,NA
1356,318.8251647949219,"""[40.592842]""","""[0.96880424]""",72.97359466552734,0.10972774773836136,NA,NA,NA,NA,NA
1357,322.6982421875,"""[40.53612]""","""[0.96788114]""",254.12646484375,0.1134239211678505,NA,NA,NA,NA,NA
1358,321.739501953125,"""[40.527138]""","""[0.9665857]""",75.57567596435547,0.113540880382061,NA,NA,NA,NA,NA
1359,317.9976806640625,"""[40.531536]""","""[0.96395516]""",164.44354248046875,0.11223923414945602,NA,NA,NA,NA,NA
1360,314.6800842285156,"""[40.584446]""","""[0.96533155]""",110.38595581054688,0.1088753417134285,NA,NA,NA,NA,NA
1361,312.6380310058594,"""[40.59418]""","""[0.96451455]""",43.78135681152344,0.10783175379037857,NA,NA,NA,NA,NA
1362,310.3896484375,"""[40.607834]""","""[0.96382964]""",195.2277374267578,0.10654930770397186,NA,NA,NA,NA,NA
1363,309.50628662109375,"""[40.582806]""","""[0.96122164]""",60.10881042480469,0.10742361098527908,NA,NA,NA,NA,NA
1364,308.7928466796875,"""[40.541348]""","""[0.95749485]""",40.62158966064453,0.10908429324626923,NA,NA,NA,NA,NA
1365,307.8521728515625,"""[40.503002]""","""[0.9538177]""",41.628353118896484,0.1105278804898262,NA,NA,NA,NA,NA
1366,306.689208984375,"""[40.471203]""","""[0.95044315]""",49.84049606323242,0.11160553991794586,NA,NA,NA,NA,NA
1367,306.7108154296875,"""[40.430286]""","""[0.9474416]""",44.19390106201172,0.11342323571443558,NA,NA,NA,NA,NA
1368,307.2104797363281,"""[40.386353]""","""[0.9446688]""",55.509544372558594,0.11550011485815048,NA,NA,NA,NA,NA
1369,307.3336181640625,"""[40.360737]""","""[0.94295514]""",47.075592041015625,0.1166531965136528,NA,NA,NA,NA,NA
1370,306.1092529296875,"""[40.344795]""","""[0.94073534]""",42.637664794921875,0.11699087172746658,NA,NA,NA,NA,NA
1371,305.2533264160156,"""[40.323303]""","""[0.93843156]""",60.56736755371094,0.11767541617155075,NA,NA,NA,NA,NA
1372,303.3115539550781,"""[40.32278]""","""[0.9366756]""",45.00674057006836,0.11713402718305588,NA,NA,NA,NA,NA
1373,300.751220703125,"""[40.328682]""","""[0.93481165]""",82.09236145019531,0.11613675951957703,NA,NA,NA,NA,NA
1374,296.9642028808594,"""[40.35629]""","""[0.9334386]""",44.28483963012695,0.11384246498346329,NA,NA,NA,NA,NA
1375,293.606689453125,"""[40.371895]""","""[0.931541]""",132.120361328125,0.11219777166843414,NA,NA,NA,NA,NA
1376,291.93450927734375,"""[40.351143]""","""[0.9283804]""",52.17674255371094,0.11263064295053482,NA,NA,NA,NA,NA
1377,291.0141906738281,"""[40.31839]""","""[0.9249922]""",52.97172164916992,0.11379885673522949,NA,NA,NA,NA,NA
1378,289.3700866699219,"""[40.30166]""","""[0.9221362]""",64.76121520996094,0.11406087130308151,NA,NA,NA,NA,NA
1379,285.8579406738281,"""[40.29993]""","""[0.9185555]""",40.43941879272461,0.1131519004702568,NA,NA,NA,NA,NA
1380,282.7205810546875,"""[40.296463]""","""[0.91516453]""",48.416587829589844,0.11242882907390594,NA,NA,NA,NA,NA
1381,279.35247802734375,"""[40.303646]""","""[0.9123554]""",369.66278076171875,0.11118283867835999,NA,NA,NA,NA,NA
1382,286.8540954589844,"""[40.266968]""","""[0.91738296]""",50.64678192138672,0.1148260235786438,NA,NA,NA,NA,NA
1383,292.9350280761719,"""[40.24561]""","""[0.9220711]""",45.99150848388672,0.11742869019508362,NA,NA,NA,NA,NA
1384,297.9119873046875,"""[40.2348]""","""[0.9263799]""",122.24195861816406,0.1192808449268341,NA,NA,NA,NA,NA
1385,305.0543212890625,"""[40.186333]""","""[0.9299169]""",91.05052185058594,0.12337902933359146,NA,NA,NA,NA,NA
1386,309.6815185546875,"""[40.16692]""","""[0.93313915]""",40.20835494995117,0.12552303075790405,NA,NA,NA,NA,NA
1387,313.7220764160156,"""[40.147232]""","""[0.9357447]""",131.3647918701172,0.12751589715480804,NA,NA,NA,NA,NA
1388,319.7237243652344,"""[40.08563]""","""[0.9372032]""",46.31214141845703,0.13185736536979675,NA,NA,NA,NA,NA
1389,324.3251647949219,"""[40.038]""","""[0.93837625]""",149.95172119140625,0.13519546389579773,NA,NA,NA,NA,NA
1390,331.6275634765625,"""[39.9506]""","""[0.9394078]""",40.533477783203125,0.14098410308361053,NA,NA,NA,NA,NA
1391,338.2323913574219,"""[39.864773]""","""[0.9400224]""",161.55764770507812,0.14648571610450745,NA,NA,NA,NA,NA
1392,341.7940979003906,"""[39.837944]""","""[0.9417002]""",207.25439453125,0.14864575862884521,NA,NA,NA,NA,NA
1393,342.2103271484375,"""[39.86907]""","""[0.94417214]""",63.05182647705078,0.14748170971870422,NA,NA,NA,NA,NA
1394,342.0869445800781,"""[39.863327]""","""[0.94382745]""",44.69354248046875,0.1476675420999527,NA,NA,NA,NA,NA
1395,341.19573974609375,"""[39.865845]""","""[0.943324]""",39.94879150390625,0.14728260040283203,NA,NA,NA,NA,NA
1396,340.21405029296875,"""[39.864918]""","""[0.94251454]""",81.10664367675781,0.14701244235038757,NA,NA,NA,NA,NA
1397,338.1298522949219,"""[39.89319]""","""[0.94258803]""",41.31574630737305,0.1452113687992096,NA,NA,NA,NA,NA
1398,336.0594482421875,"""[39.923206]""","""[0.9428025]""",59.036739349365234,0.14334094524383545,NA,NA,NA,NA,NA
1399,334.7358703613281,"""[39.9268]""","""[0.94198465]""",149.9894561767578,0.14278484880924225,NA,NA,NA,NA,NA
1400,332.9125671386719,"""[39.98191]""","""[0.9441139]""",52.055511474609375,0.13994452357292175,NA,NA,NA,NA,NA
1401,331.4364013671875,"""[40.013542]""","""[0.94502896]""",43.87554931640625,0.13817541301250458,NA,NA,NA,NA,NA
1402,330.4746398925781,"""[40.032406]""","""[0.94557166]""",63.72787857055664,0.1370900720357895,NA,NA,NA,NA,NA
1403,329.7967529296875,"""[40.024822]""","""[0.94457406]""",73.80717468261719,0.13719429075717926,NA,NA,NA,NA,NA
1404,330.19012451171875,"""[39.994102]""","""[0.94298893]""",78.41923522949219,0.1385810673236847,NA,NA,NA,NA,NA
1405,331.707275390625,"""[39.938828]""","""[0.9408104]""",41.232398986816406,0.141315296292305,NA,NA,NA,NA,NA
1406,332.5069580078125,"""[39.89119]""","""[0.93852085]""",40.08081817626953,0.14350804686546326,NA,NA,NA,NA,NA
1407,332.9662780761719,"""[39.84843]""","""[0.93626183]""",55.132972717285156,0.1453896015882492,NA,NA,NA,NA,NA
1408,333.57745361328125,"""[39.78784]""","""[0.93300897]""",114.49293518066406,0.14803461730480194,NA,NA,NA,NA,NA
1409,332.4451904296875,"""[39.76944]""","""[0.9308896]""",54.260780334472656,0.14843308925628662,NA,NA,NA,NA,NA
1410,332.4780578613281,"""[39.73587]""","""[0.92888373]""",41.36717987060547,0.14979225397109985,NA,NA,NA,NA,NA
1411,332.4053955078125,"""[39.696754]""","""[0.9264226]""",65.83247375488281,0.15133872628211975,NA,NA,NA,NA,NA
1412,332.4772644042969,"""[39.69189]""","""[0.9263176]""",192.72372436523438,0.15154406428337097,NA,NA,NA,NA,NA
1413,329.9525451660156,"""[39.74424]""","""[0.92742753]""",108.26524353027344,0.1486646980047226,NA,NA,NA,NA,NA
1414,325.58172607421875,"""[39.82873]""","""[0.92893755]""",44.020179748535156,0.14391934871673584,NA,NA,NA,NA,NA
1415,320.9824523925781,"""[39.911636]""","""[0.9302457]""",41.39423370361328,0.13915018737316132,NA,NA,NA,NA,NA
1416,316.0620422363281,"""[39.986977]""","""[0.93084466]""",46.314247131347656,0.13457916676998138,NA,NA,NA,NA,NA
1417,310.6544494628906,"""[40.060535]""","""[0.9309523]""",46.08470916748047,0.12992362678050995,NA,NA,NA,NA,NA
1418,305.232177734375,"""[40.133835]""","""[0.93114936]""",189.50709533691406,0.12525717914104462,NA,NA,NA,NA,NA
1419,303.298095703125,"""[40.14578]""","""[0.9303085]""",55.49298095703125,0.12418320775032043,NA,NA,NA,NA,NA
1420,300.7720642089844,"""[40.17046]""","""[0.92983764]""",112.86419677734375,0.12239892035722733,NA,NA,NA,NA,NA
1421,296.75933837890625,"""[40.229237]""","""[0.93052304]""",40.7167854309082,0.11872806400060654,NA,NA,NA,NA,NA
1422,292.7562255859375,"""[40.281567]""","""[0.9307979]""",40.97430419921875,0.11532272398471832,NA,NA,NA,NA,NA
1423,289.2191467285156,"""[40.32345]""","""[0.9307697]""",51.37875747680664,0.11249105632305145,NA,NA,NA,NA,NA
1424,284.8240966796875,"""[40.368393]""","""[0.93017906]""",62.58134460449219,0.10927630215883255,NA,NA,NA,NA,NA
1425,280.8663024902344,"""[40.426746]""","""[0.9312598]""",45.30682373046875,0.10557468235492706,NA,NA,NA,NA,NA
1426,276.56658935546875,"""[40.481907]""","""[0.93183964]""",45.463253021240234,0.10189734399318695,NA,NA,NA,NA,NA
1427,273.5547790527344,"""[40.52308]""","""[0.9326016]""",85.42001342773438,0.0991879403591156,NA,NA,NA,NA,NA
1428,273.5103454589844,"""[40.54329]""","""[0.93457085]""",141.01979064941406,0.09824001044034958,NA,NA,NA,NA,NA
1429,276.7573547363281,"""[40.536217]""","""[0.9374073]""",89.14083862304688,0.09944860637187958,NA,NA,NA,NA,NA
1430,281.3021545410156,"""[40.501026]""","""[0.9390705]""",44.30239486694336,0.10229741036891937,NA,NA,NA,NA,NA
1431,285.8345947265625,"""[40.46223]""","""[0.9404362]""",40.51145935058594,0.10529834032058716,NA,NA,NA,NA,NA
1432,289.81719970703125,"""[40.424572]""","""[0.94138753]""",209.3215789794922,0.10808693617582321,NA,NA,NA,NA,NA
1433,296.7376708984375,"""[40.339]""","""[0.9413732]""",49.007469177246094,0.113805390894413,NA,NA,NA,NA,NA
1434,302.1698303222656,"""[40.2678]""","""[0.941237]""",40.4846305847168,0.11843759566545486,NA,NA,NA,NA,NA
1435,307.00311279296875,"""[40.198452]""","""[0.940793]""",49.4570426940918,0.12279332429170609,NA,NA,NA,NA,NA
1436,311.8509826660156,"""[40.119656]""","""[0.9397924]""",40.27960968017578,0.12753088772296906,NA,NA,NA,NA,NA
1437,316.033935546875,"""[40.047115]""","""[0.9387384]""",63.22566223144531,0.13178592920303345,NA,NA,NA,NA,NA
1438,321.0815734863281,"""[39.958294]""","""[0.93750685]""",54.02763366699219,0.13694873452186584,NA,NA,NA,NA,NA
1439,325.42022705078125,"""[39.85314]""","""[0.9346142]""",119.83819580078125,0.14254191517829895,NA,NA,NA,NA,NA
1440,326.64520263671875,"""[39.794903]""","""[0.9319884]""",41.055450439453125,0.1452663540840149,NA,NA,NA,NA,NA
1441,327.0122985839844,"""[39.74494]""","""[0.92910653]""",149.66390991210938,0.14738745987415314,NA,NA,NA,NA,NA
1442,328.7639465332031,"""[39.635323]""","""[0.9237026]""",48.418701171875,0.15230192244052887,NA,NA,NA,NA,NA
1443,330.95233154296875,"""[39.51666]""","""[0.91831017]""",74.96541595458984,0.15765967965126038,NA,NA,NA,NA,NA
1444,332.8594055175781,"""[39.36792]""","""[0.9108777]""",50.32738494873047,0.16405931115150452,NA,NA,NA,NA,NA
1445,335.0322570800781,"""[39.214172]""","""[0.90362996]""",40.01646423339844,0.17066031694412231,NA,NA,NA,NA,NA
1446,336.8558349609375,"""[39.063484]""","""[0.896426]""",116.88356018066406,0.1769685596227646,NA,NA,NA,NA,NA
1447,338.3555603027344,"""[38.863853]""","""[0.88612014]""",65.3371810913086,0.18495500087738037,NA,NA,NA,NA,NA
1448,338.3126220703125,"""[38.704895]""","""[0.87675893]""",44.00974655151367,0.19085855782032013,NA,NA,NA,NA,NA
1449,338.336181640625,"""[38.57494]""","""[0.8692937]""",116.49575805664062,0.19565166532993317,NA,NA,NA,NA,NA
1450,340.1251525878906,"""[38.53803]""","""[0.8693553]""",87.41777801513672,0.19753634929656982,NA,NA,NA,NA,NA
1451,340.0950927734375,"""[38.43937]""","""[0.8637656]""",38.6640739440918,0.20111960172653198,NA,NA,NA,NA,NA
1452,339.9497985839844,"""[38.3514]""","""[0.8586928]""",86.2416763305664,0.2042573094367981,NA,NA,NA,NA,NA
1453,339.5990905761719,"""[38.327305]""","""[0.85705525]""",45.209163665771484,0.20500224828720093,NA,NA,NA,NA,NA
1454,338.62835693359375,"""[38.27882]""","""[0.8532772]""",43.84178161621094,0.20643873512744904,NA,NA,NA,NA,NA
1455,337.57843017578125,"""[38.249775]""","""[0.85051095]""",153.537353515625,0.20714452862739563,NA,NA,NA,NA,NA
1456,337.84454345703125,"""[38.321587]""","""[0.8551084]""",111.3688735961914,0.20460504293441772,NA,NA,NA,NA,NA
1457,335.9295349121094,"""[38.433243]""","""[0.8594493]""",116.73890686035156,0.1999412477016449,NA,NA,NA,NA,NA
1458,335.2417907714844,"""[38.604034]""","""[0.8688644]""",50.24614334106445,0.19344961643218994,NA,NA,NA,NA,NA
1459,335.2001953125,"""[38.728268]""","""[0.87643963]""",100.02821350097656,0.18881693482398987,NA,NA,NA,NA,NA
1460,332.60565185546875,"""[38.760815]""","""[0.87559366]""",78.78040313720703,0.18680089712142944,NA,NA,NA,NA,NA
1461,330.114990234375,"""[38.837357]""","""[0.8775647]""",48.43156433105469,0.1831764280796051,NA,NA,NA,NA,NA
1462,326.9165344238281,"""[38.87865]""","""[0.8765635]""",533.6763916015625,0.18065625429153442,NA,NA,NA,NA,NA
1463,319.2665710449219,"""[39.04994]""","""[0.87855387]""",68.59060668945312,0.1719331294298172,NA,NA,NA,NA,NA
1464,312.6210632324219,"""[39.233635]""","""[0.88295984]""",150.88404846191406,0.16297157108783722,NA,NA,NA,NA,NA
1465,303.5906677246094,"""[39.452618]""","""[0.8874182]""",89.65579223632812,0.15187802910804749,NA,NA,NA,NA,NA
1466,294.16961669921875,"""[39.675587]""","""[0.8925198]""",66.34400177001953,0.1403825730085373,NA,NA,NA,NA,NA
1467,284.35882568359375,"""[39.884468]""","""[0.89700365]""",40.43986892700195,0.12919022142887115,NA,NA,NA,NA,NA
1468,275.8140563964844,"""[40.056343]""","""[0.9009224]""",45.57830047607422,0.11971226334571838,NA,NA,NA,NA,NA
1469,268.33148193359375,"""[40.190052]""","""[0.90356356]""",151.3435516357422,0.11200989037752151,NA,NA,NA,NA,NA
1470,265.020263671875,"""[40.272552]""","""[0.9071829]""",43.05574417114258,0.10752925276756287,NA,NA,NA,NA,NA
1471,261.47198486328125,"""[40.348915]""","""[0.9101621]""",134.46832275390625,0.10321150720119476,NA,NA,NA,NA,NA
1472,253.7714385986328,"""[40.437347]""","""[0.90940666]""",40.450408935546875,0.0972413644194603,NA,NA,NA,NA,NA
1473,246.86119079589844,"""[40.512356]""","""[0.9085682]""",83.61122131347656,0.09203259646892548,NA,NA,NA,NA,NA
1474,242.9437713623047,"""[40.558025]""","""[0.90865123]""",42.43672180175781,0.0888986811041832,NA,NA,NA,NA,NA
1475,239.00709533691406,"""[40.600613]""","""[0.9084779]""",40.6729850769043,0.08588468283414841,NA,NA,NA,NA,NA
1476,235.48826599121094,"""[40.636417]""","""[0.90817875]""",48.1619758605957,0.08327920734882355,NA,NA,NA,NA,NA
1477,230.4197235107422,"""[40.669773]""","""[0.905653]""",45.373783111572266,0.08040165156126022,NA,NA,NA,NA,NA
1478,226.60308837890625,"""[40.694427]""","""[0.9037635]""",67.18791198730469,0.07824686914682388,NA,NA,NA,NA,NA
1479,226.07968139648438,"""[40.708286]""","""[0.90496737]""",53.10908889770508,0.0774087980389595,NA,NA,NA,NA,NA
1480,227.0751953125,"""[40.712776]""","""[0.9070559]""",60.2296142578125,0.07740037143230438,NA,NA,NA,NA,NA
1481,230.52825927734375,"""[40.710365]""","""[0.91150266]""",323.26959228515625,0.07833627611398697,NA,NA,NA,NA,NA
1482,246.55062866210938,"""[40.69651]""","""[0.92998487]""",206.1917724609375,0.08304998278617859,NA,NA,NA,NA,NA
1483,267.8603210449219,"""[40.654846]""","""[0.9500431]""",111.34619903564453,0.09073056280612946,NA,NA,NA,NA,NA
1484,284.7049255371094,"""[40.6383]""","""[0.96633434]""",60.34343719482422,0.09620456397533417,NA,NA,NA,NA,NA
1485,302.46563720703125,"""[40.613667]""","""[0.9817305]""",62.59825134277344,0.10244353115558624,NA,NA,NA,NA,NA
1486,320.2603759765625,"""[40.57576]""","""[0.9951554]""",62.081947326660156,0.10939492285251617,NA,NA,NA,NA,NA
1487,338.4605712890625,"""[40.52877]""","""[1.0075339]""",149.04458618164062,0.11694803088903427,NA,NA,NA,NA,NA
1488,348.5672607421875,"""[40.50165]""","""[1.014214]""",68.06634521484375,0.12121235579252243,NA,NA,NA,NA,NA
1489,356.7230529785156,"""[40.495647]""","""[1.0206654]""",204.3425750732422,0.12396731972694397,NA,NA,NA,NA,NA
1490,373.9561462402344,"""[40.483406]""","""[1.033559]""",56.21314239501953,0.12981854379177094,NA,NA,NA,NA,NA
1491,390.64984130859375,"""[40.459023]""","""[1.0446159]""",72.12694549560547,0.136081725358963,NA,NA,NA,NA,NA
1492,403.9028625488281,"""[40.453983]""","""[1.0539912]""",52.383827209472656,0.14044944941997528,NA,NA,NA,NA,NA
1493,417.35711669921875,"""[40.43863]""","""[1.0625218]""",53.47698974609375,0.14535361528396606,NA,NA,NA,NA,NA
1494,429.8086242675781,"""[40.443024]""","""[1.0712949]""",41.03323745727539,0.149086594581604,NA,NA,NA,NA,NA
1495,440.978271484375,"""[40.44241]""","""[1.0786428]""",69.1937255859375,0.1526448130607605,NA,NA,NA,NA,NA
1496,452.1595458984375,"""[40.47]""","""[1.0874203]""",166.4986572265625,0.15495754778385162,NA,NA,NA,NA,NA
1497,459.9165954589844,"""[40.53283]""","""[1.0958792]""",41.21044921875,0.1545957624912262,NA,NA,NA,NA,NA
1498,466.8017578125,"""[40.592056]""","""[1.1034219]""",40.730804443359375,0.1540914922952652,NA,NA,NA,NA,NA
1499,472.7035217285156,"""[40.641853]""","""[1.1096966]""",44.478023529052734,0.15368086099624634,NA,NA,NA,NA,NA
1500,477.28582763671875,"""[40.691895]""","""[1.1151179]""",41.15163803100586,0.15282322466373444,NA,NA,NA,NA,NA
1501,481.2100524902344,"""[40.732243]""","""[1.1195303]""",50.191688537597656,0.1521906554698944,NA,NA,NA,NA,NA
1502,484.4154968261719,"""[40.75298]""","""[1.1223428]""",177.90187072753906,0.1522352397441864,NA,NA,NA,NA,NA
1503,484.75360107421875,"""[40.809055]""","""[1.1256387]""",42.00584411621094,0.1497218757867813,NA,NA,NA,NA,NA
1504,485.0855407714844,"""[40.85418]""","""[1.1282872]""",55.44203186035156,0.1477048695087433,NA,NA,NA,NA,NA
1505,481.54510498046875,"""[40.8939]""","""[1.1285253]""",45.54670715332031,0.14472155272960663,NA,NA,NA,NA,NA
1506,476.4735412597656,"""[40.930916]""","""[1.1277946]""",60.38371276855469,0.14138178527355194,NA,NA,NA,NA,NA
1507,472.592529296875,"""[40.94772]""","""[1.1264479]""",51.900367736816406,0.1393744796514511,NA,NA,NA,NA,NA
1508,467.6342468261719,"""[40.969917]""","""[1.124859]""",40.992313385009766,0.13677190244197845,NA,NA,NA,NA,NA
1509,462.62579345703125,"""[40.98687]""","""[1.1228995]""",214.2021484375,0.13440360128879547,NA,NA,NA,NA,NA
1510,451.0839538574219,"""[41.035763]""","""[1.1194582]""",66.86876678466797,0.12845462560653687,NA,NA,NA,NA,NA
1511,442.1631774902344,"""[41.06437]""","""[1.1160933]""",64.95992279052734,0.12429282069206238,NA,NA,NA,NA,NA
1512,431.9226989746094,"""[41.103756]""","""[1.1127787]""",41.440250396728516,0.1191873773932457,NA,NA,NA,NA,NA
1513,421.9328918457031,"""[41.136314]""","""[1.1091547]""",82.16324615478516,0.11448273062705994,NA,NA,NA,NA,NA
1514,416.4887390136719,"""[41.153072]""","""[1.1069229]""",41.204689025878906,0.11196719855070114,NA,NA,NA,NA,NA
1515,411.2173156738281,"""[41.165356]""","""[1.1044517]""",123.36430358886719,0.10972483456134796,NA,NA,NA,NA,NA
1516,410.2448425292969,"""[41.162807]""","""[1.1032199]""",41.256629943847656,0.10955528914928436,NA,NA,NA,NA,NA
1517,409.1039733886719,"""[41.1582]""","""[1.1017388]""",155.84158325195312,0.10943674296140671,NA,NA,NA,NA,NA
1518,417.3302307128906,"""[41.1456]""","""[1.1049384]""",175.90283203125,0.11263006925582886,NA,NA,NA,NA,NA
1519,431.43499755859375,"""[41.111355]""","""[1.1097798]""",41.733455657958984,0.1187158077955246,NA,NA,NA,NA,NA
1520,443.96014404296875,"""[41.080208]""","""[1.1139666]""",150.54232788085938,0.12414398789405823,NA,NA,NA,NA,NA
1521,452.08233642578125,"""[40.996895]""","""[1.1122088]""",46.39836883544922,0.13071651756763458,NA,NA,NA,NA,NA
1522,459.0260009765625,"""[40.92554]""","""[1.1108551]""",108.55673217773438,0.13630497455596924,NA,NA,NA,NA,NA
1523,466.0021057128906,"""[40.83181]""","""[1.1083064]""",125.7054672241211,0.14292855560779572,NA,NA,NA,NA,NA
1524,471.1336364746094,"""[40.78603]""","""[1.1078385]""",87.88457489013672,0.14668768644332886,NA,NA,NA,NA,NA
1525,474.9307556152344,"""[40.769123]""","""[1.1084208]""",42.83583450317383,0.1486738622188568,NA,NA,NA,NA,NA
1526,477.9898681640625,"""[40.745296]""","""[1.1082015]""",77.67735290527344,0.15075147151947021,NA,NA,NA,NA,NA
1527,482.67449951171875,"""[40.70165]""","""[1.1077847]""",69.79306030273438,0.15425829589366913,NA,NA,NA,NA,NA
1528,488.40252685546875,"""[40.641533]""","""[1.1070855]""",41.26898193359375,0.15884751081466675,NA,NA,NA,NA,NA
1529,493.2135009765625,"""[40.580204]""","""[1.1059023]""",133.75779724121094,0.16319242119789124,NA,NA,NA,NA,NA
1530,494.3590087890625,"""[40.553265]""","""[1.1046182]""",47.086360931396484,0.16479912400245667,NA,NA,NA,NA,NA
1531,495.115234375,"""[40.513535]""","""[1.102453]""",57.52296829223633,0.16686378419399261,NA,NA,NA,NA,NA
1532,491.8717956542969,"""[40.479874]""","""[1.0983713]""",41.66208267211914,0.1673833131790161,NA,NA,NA,NA,NA
1533,488.45367431640625,"""[40.45106]""","""[1.0944442]""",57.874549865722656,0.1676214635372162,NA,NA,NA,NA,NA
1534,485.7430114746094,"""[40.409504]""","""[1.09021]""",71.53933715820312,0.1686488389968872,NA,NA,NA,NA,NA
1535,483.1947021484375,"""[40.39423]""","""[1.0875007]""",40.578975677490234,0.16854096949100494,NA,NA,NA,NA,NA
1536,480.3838195800781,"""[40.375965]""","""[1.0844738]""",54.913700103759766,0.16848251223564148,NA,NA,NA,NA,NA
1537,476.5646057128906,"""[40.373955]""","""[1.0817026]""",51.61570358276367,0.16737625002861023,NA,NA,NA,NA,NA
1538,473.1275634765625,"""[40.35405]""","""[1.078191]""",43.33477020263672,0.1671890765428543,NA,NA,NA,NA,NA
1539,469.7694396972656,"""[40.326275]""","""[1.0742912]""",40.979759216308594,0.1673734337091446,NA,NA,NA,NA,NA
1540,466.0190124511719,"""[40.301533]""","""[1.0702984]""",40.67753219604492,0.16729432344436646,NA,NA,NA,NA,NA
1541,462.033447265625,"""[40.278774]""","""[1.0662484]""",194.79119873046875,0.16704846918582916,NA,NA,NA,NA,NA
1542,457.6661071777344,"""[40.31149]""","""[1.0649585]""",120.8148193359375,0.1642339825630188,NA,NA,NA,NA,NA
1543,450.70721435546875,"""[40.281013]""","""[1.0585461]""",44.41251754760742,0.1633886843919754,NA,NA,NA,NA,NA
1544,444.2757568359375,"""[40.264027]""","""[1.0531267]""",110.79666137695312,0.16211307048797607,NA,NA,NA,NA,NA
1545,439.3946838378906,"""[40.295105]""","""[1.0513955]""",247.97315979003906,0.15922462940216064,NA,NA,NA,NA,NA
1546,435.6960144042969,"""[40.39386]""","""[1.0543885]""",79.3377685546875,0.15372151136398315,NA,NA,NA,NA,NA
1547,428.9554443359375,"""[40.437958]""","""[1.0523077]""",131.68414306640625,0.14966575801372528,NA,NA,NA,NA,NA
1548,415.4486999511719,"""[40.4923]""","""[1.0463427]""",106.28567504882812,0.1430453658103943,NA,NA,NA,NA,NA
1549,409.3188781738281,"""[40.528175]""","""[1.0441985]""",56.49683380126953,0.13954848051071167,NA,NA,NA,NA,NA
1550,402.1766052246094,"""[40.57052]""","""[1.0418029]""",275.9974060058594,0.13544701039791107,NA,NA,NA,NA,NA
1551,404.10601806640625,"""[40.574272]""","""[1.0431547]""",67.40435028076172,0.13588543236255646,NA,NA,NA,NA,NA
1552,404.3501281738281,"""[40.592903]""","""[1.0443293]""",63.684120178222656,0.13513147830963135,NA,NA,NA,NA,NA
1553,404.59417724609375,"""[40.58795]""","""[1.0439827]""",48.37240982055664,0.13544107973575592,NA,NA,NA,NA,NA
1554,403.4649963378906,"""[40.59014]""","""[1.0431771]""",83.75257110595703,0.1350032091140747,NA,NA,NA,NA,NA
1555,399.1221008300781,"""[40.607582]""","""[1.0411819]""",191.62713623046875,0.13288475573062897,NA,NA,NA,NA,NA
1556,398.88348388671875,"""[40.586597]""","""[1.0394299]""",76.31983947753906,0.13376736640930176,NA,NA,NA,NA,NA
1557,400.7856140136719,"""[40.551155]""","""[1.0382107]""",137.92782592773438,0.13595673441886902,NA,NA,NA,NA,NA
1558,404.4889831542969,"""[40.481773]""","""[1.0361288]""",223.439208984375,0.14021167159080505,NA,NA,NA,NA,NA
1559,407.1034240722656,"""[40.47681]""","""[1.0374374]""",104.51240539550781,0.14124977588653564,NA,NA,NA,NA,NA
1560,407.22698974609375,"""[40.497635]""","""[1.0386533]""",51.13059997558594,0.1403653621673584,NA,NA,NA,NA,NA
1561,407.05938720703125,"""[40.499954]""","""[1.0385119]""",61.789573669433594,0.1402166336774826,NA,NA,NA,NA,NA
1562,405.2745056152344,"""[40.519894]""","""[1.0383601]""",113.013427734375,0.13877785205841064,NA,NA,NA,NA,NA
1563,403.2342834472656,"""[40.574627]""","""[1.0402977]""",190.587646484375,0.1356939822435379,NA,NA,NA,NA,NA
1564,402.3858642578125,"""[40.574528]""","""[1.0395175]""",51.44355392456055,0.13544148206710815,NA,NA,NA,NA,NA
1565,400.6329040527344,"""[40.583214]""","""[1.0387074]""",178.72000122070312,0.13451430201530457,NA,NA,NA,NA,NA
1566,395.9864501953125,"""[40.526413]""","""[1.0315819]""",226.54116821289062,0.13564051687717438,NA,NA,NA,NA,NA
1567,385.95867919921875,"""[40.511864]""","""[1.0233086]""",57.25323486328125,0.1332140862941742,NA,NA,NA,NA,NA
1568,377.34442138671875,"""[40.481388]""","""[1.0147802]""",100.04231262207031,0.13193973898887634,NA,NA,NA,NA,NA
1569,366.4875793457031,"""[40.48265]""","""[1.0064635]""",41.857078552246094,0.12858223915100098,NA,NA,NA,NA,NA
1570,357.2159729003906,"""[40.479244]""","""[0.9988226]""",277.86187744140625,0.1259324550628662,NA,NA,NA,NA,NA
1571,344.3556213378906,"""[40.52037]""","""[0.99132895]""",43.88310241699219,0.12024509161710739,NA,NA,NA,NA,NA
1572,333.4168395996094,"""[40.550663]""","""[0.984427]""",43.19425964355469,0.1156391054391861,NA,NA,NA,NA,NA
1573,323.0584411621094,"""[40.581867]""","""[0.9779279]""",42.26290512084961,0.1111845076084137,NA,NA,NA,NA,NA
1574,314.1781311035156,"""[40.604546]""","""[0.9718967]""",74.05770874023438,0.10756686329841614,NA,NA,NA,NA,NA
1575,307.95440673828125,"""[40.60663]""","""[0.966418]""",47.14232635498047,0.10567434132099152,NA,NA,NA,NA,NA
1576,303.574951171875,"""[40.603832]""","""[0.96211326]""",47.574520111083984,0.10454583168029785,NA,NA,NA,NA,NA
1577,300.5130615234375,"""[40.59335]""","""[0.9583192]""",45.23237228393555,0.10415229946374893,NA,NA,NA,NA,NA
1578,296.8326721191406,"""[40.588078]""","""[0.95435447]""",40.60200500488281,0.10334905982017517,NA,NA,NA,NA,NA
1579,293.3298034667969,"""[40.582577]""","""[0.9504927]""",43.891170501708984,0.10261255502700806,NA,NA,NA,NA,NA
1580,289.4559326171875,"""[40.58108]""","""[0.9465785]""",41.570404052734375,0.10159482806921005,NA,NA,NA,NA,NA
1581,285.9831237792969,"""[40.57533]""","""[0.9426291]""",45.71824264526367,0.1008908823132515,NA,NA,NA,NA,NA
1582,281.94622802734375,"""[40.57507]""","""[0.9385512]""",70.87223052978516,0.09978581219911575,NA,NA,NA,NA,NA
1583,277.9696044921875,"""[40.551525]""","""[0.9323238]""",42.93930435180664,0.09977973997592926,NA,NA,NA,NA,NA
1584,274.8190002441406,"""[40.524982]""","""[0.9265902]""",108.71653747558594,0.100143663585186,NA,NA,NA,NA,NA
1585,275.131103515625,"""[40.47837]""","""[0.92268884]""",71.76025390625,0.10235194116830826,NA,NA,NA,NA,NA
1586,275.4920959472656,"""[40.41191]""","""[0.91711277]""",112.10115051269531,0.10545117408037186,NA,NA,NA,NA,NA
1587,277.5137023925781,"""[40.323032]""","""[0.91151553]""",68.45976257324219,0.10995350033044815,NA,NA,NA,NA,NA
1588,277.33953857421875,"""[40.255573]""","""[0.9055074]""",105.93209838867188,0.11288012564182281,NA,NA,NA,NA,NA
1589,280.99725341796875,"""[40.171555]""","""[0.9025661]""",95.97833251953125,0.11750275641679764,NA,NA,NA,NA,NA
1590,283.672119140625,"""[40.126125]""","""[0.90191966]""",40.5160026550293,0.12016011029481888,NA,NA,NA,NA,NA
1591,285.89300537109375,"""[40.080193]""","""[0.90077955]""",40.681182861328125,0.12270741164684296,NA,NA,NA,NA,NA
1592,287.3607482910156,"""[40.038868]""","""[0.89921755]""",40.084415435791016,0.12484642118215561,NA,NA,NA,NA,NA
1593,288.4485168457031,"""[40.000507]""","""[0.89750475]""",41.56761169433594,0.12674926221370697,NA,NA,NA,NA,NA
1594,289.27703857421875,"""[39.97068]""","""[0.89621514]""",58.92706298828125,0.12821385264396667,NA,NA,NA,NA,NA
1595,288.4593505859375,"""[39.95733]""","""[0.8943607]""",69.82704162597656,0.12854215502738953,NA,NA,NA,NA,NA
1596,288.4676818847656,"""[39.92335]""","""[0.8917903]""",123.42811584472656,0.12995806336402893,NA,NA,NA,NA,NA
1597,286.2015686035156,"""[39.928436]""","""[0.88970494]""",80.71366882324219,0.12912768125534058,NA,NA,NA,NA,NA
1598,283.5427551269531,"""[39.960514]""","""[0.8893299]""",82.82113647460938,0.12705667316913605,NA,NA,NA,NA,NA
1599,279.485595703125,"""[40.010223]""","""[0.8887877]""",131.29498291015625,0.12387040257453918,NA,NA,NA,NA,NA
1600,275.1879577636719,"""[40.09948]""","""[0.89141476]""",120.82539367675781,0.11890879273414612,NA,NA,NA,NA,NA
1601,271.66278076171875,"""[40.129944]""","""[0.89004827]""",106.48873901367188,0.11666553467512131,NA,NA,NA,NA,NA
1602,267.23089599609375,"""[40.194702]""","""[0.89061457]""",54.69093704223633,0.1126907616853714,NA,NA,NA,NA,NA
1603,264.86663818359375,"""[40.241024]""","""[0.89215267]""",114.30471801757812,0.11002730578184128,NA,NA,NA,NA,NA
1604,260.3573303222656,"""[40.306423]""","""[0.8929249]""",45.12521743774414,0.10596068203449249,NA,NA,NA,NA,NA
1605,255.65756225585938,"""[40.369923]""","""[0.89343446]""",47.72906494140625,0.10190381109714508,NA,NA,NA,NA,NA
1606,251.94557189941406,"""[40.41603]""","""[0.89359874]""",47.273101806640625,0.09885822981595993,NA,NA,NA,NA,NA
1607,249.1104736328125,"""[40.44612]""","""[0.89331955]""",283.19329833984375,0.09675220400094986,NA,NA,NA,NA,NA
1608,255.3359375,"""[40.44765]""","""[0.90145296]""",63.60078430175781,0.09817971289157867,NA,NA,NA,NA,NA
1609,262.208984375,"""[40.43446]""","""[0.9086629]""",91.57788848876953,0.10048998147249222,NA,NA,NA,NA,NA
1610,270.1924133300781,"""[40.395454]""","""[0.9145318]""",180.33349609375,0.10429447889328003,NA,NA,NA,NA,NA
1611,281.1430969238281,"""[40.318817]""","""[0.92023534]""",40.394309997558594,0.1105848103761673,NA,NA,NA,NA,NA
1612,291.1079406738281,"""[40.244774]""","""[0.9250678]""",204.18365478515625,0.11650334298610687,NA,NA,NA,NA,NA
1613,301.8496398925781,"""[40.110985]""","""[0.9259575]""",40.65127944946289,0.1252002716064453,NA,NA,NA,NA,NA
1614,311.29229736328125,"""[39.9856]""","""[0.926516]""",117.53366088867188,0.1331186592578888,NA,NA,NA,NA,NA
1615,319.4744567871094,"""[39.91126]""","""[0.9298071]""",91.77267456054688,0.1385217308998108,NA,NA,NA,NA,NA
1616,324.3817138671875,"""[39.86276]""","""[0.93166405]""",85.42787170410156,0.14191585779190063,NA,NA,NA,NA,NA
1617,329.29644775390625,"""[39.856403]""","""[0.9365245]""",138.2739715576172,0.1435830146074295,NA,NA,NA,NA,NA
1618,332.13616943359375,"""[39.88988]""","""[0.9420554]""",45.32124328613281,0.1430111825466156,NA,NA,NA,NA,NA
1619,334.59783935546875,"""[39.929775]""","""[0.9476095]""",72.59144592285156,0.14206373691558838,NA,NA,NA,NA,NA
1620,333.4991455078125,"""[39.98416]""","""[0.9506857]""",51.75921630859375,0.13945694267749786,NA,NA,NA,NA,NA
1621,331.7247009277344,"""[40.047825]""","""[0.9538242]""",45.96327209472656,0.1362505704164505,NA,NA,NA,NA,NA
1622,329.2716369628906,"""[40.11327]""","""[0.956514]""",65.15247344970703,0.1327516734600067,NA,NA,NA,NA,NA
1623,325.5810852050781,"""[40.190292]""","""[0.958973]""",41.04796600341797,0.12837755680084229,NA,NA,NA,NA,NA
1624,322.3153991699219,"""[40.25324]""","""[0.9608847]""",69.38507080078125,0.1247062087059021,NA,NA,NA,NA,NA
1625,318.6601867675781,"""[40.33138]""","""[0.96373546]""",56.70021057128906,0.12024109810590744,NA,NA,NA,NA,NA
1626,316.63006591796875,"""[40.384243]""","""[0.966252]""",76.798583984375,0.11732582002878189,NA,NA,NA,NA,NA
1627,315.3125915527344,"""[40.408264]""","""[0.9671199]""",170.87313842773438,0.11587408185005188,NA,NA,NA,NA,NA
1628,315.3452453613281,"""[40.482605]""","""[0.97352856]""",168.2374267578125,0.11257951706647873,NA,NA,NA,NA,NA
1629,312.7864990234375,"""[40.492397]""","""[0.97208697]""",92.55545043945312,0.1113877221941948,NA,NA,NA,NA,NA
1630,309.68548583984375,"""[40.466938]""","""[0.96708155]""",169.270263671875,0.111613929271698,NA,NA,NA,NA,NA
1631,300.9681396484375,"""[40.463966]""","""[0.9584171]""",268.1304626464844,0.10923454165458679,NA,NA,NA,NA,NA
1632,298.2454833984375,"""[40.421528]""","""[0.9520597]""",62.79219436645508,0.11034274846315384,NA,NA,NA,NA,NA
1633,294.4212646484375,"""[40.397125]""","""[0.9460716]""",43.502723693847656,0.11034035682678223,NA,NA,NA,NA,NA
1634,290.3824462890625,"""[40.37999]""","""[0.94038963]""",54.996002197265625,0.10996569693088531,NA,NA,NA,NA,NA
1635,286.9803771972656,"""[40.348774]""","""[0.93402445]""",40.8770637512207,0.11039991676807404,NA,NA,NA,NA,NA
1636,283.96685791015625,"""[40.317158]""","""[0.9279557]""",47.85905075073242,0.11096403747797012,NA,NA,NA,NA,NA
1637,281.5557556152344,"""[40.277344]""","""[0.9217469]""",44.00461196899414,0.11205574125051498,NA,NA,NA,NA,NA
1638,279.6742248535156,"""[40.231705]""","""[0.9155776]""",140.3426513671875,0.11354269832372665,NA,NA,NA,NA,NA
1639,273.3757629394531,"""[40.221775]""","""[0.90729827]""",90.4322738647461,0.1123143658041954,NA,NA,NA,NA,NA
1640,266.3249816894531,"""[40.238037]""","""[0.9002693]""",49.416526794433594,0.10978227853775024,NA,NA,NA,NA,NA
1641,259.0877990722656,"""[40.26086]""","""[0.89339995]""",42.732425689697266,0.1069537103176117,NA,NA,NA,NA,NA
1642,252.37374877929688,"""[40.287724]""","""[0.8873952]""",53.919986724853516,0.1041102483868599,NA,NA,NA,NA,NA
1643,248.0442352294922,"""[40.30172]""","""[0.8831383]""",43.81661605834961,0.10244081169366837,NA,NA,NA,NA,NA
1644,244.28871154785156,"""[40.304573]""","""[0.8784272]""",193.29876708984375,0.10142918676137924,NA,NA,NA,NA,NA
1645,246.48265075683594,"""[40.268684]""","""[0.8779242]""",45.667572021484375,0.10354717075824738,NA,NA,NA,NA,NA
1646,248.0480499267578,"""[40.2432]""","""[0.87766343]""",97.81396484375,0.10504021495580673,NA,NA,NA,NA,NA
1647,253.708984375,"""[40.20933]""","""[0.88217556]""",40.42486572265625,0.10785725712776184,NA,NA,NA,NA,NA
1648,258.84039306640625,"""[40.17566]""","""[0.88593256]""",303.040771484375,0.11055536568164825,NA,NA,NA,NA,NA
1649,259.201416015625,"""[40.206257]""","""[0.8895251]""",255.77182006835938,0.10926803946495056,NA,NA,NA,NA,NA
1650,261.32763671875,"""[40.175575]""","""[0.88951236]""",42.04299545288086,0.11112096905708313,NA,NA,NA,NA,NA
1651,263.20782470703125,"""[40.140285]""","""[0.8887815]""",49.76993942260742,0.11310955882072449,NA,NA,NA,NA,NA
1652,264.4082336425781,"""[40.119965]""","""[0.8886061]""",336.7551574707031,0.114270880818367,NA,NA,NA,NA,NA
1653,260.91656494140625,"""[40.1626]""","""[0.8882323]""",40.26703643798828,0.1115274503827095,NA,NA,NA,NA,NA
1654,257.65185546875,"""[40.20061]""","""[0.88776207]""",227.43862915039062,0.10903586447238922,NA,NA,NA,NA,NA
1655,258.5083923339844,"""[40.18664]""","""[0.8877205]""",71.29298400878906,0.10983845591545105,NA,NA,NA,NA,NA
1656,259.0638427734375,"""[40.202095]""","""[0.8901302]""",181.30435180664062,0.10926693677902222,NA,NA,NA,NA,NA
1657,257.61334228515625,"""[40.26977]""","""[0.89503]""",84.84675598144531,0.1058795228600502,NA,NA,NA,NA,NA
1658,257.0072326660156,"""[40.303547]""","""[0.89776343]""",120.25880432128906,0.10419491678476334,NA,NA,NA,NA,NA
1659,258.76544189453125,"""[40.30209]""","""[0.90005964]""",42.38302993774414,0.10467222332954407,NA,NA,NA,NA,NA
1660,259.88812255859375,"""[40.303963]""","""[0.90186113]""",143.45773315429688,0.10484575480222702,NA,NA,NA,NA,NA
1661,256.0731201171875,"""[40.32247]""","""[0.8990069]""",47.88975524902344,0.10304882377386093,NA,NA,NA,NA,NA
1662,252.10519409179688,"""[40.34729]""","""[0.89655465]""",49.811119079589844,0.10093631595373154,NA,NA,NA,NA,NA
1663,247.5516815185547,"""[40.376793]""","""[0.8937866]""",59.281707763671875,0.09847426414489746,NA,NA,NA,NA,NA
1664,242.19515991210938,"""[40.414974]""","""[0.89084244]""",48.933101654052734,0.09542658925056458,NA,NA,NA,NA,NA
1665,236.4950714111328,"""[40.457794]""","""[0.8879286]""",41.862449645996094,0.09208322316408157,NA,NA,NA,NA,NA
1666,231.6724853515625,"""[40.491016]""","""[0.8851494]""",41.65101623535156,0.08939395099878311,NA,NA,NA,NA,NA
1667,226.84335327148438,"""[40.52196]""","""[0.88207626]""",49.63424301147461,0.08681430667638779,NA,NA,NA,NA,NA
1668,222.33517456054688,"""[40.560307]""","""[0.880376]""",54.28836441040039,0.08394072204828262,NA,NA,NA,NA,NA
1669,216.22511291503906,"""[40.598785]""","""[0.87632704]""",365.3467712402344,0.08071550726890564,NA,NA,NA,NA,NA
1670,216.48870849609375,"""[40.59044]""","""[0.8758353]""",51.12439727783203,0.08116583526134491,NA,NA,NA,NA,NA
1671,215.93667602539062,"""[40.590973]""","""[0.8752572]""",73.0622329711914,0.08100159466266632,NA,NA,NA,NA,NA
1672,213.03018188476562,"""[40.605152]""","""[0.87284887]""",200.37962341308594,0.0796695202589035,NA,NA,NA,NA,NA
1673,217.22605895996094,"""[40.598892]""","""[0.8786471]""",165.267333984375,0.08081649988889694,NA,NA,NA,NA,NA
1674,224.6865692138672,"""[40.56703]""","""[0.8858679]""",42.0225830078125,0.08396626263856888,NA,NA,NA,NA,NA
1675,231.0233917236328,"""[40.539764]""","""[0.89183944]""",57.992286682128906,0.08667994290590286,NA,NA,NA,NA,NA
1676,238.69313049316406,"""[40.508377]""","""[0.8990126]""",331.819091796875,0.08992846310138702,NA,NA,NA,NA,NA
1677,249.93141174316406,"""[40.42014]""","""[0.90449756]""",40.429874420166016,0.09672218561172485,NA,NA,NA,NA,NA
1678,260.2627258300781,"""[40.335423]""","""[0.9092938]""",72.73736572265625,0.10311250388622284,NA,NA,NA,NA,NA
1679,267.4053039550781,"""[40.272427]""","""[0.9122959]""",50.84796142578125,0.10771360248327255,NA,NA,NA,NA,NA
1680,272.8741149902344,"""[40.22531]""","""[0.91478795]""",79.34495544433594,0.11117769032716751,NA,NA,NA,NA,NA
1681,276.1910095214844,"""[40.202652]""","""[0.9169396]""",51.192970275878906,0.1130129024386406,NA,NA,NA,NA,NA
1682,278.91510009765625,"""[40.19598]""","""[0.919832]""",80.2234878540039,0.11400166153907776,NA,NA,NA,NA,NA
1683,281.1548156738281,"""[40.158657]""","""[0.91930777]""",147.72520446777344,0.11618951708078384,NA,NA,NA,NA,NA
1684,285.5746765136719,"""[40.084614]""","""[0.91818404]""",123.92124938964844,0.12052155286073685,NA,NA,NA,NA,NA
1685,288.13323974609375,"""[40.053055]""","""[0.918683]""",40.491661071777344,0.12253052741289139,NA,NA,NA,NA,NA
1686,290.0911865234375,"""[40.02575]""","""[0.91885006]""",153.75582885742188,0.12419434636831284,NA,NA,NA,NA,NA
1687,287.2905578613281,"""[40.027588]""","""[0.91583234]""",45.20408248901367,0.1233421266078949,NA,NA,NA,NA,NA
1688,285.245361328125,"""[40.018303]""","""[0.91271627]""",43.45473098754883,0.1231684610247612,NA,NA,NA,NA,NA
1689,283.6353454589844,"""[40.000977]""","""[0.9093913]""",40.21614456176758,0.1234537810087204,NA,NA,NA,NA,NA
1690,281.90447998046875,"""[39.985744]""","""[0.90606534]""",40.2552604675293,0.12362155318260193,NA,NA,NA,NA,NA
1691,280.21368408203125,"""[39.973476]""","""[0.9030187]""",56.43626022338867,0.12367809563875198,NA,NA,NA,NA,NA
1692,278.1861572265625,"""[39.981705]""","""[0.901336]""",64.25625610351562,0.1227848082780838,NA,NA,NA,NA,NA
1693,277.7145080566406,"""[39.96921]""","""[0.89978266]""",44.11204147338867,0.12317191809415817,NA,NA,NA,NA,NA
1694,277.4771728515625,"""[39.947716]""","""[0.8977254]""",115.3073959350586,0.1239982321858406,NA,NA,NA,NA,NA
1695,279.207763671875,"""[39.893097]""","""[0.89529914]""",165.2357177734375,0.12671728432178497,NA,NA,NA,NA,NA
1696,278.6685791015625,"""[39.88671]""","""[0.89420176]""",78.53042602539062,0.126825749874115,NA,NA,NA,NA,NA
1697,278.9718017578125,"""[39.85548]""","""[0.8920121]""",127.62489318847656,0.12818777561187744,NA,NA,NA,NA,NA
1698,279.4437561035156,"""[39.880043]""","""[0.8949467]""",200.69085693359375,0.12726236879825592,NA,NA,NA,NA,NA
1699,273.54559326171875,"""[39.94212]""","""[0.8928071]""",163.98306274414062,0.12313389033079147,NA,NA,NA,NA,NA
1700,271.5195617675781,"""[39.954376]""","""[0.8913412]""",86.21755981445312,0.12208631634712219,NA,NA,NA,NA,NA
1701,270.870849609375,"""[39.93393]""","""[0.8887276]""",57.55048751831055,0.12276970595121384,NA,NA,NA,NA,NA
1702,270.4420471191406,"""[39.94032]""","""[0.8888581]""",40.03285217285156,0.12237212061882019,NA,NA,NA,NA,NA
1703,269.9624328613281,"""[39.943703]""","""[0.88865]""",88.18075561523438,0.12208893150091171,NA,NA,NA,NA,NA
1704,268.3702392578125,"""[39.97538]""","""[0.8895567]""",84.27874755859375,0.12032875418663025,NA,NA,NA,NA,NA
1705,267.5016174316406,"""[39.97074]""","""[0.88808393]""",96.10188293457031,0.1202913224697113,NA,NA,NA,NA,NA
1706,265.37493896484375,"""[39.997185]""","""[0.8878042]""",90.09388732910156,0.11862052232027054,NA,NA,NA,NA,NA
1707,261.4864196777344,"""[40.04656]""","""[0.8872971]""",53.609222412109375,0.11553452163934708,NA,NA,NA,NA,NA
1708,256.9727783203125,"""[40.103653]""","""[0.8867394]""",52.80208206176758,0.11195454001426697,NA,NA,NA,NA,NA
1709,252.77716064453125,"""[40.168797]""","""[0.88755876]""",284.0612487792969,0.10807984322309494,NA,NA,NA,NA,NA
1710,256.3750305175781,"""[40.185986]""","""[0.8945801]""",148.1922607421875,0.10815214365720749,NA,NA,NA,NA,NA
1711,261.9764709472656,"""[40.162544]""","""[0.9001062]""",40.91944122314453,0.11052467674016953,NA,NA,NA,NA,NA
1712,267.0375671386719,"""[40.144665]""","""[0.9053308]""",124.51190185546875,0.11254554986953735,NA,NA,NA,NA,NA
1713,271.7743835449219,"""[40.08517]""","""[0.9060669]""",132.35723876953125,0.11629387736320496,NA,NA,NA,NA,NA
1714,277.6916198730469,"""[39.988625]""","""[0.9050243]""",49.137245178222656,0.12190422415733337,NA,NA,NA,NA,NA
1715,281.9276428222656,"""[39.908524]""","""[0.9035139]""",126.88855743408203,0.12634801864624023,NA,NA,NA,NA,NA
1716,282.58770751953125,"""[39.869736]""","""[0.90111643]""",39.91350555419922,0.12811560928821564,NA,NA,NA,NA,NA
1717,282.9875183105469,"""[39.833984]""","""[0.8986733]""",65.57310485839844,0.12968270480632782,NA,NA,NA,NA,NA
1718,282.59100341796875,"""[39.826256]""","""[0.897639]""",42.7322883605957,0.12987901270389557,NA,NA,NA,NA,NA
1719,282.2403869628906,"""[39.827045]""","""[0.897412]""",45.516231536865234,0.12973514199256897,NA,NA,NA,NA,NA
1720,282.687744140625,"""[39.817158]""","""[0.89731]""",51.26531219482422,0.13023947179317474,NA,NA,NA,NA,NA
1721,282.8544616699219,"""[39.82293]""","""[0.89821684]""",158.72850036621094,0.13002316653728485,NA,NA,NA,NA,NA
1722,283.8802490234375,"""[39.76913]""","""[0.8950908]""",90.296142578125,0.13248670101165771,NA,NA,NA,NA,NA
1723,284.30987548828125,"""[39.75849]""","""[0.89491]""",53.60361862182617,0.1330147683620453,NA,NA,NA,NA,NA
1724,284.89764404296875,"""[39.771107]""","""[0.89694226]""",151.20794677734375,0.13262879848480225,NA,NA,NA,NA,NA
1725,285.95123291015625,"""[39.727104]""","""[0.8947137]""",51.22466278076172,0.13468614220619202,NA,NA,NA,NA,NA
1726,286.8255920410156,"""[39.70699]""","""[0.89431566]""",40.535091400146484,0.13571515679359436,NA,NA,NA,NA,NA
1727,287.51092529296875,"""[39.68287]""","""[0.8933389]""",115.44779968261719,0.13685600459575653,NA,NA,NA,NA,NA
1728,290.4052429199219,"""[39.611935]""","""[0.89142793]""",72.7177734375,0.1404670774936676,NA,NA,NA,NA,NA
1729,290.721923828125,"""[39.568676]""","""[0.88844925]""",109.77577209472656,0.1422705501317978,NA,NA,NA,NA,NA
1730,293.759521484375,"""[39.49325]""","""[0.8865329]""",63.685523986816406,0.14606760442256927,NA,NA,NA,NA,NA
1731,297.036376953125,"""[39.45475]""","""[0.8879815]""",61.096336364746094,0.14844666421413422,NA,NA,NA,NA,NA
1732,299.1219177246094,"""[39.445847]""","""[0.8901956]""",39.879051208496094,0.1493365317583084,NA,NA,NA,NA,NA
1733,300.9691162109375,"""[39.44093]""","""[0.8923973]""",51.476646423339844,0.15000832080841064,NA,NA,NA,NA,NA
1734,302.8570251464844,"""[39.41611]""","""[0.89307934]""",159.46929931640625,0.15147924423217773,NA,NA,NA,NA,NA
1735,301.47735595703125,"""[39.445457]""","""[0.8937588]""",214.92428588867188,0.14992327988147736,NA,NA,NA,NA,NA
1736,300.7695007324219,"""[39.545406]""","""[0.9010029]""",48.518733978271484,0.14574046432971954,NA,NA,NA,NA,NA
1737,299.3628234863281,"""[39.61252]""","""[0.9048289]""",39.63328552246094,0.14265191555023193,NA,NA,NA,NA,NA
1738,297.9091491699219,"""[39.670998]""","""[0.9079701]""",58.25106430053711,0.13988304138183594,NA,NA,NA,NA,NA
1739,297.5345458984375,"""[39.704338]""","""[0.9104618]""",63.86201477050781,0.1384136825799942,NA,NA,NA,NA,NA
1740,296.4507141113281,"""[39.700733]""","""[0.90898085]""",74.81723022460938,0.13824394345283508,NA,NA,NA,NA,NA
1741,293.6161193847656,"""[39.720123]""","""[0.9071506]""",274.48663330078125,0.13667036592960358,NA,NA,NA,NA,NA
1742,292.8842468261719,"""[39.83399]""","""[0.9160873]""",39.84644317626953,0.13180890679359436,NA,NA,NA,NA,NA
1743,292.1392822265625,"""[39.932743]""","""[0.923909]""",41.659584045410156,0.12751826643943787,NA,NA,NA,NA,NA
1744,291.4756774902344,"""[40.01234]""","""[0.93030214]""",166.54449462890625,0.12400928139686584,NA,NA,NA,NA,NA
1745,292.76910400390625,"""[40.029114]""","""[0.93355924]""",626.8265991210938,0.12364888191223145,NA,NA,NA,NA,NA
1746,288.3868103027344,"""[40.12817]""","""[0.9374176]""",265.6543884277344,0.11825728416442871,NA,NA,NA,NA,NA
1747,278.64764404296875,"""[40.261364]""","""[0.9383134]""",47.622962951660156,0.10987837612628937,NA,NA,NA,NA,NA
1748,271.462646484375,"""[40.368458]""","""[0.9403369]""",42.99258804321289,0.10324012488126755,NA,NA,NA,NA,NA
1749,265.2455139160156,"""[40.45321]""","""[0.94166476]""",234.14547729492188,0.09778375923633575,NA,NA,NA,NA,NA
1750,255.46255493164062,"""[40.559177]""","""[0.94127226]""",41.09958267211914,0.09034600853919983,NA,NA,NA,NA,NA
1751,247.06028747558594,"""[40.64573]""","""[0.94093424]""",106.33992004394531,0.08407817780971527,NA,NA,NA,NA,NA
1752,239.92251586914062,"""[40.689766]""","""[0.9372605]""",84.2658920288086,0.0801149532198906,NA,NA,NA,NA,NA
1753,234.72607421875,"""[40.708652]""","""[0.93288064]""",77.25143432617188,0.07787046581506729,NA,NA,NA,NA,NA
1754,232.9253387451172,"""[40.71634]""","""[0.9315633]""",43.42428970336914,0.07703433185815811,NA,NA,NA,NA,NA
1755,231.9757080078125,"""[40.719906]""","""[0.93084776]""",48.11079788208008,0.07661475986242294,NA,NA,NA,NA,NA
1756,231.98501586914062,"""[40.717007]""","""[0.93056667]""",43.86433410644531,0.07675471156835556,NA,NA,NA,NA,NA
1757,232.17787170410156,"""[40.708527]""","""[0.9297868]""",245.24276733398438,0.07721603661775589,NA,NA,NA,NA,NA
1758,238.5343780517578,"""[40.67537]""","""[0.93413776]""",82.11293029785156,0.080424964427948,NA,NA,NA,NA,NA
1759,247.14950561523438,"""[40.634277]""","""[0.94045234]""",79.65966033935547,0.08459411561489105,NA,NA,NA,NA,NA
1760,260.079833984375,"""[40.5919]""","""[0.9519402]""",41.625606536865234,0.08998625725507736,NA,NA,NA,NA,NA
1761,272.383544921875,"""[40.549335]""","""[0.9621593]""",58.04135513305664,0.0952862799167633,NA,NA,NA,NA,NA
1762,282.5555114746094,"""[40.52185]""","""[0.9711222]""",248.96774291992188,0.09936386346817017,NA,NA,NA,NA,NA
1763,299.2549133300781,"""[40.460358]""","""[0.9835639]""",310.1884460449219,0.10687318444252014,NA,NA,NA,NA,NA
1764,320.9066467285156,"""[40.357986]""","""[0.99683124]""",61.56231689453125,0.1176944226026535,NA,NA,NA,NA,NA
1765,341.9756164550781,"""[40.24108]""","""[1.0078392]""",122.51422882080078,0.12903252243995667,NA,NA,NA,NA,NA
1766,361.0418701171875,"""[40.07953]""","""[1.0133505]""",48.5584831237793,0.14165636897087097,NA,NA,NA,NA,NA
1767,379.21429443359375,"""[39.910122]""","""[1.0178465]""",117.0023193359375,0.15431469678878784,NA,NA,NA,NA,NA
1768,396.5577087402344,"""[39.797276]""","""[1.0256723]""",194.0281219482422,0.1644277572631836,NA,NA,NA,NA,NA
1769,410.5722351074219,"""[39.751102]""","""[1.03473]""",42.81597137451172,0.17082029581069946,NA,NA,NA,NA,NA
1770,422.9535217285156,"""[39.695515]""","""[1.0415828]""",39.917503356933594,0.1770980805158615,NA,NA,NA,NA,NA
1771,433.5987548828125,"""[39.63852]""","""[1.0467864]""",188.48304748535156,0.18288950622081757,NA,NA,NA,NA,NA
1772,445.46527099609375,"""[39.65859]""","""[1.0573671]""",41.75404739379883,0.1859893649816513,NA,NA,NA,NA,NA
1773,455.87091064453125,"""[39.68278]""","""[1.066723]""",73.17771911621094,0.18844252824783325,NA,NA,NA,NA,NA
1774,464.03631591796875,"""[39.663105]""","""[1.0716649]""",54.2581672668457,0.19194914400577545,NA,NA,NA,NA,NA
1775,468.6259765625,"""[39.65571]""","""[1.0745126]""",137.38143920898438,0.19377347826957703,NA,NA,NA,NA,NA
1776,474.56866455078125,"""[39.71614]""","""[1.0820681]""",176.58181762695312,0.19326134026050568,NA,NA,NA,NA,NA
1777,481.94171142578125,"""[39.84376]""","""[1.0942633]""",45.471702575683594,0.19039759039878845,NA,NA,NA,NA,NA
1778,488.0715637207031,"""[39.939938]""","""[1.1036793]""",122.67425537109375,0.18837031722068787,NA,NA,NA,NA,NA
1779,500.30926513671875,"""[40.102898]""","""[1.1207759]""",248.69796752929688,0.18541474640369415,NA,NA,NA,NA,NA
1780,512.5978393554688,"""[40.324005]""","""[1.1408198]""",60.248374938964844,0.17974428832530975,NA,NA,NA,NA,NA
1781,525.8284912109375,"""[40.54353]""","""[1.1610545]""",45.77850341796875,0.1741466373205185,NA,NA,NA,NA,NA
1782,538.1912231445312,"""[40.74452]""","""[1.1794431]""",43.74635314941406,0.1688181757926941,NA,NA,NA,NA,NA
1783,546.9962158203125,"""[40.915916]""","""[1.1939788]""",215.27853393554688,0.16349975764751434,NA,NA,NA,NA,NA
1784,548.7880859375,"""[40.98294]""","""[1.1983569]""",249.2056121826172,0.16083869338035583,NA,NA,NA,NA,NA
1785,543.18603515625,"""[40.955612]""","""[1.1929263]""",41.12975311279297,0.16038528084754944,NA,NA,NA,NA,NA
1786,537.0507202148438,"""[40.925194]""","""[1.18697]""",168.9736328125,0.15990585088729858,NA,NA,NA,NA,NA
1787,526.0216064453125,"""[40.929817]""","""[1.1805248]""",127.72294616699219,0.15621741116046906,NA,NA,NA,NA,NA
1788,516.2598266601562,"""[40.897636]""","""[1.1722671]""",93.38434600830078,0.15467187762260437,NA,NA,NA,NA,NA
1789,506.2359313964844,"""[40.89684]""","""[1.1657835]""",618.9141235351562,0.15155452489852905,NA,NA,NA,NA,NA
1790,483.777587890625,"""[40.94841]""","""[1.1556401]""",249.31271362304688,0.14206579327583313,NA,NA,NA,NA,NA
1791,454.5192565917969,"""[41.00499]""","""[1.1417085]""",42.63326644897461,0.13021497428417206,NA,NA,NA,NA,NA
1792,428.7590637207031,"""[41.045895]""","""[1.1282816]""",112.76756286621094,0.12020428478717804,NA,NA,NA,NA,NA
1793,400.52984619140625,"""[41.083687]""","""[1.1126298]""",96.37044525146484,0.10957452654838562,NA,NA,NA,NA,NA
1794,377.7505798339844,"""[41.094505]""","""[1.0975207]""",56.97803497314453,0.10195758193731308,NA,NA,NA,NA,NA
1795,357.9298400878906,"""[41.09005]""","""[1.0823159]""",112.9245376586914,0.09602759033441544,NA,NA,NA,NA,NA
1796,336.345703125,"""[41.09598]""","""[1.0661805]""",55.624237060546875,0.08907246589660645,NA,NA,NA,NA,NA
1797,318.4869079589844,"""[41.092438]""","""[1.0510864]""",264.20953369140625,0.08377641439437866,NA,NA,NA,NA,NA
1798,306.8432312011719,"""[41.059494]""","""[1.0368631]""",118.35480499267578,0.08190038800239563,NA,NA,NA,NA,NA
1799,301.9433288574219,"""[41.027267]""","""[1.028047]""",71.3643798828125,0.08206108212471008,NA,NA,NA,NA,NA
1800,300.8055725097656,"""[40.991493]""","""[1.0220727]""",63.45523452758789,0.08352912962436676,NA,NA,NA,NA,NA
1801,300.12286376953125,"""[40.94368]""","""[1.0152156]""",58.67323303222656,0.08571019023656845,NA,NA,NA,NA,NA
1802,301.6675109863281,"""[40.89233]""","""[1.0101553]""",56.37523651123047,0.08869580924510956,NA,NA,NA,NA,NA
1803,302.993896484375,"""[40.831173]""","""[1.0040497]""",134.437255859375,0.09205102175474167,NA,NA,NA,NA,NA
1804,305.7208557128906,"""[40.746216]""","""[0.99701744]""",174.82406616210938,0.09689098596572876,NA,NA,NA,NA,NA
1805,310.60858154296875,"""[40.632458]""","""[0.9895837]""",91.9386215209961,0.10360851138830185,NA,NA,NA,NA,NA
1806,320.6728820800781,"""[40.52058]""","""[0.9879832]""",84.56524658203125,0.11163424700498581,NA,NA,NA,NA,NA
1807,327.27716064453125,"""[40.42942]""","""[0.9855333]""",142.71876525878906,0.11764537543058395,NA,NA,NA,NA,NA
1808,332.7772521972656,"""[40.386078]""","""[0.9865727]""",45.27851104736328,0.12118589133024216,NA,NA,NA,NA,NA
1809,336.5751037597656,"""[40.351032]""","""[0.9868108]""",60.72078323364258,0.12385381013154984,NA,NA,NA,NA,NA
1810,340.5169677734375,"""[40.299465]""","""[0.98584527]""",40.90929412841797,0.1272764950990677,NA,NA,NA,NA,NA
1811,343.3536376953125,"""[40.252037]""","""[0.98430383]""",40.322174072265625,0.1301792412996292,NA,NA,NA,NA,NA
1812,345.61553955078125,"""[40.208126]""","""[0.98260534]""",40.40082931518555,0.13274908065795898,NA,NA,NA,NA,NA
1813,347.20538330078125,"""[40.1635]""","""[0.9802979]""",41.47153091430664,0.13514001667499542,NA,NA,NA,NA,NA
1814,348.22625732421875,"""[40.115044]""","""[0.9772211]""",119.88198852539062,0.13751497864723206,NA,NA,NA,NA,NA
1815,346.6349182128906,"""[40.10811]""","""[0.97500914]""",113.15349578857422,0.13734032213687897,NA,NA,NA,NA,NA
1816,345.66180419921875,"""[40.147255]""","""[0.9770639]""",65.24967193603516,0.13538719713687897,NA,NA,NA,NA,NA
1817,343.6211853027344,"""[40.199596]""","""[0.9792365]""",69.96208953857422,0.132543683052063,NA,NA,NA,NA,NA
1818,342.1166076660156,"""[40.225105]""","""[0.9797801]""",53.880836486816406,0.13100145757198334,NA,NA,NA,NA,NA
1819,339.6159362792969,"""[40.2606]""","""[0.9802224]""",40.46452331542969,0.12873049080371857,NA,NA,NA,NA,NA
1820,336.9948425292969,"""[40.28798]""","""[0.97991955]""",225.85411071777344,0.12677109241485596,NA,NA,NA,NA,NA
1821,334.23565673828125,"""[40.257904]""","""[0.9746471]""",292.3106689453125,0.12726055085659027,NA,NA,NA,NA,NA
1822,331.6098327636719,"""[40.309998]""","""[0.9763555]""",58.28553009033203,0.12423112243413925,NA,NA,NA,NA,NA
1823,330.4266662597656,"""[40.341316]""","""[0.9777756]""",91.56439208984375,0.12251558899879456,NA,NA,NA,NA,NA
1824,327.4281311035156,"""[40.389904]""","""[0.9789882]""",42.01478958129883,0.11950776726007462,NA,NA,NA,NA,NA
1825,324.7677001953125,"""[40.427208]""","""[0.9796219]""",52.57758331298828,0.11708436906337738,NA,NA,NA,NA,NA
1826,322.23968505859375,"""[40.474613]""","""[0.9813442]""",47.56465148925781,0.11424156278371811,NA,NA,NA,NA,NA
1827,319.5381774902344,"""[40.503002]""","""[0.9812603]""",85.11544799804688,0.11218629032373428,NA,NA,NA,NA,NA
1828,316.9471740722656,"""[40.504253]""","""[0.9788018]""",76.26507568359375,0.1113753616809845,NA,NA,NA,NA,NA
1829,316.3712158203125,"""[40.537685]""","""[0.9812829]""",45.53962707519531,0.10970046371221542,NA,NA,NA,NA,NA
1830,315.5351257324219,"""[40.55696]""","""[0.9822327]""",59.79215621948242,0.10858304798603058,NA,NA,NA,NA,NA
1831,312.5235290527344,"""[40.582443]""","""[0.9816621]""",181.01919555664062,0.1065569519996643,NA,NA,NA,NA,NA
1832,312.20501708984375,"""[40.569347]""","""[0.9801028]""",94.17857360839844,0.10705120116472244,NA,NA,NA,NA,NA
1833,311.58526611328125,"""[40.585873]""","""[0.9810301]""",113.40589904785156,0.10611592233181,NA,NA,NA,NA,NA
1834,315.08392333984375,"""[40.585175]""","""[0.98435444]""",69.23467254638672,0.10714347660541534,NA,NA,NA,NA,NA
1835,320.2567443847656,"""[40.571884]""","""[0.9880855]""",43.01368713378906,0.10922970622777939,NA,NA,NA,NA,NA
1836,324.1187744140625,"""[40.56118]""","""[0.9907728]""",106.33251953125,0.11082557588815689,NA,NA,NA,NA,NA
1837,327.80926513671875,"""[40.51996]""","""[0.99054295]""",82.91996002197266,0.11374159157276154,NA,NA,NA,NA,NA
1838,332.6454772949219,"""[40.46063]""","""[0.9898886]""",62.46173095703125,0.11778517067432404,NA,NA,NA,NA,NA
1839,336.2881164550781,"""[40.42173]""","""[0.9899791]""",40.86980438232422,0.12056194245815277,NA,NA,NA,NA,NA
1840,339.1449890136719,"""[40.38081]""","""[0.9892153]""",101.558349609375,0.12318994849920273,NA,NA,NA,NA,NA
1841,337.9615478515625,"""[40.363605]""","""[0.9866708]""",80.40037536621094,0.12358635663986206,NA,NA,NA,NA,NA
1842,335.77093505859375,"""[40.31532]""","""[0.98057187]""",40.32710647583008,0.1250404715538025,NA,NA,NA,NA,NA
1843,333.525634765625,"""[40.26922]""","""[0.9745839]""",83.10041809082031,0.1263766884803772,NA,NA,NA,NA,NA
1844,332.9028625488281,"""[40.19872]""","""[0.9682139]""",41.8454704284668,0.12922371923923492,NA,NA,NA,NA,NA
1845,331.38140869140625,"""[40.134747]""","""[0.96153146]""",46.7486686706543,0.1315106451511383,NA,NA,NA,NA,NA
1846,330.4022521972656,"""[40.087955]""","""[0.9568212]""",176.2902069091797,0.13320942223072052,NA,NA,NA,NA,NA
1847,329.9553527832031,"""[40.102253]""","""[0.9576007]""",104.61285400390625,0.13246773183345795,NA,NA,NA,NA,NA
1848,329.7231750488281,"""[40.152695]""","""[0.9615648]""",95.47724151611328,0.1302470713853836,NA,NA,NA,NA,NA
1849,330.3172607421875,"""[40.16458]""","""[0.9632558]""",42.48640060424805,0.1299046277999878,NA,NA,NA,NA,NA
1850,331.0235290527344,"""[40.183075]""","""[0.9655961]""",46.35553741455078,0.12931138277053833,NA,NA,NA,NA,NA
1851,330.0121154785156,"""[40.202435]""","""[0.9662921]""",41.493621826171875,0.12818315625190735,NA,NA,NA,NA,NA
1852,328.5983581542969,"""[40.222107]""","""[0.96661764]""",59.5650634765625,0.1269235610961914,NA,NA,NA,NA,NA
1853,329.2696838378906,"""[40.26927]""","""[0.9713351]""",93.82188415527344,0.12507788836956024,NA,NA,NA,NA,NA
1854,329.7687072753906,"""[40.34289]""","""[0.97814184]""",73.00559997558594,0.12201987206935883,NA,NA,NA,NA,NA
1855,332.00323486328125,"""[40.39174]""","""[0.9845734]""",56.42054748535156,0.1205286905169487,NA,NA,NA,NA,NA
1856,334.6463928222656,"""[40.41889]""","""[0.98951775]""",83.93720245361328,0.12010368704795837,NA,NA,NA,NA,NA
1857,337.5140380859375,"""[40.472893]""","""[0.9969364]""",79.4002456665039,0.11856073141098022,NA,NA,NA,NA,NA
1858,336.3560485839844,"""[40.532703]""","""[1.001131]""",77.36500549316406,0.11555704474449158,NA,NA,NA,NA,NA
1859,335.5050354003906,"""[40.608604]""","""[1.0071397]""",49.511993408203125,0.11189562827348709,NA,NA,NA,NA,NA
1860,333.60919189453125,"""[40.682762]""","""[1.0122083]""",78.60983276367188,0.10796478390693665,NA,NA,NA,NA,NA
1861,332.4053039550781,"""[40.725986]""","""[1.0151912]""",55.70634841918945,0.10562267899513245,NA,NA,NA,NA,NA
1862,333.164306640625,"""[40.75832]""","""[1.018927]""",110.83299255371094,0.10435149818658829,NA,NA,NA,NA,NA
1863,335.419921875,"""[40.760693]""","""[1.021149]""",101.35594940185547,0.10490785539150238,NA,NA,NA,NA,NA
1864,344.58123779296875,"""[40.76121]""","""[1.0290815]""",148.6354217529297,0.10761573165655136,NA,NA,NA,NA,NA
1865,351.98272705078125,"""[40.795124]""","""[1.0383445]""",146.05638122558594,0.10827348381280899,NA,NA,NA,NA,NA
1866,360.7703552246094,"""[40.799496]""","""[1.0458488]""",53.18107986450195,0.11072744429111481,NA,NA,NA,NA,NA
1867,367.5401611328125,"""[40.808807]""","""[1.0520147]""",42.53866195678711,0.11235314607620239,NA,NA,NA,NA,NA
1868,373.9551696777344,"""[40.81305]""","""[1.0573297]""",63.677947998046875,0.11411299556493759,NA,NA,NA,NA,NA
1869,380.4262390136719,"""[40.801598]""","""[1.0612533]""",40.84900665283203,0.1166209951043129,NA,NA,NA,NA,NA
1870,385.7179260253906,"""[40.789352]""","""[1.0641629]""",84.98029327392578,0.11880714446306229,NA,NA,NA,NA,NA
1871,388.8776550292969,"""[40.799103]""","""[1.0672293]""",267.60650634765625,0.11932951211929321,NA,NA,NA,NA,NA
1872,392.77178955078125,"""[40.748837]""","""[1.065979]""",112.09278869628906,0.12283764034509659,NA,NA,NA,NA,NA
1873,394.43804931640625,"""[40.72522]""","""[1.0652653]""",40.94633865356445,0.12443356215953827,NA,NA,NA,NA,NA
1874,395.2055358886719,"""[40.702217]""","""[1.0639356]""",92.94775390625,0.12572239339351654,NA,NA,NA,NA,NA
1875,391.8984375,"""[40.693348]""","""[1.060671]""",52.1601448059082,0.12511701881885529,NA,NA,NA,NA,NA
1876,389.7178649902344,"""[40.674694]""","""[1.0574381]""",133.4070281982422,0.12530049681663513,NA,NA,NA,NA,NA
1877,382.38592529296875,"""[40.681877]""","""[1.0522043]""",59.68592834472656,0.12273582816123962,NA,NA,NA,NA,NA
1878,377.0143737792969,"""[40.675804]""","""[1.0473391]""",43.152549743652344,0.12137691676616669,NA,NA,NA,NA,NA
1879,372.11456298828125,"""[40.676273]""","""[1.0433176]""",153.34837341308594,0.11986987292766571,NA,NA,NA,NA,NA
1880,367.27593994140625,"""[40.63573]""","""[1.0358818]""",89.66132354736328,0.12023747712373734,NA,NA,NA,NA,NA
1881,363.1460266113281,"""[40.57239]""","""[1.0270724]""",54.9913444519043,0.12183445692062378,NA,NA,NA,NA,NA
1882,360.6513366699219,"""[40.502968]""","""[1.0191258]""",42.33900451660156,0.12417351454496384,NA,NA,NA,NA,NA
1883,358.4659423828125,"""[40.444668]""","""[1.0123693]""",41.07925033569336,0.12609221041202545,NA,NA,NA,NA,NA
1884,356.0386047363281,"""[40.385445]""","""[1.0053384]""",96.91822814941406,0.1279626339673996,NA,NA,NA,NA,NA
1885,354.0856628417969,"""[40.36488]""","""[1.0018029]""",40.505706787109375,0.12828008830547333,NA,NA,NA,NA,NA
1886,351.9010925292969,"""[40.342457]""","""[0.99790305]""",70.57489013671875,0.12860840559005737,NA,NA,NA,NA,NA
1887,350.4505920410156,"""[40.296825]""","""[0.9928384]""",47.22468948364258,0.13015633821487427,NA,NA,NA,NA,NA
1888,349.7360534667969,"""[40.269436]""","""[0.9899165]""",44.086875915527344,0.13112907111644745,NA,NA,NA,NA,NA
1889,347.92218017578125,"""[40.247665]""","""[0.98642135]""",51.32865524291992,0.13153168559074402,NA,NA,NA,NA,NA
1890,346.0146179199219,"""[40.240993]""","""[0.9840216]""",86.01577758789062,0.1312587410211563,NA,NA,NA,NA,NA
1891,340.8882751464844,"""[40.248524]""","""[0.9796603]""",42.42368698120117,0.12943202257156372,NA,NA,NA,NA,NA
1892,336.0950927734375,"""[40.247395]""","""[0.97485787]""",89.8677978515625,0.12808345258235931,NA,NA,NA,NA,NA
1893,333.57257080078125,"""[40.223026]""","""[0.97035426]""",89.09095001220703,0.12839964032173157,NA,NA,NA,NA,NA
1894,333.18133544921875,"""[40.240623]""","""[0.9713726]""",40.318084716796875,0.12753264605998993,NA,NA,NA,NA,NA
1895,332.5293273925781,"""[40.253426]""","""[0.9717565]""",40.855587005615234,0.12679478526115417,NA,NA,NA,NA,NA
1896,332.0438232421875,"""[40.26104]""","""[0.9718951]""",58.515647888183594,0.1263270527124405,NA,NA,NA,NA,NA
1897,330.5569152832031,"""[40.28133]""","""[0.9721004]""",62.47537612915039,0.12502197921276093,NA,NA,NA,NA,NA
1898,327.7434387207031,"""[40.313633]""","""[0.9720045]""",46.02307891845703,0.12281180173158646,NA,NA,NA,NA,NA
1899,324.1350402832031,"""[40.3481]""","""[0.9713288]""",170.7820587158203,0.12027420103549957,NA,NA,NA,NA,NA
1900,319.3807067871094,"""[40.415768]""","""[0.9724509]""",53.153892517089844,0.11594616621732712,NA,NA,NA,NA,NA
1901,313.599609375,"""[40.48145]""","""[0.9725312]""",45.03820037841797,0.11138752847909927,NA,NA,NA,NA,NA
1902,307.824951171875,"""[40.542755]""","""[0.97237766]""",43.424156188964844,0.10700187087059021,NA,NA,NA,NA,NA
1903,301.5033874511719,"""[40.59726]""","""[0.971162]""",40.64237976074219,0.1027478277683258,NA,NA,NA,NA,NA
1904,295.66790771484375,"""[40.644268]""","""[0.9698245]""",42.771156311035156,0.09895443171262741,NA,NA,NA,NA,NA
1905,290.9934387207031,"""[40.68103]""","""[0.9687486]""",293.36834716796875,0.09594498574733734,NA,NA,NA,NA,NA
1906,283.08282470703125,"""[40.646343]""","""[0.9567725]""",40.93395233154297,0.09538279473781586,NA,NA,NA,NA,NA
1907,276.17156982421875,"""[40.6139]""","""[0.94573414]""",99.94166564941406,0.09503219276666641,NA,NA,NA,NA,NA
1908,270.9872741699219,"""[40.56124]""","""[0.934235]""",57.507389068603516,0.09611514955759048,NA,NA,NA,NA,NA
1909,264.59814453125,"""[40.52174]""","""[0.9223914]""",78.85696411132812,0.09631228446960449,NA,NA,NA,NA,NA
1910,258.5583190917969,"""[40.457043]""","""[0.90793383]""",43.56792449951172,0.09781820327043533,NA,NA,NA,NA,NA
1911,253.54751586914062,"""[40.392136]""","""[0.894448]""",125.44490814208984,0.09962853789329529,NA,NA,NA,NA,NA
1912,246.85617065429688,"""[40.357277]""","""[0.8815256]""",72.9097900390625,0.09972632676362991,NA,NA,NA,NA,NA
1913,240.10238647460938,"""[40.34525]""","""[0.87053436]""",83.96392822265625,0.09883762151002884,NA,NA,NA,NA,NA
1914,235.7232208251953,"""[40.311718]""","""[0.8603371]""",41.18111801147461,0.09951697289943695,NA,NA,NA,NA,NA
1915,232.18536376953125,"""[40.27897]""","""[0.8512963]""",105.67680358886719,0.10036935657262802,NA,NA,NA,NA,NA
1916,226.8770294189453,"""[40.27735]""","""[0.8426983]""",218.75503540039062,0.09947960823774338,NA,NA,NA,NA,NA
1917,227.4859161376953,"""[40.237125]""","""[0.8392581]""",65.50162506103516,0.10147349536418915,NA,NA,NA,NA,NA
1918,230.42694091796875,"""[40.185726]""","""[0.83851165]""",118.71223449707031,0.10437195003032684,NA,NA,NA,NA,NA
1919,229.67384338378906,"""[40.160027]""","""[0.8346147]""",41.49441909790039,0.10542017221450806,NA,NA,NA,NA,NA
1920,228.95501708984375,"""[40.140457]""","""[0.8314513]""",67.87272644042969,0.10618764162063599,NA,NA,NA,NA,NA
1921,227.76344299316406,"""[40.14508]""","""[0.830156]""",60.859195709228516,0.10574854165315628,NA,NA,NA,NA,NA
1922,225.98367309570312,"""[40.125927]""","""[0.82520044]""",54.85356521606445,0.10633519291877747,NA,NA,NA,NA,NA
1923,223.7743377685547,"""[40.087204]""","""[0.81725925]""",91.18324279785156,0.10779289901256561,NA,NA,NA,NA,NA
1924,223.27853393554688,"""[40.020523]""","""[0.80922836]""",42.521297454833984,0.11081702262163162,NA,NA,NA,NA,NA
1925,222.6259307861328,"""[39.965782]""","""[0.80228573]""",61.64568328857422,0.11325287818908691,NA,NA,NA,NA,NA
1926,222.2726593017578,"""[39.89006]""","""[0.79368055]""",112.19393157958984,0.11669519543647766,NA,NA,NA,NA,NA
1927,223.4473876953125,"""[39.78146]""","""[0.78462887]""",44.389869689941406,0.121800497174263,NA,NA,NA,NA,NA
1928,224.6725616455078,"""[39.668102]""","""[0.77553487]""",270.18206787109375,0.12706172466278076,NA,NA,NA,NA,NA
1929,223.2348175048828,"""[39.633747]""","""[0.7695609]""",47.54783248901367,0.12843143939971924,NA,NA,NA,NA,NA
1930,222.04312133789062,"""[39.586327]""","""[0.7627017]""",110.36245727539062,0.13043388724327087,NA,NA,NA,NA,NA
1931,220.13267517089844,"""[39.49275]""","""[0.74974656]""",202.87310791015625,0.13450700044631958,NA,NA,NA,NA,NA
1932,219.1732635498047,"""[39.488037]""","""[0.7475757]""",103.98384857177734,0.13460741937160492,NA,NA,NA,NA,NA
1933,218.6835479736328,"""[39.53578]""","""[0.7516281]""",136.84628295898438,0.13233551383018494,NA,NA,NA,NA,NA
1934,218.06668090820312,"""[39.632378]""","""[0.76054066]""",51.805152893066406,0.12779073417186737,NA,NA,NA,NA,NA
1935,218.29757690429688,"""[39.701416]""","""[0.7685265]""",82.596923828125,0.1245502382516861,NA,NA,NA,NA,NA
1936,217.23316955566406,"""[39.791847]""","""[0.7763696]""",90.23799133300781,0.12019343674182892,NA,NA,NA,NA,NA
1937,214.66970825195312,"""[39.904797]""","""[0.7840276]""",86.51194763183594,0.1145944818854332,NA,NA,NA,NA,NA
1938,211.99911499023438,"""[39.968487]""","""[0.7862771]""",145.3625946044922,0.11125635355710983,NA,NA,NA,NA,NA
1939,207.55836486816406,"""[40.06331]""","""[0.7887976]""",58.37570571899414,0.10622947663068771,NA,NA,NA,NA,NA
1940,204.6151885986328,"""[40.130894]""","""[0.79140383]""",40.18955993652344,0.10259261727333069,NA,NA,NA,NA,NA
1941,201.91810607910156,"""[40.18976]""","""[0.7936267]""",40.243980407714844,0.09936942905187607,NA,NA,NA,NA,NA
1942,199.46475219726562,"""[40.240173]""","""[0.79543036]""",62.14826202392578,0.09655890613794327,NA,NA,NA,NA,NA
1943,195.8343963623047,"""[40.298634]""","""[0.7959479]""",47.063438415527344,0.09322836250066757,NA,NA,NA,NA,NA
1944,193.14324951171875,"""[40.339733]""","""[0.7962391]""",42.73713684082031,0.09083418548107147,NA,NA,NA,NA,NA
1945,189.94635009765625,"""[40.379612]""","""[0.79532444]""",106.42842102050781,0.08846275508403778,NA,NA,NA,NA,NA
1946,191.06765747070312,"""[40.400272]""","""[0.80117035]""",221.9768524169922,0.08733431994915009,NA,NA,NA,NA,NA
1947,197.09384155273438,"""[40.38001]""","""[0.8115424]""",170.5076446533203,0.08876361697912216,NA,NA,NA,NA,NA
1948,205.47598266601562,"""[40.328102]""","""[0.8219533]""",214.95108032226562,0.09216996282339096,NA,NA,NA,NA,NA
1949,218.14529418945312,"""[40.246212]""","""[0.83623236]""",40.27304458618164,0.09774430096149445,NA,NA,NA,NA,NA
1950,230.04501342773438,"""[40.16977]""","""[0.8489751]""",94.43096923828125,0.1031537652015686,NA,NA,NA,NA,NA
1951,241.2331085205078,"""[40.066795]""","""[0.8570502]""",41.58651351928711,0.10977884382009506,NA,NA,NA,NA,NA
1952,251.1474151611328,"""[39.973732]""","""[0.8639496]""",342.2206726074219,0.11576904356479645,NA,NA,NA,NA,NA
1953,261.4848937988281,"""[39.79416]""","""[0.8631282]""",105.6779556274414,0.12555404007434845,NA,NA,NA,NA,NA
1954,270.82293701171875,"""[39.667423]""","""[0.8662521]""",58.595428466796875,0.13282591104507446,NA,NA,NA,NA,NA
1955,277.8663330078125,"""[39.566044]""","""[0.8683051]""",44.826499938964844,0.1385275423526764,NA,NA,NA,NA,NA
1956,284.09906005859375,"""[39.45962]""","""[0.86884266]""",125.19367980957031,0.14423184096813202,NA,NA,NA,NA,NA
1957,289.66748046875,"""[39.407955]""","""[0.87306935]""",370.0658264160156,0.1475866287946701,NA,NA,NA,NA,NA
1958,294.5049743652344,"""[39.477303]""","""[0.88599944]""",47.55570983886719,0.14599427580833435,NA,NA,NA,NA,NA
1959,299.05438232421875,"""[39.52314]""","""[0.8963759]""",69.53490447998047,0.1453026533126831,NA,NA,NA,NA,NA
1960,303.1180419921875,"""[39.530594]""","""[0.90278906]""",72.370361328125,0.1460399478673935,NA,NA,NA,NA,NA
1961,307.8197021484375,"""[39.508205]""","""[0.90752894]""",142.74765014648438,0.14815197885036469,NA,NA,NA,NA,NA
1962,310.478759765625,"""[39.531227]""","""[0.9131653]""",111.78233337402344,0.1479329615831375,NA,NA,NA,NA,NA
1963,312.866455078125,"""[39.603424]""","""[0.9223486]""",79.74468231201172,0.14569853246212006,NA,NA,NA,NA,NA
1964,314.56134033203125,"""[39.700226]""","""[0.93266624]""",64.32843017578125,0.14228397607803345,NA,NA,NA,NA,NA
1965,316.7359619140625,"""[39.81522]""","""[0.94515264]""",94.28245544433594,0.13824938237667084,NA,NA,NA,NA,NA
1966,320.0331115722656,"""[39.881332]""","""[0.95488894]""",103.10215759277344,0.13649626076221466,NA,NA,NA,NA,NA
1967,323.1903381347656,"""[39.979702]""","""[0.9671623]""",231.1855926513672,0.1333807110786438,NA,NA,NA,NA,NA
1968,327.0467224121094,"""[40.134933]""","""[0.98517203]""",111.6546401977539,0.12808758020401,NA,NA,NA,NA,NA
1969,329.062744140625,"""[40.29569]""","""[1.0019225]""",58.06047821044922,0.12193093448877335,NA,NA,NA,NA,NA
1970,331.8012390136719,"""[40.454636]""","""[1.0196304]""",69.17552185058594,0.11595091968774796,NA,NA,NA,NA,NA
1971,337.1901550292969,"""[40.579914]""","""[1.036925]""",216.68263244628906,0.11212847381830215,NA,NA,NA,NA,NA
1972,342.4561767578125,"""[40.743927]""","""[1.058049]""",68.67386627197266,0.10645066946744919,NA,NA,NA,NA,NA
1973,349.1120300292969,"""[40.871822]""","""[1.0768406]""",42.414527893066406,0.10269618034362793,NA,NA,NA,NA,NA
1974,355.656494140625,"""[40.978985]""","""[1.0933249]""",397.0601806640625,0.09976816177368164,NA,NA,NA,NA,NA
1975,361.3736267089844,"""[41.135296]""","""[1.1149124]""",144.58229064941406,0.09413108974695206,NA,NA,NA,NA,NA
1976,370.0624694824219,"""[41.248627]""","""[1.133873]""",95.58216857910156,0.09133263677358627,NA,NA,NA,NA,NA
1977,375.3779602050781,"""[41.31702]""","""[1.1450849]""",73.64604187011719,0.08960366249084473,NA,NA,NA,NA,NA
1978,384.682861328125,"""[41.376125]""","""[1.1575123]""",48.5939826965332,0.08956985175609589,NA,NA,NA,NA,NA
1979,393.468505859375,"""[41.422047]""","""[1.1677018]""",186.7523956298828,0.0900159478187561,NA,NA,NA,NA,NA
1980,404.0815734863281,"""[41.435028]""","""[1.1745366]""",147.58065795898438,0.09273667633533478,NA,NA,NA,NA,NA
1981,416.16644287109375,"""[41.429253]""","""[1.1797332]""",216.86233520507812,0.09688322991132736,NA,NA,NA,NA,NA
1982,442.337890625,"""[41.435886]""","""[1.1937952]""",63.78623580932617,0.10483656823635101,NA,NA,NA,NA,NA
1983,463.429931640625,"""[41.446857]""","""[1.2049898]""",47.72705841064453,0.11091386526823044,NA,NA,NA,NA,NA
1984,482.9021911621094,"""[41.449738]""","""[1.2141124]""",102.37788391113281,0.11686161160469055,NA,NA,NA,NA,NA
1985,509.77178955078125,"""[41.458076]""","""[1.2270583]""",91.57931518554688,0.12480640411376953,NA,NA,NA,NA,NA
1986,537.961669921875,"""[41.454327]""","""[1.238984]""",121.82511901855469,0.1337205469608307,NA,NA,NA,NA,NA
1987,567.522216796875,"""[41.433327]""","""[1.249727]""",92.74012756347656,0.1438835859298706,NA,NA,NA,NA,NA
1988,596.2575073242188,"""[41.39094]""","""[1.2582135]""",273.0965881347656,0.15482859313488007,NA,NA,NA,NA,NA
1989,636.985107421875,"""[41.34157]""","""[1.2714325]""",154.77511596679688,0.16973699629306793,NA,NA,NA,NA,NA
1990,668.6326293945312,"""[41.228092]""","""[1.276516]""",44.408241271972656,0.1850736290216446,NA,NA,NA,NA,NA
1991,698.38525390625,"""[41.1125]""","""[1.2810127]""",45.88368225097656,0.19989681243896484,NA,NA,NA,NA,NA
1992,722.3607177734375,"""[40.99947]""","""[1.2834597]""",232.7814178466797,0.21281227469444275,NA,NA,NA,NA,NA
1993,740.614501953125,"""[40.943775]""","""[1.2863909]""",70.63760375976562,0.22109705209732056,NA,NA,NA,NA,NA
1994,752.33349609375,"""[40.903137]""","""[1.2872512]""",349.3927001953125,0.22663302719593048,NA,NA,NA,NA,NA
1995,771.0429077148438,"""[40.97021]""","""[1.2959043]""",87.55476379394531,0.22885610163211823,NA,NA,NA,NA,NA
1996,786.5289306640625,"""[41.05753]""","""[1.303847]""",107.00079345703125,0.22898712754249573,NA,NA,NA,NA,NA
1997,805.0606079101562,"""[41.114265]""","""[1.3115578]""",134.46273803710938,0.23153966665267944,NA,NA,NA,NA,NA
1998,821.3864135742188,"""[41.126953]""","""[1.3162569]""",222.11013793945312,0.2356678545475006,NA,NA,NA,NA,NA
1999,840.483154296875,"""[41.20856]""","""[1.3247534]""",56.028682708740234,0.23696266114711761,NA,NA,NA,NA,NA
