epoch,DE,E,I,loss,mse_odd_even_sol,y0,yL,val_DE,val_E,val_I,val_loss,val_mse_odd_even_sol,val_y0,val_yL
0,9.733721384463934e-08,"""[3.5209465]""","""[2.4009534e-05]""",100.01885986328125,0.9725102186203003,"""[[-0.00775478]]""","""[[0.00775478]]""",NA,NA,NA,NA,NA,NA,NA
1,0.0010323987808078527,"""[0.24278642]""","""[0.00092609215]""",179.601806640625,0.978830873966217,"""[[-0.03046525]]""","""[[-0.0286904]]""",NA,NA,NA,NA,NA,NA,NA
2,0.00012929404329042882,"""[0.08012951]""","""[0.004073168]""",150.54014587402344,0.9293226003646851,"""[[0.01177946]]""","""[[-0.1129287]]""",NA,NA,NA,NA,NA,NA,NA
3,1.2090612472093198e-05,"""[0.2727093]""","""[0.00855479]""",123.28008270263672,0.8703175187110901,"""[[0.08703912]]""","""[[-0.17894584]]""",NA,NA,NA,NA,NA,NA,NA
4,5.517890531336889e-05,"""[0.42875698]""","""[0.016256383]""",104.64765167236328,0.8127275705337524,"""[[0.1735119]]""","""[[-0.23756272]]""",NA,NA,NA,NA,NA,NA,NA
5,3.055304478039034e-05,"""[0.51333964]""","""[0.026908765]""",96.25812530517578,0.7633630633354187,"""[[0.2565166]]""","""[[-0.28769094]]""",NA,NA,NA,NA,NA,NA,NA
6,1.1719676876964513e-05,"""[0.5606847]""","""[0.03969297]""",94.5838623046875,0.7222078442573547,"""[[0.33105943]]""","""[[-0.33257887]]""",NA,NA,NA,NA,NA,NA,NA
7,2.7890158889931627e-05,"""[0.59219897]""","""[0.05406679]""",92.47350311279297,0.6870906949043274,"""[[0.39840645]]""","""[[-0.37461895]]""",NA,NA,NA,NA,NA,NA,NA
8,7.936632027849555e-05,"""[0.61645305]""","""[0.069763154]""",92.5203857421875,0.6564443111419678,"""[[0.46089232]]""","""[[-0.4143848]]""",NA,NA,NA,NA,NA,NA,NA
9,0.00015191799320746213,"""[0.6376316]""","""[0.08667466]""",89.33840942382812,0.6289780735969543,"""[[0.5186522]]""","""[[-0.4543766]]""",NA,NA,NA,NA,NA,NA,NA
10,0.00023754245194140822,"""[0.6573645]""","""[0.104791366]""",89.17511749267578,0.6039872169494629,"""[[0.5732919]]""","""[[-0.4945328]]""",NA,NA,NA,NA,NA,NA,NA
11,0.00032370665576308966,"""[0.6768004]""","""[0.124191195]""",84.5599365234375,0.5808231830596924,"""[[0.6252696]]""","""[[-0.5359991]]""",NA,NA,NA,NA,NA,NA,NA
12,0.000412874884204939,"""[0.69615364]""","""[0.14500017]""",82.11365509033203,0.5592883825302124,"""[[0.67587966]]""","""[[-0.5781893]]""",NA,NA,NA,NA,NA,NA,NA
13,0.0005038518575020134,"""[0.7157768]""","""[0.16739139]""",79.66474914550781,0.5391554236412048,"""[[0.7257092]]""","""[[-0.62138844]]""",NA,NA,NA,NA,NA,NA,NA
14,0.0005961447022855282,"""[0.7359297]""","""[0.19156392]""",76.71281433105469,0.5202844142913818,"""[[0.775212]]""","""[[-0.6658748]]""",NA,NA,NA,NA,NA,NA,NA
15,0.0006922843167558312,"""[0.7567713]""","""[0.21773681]""",74.28218841552734,0.502639651298523,"""[[0.8248704]]""","""[[-0.711708]]""",NA,NA,NA,NA,NA,NA,NA
16,0.0007925120880827308,"""[0.7784965]""","""[0.24614182]""",72.69927978515625,0.48620185256004333,"""[[0.8749187]]""","""[[-0.7591847]]""",NA,NA,NA,NA,NA,NA,NA
17,0.0008941194973886013,"""[0.8013359]""","""[0.27701807]""",69.2895278930664,0.4709656834602356,"""[[0.92535126]]""","""[[-0.8088218]]""",NA,NA,NA,NA,NA,NA,NA
18,0.0010021836496889591,"""[0.82531595]""","""[0.31059414]""",70.60018157958984,0.45706841349601746,"""[[0.9764472]]""","""[[-0.86051357]]""",NA,NA,NA,NA,NA,NA,NA
19,0.0011083792196586728,"""[0.8506901]""","""[0.34708917]""",61.57144546508789,0.44453513622283936,"""[[1.0277159]]""","""[[-0.915147]]""",NA,NA,NA,NA,NA,NA,NA
20,0.0012473459355533123,"""[0.8770025]""","""[0.38667005]""",58.74210739135742,0.4338374435901642,"""[[1.0806388]]""","""[[-0.9705481]]""",NA,NA,NA,NA,NA,NA,NA
21,0.001422156230546534,"""[0.9043277]""","""[0.42942643]""",56.17705154418945,0.4250994622707367,"""[[1.1349592]]""","""[[-1.0268754]]""",NA,NA,NA,NA,NA,NA,NA
22,0.0016361922025680542,"""[0.93266296]""","""[0.47534937]""",54.807865142822266,0.4184522330760956,"""[[1.1902876]]""","""[[-1.0841942]]""",NA,NA,NA,NA,NA,NA,NA
23,0.0018875232199206948,"""[0.96196496]""","""[0.524284]""",51.54862976074219,0.41397517919540405,"""[[1.2458204]]""","""[[-1.1427864]]""",NA,NA,NA,NA,NA,NA,NA
24,0.0021900616120547056,"""[0.9918983]""","""[0.57586724]""",50.598819732666016,0.4118252098560333,"""[[1.3014108]]""","""[[-1.2016714]]""",NA,NA,NA,NA,NA,NA,NA
25,0.0025417397264391184,"""[1.022157]""","""[0.6294547]""",48.83377456665039,0.41197067499160767,"""[[1.3559916]]""","""[[-1.2606087]]""",NA,NA,NA,NA,NA,NA,NA
26,0.0029458224307745695,"""[1.052182]""","""[0.68403715]""",47.34458923339844,0.4143163561820984,"""[[1.4087313]]""","""[[-1.318497]]""",NA,NA,NA,NA,NA,NA,NA
27,0.003402775852009654,"""[1.0812176]""","""[0.7381601]""",47.02040100097656,0.4186069369316101,"""[[1.4587624]]""","""[[-1.3736912]]""",NA,NA,NA,NA,NA,NA,NA
28,0.0039012127090245485,"""[1.1083622]""","""[0.7898934]""",47.59592056274414,0.4243582785129547,"""[[1.5049243]]""","""[[-1.4243498]]""",NA,NA,NA,NA,NA,NA,NA
29,0.004401694051921368,"""[1.1327091]""","""[0.8369334]""",48.28081512451172,0.43080687522888184,"""[[1.5451068]]""","""[[-1.469412]]""",NA,NA,NA,NA,NA,NA,NA
30,0.004873311147093773,"""[1.1531787]""","""[0.8768107]""",49.13164520263672,0.4371381103992462,"""[[1.5783098]]""","""[[-1.5064849]]""",NA,NA,NA,NA,NA,NA,NA
31,0.0052609932608902454,"""[1.168968]""","""[0.9073517]""",50.7751350402832,0.44245445728302,"""[[1.6028099]]""","""[[-1.5347098]]""",NA,NA,NA,NA,NA,NA,NA
32,0.005513823125511408,"""[1.1795894]""","""[0.9271135]""",50.86525344848633,0.4460383355617523,"""[[1.6172962]]""","""[[-1.5539633]]""",NA,NA,NA,NA,NA,NA,NA
33,0.005617218092083931,"""[1.1848233]""","""[0.93560857]""",51.65874481201172,0.44755271077156067,"""[[1.6222152]]""","""[[-1.563542]]""",NA,NA,NA,NA,NA,NA,NA
34,0.005563716869801283,"""[1.1849709]""","""[0.9333796]""",51.167728424072266,0.44696271419525146,"""[[1.6177716]]""","""[[-1.5644765]]""",NA,NA,NA,NA,NA,NA,NA
35,0.005378813948482275,"""[1.1805816]""","""[0.9217462]""",50.835838317871094,0.4445715844631195,"""[[1.6054251]]""","""[[-1.5574312]]""",NA,NA,NA,NA,NA,NA,NA
36,0.005093532148748636,"""[1.1724818]""","""[0.90255743]""",50.038814544677734,0.4408496022224426,"""[[1.5864872]]""","""[[-1.5439552]]""",NA,NA,NA,NA,NA,NA,NA
37,0.004753242712467909,"""[1.1615455]""","""[0.8778621]""",49.237030029296875,0.436362087726593,"""[[1.563127]]""","""[[-1.5249517]]""",NA,NA,NA,NA,NA,NA,NA
38,0.004390821326524019,"""[1.148725]""","""[0.84971696]""",48.465240478515625,0.4316188097000122,"""[[1.5368683]]""","""[[-1.502107]]""",NA,NA,NA,NA,NA,NA,NA
39,0.004029674455523491,"""[1.1349393]""","""[0.8200098]""",47.972084045410156,0.42703017592430115,"""[[1.5088755]]""","""[[-1.4773293]]""",NA,NA,NA,NA,NA,NA,NA
40,0.003694734536111355,"""[1.1209452]""","""[0.79031503]""",48.740867614746094,0.4229016900062561,"""[[1.4809151]]""","""[[-1.4515053]]""",NA,NA,NA,NA,NA,NA,NA
41,0.00340473186224699,"""[1.107367]""","""[0.76187617]""",47.17552185058594,0.4194132089614868,"""[[1.4547148]]""","""[[-1.4251387]]""",NA,NA,NA,NA,NA,NA,NA
42,0.0031552701257169247,"""[1.0947944]""","""[0.7356677]""",47.07019805908203,0.4166010022163391,"""[[1.4303055]]""","""[[-1.4001828]]""",NA,NA,NA,NA,NA,NA,NA
43,0.002945232205092907,"""[1.0836401]""","""[0.7123444]""",47.12247085571289,0.4144328832626343,"""[[1.4081215]]""","""[[-1.3776636]]""",NA,NA,NA,NA,NA,NA,NA
44,0.002773564076051116,"""[1.0741776]""","""[0.6923009]""",47.26856231689453,0.4128305912017822,"""[[1.3886312]]""","""[[-1.358129]]""",NA,NA,NA,NA,NA,NA,NA
45,0.0026376494206488132,"""[1.0665776]""","""[0.67573637]""",47.3842658996582,0.41169169545173645,"""[[1.372116]]""","""[[-1.3419507]]""",NA,NA,NA,NA,NA,NA,NA
46,0.002535717561841011,"""[1.0609164]""","""[0.6626974]""",48.14236831665039,0.41091498732566833,"""[[1.3588307]]""","""[[-1.3292015]]""",NA,NA,NA,NA,NA,NA,NA
47,0.0024593013804405928,"""[1.0572451]""","""[0.6531475]""",48.141361236572266,0.41039398312568665,"""[[1.3483261]]""","""[[-1.320493]]""",NA,NA,NA,NA,NA,NA,NA
48,0.0024074804969131947,"""[1.0555147]""","""[0.64695394]""",48.857051849365234,0.41006195545196533,"""[[1.3406664]]""","""[[-1.3156294]]""",NA,NA,NA,NA,NA,NA,NA
49,0.0023756378795951605,"""[1.055662]""","""[0.64395064]""",53.00517654418945,0.40986743569374084,"""[[1.335451]]""","""[[-1.3147748]]""",NA,NA,NA,NA,NA,NA,NA
50,0.0023534013889729977,"""[1.05761]""","""[0.64397085]""",47.86281204223633,0.4097824990749359,"""[[1.3315121]]""","""[[-1.3188071]]""",NA,NA,NA,NA,NA,NA,NA
51,0.0023590815253555775,"""[1.0610886]""","""[0.6466894]""",47.74990463256836,0.4098423421382904,"""[[1.3304005]]""","""[[-1.3254081]]""",NA,NA,NA,NA,NA,NA,NA
52,0.002392146037891507,"""[1.0659251]""","""[0.6518107]""",47.69557571411133,0.4100448489189148,"""[[1.3320118]]""","""[[-1.3340589]]""",NA,NA,NA,NA,NA,NA,NA
53,0.0024507951457053423,"""[1.0719386]""","""[0.659016]""",48.44453048706055,0.41039031744003296,"""[[1.3361028]]""","""[[-1.3443235]]""",NA,NA,NA,NA,NA,NA,NA
54,0.0025262469425797462,"""[1.0789587]""","""[0.6680356]""",47.855308532714844,0.41090571880340576,"""[[1.3412616]]""","""[[-1.3569826]]""",NA,NA,NA,NA,NA,NA,NA
55,0.00261983391828835,"""[1.0867547]""","""[0.67850095]""",47.948211669921875,0.4116068184375763,"""[[1.3473785]]""","""[[-1.371328]]""",NA,NA,NA,NA,NA,NA,NA
56,0.0027352196630090475,"""[1.095084]""","""[0.6899252]""",47.42234420776367,0.4124448895454407,"""[[1.3553807]]""","""[[-1.385504]]""",NA,NA,NA,NA,NA,NA,NA
57,0.002865793416276574,"""[1.1037244]""","""[0.7019051]""",47.21261215209961,0.413402795791626,"""[[1.3644677]]""","""[[-1.3994935]]""",NA,NA,NA,NA,NA,NA,NA
58,0.003006216837093234,"""[1.1124421]""","""[0.71401525]""",47.149749755859375,0.41445258259773254,"""[[1.3740338]]""","""[[-1.4130635]]""",NA,NA,NA,NA,NA,NA,NA
59,0.003150054719299078,"""[1.1209928]""","""[0.7258711]""",47.27949142456055,0.41558825969696045,"""[[1.3829643]]""","""[[-1.4265323]]""",NA,NA,NA,NA,NA,NA,NA
60,0.003294136608019471,"""[1.1291622]""","""[0.7369774]""",48.06100082397461,0.4167085886001587,"""[[1.3917408]]""","""[[-1.4385904]]""",NA,NA,NA,NA,NA,NA,NA
61,0.0034328498877584934,"""[1.1367505]""","""[0.74689317]""",47.978790283203125,0.4177206754684448,"""[[1.4004515]]""","""[[-1.4484214]]""",NA,NA,NA,NA,NA,NA,NA
62,0.0035605349112302065,"""[1.14359]""","""[0.75528795]""",47.63002014160156,0.41857001185417175,"""[[1.4086815]]""","""[[-1.4558648]]""",NA,NA,NA,NA,NA,NA,NA
63,0.0036725965328514576,"""[1.1495403]""","""[0.7619203]""",48.31270980834961,0.4192239046096802,"""[[1.4159272]]""","""[[-1.4609895]]""",NA,NA,NA,NA,NA,NA,NA
64,0.003766786539927125,"""[1.154514]""","""[0.7665975]""",47.12318801879883,0.4196312725543976,"""[[1.4223324]]""","""[[-1.4633586]]""",NA,NA,NA,NA,NA,NA,NA
65,0.003839778946712613,"""[1.1584593]""","""[0.7693304]""",47.13850021362305,0.4198310971260071,"""[[1.4268591]]""","""[[-1.4639547]]""",NA,NA,NA,NA,NA,NA,NA
66,0.0038897916674613953,"""[1.1613923]""","""[0.770171]""",47.59616470336914,0.4198324978351593,"""[[1.4292207]]""","""[[-1.463156]]""",NA,NA,NA,NA,NA,NA,NA
67,0.003920578397810459,"""[1.1633886]""","""[0.76918006]""",47.350528717041016,0.4196045994758606,"""[[1.4304227]]""","""[[-1.460152]]""",NA,NA,NA,NA,NA,NA,NA
68,0.003934102598577738,"""[1.1645437]""","""[0.7665833]""",47.739009857177734,0.4191906452178955,"""[[1.4304075]]""","""[[-1.4553825]]""",NA,NA,NA,NA,NA,NA,NA
69,0.003927431534975767,"""[1.1650158]""","""[0.762745]""",47.41159439086914,0.4186769425868988,"""[[1.4281049]]""","""[[-1.4505017]]""",NA,NA,NA,NA,NA,NA,NA
70,0.0039046956226229668,"""[1.1649665]""","""[0.75794286]""",49.184959411621094,0.4180857837200165,"""[[1.4241079]]""","""[[-1.4454523]]""",NA,NA,NA,NA,NA,NA,NA
71,0.0038814693689346313,"""[1.1645433]""","""[0.7523593]""",47.343528747558594,0.417390376329422,"""[[1.420833]]""","""[[-1.4382558]]""",NA,NA,NA,NA,NA,NA,NA
72,0.003850123845040798,"""[1.1639488]""","""[0.7464703]""",47.03388977050781,0.41670331358909607,"""[[1.4164052]]""","""[[-1.4315503]]""",NA,NA,NA,NA,NA,NA,NA
73,0.0038194817025214434,"""[1.1633368]""","""[0.7405216]""",47.208106994628906,0.41603097319602966,"""[[1.4119931]]""","""[[-1.4246686]]""",NA,NA,NA,NA,NA,NA,NA
74,0.0037879578303545713,"""[1.162876]""","""[0.73483384]""",47.534629821777344,0.4154174327850342,"""[[1.4071294]]""","""[[-1.4186593]]""",NA,NA,NA,NA,NA,NA,NA
75,0.0037675497587770224,"""[1.1626679]""","""[0.7295557]""",46.95446014404297,0.4148525893688202,"""[[1.4033607]]""","""[[-1.4123085]]""",NA,NA,NA,NA,NA,NA,NA
76,0.0037547245156019926,"""[1.1628321]""","""[0.72492504]""",48.6697998046875,0.41436871886253357,"""[[1.4000303]]""","""[[-1.4067079]]""",NA,NA,NA,NA,NA,NA,NA
77,0.0037405777256935835,"""[1.1634889]""","""[0.7211586]""",46.96000289916992,0.41399216651916504,"""[[1.395963]]""","""[[-1.4034328]]""",NA,NA,NA,NA,NA,NA,NA
78,0.0037378009874373674,"""[1.1646473]""","""[0.71825063]""",47.042816162109375,0.41369906067848206,"""[[1.3927569]]""","""[[-1.4009229]]""",NA,NA,NA,NA,NA,NA,NA
79,0.0037488830275833607,"""[1.1663278]""","""[0.71622896]""",47.033042907714844,0.4134838879108429,"""[[1.3907048]]""","""[[-1.3989556]]""",NA,NA,NA,NA,NA,NA,NA
80,0.0037736715748906136,"""[1.1685393]""","""[0.7151001]""",47.963714599609375,0.41334429383277893,"""[[1.3897632]]""","""[[-1.3975921]]""",NA,NA,NA,NA,NA,NA,NA
81,0.003818006021901965,"""[1.1712362]""","""[0.714784]""",47.8256721496582,0.4132643938064575,"""[[1.3906411]]""","""[[-1.3959897]]""",NA,NA,NA,NA,NA,NA,NA
82,0.0038813287392258644,"""[1.174383]""","""[0.7152323]""",48.528507232666016,0.4132482409477234,"""[[1.3931171]]""","""[[-1.3942575]]""",NA,NA,NA,NA,NA,NA,NA
83,0.003967651631683111,"""[1.1779121]""","""[0.7163527]""",46.94990921020508,0.4133007526397705,"""[[1.3973739]]""","""[[-1.3920083]]""",NA,NA,NA,NA,NA,NA,NA
84,0.004064192995429039,"""[1.1818142]""","""[0.7181201]""",47.09445571899414,0.41342997550964355,"""[[1.4019486]]""","""[[-1.3906353]]""",NA,NA,NA,NA,NA,NA,NA
85,0.004163895733654499,"""[1.1860477]""","""[0.72042143]""",47.0091552734375,0.41361644864082336,"""[[1.406315]]""","""[[-1.3904672]]""",NA,NA,NA,NA,NA,NA,NA
86,0.004265796393156052,"""[1.1905285]""","""[0.72309655]""",47.24869918823242,0.4138410687446594,"""[[1.4105245]]""","""[[-1.3911573]]""",NA,NA,NA,NA,NA,NA,NA
87,0.004380273632705212,"""[1.1951162]""","""[0.7259517]""",46.94328689575195,0.41410335898399353,"""[[1.4153903]]""","""[[-1.3914838]]""",NA,NA,NA,NA,NA,NA,NA
88,0.00450028944760561,"""[1.1997542]""","""[0.72886336]""",47.00009536743164,0.4143872857093811,"""[[1.4203374]]""","""[[-1.3917964]]""",NA,NA,NA,NA,NA,NA,NA
89,0.004615670070052147,"""[1.2044103]""","""[0.7317156]""",46.94114303588867,0.41466429829597473,"""[[1.424697]]""","""[[-1.3925817]]""",NA,NA,NA,NA,NA,NA,NA
90,0.00472590746358037,"""[1.2090114]""","""[0.7343723]""",47.09031677246094,0.41492027044296265,"""[[1.4285026]]""","""[[-1.3935509]]""",NA,NA,NA,NA,NA,NA,NA
91,0.0048414915800094604,"""[1.2134229]""","""[0.73669004]""",47.589229583740234,0.41516751050949097,"""[[1.4324126]]""","""[[-1.3937173]]""",NA,NA,NA,NA,NA,NA,NA
92,0.004968999419361353,"""[1.2175529]""","""[0.73857486]""",46.88097381591797,0.4154185354709625,"""[[1.4367272]]""","""[[-1.3925574]]""",NA,NA,NA,NA,NA,NA,NA
93,0.005093768239021301,"""[1.2214564]""","""[0.74001163]""",46.88898468017578,0.4156396985054016,"""[[1.4405574]]""","""[[-1.3910006]]""",NA,NA,NA,NA,NA,NA,NA
94,0.0052091144025325775,"""[1.2251532]""","""[0.7409793]""",47.17804718017578,0.4158100187778473,"""[[1.443592]]""","""[[-1.3893589]]""",NA,NA,NA,NA,NA,NA,NA
95,0.005305483937263489,"""[1.2286999]""","""[0.74148405]""",46.84908676147461,0.4158994257450104,"""[[1.445448]]""","""[[-1.388092]]""",NA,NA,NA,NA,NA,NA,NA
96,0.00539453374221921,"""[1.2320311]""","""[0.7415199]""",48.11839294433594,0.41593942046165466,"""[[1.4467477]]""","""[[-1.3865001]]""",NA,NA,NA,NA,NA,NA,NA
97,0.005451570730656385,"""[1.2353308]""","""[0.74116653]""",46.839290618896484,0.4158608317375183,"""[[1.4464327]]""","""[[-1.3859537]]""",NA,NA,NA,NA,NA,NA,NA
98,0.005503544118255377,"""[1.2384621]""","""[0.7404394]""",48.380348205566406,0.4157443344593048,"""[[1.4457625]]""","""[[-1.3850558]]""",NA,NA,NA,NA,NA,NA,NA
99,0.005524188745766878,"""[1.2416414]""","""[0.73945695]""",47.39060974121094,0.41552111506462097,"""[[1.4435949]]""","""[[-1.3853433]]""",NA,NA,NA,NA,NA,NA,NA
100,0.005565148778259754,"""[1.2445992]""","""[0.7382217]""",46.81631851196289,0.41534119844436646,"""[[1.442243]]""","""[[-1.3841895]]""",NA,NA,NA,NA,NA,NA,NA
101,0.005606034770607948,"""[1.2475139]""","""[0.73685074]""",46.90419006347656,0.4151521921157837,"""[[1.4408222]]""","""[[-1.3828369]]""",NA,NA,NA,NA,NA,NA,NA
102,0.005641974974423647,"""[1.250474]""","""[0.7354412]""",48.49053192138672,0.4149458408355713,"""[[1.4391338]]""","""[[-1.3817047]]""",NA,NA,NA,NA,NA,NA,NA
103,0.005651143845170736,"""[1.2536674]""","""[0.73411304]""",47.71693801879883,0.41466960310935974,"""[[1.4362103]]""","""[[-1.382123]]""",NA,NA,NA,NA,NA,NA,NA
104,0.005646905396133661,"""[1.2570511]""","""[0.7329226]""",47.149566650390625,0.4143695831298828,"""[[1.4325957]]""","""[[-1.3835691]]""",NA,NA,NA,NA,NA,NA,NA
105,0.005641762632876635,"""[1.2605939]""","""[0.7319144]""",46.880306243896484,0.41408511996269226,"""[[1.4287972]]""","""[[-1.3855448]]""",NA,NA,NA,NA,NA,NA,NA
106,0.005644227843731642,"""[1.2642713]""","""[0.73111373]""",46.813934326171875,0.4138389527797699,"""[[1.4252034]]""","""[[-1.3876659]]""",NA,NA,NA,NA,NA,NA,NA
107,0.005662554409354925,"""[1.2680504]""","""[0.73051995]""",46.79941177368164,0.413645476102829,"""[[1.4222763]]""","""[[-1.389439]]""",NA,NA,NA,NA,NA,NA,NA
108,0.005691410508006811,"""[1.2719698]""","""[0.73015195]""",47.16106414794922,0.41349074244499207,"""[[1.4197694]]""","""[[-1.3911793]]""",NA,NA,NA,NA,NA,NA,NA
109,0.005720050539821386,"""[1.2760897]""","""[0.73004264]""",46.843875885009766,0.4133586585521698,"""[[1.4170313]]""","""[[-1.3936411]]""",NA,NA,NA,NA,NA,NA,NA
110,0.005756603553891182,"""[1.2803627]""","""[0.73015875]""",46.96897506713867,0.41326186060905457,"""[[1.414503]]""","""[[-1.3962866]]""",NA,NA,NA,NA,NA,NA,NA
111,0.005797550082206726,"""[1.2847909]""","""[0.73048985]""",46.78486633300781,0.41319647431373596,"""[[1.4119252]]""","""[[-1.3993616]]""",NA,NA,NA,NA,NA,NA,NA
112,0.005850356072187424,"""[1.2893142]""","""[0.73096794]""",46.78480529785156,0.4131632149219513,"""[[1.4098331]]""","""[[-1.4021863]]""",NA,NA,NA,NA,NA,NA,NA
113,0.005913435015827417,"""[1.2939191]""","""[0.73155046]""",46.79571533203125,0.4131522476673126,"""[[1.4081879]]""","""[[-1.4047306]]""",NA,NA,NA,NA,NA,NA,NA
114,0.005981562193483114,"""[1.2986053]""","""[0.7322162]""",46.87672805786133,0.4131581485271454,"""[[1.4066108]]""","""[[-1.4073409]]""",NA,NA,NA,NA,NA,NA,NA
115,0.006052007898688316,"""[1.3033593]""","""[0.73293936]""",46.75834274291992,0.4131806194782257,"""[[1.404845]]""","""[[-1.4102212]]""",NA,NA,NA,NA,NA,NA,NA
116,0.006128939334303141,"""[1.3081405]""","""[0.73364806]""",47.19325637817383,0.41320908069610596,"""[[1.4033251]]""","""[[-1.4128073]]""",NA,NA,NA,NA,NA,NA,NA
117,0.006216695532202721,"""[1.3129128]""","""[0.73425245]""",46.77228546142578,0.4132189452648163,"""[[1.4027137]]""","""[[-1.4143003]]""",NA,NA,NA,NA,NA,NA,NA
118,0.006307866424322128,"""[1.3176863]""","""[0.734768]""",46.97785949707031,0.41321688890457153,"""[[1.4023066]]""","""[[-1.4154234]]""",NA,NA,NA,NA,NA,NA,NA
119,0.0064046429470181465,"""[1.3224484]""","""[0.73514915]""",46.920326232910156,0.4131900370121002,"""[[1.4024401]]""","""[[-1.4157716]]""",NA,NA,NA,NA,NA,NA,NA
120,0.0065057710744440556,"""[1.3271986]""","""[0.7353946]""",47.567195892333984,0.4131399989128113,"""[[1.4029776]]""","""[[-1.4154755]]""",NA,NA,NA,NA,NA,NA,NA
121,0.006616413127630949,"""[1.3319236]""","""[0.7354683]""",46.717979431152344,0.41305628418922424,"""[[1.404447]]""","""[[-1.4139516]]""",NA,NA,NA,NA,NA,NA,NA
122,0.006727512925863266,"""[1.3366492]""","""[0.7354567]""",47.25435256958008,0.41296958923339844,"""[[1.4057186]]""","""[[-1.4124507]]""",NA,NA,NA,NA,NA,NA,NA
123,0.0068483189679682255,"""[1.3413558]""","""[0.7353189]""",46.704593658447266,0.41286835074424744,"""[[1.4076436]]""","""[[-1.4100566]]""",NA,NA,NA,NA,NA,NA,NA
124,0.00696940440684557,"""[1.3460834]""","""[0.7351396]""",47.50336456298828,0.41277289390563965,"""[[1.4092386]]""","""[[-1.4078882]]""",NA,NA,NA,NA,NA,NA,NA
125,0.0070776138454675674,"""[1.3508945]""","""[0.73499686]""",46.70365524291992,0.41268742084503174,"""[[1.4095225]]""","""[[-1.407084]]""",NA,NA,NA,NA,NA,NA,NA
126,0.007185111753642559,"""[1.3557528]""","""[0.7348336]""",47.481571197509766,0.4125998020172119,"""[[1.4095744]]""","""[[-1.4064683]]""",NA,NA,NA,NA,NA,NA,NA
127,0.007308581378310919,"""[1.3606001]""","""[0.73458606]""",47.62681579589844,0.4125051200389862,"""[[1.4106501]]""","""[[-1.404662]]""",NA,NA,NA,NA,NA,NA,NA
128,0.007417009677737951,"""[1.3655614]""","""[0.73441833]""",46.688228607177734,0.412416011095047,"""[[1.4104129]]""","""[[-1.404322]]""",NA,NA,NA,NA,NA,NA,NA
129,0.007525942754000425,"""[1.3706025]""","""[0.7342766]""",46.77129364013672,0.4123278558254242,"""[[1.4100131]]""","""[[-1.4041911]]""",NA,NA,NA,NA,NA,NA,NA
130,0.007632806431502104,"""[1.3757414]""","""[0.734185]""",47.41899108886719,0.41224291920661926,"""[[1.4092484]]""","""[[-1.4045178]]""",NA,NA,NA,NA,NA,NA,NA
131,0.007758649066090584,"""[1.3809052]""","""[0.73405504]""",47.16795349121094,0.4121555984020233,"""[[1.4096235]]""","""[[-1.4036229]]""",NA,NA,NA,NA,NA,NA,NA
132,0.007900862023234367,"""[1.3861051]""","""[0.7339139]""",47.11698913574219,0.4120715856552124,"""[[1.4108586]]""","""[[-1.4018313]]""",NA,NA,NA,NA,NA,NA,NA
133,0.00803341157734394,"""[1.3914502]""","""[0.7338819]""",47.19563293457031,0.41199347376823425,"""[[1.4111682]]""","""[[-1.4011765]]""",NA,NA,NA,NA,NA,NA,NA
134,0.008155579678714275,"""[1.3969417]""","""[0.73395526]""",46.672298431396484,0.41191795468330383,"""[[1.410574]]""","""[[-1.4016356]]""",NA,NA,NA,NA,NA,NA,NA
135,0.008278973400592804,"""[1.4025416]""","""[0.73408735]""",47.27128601074219,0.4118465185165405,"""[[1.4098009]]""","""[[-1.4023815]]""",NA,NA,NA,NA,NA,NA,NA
136,0.008393856696784496,"""[1.4082849]""","""[0.7343176]""",46.616416931152344,0.4117831289768219,"""[[1.4081417]]""","""[[-1.404196]]""",NA,NA,NA,NA,NA,NA,NA
137,0.008518095128238201,"""[1.4140903]""","""[0.73455536]""",48.292354583740234,0.41172516345977783,"""[[1.406789]]""","""[[-1.4057014]]""",NA,NA,NA,NA,NA,NA,NA
138,0.008670219220221043,"""[1.4199038]""","""[0.7346922]""",47.02411651611328,0.41165339946746826,"""[[1.4071833]]""","""[[-1.4052682]]""",NA,NA,NA,NA,NA,NA,NA
139,0.008814558386802673,"""[1.425831]""","""[0.73488766]""",46.61723709106445,0.4115883708000183,"""[[1.4067214]]""","""[[-1.4057947]]""",NA,NA,NA,NA,NA,NA,NA
140,0.008966422639787197,"""[1.4318165]""","""[0.73505783]""",46.6082763671875,0.41151919960975647,"""[[1.4065284]]""","""[[-1.4060013]]""",NA,NA,NA,NA,NA,NA,NA
141,0.009125298820436,"""[1.437858]""","""[0.7351977]""",47.23506546020508,0.41144508123397827,"""[[1.4065702]]""","""[[-1.4059135]]""",NA,NA,NA,NA,NA,NA,NA
142,0.009273980744183064,"""[1.4440092]""","""[0.7353902]""",47.61863708496094,0.4113798141479492,"""[[1.40556]]""","""[[-1.4069632]]""",NA,NA,NA,NA,NA,NA,NA
143,0.009444612078368664,"""[1.4501725]""","""[0.7354687]""",47.81262969970703,0.41129547357559204,"""[[1.4058938]]""","""[[-1.4064616]]""",NA,NA,NA,NA,NA,NA,NA
144,0.00963870994746685,"""[1.4563468]""","""[0.7354374]""",46.65989303588867,0.4111962914466858,"""[[1.4075594]]""","""[[-1.4044223]]""",NA,NA,NA,NA,NA,NA,NA
145,0.009843740612268448,"""[1.4625669]""","""[0.73538053]""",46.80617141723633,0.4111019968986511,"""[[1.4094704]]""","""[[-1.4020663]]""",NA,NA,NA,NA,NA,NA,NA
146,0.010065344162285328,"""[1.468825]""","""[0.73529845]""",46.538330078125,0.41101863980293274,"""[[1.4118364]]""","""[[-1.3991728]]""",NA,NA,NA,NA,NA,NA,NA
147,0.010288987308740616,"""[1.4751763]""","""[0.7352562]""",46.75276184082031,0.4109465777873993,"""[[1.4137946]]""","""[[-1.396739]]""",NA,NA,NA,NA,NA,NA,NA
148,0.010531649924814701,"""[1.4815657]""","""[0.7352077]""",47.074005126953125,0.4108927845954895,"""[[1.416197]]""","""[[-1.3938025]]""",NA,NA,NA,NA,NA,NA,NA
149,0.010803892277181149,"""[1.487952]""","""[0.7351481]""",46.489620208740234,0.4108741283416748,"""[[1.4193347]]""","""[[-1.3900256]]""",NA,NA,NA,NA,NA,NA,NA
150,0.011088085360825062,"""[1.4944204]""","""[0.7351431]""",46.63106918334961,0.41088035702705383,"""[[1.4223406]]""","""[[-1.3864353]]""",NA,NA,NA,NA,NA,NA,NA
151,0.011396344751119614,"""[1.5009238]""","""[0.735173]""",46.45627212524414,0.4109254777431488,"""[[1.4256312]]""","""[[-1.3825434]]""",NA,NA,NA,NA,NA,NA,NA
152,0.011717528104782104,"""[1.5075158]""","""[0.7352633]""",46.5094108581543,0.410995215177536,"""[[1.4287862]]""","""[[-1.3788532]]""",NA,NA,NA,NA,NA,NA,NA
153,0.01206127367913723,"""[1.5141587]""","""[0.7353974]""",48.418121337890625,0.41110244393348694,"""[[1.4320848]]""","""[[-1.3750241]]""",NA,NA,NA,NA,NA,NA,NA
154,0.01234945748001337,"""[1.5212066]""","""[0.7356586]""",46.40751647949219,0.41111159324645996,"""[[1.4335089]]""","""[[-1.3735315]]""",NA,NA,NA,NA,NA,NA,NA
155,0.012650316581130028,"""[1.5283269]""","""[0.73592603]""",47.48891067504883,0.41113051772117615,"""[[1.4350125]]""","""[[-1.3719435]]""",NA,NA,NA,NA,NA,NA,NA
156,0.01290846150368452,"""[1.5357629]""","""[0.73624647]""",46.45256805419922,0.4110625088214874,"""[[1.4352506]]""","""[[-1.3719057]]""",NA,NA,NA,NA,NA,NA,NA
157,0.013164366595447063,"""[1.5433158]""","""[0.7365532]""",46.73334884643555,0.410976380109787,"""[[1.4352585]]""","""[[-1.372098]]""",NA,NA,NA,NA,NA,NA,NA
158,0.013463356532156467,"""[1.5507829]""","""[0.73678446]""",46.41813659667969,0.4109478294849396,"""[[1.4361056]]""","""[[-1.3711655]]""",NA,NA,NA,NA,NA,NA,NA
159,0.01375906728208065,"""[1.558371]""","""[0.73698616]""",46.34449005126953,0.4108976423740387,"""[[1.4366671]]""","""[[-1.3704935]]""",NA,NA,NA,NA,NA,NA,NA
160,0.014062264002859592,"""[1.5660303]""","""[0.73714197]""",46.5780029296875,0.41084346175193787,"""[[1.4371947]]""","""[[-1.369759]]""",NA,NA,NA,NA,NA,NA,NA
161,0.014405185356736183,"""[1.5736321]""","""[0.73722386]""",47.40639114379883,0.4108392000198364,"""[[1.4383678]]""","""[[-1.3681116]]""",NA,NA,NA,NA,NA,NA,NA
162,0.014698467217385769,"""[1.5815525]""","""[0.7373182]""",46.422245025634766,0.41073426604270935,"""[[1.4382821]]""","""[[-1.3679507]]""",NA,NA,NA,NA,NA,NA,NA
163,0.015026317909359932,"""[1.5894378]""","""[0.73734814]""",46.56166458129883,0.41067031025886536,"""[[1.4387248]]""","""[[-1.3670334]]""",NA,NA,NA,NA,NA,NA,NA
164,0.015336059033870697,"""[1.5975252]""","""[0.737371]""",50.2241096496582,0.41055819392204285,"""[[1.4385992]]""","""[[-1.3667598]]""",NA,NA,NA,NA,NA,NA,NA
165,0.01554394606500864,"""[1.6061374]""","""[0.7374664]""",47.635833740234375,0.4102672338485718,"""[[1.4362459]]""","""[[-1.3692299]]""",NA,NA,NA,NA,NA,NA,NA
166,0.015716789290308952,"""[1.615069]""","""[0.73761517]""",46.26904296875,0.4099162220954895,"""[[1.4328326]]""","""[[-1.3729837]]""",NA,NA,NA,NA,NA,NA,NA
167,0.01592201739549637,"""[1.6240028]""","""[0.7377369]""",46.26189041137695,0.40961307287216187,"""[[1.4297595]]""","""[[-1.3762305]]""",NA,NA,NA,NA,NA,NA,NA
168,0.016156144440174103,"""[1.6329534]""","""[0.737821]""",46.29732131958008,0.4093463122844696,"""[[1.4269993]]""","""[[-1.3789989]]""",NA,NA,NA,NA,NA,NA,NA
169,0.016426866874098778,"""[1.6418968]""","""[0.7378464]""",46.2654914855957,0.40911900997161865,"""[[1.4248036]]""","""[[-1.3809873]]""",NA,NA,NA,NA,NA,NA,NA
170,0.016713017597794533,"""[1.650919]""","""[0.7378406]""",46.57802963256836,0.4089012145996094,"""[[1.4226758]]""","""[[-1.3828125]]""",NA,NA,NA,NA,NA,NA,NA
171,0.0169956237077713,"""[1.6601099]""","""[0.7378485]""",46.88730239868164,0.4086734652519226,"""[[1.4200608]]""","""[[-1.3851625]]""",NA,NA,NA,NA,NA,NA,NA
172,0.017271477729082108,"""[1.6695026]""","""[0.7379028]""",46.265296936035156,0.4084395468235016,"""[[1.4167176]]""","""[[-1.388337]]""",NA,NA,NA,NA,NA,NA,NA
173,0.017569132149219513,"""[1.6789759]""","""[0.737955]""",47.06547546386719,0.408229261636734,"""[[1.4134237]]""","""[[-1.3913974]]""",NA,NA,NA,NA,NA,NA,NA
174,0.017866358160972595,"""[1.6886059]""","""[0.7380722]""",46.1936149597168,0.40803536772727966,"""[[1.4092759]]""","""[[-1.3954014]]""",NA,NA,NA,NA,NA,NA,NA
175,0.018199967220425606,"""[1.6982831]""","""[0.7381714]""",46.68832778930664,0.4078766703605652,"""[[1.405531]]""","""[[-1.3988786]]""",NA,NA,NA,NA,NA,NA,NA
176,0.01854879781603813,"""[1.7080537]""","""[0.7383189]""",46.74657440185547,0.4077546000480652,"""[[1.4011935]]""","""[[-1.4029636]]""",NA,NA,NA,NA,NA,NA,NA
177,0.018923327326774597,"""[1.7179201]""","""[0.7385348]""",46.14735412597656,0.4076886475086212,"""[[1.3962288]]""","""[[-1.4076864]]""",NA,NA,NA,NA,NA,NA,NA
178,0.019339239224791527,"""[1.7278364]""","""[0.73873305]""",46.138999938964844,0.4076610207557678,"""[[1.3916216]]""","""[[-1.4119227]]""",NA,NA,NA,NA,NA,NA,NA
179,0.019791362807154655,"""[1.7378148]""","""[0.73891497]""",46.696990966796875,0.4076663553714752,"""[[1.3871889]]""","""[[-1.4158694]]""",NA,NA,NA,NA,NA,NA,NA
180,0.02027519978582859,"""[1.7479305]""","""[0.738975]""",46.956783294677734,0.40763407945632935,"""[[1.3840449]]""","""[[-1.4183346]]""",NA,NA,NA,NA,NA,NA,NA
181,0.02077798917889595,"""[1.7582397]""","""[0.7388941]""",46.91429901123047,0.40753209590911865,"""[[1.3822682]]""","""[[-1.4192675]]""",NA,NA,NA,NA,NA,NA,NA
182,0.021292604506015778,"""[1.7687418]""","""[0.7386857]""",46.21245574951172,0.4073561131954193,"""[[1.3817075]]""","""[[-1.4188567]]""",NA,NA,NA,NA,NA,NA,NA
183,0.02182319387793541,"""[1.779425]""","""[0.7384446]""",46.534873962402344,0.40715309977531433,"""[[1.3815778]]""","""[[-1.4179884]]""",NA,NA,NA,NA,NA,NA,NA
184,0.022370673716068268,"""[1.7903144]""","""[0.7381633]""",46.47520065307617,0.4069060981273651,"""[[1.382264]]""","""[[-1.4162959]]""",NA,NA,NA,NA,NA,NA,NA
185,0.02294212393462658,"""[1.801436]""","""[0.7378863]""",46.2911262512207,0.4066307842731476,"""[[1.3836662]]""","""[[-1.413936]]""",NA,NA,NA,NA,NA,NA,NA
186,0.023541059345006943,"""[1.8127093]""","""[0.7377702]""",49.23648452758789,0.4064143896102905,"""[[1.3841504]]""","""[[-1.4126935]]""",NA,NA,NA,NA,NA,NA,NA
187,0.024171650409698486,"""[1.8242308]""","""[0.7375567]""",46.15735626220703,0.40611007809638977,"""[[1.386862]]""","""[[-1.4091816]]""",NA,NA,NA,NA,NA,NA,NA
188,0.024845020845532417,"""[1.8359467]""","""[0.7374464]""",45.97220993041992,0.4058299958705902,"""[[1.3898349]]""","""[[-1.4055556]]""",NA,NA,NA,NA,NA,NA,NA
189,0.025558006018400192,"""[1.8478608]""","""[0.73749596]""",45.95530700683594,0.4055951237678528,"""[[1.3924234]]""","""[[-1.4025347]]""",NA,NA,NA,NA,NA,NA,NA
190,0.02630780264735222,"""[1.8599865]""","""[0.73768586]""",46.28441619873047,0.4053930938243866,"""[[1.3946983]]""","""[[-1.400031]]""",NA,NA,NA,NA,NA,NA,NA
191,0.027078762650489807,"""[1.8723323]""","""[0.7380395]""",46.69620895385742,0.40522506833076477,"""[[1.3960137]]""","""[[-1.39874]]""",NA,NA,NA,NA,NA,NA,NA
192,0.027863765135407448,"""[1.8849704]""","""[0.73855776]""",46.21492004394531,0.4050830602645874,"""[[1.3961016]]""","""[[-1.3989443]]""",NA,NA,NA,NA,NA,NA,NA
193,0.028691735118627548,"""[1.897781]""","""[0.7390328]""",46.20600891113281,0.40492725372314453,"""[[1.3968976]]""","""[[-1.3983588]]""",NA,NA,NA,NA,NA,NA,NA
194,0.02956465259194374,"""[1.9107707]""","""[0.73944545]""",46.446495056152344,0.40475937724113464,"""[[1.3983244]]""","""[[-1.3970169]]""",NA,NA,NA,NA,NA,NA,NA
195,0.030446205288171768,"""[1.9239944]""","""[0.739915]""",46.14372634887695,0.40460100769996643,"""[[1.3985921]]""","""[[-1.3969145]]""",NA,NA,NA,NA,NA,NA,NA
196,0.03134117275476456,"""[1.9374214]""","""[0.74038285]""",45.84777069091797,0.4044428765773773,"""[[1.3980691]]""","""[[-1.3975809]]""",NA,NA,NA,NA,NA,NA,NA
197,0.0322703942656517,"""[1.9510164]""","""[0.74074805]""",45.79883575439453,0.4042704105377197,"""[[1.3977242]]""","""[[-1.397866]]""",NA,NA,NA,NA,NA,NA,NA
198,0.03322909399867058,"""[1.9647839]""","""[0.7410157]""",45.782264709472656,0.4040848910808563,"""[[1.3973272]]""","""[[-1.3980087]]""",NA,NA,NA,NA,NA,NA,NA
199,0.03421594202518463,"""[1.9787343]""","""[0.7411931]""",45.87622833251953,0.4038880169391632,"""[[1.3967565]]""","""[[-1.3981413]]""",NA,NA,NA,NA,NA,NA,NA
200,0.03522760421037674,"""[1.9928983]""","""[0.74131787]""",45.846046447753906,0.4036867618560791,"""[[1.3956676]]""","""[[-1.3986713]]""",NA,NA,NA,NA,NA,NA,NA
201,0.03628136217594147,"""[2.0072432]""","""[0.7413183]""",45.74065017700195,0.4034655690193176,"""[[1.3949728]]""","""[[-1.3985689]]""",NA,NA,NA,NA,NA,NA,NA
202,0.03737568482756615,"""[2.0217996]""","""[0.74123484]""",45.69547653198242,0.40322983264923096,"""[[1.3944342]]""","""[[-1.3981458]]""",NA,NA,NA,NA,NA,NA,NA
203,0.03851128742098808,"""[2.0365808]""","""[0.7411012]""",45.86282730102539,0.40298426151275635,"""[[1.3939328]]""","""[[-1.3975784]]""",NA,NA,NA,NA,NA,NA,NA
204,0.03968179598450661,"""[2.0516255]""","""[0.74100274]""",45.70664596557617,0.4027451276779175,"""[[1.3928225]]""","""[[-1.3976568]]""",NA,NA,NA,NA,NA,NA,NA
205,0.04089708253741264,"""[2.066929]""","""[0.740934]""",45.88323974609375,0.402509868144989,"""[[1.391416]]""","""[[-1.3980608]]""",NA,NA,NA,NA,NA,NA,NA
206,0.04216152802109718,"""[2.0825202]""","""[0.7409448]""",45.68059539794922,0.40229111909866333,"""[[1.3894217]]""","""[[-1.3991576]]""",NA,NA,NA,NA,NA,NA,NA
207,0.04349236190319061,"""[2.0983896]""","""[0.7409463]""",45.95876693725586,0.40206149220466614,"""[[1.387928]]""","""[[-1.3997293]]""",NA,NA,NA,NA,NA,NA,NA
208,0.04489727318286896,"""[2.1146004]""","""[0.7409177]""",46.70368957519531,0.4018055200576782,"""[[1.3873185]]""","""[[-1.3993752]]""",NA,NA,NA,NA,NA,NA,NA
209,0.04636112600564957,"""[2.131117]""","""[0.7410716]""",45.86791229248047,0.40159767866134644,"""[[1.3853397]]""","""[[-1.4006425]]""",NA,NA,NA,NA,NA,NA,NA
210,0.047902144491672516,"""[2.1479557]""","""[0.7411948]""",45.69675827026367,0.40136203169822693,"""[[1.3842554]]""","""[[-1.4009771]]""",NA,NA,NA,NA,NA,NA,NA
211,0.04951688274741173,"""[2.1650865]""","""[0.7414154]""",45.569671630859375,0.4011501967906952,"""[[1.3826292]]""","""[[-1.401978]]""",NA,NA,NA,NA,NA,NA,NA
212,0.05121045932173729,"""[2.1825492]""","""[0.74162644]""",45.778865814208984,0.40091922879219055,"""[[1.3815086]]""","""[[-1.4024602]]""",NA,NA,NA,NA,NA,NA,NA
213,0.05298832058906555,"""[2.2002773]""","""[0.74193484]""",46.949100494384766,0.40072301030158997,"""[[1.3796453]]""","""[[-1.4037873]]""",NA,NA,NA,NA,NA,NA,NA
214,0.05487482622265816,"""[2.2181861]""","""[0.74241036]""",45.379371643066406,0.4006136655807495,"""[[1.3762662]]""","""[[-1.4067729]]""",NA,NA,NA,NA,NA,NA,NA
215,0.05687441676855087,"""[2.236371]""","""[0.7428883]""",45.99462127685547,0.400520920753479,"""[[1.3729372]]""","""[[-1.4096473]]""",NA,NA,NA,NA,NA,NA,NA
216,0.05895059555768967,"""[2.254974]""","""[0.743221]""",45.75385284423828,0.40035557746887207,"""[[1.3708129]]""","""[[-1.4111271]]""",NA,NA,NA,NA,NA,NA,NA
217,0.06115846708416939,"""[2.273782]""","""[0.7435978]""",46.909366607666016,0.40025150775909424,"""[[1.3678164]]""","""[[-1.4134154]]""",NA,NA,NA,NA,NA,NA,NA
218,0.06340465694665909,"""[2.293149]""","""[0.74374443]""",45.22919845581055,0.4000083804130554,"""[[1.3665555]]""","""[[-1.4137344]]""",NA,NA,NA,NA,NA,NA,NA
219,0.0657537430524826,"""[2.3128464]""","""[0.74384534]""",45.22943878173828,0.3997611105442047,"""[[1.3651701]]""","""[[-1.4140573]]""",NA,NA,NA,NA,NA,NA,NA
220,0.06820190697908401,"""[2.3329318]""","""[0.7438877]""",45.7115592956543,0.399490088224411,"""[[1.3639234]]""","""[[-1.4141316]]""",NA,NA,NA,NA,NA,NA,NA
221,0.07072585821151733,"""[2.3535848]""","""[0.7438217]""",45.448509216308594,0.3991362452507019,"""[[1.3635346]]""","""[[-1.4132456]]""",NA,NA,NA,NA,NA,NA,NA
222,0.073340505361557,"""[2.3747246]""","""[0.7436951]""",46.02606964111328,0.39872828125953674,"""[[1.3636999]]""","""[[-1.4117489]]""",NA,NA,NA,NA,NA,NA,NA
223,0.07603254914283752,"""[2.39641]""","""[0.7434876]""",45.959041595458984,0.39823639392852783,"""[[1.3648982]]""","""[[-1.4091791]]""",NA,NA,NA,NA,NA,NA,NA
224,0.07884342968463898,"""[2.4186883]""","""[0.74325764]""",45.06017303466797,0.39768651127815247,"""[[1.3670255]]""","""[[-1.4056987]]""",NA,NA,NA,NA,NA,NA,NA
225,0.08184920251369476,"""[2.441326]""","""[0.7431788]""",46.85575485229492,0.3971923887729645,"""[[1.3686384]]""","""[[-1.4028862]]""",NA,NA,NA,NA,NA,NA,NA
226,0.08499427139759064,"""[2.4645405]""","""[0.74306536]""",47.18806838989258,0.39663058519363403,"""[[1.3717244]]""","""[[-1.3986146]]""",NA,NA,NA,NA,NA,NA,NA
227,0.08836697787046432,"""[2.4883811]""","""[0.74296826]""",47.36469268798828,0.39604416489601135,"""[[1.3762974]]""","""[[-1.3928727]]""",NA,NA,NA,NA,NA,NA,NA
228,0.09206141531467438,"""[2.5126834]""","""[0.7429308]""",45.4833869934082,0.39549675583839417,"""[[1.3823]]""","""[[-1.3856807]]""",NA,NA,NA,NA,NA,NA,NA
229,0.09614996612071991,"""[2.5372477]""","""[0.7430834]""",45.763797760009766,0.3950698971748352,"""[[1.3886085]]""","""[[-1.3782749]]""",NA,NA,NA,NA,NA,NA,NA
230,0.10070167481899261,"""[2.5620239]""","""[0.7434006]""",45.081966400146484,0.3947819471359253,"""[[1.3954395]]""","""[[-1.3703463]]""",NA,NA,NA,NA,NA,NA,NA
231,0.10560887306928635,"""[2.5871644]""","""[0.74401605]""",44.7889518737793,0.3945990800857544,"""[[1.4010813]]""","""[[-1.3639545]]""",NA,NA,NA,NA,NA,NA,NA
232,0.11087725311517715,"""[2.6126766]""","""[0.7447767]""",44.75663375854492,0.39448678493499756,"""[[1.4062351]]""","""[[-1.3581535]]""",NA,NA,NA,NA,NA,NA,NA
233,0.11651760339736938,"""[2.6385503]""","""[0.74559325]""",44.71092224121094,0.3944314122200012,"""[[1.4110811]]""","""[[-1.3526049]]""",NA,NA,NA,NA,NA,NA,NA
234,0.12246887385845184,"""[2.6649053]""","""[0.74643534]""",44.64601135253906,0.3943912982940674,"""[[1.415283]]""","""[[-1.3476672]]""",NA,NA,NA,NA,NA,NA,NA
235,0.12871955335140228,"""[2.6917598]""","""[0.74723065]""",44.7420768737793,0.3943478763103485,"""[[1.4189056]]""","""[[-1.3431641]]""",NA,NA,NA,NA,NA,NA,NA
236,0.135188490152359,"""[2.7192388]""","""[0.7479534]""",44.88709259033203,0.39425423741340637,"""[[1.4216895]]""","""[[-1.3393973]]""",NA,NA,NA,NA,NA,NA,NA
237,0.1421661227941513,"""[2.746955]""","""[0.7484436]""",45.45228958129883,0.39422962069511414,"""[[1.4247744]]""","""[[-1.3346592]]""",NA,NA,NA,NA,NA,NA,NA
238,0.14920887351036072,"""[2.7757025]""","""[0.7488977]""",46.014617919921875,0.3940574526786804,"""[[1.4264706]]""","""[[-1.3314645]]""",NA,NA,NA,NA,NA,NA,NA
239,0.1562006026506424,"""[2.8056183]""","""[0.74931663]""",46.14762496948242,0.39368563890457153,"""[[1.426653]]""","""[[-1.3300452]]""",NA,NA,NA,NA,NA,NA,NA
240,0.1631205528974533,"""[2.836695]""","""[0.74969035]""",44.861602783203125,0.3931124806404114,"""[[1.4254142]]""","""[[-1.3302901]]""",NA,NA,NA,NA,NA,NA,NA
241,0.17070116102695465,"""[2.8678937]""","""[0.74974185]""",45.4725456237793,0.3926486670970917,"""[[1.424962]]""","""[[-1.3288136]]""",NA,NA,NA,NA,NA,NA,NA
242,0.1783183068037033,"""[2.900191]""","""[0.7497594]""",44.458587646484375,0.39202049374580383,"""[[1.4233748]]""","""[[-1.3286605]]""",NA,NA,NA,NA,NA,NA,NA
243,0.18623536825180054,"""[2.933322]""","""[0.74969745]""",44.839515686035156,0.39132872223854065,"""[[1.4213666]]""","""[[-1.3288195]]""",NA,NA,NA,NA,NA,NA,NA
244,0.19439736008644104,"""[2.9674587]""","""[0.7496392]""",44.12095260620117,0.3905419409275055,"""[[1.4186906]]""","""[[-1.3297616]]""",NA,NA,NA,NA,NA,NA,NA
245,0.20308329164981842,"""[3.0022874]""","""[0.7495298]""",44.045108795166016,0.389758825302124,"""[[1.4160649]]""","""[[-1.330462]]""",NA,NA,NA,NA,NA,NA,NA
246,0.2124406397342682,"""[3.037715]""","""[0.74936354]""",44.961463928222656,0.389015793800354,"""[[1.413814]]""","""[[-1.3305086]]""",NA,NA,NA,NA,NA,NA,NA
247,0.2221672683954239,"""[3.0743525]""","""[0.7493454]""",43.92844009399414,0.388177752494812,"""[[1.410847]]""","""[[-1.3316613]]""",NA,NA,NA,NA,NA,NA,NA
248,0.2326599657535553,"""[3.1116543]""","""[0.74934334]""",43.87839126586914,0.3873792886734009,"""[[1.4082732]]""","""[[-1.3322837]]""",NA,NA,NA,NA,NA,NA,NA
249,0.24396488070487976,"""[3.1496522]""","""[0.74937314]""",43.82877731323242,0.38661491870880127,"""[[1.4061042]]""","""[[-1.3324051]]""",NA,NA,NA,NA,NA,NA,NA
250,0.2561382055282593,"""[3.1883788]""","""[0.7494482]""",44.099998474121094,0.3858811557292938,"""[[1.4043505]]""","""[[-1.332045]]""",NA,NA,NA,NA,NA,NA,NA
251,0.26937437057495117,"""[3.2276683]""","""[0.7495179]""",43.68164825439453,0.3852187693119049,"""[[1.4034303]]""","""[[-1.3306034]]""",NA,NA,NA,NA,NA,NA,NA
252,0.28354212641716003,"""[3.267862]""","""[0.7496991]""",43.61133575439453,0.38455694913864136,"""[[1.4026651]]""","""[[-1.3291237]]""",NA,NA,NA,NA,NA,NA,NA
253,0.2987285554409027,"""[3.3089702]""","""[0.74999064]""",43.918277740478516,0.38389918208122253,"""[[1.4020864]]""","""[[-1.3275627]]""",NA,NA,NA,NA,NA,NA,NA
254,0.31476935744285583,"""[3.3512502]""","""[0.75048]""",43.4921989440918,0.3831787109375,"""[[1.401089]]""","""[[-1.3268278]]""",NA,NA,NA,NA,NA,NA,NA
255,0.3319142460823059,"""[3.3945491]""","""[0.75106233]""",43.401432037353516,0.38244369626045227,"""[[1.4001265]]""","""[[-1.3261546]]""",NA,NA,NA,NA,NA,NA,NA
256,0.35032597184181213,"""[3.4388049]""","""[0.7516631]""",43.31780242919922,0.381715327501297,"""[[1.3993896]]""","""[[-1.3251574]]""",NA,NA,NA,NA,NA,NA,NA
257,0.37004590034484863,"""[3.4840841]""","""[0.7522614]""",43.292747497558594,0.3809799551963806,"""[[1.3987541]]""","""[[-1.3239408]]""",NA,NA,NA,NA,NA,NA,NA
258,0.39105793833732605,"""[3.5305505]""","""[0.7528671]""",43.26429748535156,0.38020622730255127,"""[[1.3979449]]""","""[[-1.3228549]]""",NA,NA,NA,NA,NA,NA,NA
259,0.4133996069431305,"""[3.5782526]""","""[0.7534651]""",43.53484344482422,0.37938326597213745,"""[[1.3968717]]""","""[[-1.3219786]]""",NA,NA,NA,NA,NA,NA,NA
260,0.43703436851501465,"""[3.6274135]""","""[0.7540851]""",43.030372619628906,0.3784727454185486,"""[[1.3952101]]""","""[[-1.3217586]]""",NA,NA,NA,NA,NA,NA,NA
261,0.4622802734375,"""[3.6778412]""","""[0.754615]""",43.066856384277344,0.3775283694267273,"""[[1.3934247]]""","""[[-1.3214015]]""",NA,NA,NA,NA,NA,NA,NA
262,0.48914650082588196,"""[3.7296388]""","""[0.75507593]""",42.82196044921875,0.3765277564525604,"""[[1.3913118]]""","""[[-1.3211926]]""",NA,NA,NA,NA,NA,NA,NA
263,0.5179357528686523,"""[3.7826922]""","""[0.75539756]""",43.18218994140625,0.375509113073349,"""[[1.3892281]]""","""[[-1.3205566]]""",NA,NA,NA,NA,NA,NA,NA
264,0.5485330820083618,"""[3.8373272]""","""[0.7557088]""",42.647377014160156,0.37441033124923706,"""[[1.3865907]]""","""[[-1.3204446]]""",NA,NA,NA,NA,NA,NA,NA
265,0.5814287662506104,"""[3.8932545]""","""[0.7558923]""",43.09267044067383,0.3733047842979431,"""[[1.3841096]]""","""[[-1.3197706]]""",NA,NA,NA,NA,NA,NA,NA
266,0.6165285706520081,"""[3.950889]""","""[0.7561239]""",42.74856948852539,0.37212130427360535,"""[[1.3810732]]""","""[[-1.3197156]]""",NA,NA,NA,NA,NA,NA,NA
267,0.6541285514831543,"""[4.0101213]""","""[0.7563887]""",42.37586975097656,0.3708857595920563,"""[[1.3776972]]""","""[[-1.3199842]]""",NA,NA,NA,NA,NA,NA,NA
268,0.6947413086891174,"""[4.0707455]""","""[0.7565809]""",42.368003845214844,0.3696541488170624,"""[[1.374634]]""","""[[-1.3196025]]""",NA,NA,NA,NA,NA,NA,NA
269,0.7384098768234253,"""[4.132955]""","""[0.75681925]""",42.93428039550781,0.36838629841804504,"""[[1.371426]]""","""[[-1.3193343]]""",NA,NA,NA,NA,NA,NA,NA
270,0.7858123779296875,"""[4.196422]""","""[0.75691247]""",42.282432556152344,0.3671594560146332,"""[[1.3691581]]""","""[[-1.3175677]]""",NA,NA,NA,NA,NA,NA,NA
271,0.8367872834205627,"""[4.2616305]""","""[0.7571538]""",42.10306930541992,0.3658786416053772,"""[[1.3665711]]""","""[[-1.3163096]]""",NA,NA,NA,NA,NA,NA,NA
272,0.8916664719581604,"""[4.3285007]""","""[0.75755316]""",41.80603790283203,0.3645540475845337,"""[[1.3637749]]""","""[[-1.3154485]]""",NA,NA,NA,NA,NA,NA,NA
273,0.9510309100151062,"""[4.3969984]""","""[0.7580144]""",42.005069732666016,0.36321473121643066,"""[[1.3612267]]""","""[[-1.3142691]]""",NA,NA,NA,NA,NA,NA,NA
274,1.0149543285369873,"""[4.4672065]""","""[0.75865793]""",43.808589935302734,0.361825168132782,"""[[1.3583558]]""","""[[-1.3136499]]""",NA,NA,NA,NA,NA,NA,NA
275,1.0838186740875244,"""[4.53951]""","""[0.75960755]""",42.856258392333984,0.3603459596633911,"""[[1.3543967]]""","""[[-1.3146437]]""",NA,NA,NA,NA,NA,NA,NA
276,1.158236026763916,"""[4.613689]""","""[0.76073587]""",41.31947708129883,0.358819842338562,"""[[1.3496418]]""","""[[-1.3166304]]""",NA,NA,NA,NA,NA,NA,NA
277,1.2389088869094849,"""[4.689642]""","""[0.7617138]""",41.91047286987305,0.35729092359542847,"""[[1.3451978]]""","""[[-1.3177632]]""",NA,NA,NA,NA,NA,NA,NA
278,1.3260436058044434,"""[4.767433]""","""[0.76266086]""",41.05183792114258,0.3557316064834595,"""[[1.3401033]]""","""[[-1.3192993]]""",NA,NA,NA,NA,NA,NA,NA
279,1.4203517436981201,"""[4.8472724]""","""[0.7633985]""",41.029258728027344,0.3541463613510132,"""[[1.3349328]]""","""[[-1.320281]]""",NA,NA,NA,NA,NA,NA,NA
280,1.5222647190093994,"""[4.9293756]""","""[0.7638232]""",41.24142074584961,0.35251399874687195,"""[[1.3301216]]""","""[[-1.3200915]]""",NA,NA,NA,NA,NA,NA,NA
281,1.632205605506897,"""[5.0139203]""","""[0.76392823]""",40.9685173034668,0.3508102297782898,"""[[1.325894]]""","""[[-1.3185277]]""",NA,NA,NA,NA,NA,NA,NA
282,1.7511934041976929,"""[5.100667]""","""[0.76400363]""",40.81209945678711,0.34906601905822754,"""[[1.3210804]]""","""[[-1.3172857]]""",NA,NA,NA,NA,NA,NA,NA
283,1.879887342453003,"""[5.1899314]""","""[0.7639522]""",40.26449203491211,0.3472484350204468,"""[[1.3168784]]""","""[[-1.3150015]]""",NA,NA,NA,NA,NA,NA,NA
284,2.0194361209869385,"""[5.2813873]""","""[0.76400226]""",40.406776428222656,0.3453899025917053,"""[[1.312633]]""","""[[-1.3127313]]""",NA,NA,NA,NA,NA,NA,NA
285,2.170625686645508,"""[5.375167]""","""[0.7641462]""",40.57475662231445,0.34346744418144226,"""[[1.3090371]]""","""[[-1.3097892]]""",NA,NA,NA,NA,NA,NA,NA
286,2.3351359367370605,"""[5.4717546]""","""[0.764387]""",41.09053421020508,0.3414623737335205,"""[[1.3062191]]""","""[[-1.3060259]]""",NA,NA,NA,NA,NA,NA,NA
287,2.5150532722473145,"""[5.5703006]""","""[0.7650623]""",40.251670837402344,0.3394666314125061,"""[[1.3024963]]""","""[[-1.3036649]]""",NA,NA,NA,NA,NA,NA,NA
288,2.7104103565216064,"""[5.6712847]""","""[0.7659017]""",39.75829315185547,0.3373953700065613,"""[[1.2996655]]""","""[[-1.3005013]]""",NA,NA,NA,NA,NA,NA,NA
289,2.9233558177948,"""[5.774261]""","""[0.767068]""",39.30734634399414,0.33531054854393005,"""[[1.2963761]]""","""[[-1.2981142]]""",NA,NA,NA,NA,NA,NA,NA
290,3.154616355895996,"""[5.879791]""","""[0.7683258]""",39.04059982299805,0.3331523537635803,"""[[1.2934638]]""","""[[-1.2952793]]""",NA,NA,NA,NA,NA,NA,NA
291,3.405607223510742,"""[5.988031]""","""[0.76959467]""",38.979698181152344,0.33091509342193604,"""[[1.2907139]]""","""[[-1.2920552]]""",NA,NA,NA,NA,NA,NA,NA
292,3.678279399871826,"""[6.098827]""","""[0.770893]""",38.689212799072266,0.3286289572715759,"""[[1.287381]]""","""[[-1.289184]]""",NA,NA,NA,NA,NA,NA,NA
293,3.9735751152038574,"""[6.2127852]""","""[0.7720104]""",38.35768127441406,0.32623836398124695,"""[[1.2841375]]""","""[[-1.2856473]]""",NA,NA,NA,NA,NA,NA,NA
294,4.293514251708984,"""[6.3300657]""","""[0.7729202]""",39.99666213989258,0.3237449526786804,"""[[1.2807585]]""","""[[-1.2816051]]""",NA,NA,NA,NA,NA,NA,NA
295,4.639132022857666,"""[6.4511437]""","""[0.7734909]""",38.29961395263672,0.321099191904068,"""[[1.2780809]]""","""[[-1.2760202]]""",NA,NA,NA,NA,NA,NA,NA
296,5.014354705810547,"""[6.574942]""","""[0.7740873]""",37.76740264892578,0.3184128999710083,"""[[1.274527]]""","""[[-1.2710445]]""",NA,NA,NA,NA,NA,NA,NA
297,5.4217209815979,"""[6.7016892]""","""[0.7747073]""",37.367919921875,0.31566622853279114,"""[[1.2704277]]""","""[[-1.2663494]]""",NA,NA,NA,NA,NA,NA,NA
298,5.8637614250183105,"""[6.8315697]""","""[0.77533454]""",37.57818603515625,0.31284090876579285,"""[[1.2662084]]""","""[[-1.2614874]]""",NA,NA,NA,NA,NA,NA,NA
299,6.345151901245117,"""[6.964631]""","""[0.77606744]""",37.00569534301758,0.30995985865592957,"""[[1.2613318]]""","""[[-1.2571237]]""",NA,NA,NA,NA,NA,NA,NA
300,6.8676323890686035,"""[7.100925]""","""[0.7768486]""",36.77461624145508,0.30699145793914795,"""[[1.2566748]]""","""[[-1.2523171]]""",NA,NA,NA,NA,NA,NA,NA
301,7.434587001800537,"""[7.2403555]""","""[0.7777196]""",36.75458908081055,0.30393949151039124,"""[[1.2522552]]""","""[[-1.2471224]]""",NA,NA,NA,NA,NA,NA,NA
302,8.04916763305664,"""[7.3828187]""","""[0.7786977]""",36.59235763549805,0.30080446600914,"""[[1.2482145]]""","""[[-1.2414317]]""",NA,NA,NA,NA,NA,NA,NA
303,8.716134071350098,"""[7.528739]""","""[0.7797184]""",36.645111083984375,0.2975785434246063,"""[[1.2444762]]""","""[[-1.2351733]]""",NA,NA,NA,NA,NA,NA,NA
304,9.440960884094238,"""[7.6771936]""","""[0.7810482]""",36.250282287597656,0.2943252921104431,"""[[1.2400103]]""","""[[-1.2298343]]""",NA,NA,NA,NA,NA,NA,NA
305,10.228519439697266,"""[7.828822]""","""[0.7825432]""",35.26481246948242,0.29101839661598206,"""[[1.234842]]""","""[[-1.2251225]]""",NA,NA,NA,NA,NA,NA,NA
306,11.081153869628906,"""[7.9842415]""","""[0.78396463]""",34.91385269165039,0.2876163423061371,"""[[1.2296501]]""","""[[-1.2199521]]""",NA,NA,NA,NA,NA,NA,NA
307,12.003440856933594,"""[8.143388]""","""[0.78532386]""",34.651859283447266,0.28413087129592896,"""[[1.2241449]]""","""[[-1.2146363]]""",NA,NA,NA,NA,NA,NA,NA
308,13.00001335144043,"""[8.306809]""","""[0.7865017]""",34.31471633911133,0.2805410325527191,"""[[1.2184817]]""","""[[-1.2088019]]""",NA,NA,NA,NA,NA,NA,NA
309,14.075878143310547,"""[8.4744215]""","""[0.7875346]""",34.19417953491211,0.2768549919128418,"""[[1.2126243]]""","""[[-1.2025528]]""",NA,NA,NA,NA,NA,NA,NA
310,15.237817764282227,"""[8.645863]""","""[0.788554]""",33.79486846923828,0.27310141921043396,"""[[1.2062471]]""","""[[-1.1964397]]""",NA,NA,NA,NA,NA,NA,NA
311,16.49273681640625,"""[8.821252]""","""[0.78957546]""",33.51530838012695,0.26927992701530457,"""[[1.1994656]]""","""[[-1.1903619]]""",NA,NA,NA,NA,NA,NA,NA
312,17.84630584716797,"""[9.000013]""","""[0.79071504]""",32.99123764038086,0.265410840511322,"""[[1.1923869]]""","""[[-1.1844318]]""",NA,NA,NA,NA,NA,NA,NA
313,19.305513381958008,"""[9.182628]""","""[0.7918992]""",33.191402435302734,0.26147493720054626,"""[[1.1852549]]""","""[[-1.1782676]]""",NA,NA,NA,NA,NA,NA,NA
314,20.875877380371094,"""[9.369218]""","""[0.7931108]""",32.496337890625,0.25745150446891785,"""[[1.1784754]]""","""[[-1.1714566]]""",NA,NA,NA,NA,NA,NA,NA
315,22.564682006835938,"""[9.559354]""","""[0.7944411]""",33.375831604003906,0.2533639371395111,"""[[1.1718719]]""","""[[-1.1643368]]""",NA,NA,NA,NA,NA,NA,NA
316,24.375595092773438,"""[9.75264]""","""[0.79592335]""",32.425750732421875,0.24920496344566345,"""[[1.1658756]]""","""[[-1.156574]]""",NA,NA,NA,NA,NA,NA,NA
317,26.315874099731445,"""[9.9487295]""","""[0.7975906]""",31.47225570678711,0.24500781297683716,"""[[1.1602534]]""","""[[-1.1484476]]""",NA,NA,NA,NA,NA,NA,NA
318,28.396408081054688,"""[10.149596]""","""[0.799124]""",31.312639236450195,0.24074822664260864,"""[[1.15438]]""","""[[-1.1399527]]""",NA,NA,NA,NA,NA,NA,NA
319,30.627063751220703,"""[10.355227]""","""[0.80058324]""",30.59499740600586,0.2364453673362732,"""[[1.1477385]]""","""[[-1.1317116]]""",NA,NA,NA,NA,NA,NA,NA
320,33.0124397277832,"""[10.565688]""","""[0.8019339]""",30.73705291748047,0.2320898175239563,"""[[1.1406509]]""","""[[-1.123373]]""",NA,NA,NA,NA,NA,NA,NA
321,35.55854034423828,"""[10.779119]""","""[0.8034999]""",30.115663528442383,0.2277275025844574,"""[[1.1331455]]""","""[[-1.1155331]]""",NA,NA,NA,NA,NA,NA,NA
322,38.27523422241211,"""[10.997664]""","""[0.8049516]""",29.682518005371094,0.22331327199935913,"""[[1.1250947]]""","""[[-1.107699]]""",NA,NA,NA,NA,NA,NA,NA
323,41.171058654785156,"""[11.221917]""","""[0.80621463]""",29.17424201965332,0.218841552734375,"""[[1.1165141]]""","""[[-1.0997186]]""",NA,NA,NA,NA,NA,NA,NA
324,44.25043487548828,"""[11.450602]""","""[0.8074685]""",28.82549285888672,0.21434393525123596,"""[[1.1077379]]""","""[[-1.0916102]]""",NA,NA,NA,NA,NA,NA,NA
325,47.521507263183594,"""[11.684209]""","""[0.8086536]""",28.769737243652344,0.20981460809707642,"""[[1.0988607]]""","""[[-1.0831676]]""",NA,NA,NA,NA,NA,NA,NA
326,50.99259948730469,"""[11.923277]""","""[0.80971014]""",29.89569091796875,0.20524683594703674,"""[[1.0900031]]""","""[[-1.0741578]]""",NA,NA,NA,NA,NA,NA,NA
327,54.672279357910156,"""[12.168076]""","""[0.8106115]""",27.97197723388672,0.20063984394073486,"""[[1.0814184]]""","""[[-1.0642704]]""",NA,NA,NA,NA,NA,NA,NA
328,58.574031829833984,"""[12.413623]""","""[0.81214625]""",27.828493118286133,0.19610001146793365,"""[[1.0729373]]""","""[[-1.055128]]""",NA,NA,NA,NA,NA,NA,NA
329,62.70500183105469,"""[12.659722]""","""[0.8142998]""",27.910898208618164,0.1916261613368988,"""[[1.0645479]]""","""[[-1.046735]]""",NA,NA,NA,NA,NA,NA,NA
330,67.05978393554688,"""[12.910787]""","""[0.8163165]""",26.854154586791992,0.18714456260204315,"""[[1.0562792]]""","""[[-1.0377032]]""",NA,NA,NA,NA,NA,NA,NA
331,71.63897705078125,"""[13.166549]""","""[0.81821173]""",26.33363914489746,0.18267007172107697,"""[[1.0478798]]""","""[[-1.02835]]""",NA,NA,NA,NA,NA,NA,NA
332,76.43963623046875,"""[13.427199]""","""[0.81993735]""",26.054492950439453,0.17820724844932556,"""[[1.0391773]]""","""[[-1.0187984]]""",NA,NA,NA,NA,NA,NA,NA
333,81.459228515625,"""[13.693962]""","""[0.82131743]""",26.5012149810791,0.17374646663665771,"""[[1.0300896]]""","""[[-1.0088314]]""",NA,NA,NA,NA,NA,NA,NA
334,86.69515991210938,"""[13.964551]""","""[0.8225862]""",25.355985641479492,0.16934041678905487,"""[[1.0211207]]""","""[[-0.99838775]]""",NA,NA,NA,NA,NA,NA,NA
335,92.1521987915039,"""[14.238908]""","""[0.8238089]""",25.017208099365234,0.1649879515171051,"""[[1.0119933]]""","""[[-0.9878714]]""",NA,NA,NA,NA,NA,NA,NA
336,97.83076477050781,"""[14.5161295]""","""[0.825091]""",24.726167678833008,0.16070407629013062,"""[[1.0027968]]""","""[[-0.9773945]]""",NA,NA,NA,NA,NA,NA,NA
337,103.73531341552734,"""[14.7949915]""","""[0.8266024]""",24.41798973083496,0.15649199485778809,"""[[0.99353874]]""","""[[-0.967279]]""",NA,NA,NA,NA,NA,NA,NA
338,109.85997772216797,"""[15.075839]""","""[0.82826525]""",24.08371925354004,0.1523430347442627,"""[[0.9842013]]""","""[[-0.9574274]]""",NA,NA,NA,NA,NA,NA,NA
339,116.18545532226562,"""[15.359496]""","""[0.8298776]""",24.477041244506836,0.1482667475938797,"""[[0.9747828]]""","""[[-0.9475069]]""",NA,NA,NA,NA,NA,NA,NA
340,122.71778106689453,"""[15.63937]""","""[0.8322037]""",24.090131759643555,0.14429403841495514,"""[[0.96568006]]""","""[[-0.9385765]]""",NA,NA,NA,NA,NA,NA,NA
341,129.3968963623047,"""[15.928554]""","""[0.83358306]""",23.702800750732422,0.1403466910123825,"""[[0.95602065]]""","""[[-0.92849904]]""",NA,NA,NA,NA,NA,NA,NA
342,136.23553466796875,"""[16.223543]""","""[0.83458936]""",22.960084915161133,0.1364011913537979,"""[[0.94576645]]""","""[[-0.9184004]]""",NA,NA,NA,NA,NA,NA,NA
343,143.2078857421875,"""[16.519348]""","""[0.83558005]""",23.45176887512207,0.13256460428237915,"""[[0.9356041]]""","""[[-0.90825796]]""",NA,NA,NA,NA,NA,NA,NA
344,150.32078552246094,"""[16.82285]""","""[0.83606195]""",22.378522872924805,0.1287037581205368,"""[[0.92474353]]""","""[[-0.8979562]]""",NA,NA,NA,NA,NA,NA,NA
345,157.5713348388672,"""[17.122927]""","""[0.83699965]""",22.303373336791992,0.12497934699058533,"""[[0.914314]]""","""[[-0.8881184]]""",NA,NA,NA,NA,NA,NA,NA
346,164.9644317626953,"""[17.415163]""","""[0.8387884]""",22.378131866455078,0.12141125649213791,"""[[0.9045464]]""","""[[-0.87924975]]""",NA,NA,NA,NA,NA,NA,NA
347,172.4603271484375,"""[17.707981]""","""[0.8405796]""",21.829130172729492,0.11790625751018524,"""[[0.8946146]]""","""[[-0.8706701]]""",NA,NA,NA,NA,NA,NA,NA
348,180.02276611328125,"""[17.99747]""","""[0.8425927]""",22.07147216796875,0.11451277881860733,"""[[0.8849421]]""","""[[-0.8624184]]""",NA,NA,NA,NA,NA,NA,NA
349,187.55836486816406,"""[18.289263]""","""[0.84408265]""",21.79398536682129,0.11123878508806229,"""[[0.87524784]]""","""[[-0.8534924]]""",NA,NA,NA,NA,NA,NA,NA
350,195.03543090820312,"""[18.588692]""","""[0.8446162]""",21.222126007080078,0.10803239792585373,"""[[0.8651049]]""","""[[-0.8435428]]""",NA,NA,NA,NA,NA,NA,NA
351,202.4840850830078,"""[18.885748]""","""[0.84519655]""",20.809045791625977,0.10492505878210068,"""[[0.85490274]]""","""[[-0.83401936]]""",NA,NA,NA,NA,NA,NA,NA
352,209.89093017578125,"""[19.176321]""","""[0.8460893]""",20.629718780517578,0.10196499526500702,"""[[0.8451923]]""","""[[-0.8248507]]""",NA,NA,NA,NA,NA,NA,NA
353,217.2533416748047,"""[19.458027]""","""[0.8474775]""",20.64043617248535,0.09914909303188324,"""[[0.83602995]]""","""[[-0.8163261]]""",NA,NA,NA,NA,NA,NA,NA
354,224.54864501953125,"""[19.733341]""","""[0.8491286]""",20.23549461364746,0.09644055366516113,"""[[0.82711375]]""","""[[-0.80834556]]""",NA,NA,NA,NA,NA,NA,NA
355,231.7025909423828,"""[20.003302]""","""[0.8508034]""",23.241605758666992,0.09385000914335251,"""[[0.8184326]]""","""[[-0.8005581]]""",NA,NA,NA,NA,NA,NA,NA
356,238.62332153320312,"""[20.290726]""","""[0.85084033]""",20.047494888305664,0.09116605669260025,"""[[0.8077173]]""","""[[-0.79223496]]""",NA,NA,NA,NA,NA,NA,NA
357,245.3466796875,"""[20.572557]""","""[0.85088104]""",19.903047561645508,0.08862707018852234,"""[[0.7974589]]""","""[[-0.78385025]]""",NA,NA,NA,NA,NA,NA,NA
358,251.91775512695312,"""[20.840767]""","""[0.8515597]""",19.825525283813477,0.08626784384250641,"""[[0.7881907]]""","""[[-0.7759975]]""",NA,NA,NA,NA,NA,NA,NA
359,258.326904296875,"""[21.096657]""","""[0.852748]""",19.461761474609375,0.08406810462474823,"""[[0.77983]]""","""[[-0.7685255]]""",NA,NA,NA,NA,NA,NA,NA
360,264.56231689453125,"""[21.335135]""","""[0.8547519]""",19.54861831665039,0.08203766494989395,"""[[0.77252746]]""","""[[-0.76189524]]""",NA,NA,NA,NA,NA,NA,NA
361,270.5540466308594,"""[21.55613]""","""[0.8574177]""",19.15346336364746,0.08017905056476593,"""[[0.7663891]]""","""[[-0.7558098]]""",NA,NA,NA,NA,NA,NA,NA
362,276.1463623046875,"""[21.780157]""","""[0.8592021]""",19.252796173095703,0.07835867255926132,"""[[0.75969654]]""","""[[-0.7492616]]""",NA,NA,NA,NA,NA,NA,NA
363,281.3119812011719,"""[22.004728]""","""[0.86027]""",19.048057556152344,0.0765780359506607,"""[[0.75245947]]""","""[[-0.7425914]]""",NA,NA,NA,NA,NA,NA,NA
364,285.9803466796875,"""[22.23859]""","""[0.8600143]""",18.75890350341797,0.07479632645845413,"""[[0.7441857]]""","""[[-0.7351885]]""",NA,NA,NA,NA,NA,NA,NA
365,290.218994140625,"""[22.474577]""","""[0.8590259]""",18.61845588684082,0.07306107878684998,"""[[0.7355198]]""","""[[-0.72740495]]""",NA,NA,NA,NA,NA,NA,NA
366,294.1592712402344,"""[22.699432]""","""[0.85832554]""",19.283830642700195,0.07143373787403107,"""[[0.7273454]]""","""[[-0.72011924]]""",NA,NA,NA,NA,NA,NA,NA
367,297.9433898925781,"""[22.894836]""","""[0.85921335]""",18.796546936035156,0.06996220350265503,"""[[0.72053784]]""","""[[-0.7147926]]""",NA,NA,NA,NA,NA,NA,NA
368,301.57257080078125,"""[23.0569]""","""[0.86179847]""",20.21891975402832,0.068701833486557,"""[[0.71588665]]""","""[[-0.71085083]]""",NA,NA,NA,NA,NA,NA,NA
369,304.878662109375,"""[23.20546]""","""[0.8647171]""",18.19956398010254,0.0675053671002388,"""[[0.7113355]]""","""[[-0.70796543]]""",NA,NA,NA,NA,NA,NA,NA
370,307.63726806640625,"""[23.370316]""","""[0.8658628]""",18.176504135131836,0.06629174202680588,"""[[0.70565486]]""","""[[-0.70356184]]""",NA,NA,NA,NA,NA,NA,NA
371,309.81451416015625,"""[23.553389]""","""[0.8651501]""",17.99831199645996,0.0650387555360794,"""[[0.6984814]]""","""[[-0.6978677]]""",NA,NA,NA,NA,NA,NA,NA
372,311.5742492675781,"""[23.739147]""","""[0.8637312]""",17.781888961791992,0.0638190358877182,"""[[0.69083273]]""","""[[-0.6918615]]""",NA,NA,NA,NA,NA,NA,NA
373,313.10675048828125,"""[23.913015]""","""[0.8626911]""",17.806991577148438,0.06268999725580215,"""[[0.68376034]]""","""[[-0.6863414]]""",NA,NA,NA,NA,NA,NA,NA
374,314.573974609375,"""[24.05972]""","""[0.86306584]""",17.778827667236328,0.061701931059360504,"""[[0.67843443]]""","""[[-0.6819648]]""",NA,NA,NA,NA,NA,NA,NA
375,315.931396484375,"""[24.193045]""","""[0.86402136]""",17.44366455078125,0.06078760325908661,"""[[0.6735276]]""","""[[-0.6784795]]""",NA,NA,NA,NA,NA,NA,NA
376,317.1947326660156,"""[24.30795]""","""[0.8658239]""",17.424943923950195,0.05996708944439888,"""[[0.6696659]]""","""[[-0.6757876]]""",NA,NA,NA,NA,NA,NA,NA
377,318.279541015625,"""[24.411663]""","""[0.8679528]""",17.2203369140625,0.05921363830566406,"""[[0.666178]]""","""[[-0.6736607]]""",NA,NA,NA,NA,NA,NA,NA
378,319.020263671875,"""[24.5227]""","""[0.8691817]""",17.69369125366211,0.05845950171351433,"""[[0.6621057]]""","""[[-0.67086995]]""",NA,NA,NA,NA,NA,NA,NA
379,319.3316955566406,"""[24.655794]""","""[0.8686249]""",19.438213348388672,0.057642389088869095,"""[[0.65699184]]""","""[[-0.6662493]]""",NA,NA,NA,NA,NA,NA,NA
380,319.4942626953125,"""[24.75996]""","""[0.8693779]""",17.497112274169922,0.05697277933359146,"""[[0.6527194]]""","""[[-0.6636229]]""",NA,NA,NA,NA,NA,NA,NA
381,319.4457702636719,"""[24.864332]""","""[0.8697981]""",16.920591354370117,0.0563151016831398,"""[[0.64890844]]""","""[[-0.66025436]]""",NA,NA,NA,NA,NA,NA,NA
382,319.1592712402344,"""[24.977108]""","""[0.8694313]""",16.749252319335938,0.05563967674970627,"""[[0.6447844]]""","""[[-0.6560332]]""",NA,NA,NA,NA,NA,NA,NA
383,318.78143310546875,"""[25.081467]""","""[0.86935526]""",16.967103958129883,0.055003948509693146,"""[[0.64123106]]""","""[[-0.6520165]]""",NA,NA,NA,NA,NA,NA,NA
384,318.3266906738281,"""[25.178978]""","""[0.8694965]""",16.551773071289062,0.0544152595102787,"""[[0.63744575]]""","""[[-0.6488041]]""",NA,NA,NA,NA,NA,NA,NA
385,317.84356689453125,"""[25.270535]""","""[0.8698772]""",17.030757904052734,0.05384886637330055,"""[[0.6340963]]""","""[[-0.64573693]]""",NA,NA,NA,NA,NA,NA,NA
386,317.3193054199219,"""[25.36315]""","""[0.87012875]""",16.381092071533203,0.05326496437191963,"""[[0.6310946]]""","""[[-0.642199]]""",NA,NA,NA,NA,NA,NA,NA
387,316.7637023925781,"""[25.454218]""","""[0.8703822]""",16.21370506286621,0.052702534943819046,"""[[0.6279092]]""","""[[-0.6389194]]""",NA,NA,NA,NA,NA,NA,NA
388,316.234619140625,"""[25.53877]""","""[0.87097144]""",16.162885665893555,0.05216176435351372,"""[[0.6251697]]""","""[[-0.6358846]]""",NA,NA,NA,NA,NA,NA,NA
389,315.6585998535156,"""[25.62667]""","""[0.8712948]""",15.998771667480469,0.051624707877635956,"""[[0.62202007]]""","""[[-0.63281476]]""",NA,NA,NA,NA,NA,NA,NA
390,315.1377258300781,"""[25.703747]""","""[0.87220347]""",16.203445434570312,0.051123324781656265,"""[[0.61954385]]""","""[[-0.6302281]]""",NA,NA,NA,NA,NA,NA,NA
391,314.4511413574219,"""[25.80143]""","""[0.871828]""",16.539310455322266,0.0505782887339592,"""[[0.61547685]]""","""[[-0.62687457]]""",NA,NA,NA,NA,NA,NA,NA
392,313.7424011230469,"""[25.905252]""","""[0.87108195]""",16.587215423583984,0.050045356154441833,"""[[0.6104463]]""","""[[-0.62374336]]""",NA,NA,NA,NA,NA,NA,NA
393,313.336181640625,"""[25.973312]""","""[0.87249804]""",16.70618438720703,0.04958895593881607,"""[[0.6080056]]""","""[[-0.6220611]]""",NA,NA,NA,NA,NA,NA,NA
394,313.0079345703125,"""[26.040522]""","""[0.8740508]""",16.921419143676758,0.049104467034339905,"""[[0.60658056]]""","""[[-0.61960787]]""",NA,NA,NA,NA,NA,NA,NA
395,312.6731872558594,"""[26.11307]""","""[0.8753167]""",15.408319473266602,0.048571549355983734,"""[[0.6054316]]""","""[[-0.61639243]]""",NA,NA,NA,NA,NA,NA,NA
396,312.1965026855469,"""[26.197283]""","""[0.8757795]""",15.418977737426758,0.04802598059177399,"""[[0.60342723]]""","""[[-0.61262745]]""",NA,NA,NA,NA,NA,NA,NA
397,311.558837890625,"""[26.296015]""","""[0.87528723]""",15.272780418395996,0.047461241483688354,"""[[0.6002796]]""","""[[-0.6083052]]""",NA,NA,NA,NA,NA,NA,NA
398,310.9591064453125,"""[26.38955]""","""[0.87507594]""",15.141267776489258,0.046917401254177094,"""[[0.59744954]]""","""[[-0.6042149]]""",NA,NA,NA,NA,NA,NA,NA
399,310.413818359375,"""[26.479185]""","""[0.8751056]""",15.097460746765137,0.046392764896154404,"""[[0.59490407]]""","""[[-0.6002663]]""",NA,NA,NA,NA,NA,NA,NA
400,309.9071350097656,"""[26.569746]""","""[0.8751255]""",14.965658187866211,0.04587525874376297,"""[[0.59199166]]""","""[[-0.59660035]]""",NA,NA,NA,NA,NA,NA,NA
401,309.5404052734375,"""[26.64867]""","""[0.87587005]""",15.493037223815918,0.04539317637681961,"""[[0.58979726]]""","""[[-0.5935065]]""",NA,NA,NA,NA,NA,NA,NA
402,309.1385803222656,"""[26.741285]""","""[0.8759041]""",15.356255531311035,0.04487122595310211,"""[[0.58742726]]""","""[[-0.5891853]]""",NA,NA,NA,NA,NA,NA,NA
403,309.009521484375,"""[26.804867]""","""[0.87763834]""",14.700584411621094,0.0444372221827507,"""[[0.58715194]]""","""[[-0.5858858]]""",NA,NA,NA,NA,NA,NA,NA
404,308.8530578613281,"""[26.872103]""","""[0.8791329]""",14.679805755615234,0.04400878772139549,"""[[0.58641434]]""","""[[-0.5825994]]""",NA,NA,NA,NA,NA,NA,NA
405,308.5010681152344,"""[26.9601]""","""[0.87935877]""",15.005389213562012,0.043540239334106445,"""[[0.5846753]]""","""[[-0.5780029]]""",NA,NA,NA,NA,NA,NA,NA
406,307.9454040527344,"""[27.06949]""","""[0.8783209]""",14.52259349822998,0.04301828891038895,"""[[0.5808807]]""","""[[-0.5731602]]""",NA,NA,NA,NA,NA,NA,NA
407,307.41900634765625,"""[27.181017]""","""[0.8772373]""",14.522379875183105,0.04249227046966553,"""[[0.57660353]]""","""[[-0.5686477]]""",NA,NA,NA,NA,NA,NA,NA
408,307.11395263671875,"""[27.275686]""","""[0.87724483]""",14.707228660583496,0.042002614587545395,"""[[0.5727939]]""","""[[-0.5655774]]""",NA,NA,NA,NA,NA,NA,NA
409,307.1558532714844,"""[27.341497]""","""[0.8790492]""",14.868651390075684,0.041570525616407394,"""[[0.5699386]]""","""[[-0.5647511]]""",NA,NA,NA,NA,NA,NA,NA
410,307.1983337402344,"""[27.412136]""","""[0.8806432]""",14.85480785369873,0.0411195270717144,"""[[0.56602097]]""","""[[-0.56453824]]""",NA,NA,NA,NA,NA,NA,NA
411,306.97369384765625,"""[27.517603]""","""[0.8802969]""",14.01579475402832,0.0405895933508873,"""[[0.55919766]]""","""[[-0.5635704]]""",NA,NA,NA,NA,NA,NA,NA
412,306.8146057128906,"""[27.61665]""","""[0.8803089]""",14.477643966674805,0.04009364917874336,"""[[0.5530897]]""","""[[-0.56252074]]""",NA,NA,NA,NA,NA,NA,NA
413,306.7598876953125,"""[27.70319]""","""[0.88100815]""",13.915417671203613,0.03964420408010483,"""[[0.54721856]]""","""[[-0.5624827]]""",NA,NA,NA,NA,NA,NA,NA
414,306.8104248046875,"""[27.777397]""","""[0.88237345]""",13.756623268127441,0.03923802450299263,"""[[0.54256463]]""","""[[-0.56246185]]""",NA,NA,NA,NA,NA,NA,NA
415,306.76837158203125,"""[27.860106]""","""[0.88321257]""",13.726593017578125,0.03882593289017677,"""[[0.53760725]]""","""[[-0.5617824]]""",NA,NA,NA,NA,NA,NA,NA
416,306.6216735839844,"""[27.949724]""","""[0.8835801]""",15.097683906555176,0.03841683641076088,"""[[0.5321921]]""","""[[-0.5607325]]""",NA,NA,NA,NA,NA,NA,NA
417,306.2071228027344,"""[28.077633]""","""[0.88193154]""",14.247457504272461,0.03789093345403671,"""[[0.5264317]]""","""[[-0.55623657]]""",NA,NA,NA,NA,NA,NA,NA
418,305.9444274902344,"""[28.182657]""","""[0.88148487]""",13.447083473205566,0.03745199367403984,"""[[0.5208822]]""","""[[-0.553768]]""",NA,NA,NA,NA,NA,NA,NA
419,305.9881286621094,"""[28.25815]""","""[0.8827322]""",13.390093803405762,0.03708158805966377,"""[[0.5169916]]""","""[[-0.5527106]]""",NA,NA,NA,NA,NA,NA,NA
420,306.2162170410156,"""[28.31751]""","""[0.8849298]""",13.789095878601074,0.036737073212862015,"""[[0.5144038]]""","""[[-0.552074]]""",NA,NA,NA,NA,NA,NA,NA
421,306.4838562011719,"""[28.367096]""","""[0.8876283]""",13.203289031982422,0.03638437017798424,"""[[0.5133619]]""","""[[-0.5509666]]""",NA,NA,NA,NA,NA,NA,NA
422,306.30303955078125,"""[28.45369]""","""[0.888101]""",13.511430740356445,0.03596610203385353,"""[[0.5103284]]""","""[[-0.5478736]]""",NA,NA,NA,NA,NA,NA,NA
423,305.64080810546875,"""[28.581694]""","""[0.88611144]""",13.031671524047852,0.03550316393375397,"""[[0.504381]]""","""[[-0.5432063]]""",NA,NA,NA,NA,NA,NA,NA
424,304.9363708496094,"""[28.713133]""","""[0.88394314]""",13.025007247924805,0.03504670038819313,"""[[0.49836296]]""","""[[-0.5382675]]""",NA,NA,NA,NA,NA,NA,NA
425,304.61700439453125,"""[28.811111]""","""[0.8837524]""",13.34744644165039,0.034637924283742905,"""[[0.49462825]]""","""[[-0.53462803]]""",NA,NA,NA,NA,NA,NA,NA
426,304.78594970703125,"""[28.869246]""","""[0.8859497]""",13.156509399414062,0.03425482660531998,"""[[0.493912]]""","""[[-0.5323094]]""",NA,NA,NA,NA,NA,NA,NA
427,305.12353515625,"""[28.9143]""","""[0.888955]""",14.288593292236328,0.03386564180254936,"""[[0.49498376]]""","""[[-0.52968264]]""",NA,NA,NA,NA,NA,NA,NA
428,305.0043640136719,"""[29.012173]""","""[0.88917494]""",12.646368026733398,0.03332764282822609,"""[[0.49468675]]""","""[[-0.52325606]]""",NA,NA,NA,NA,NA,NA,NA
429,304.64349365234375,"""[29.12821]""","""[0.8882824]""",12.61034107208252,0.032796233892440796,"""[[0.49307856]]""","""[[-0.51611215]]""",NA,NA,NA,NA,NA,NA,NA
430,304.2587585449219,"""[29.246311]""","""[0.88727266]""",12.533692359924316,0.0322827473282814,"""[[0.49139985]]""","""[[-0.50878555]]""",NA,NA,NA,NA,NA,NA,NA
431,304.04962158203125,"""[29.347893]""","""[0.8871732]""",12.95941162109375,0.031826816499233246,"""[[0.48998293]]""","""[[-0.502803]]""",NA,NA,NA,NA,NA,NA,NA
432,304.1006774902344,"""[29.427753]""","""[0.8883139]""",12.33134651184082,0.03141164779663086,"""[[0.4904984]]""","""[[-0.49710712]]""",NA,NA,NA,NA,NA,NA,NA
433,304.3236389160156,"""[29.48834]""","""[0.89045]""",13.511130332946777,0.03105432540178299,"""[[0.49171132]]""","""[[-0.49254733]]""",NA,NA,NA,NA,NA,NA,NA
434,304.3160400390625,"""[29.573338]""","""[0.89128274]""",12.179019927978516,0.030669305473566055,"""[[0.4898221]]""","""[[-0.48859838]]""",NA,NA,NA,NA,NA,NA,NA
435,304.1166687011719,"""[29.669176]""","""[0.89142174]""",12.137164115905762,0.03027566894888878,"""[[0.48724526]]""","""[[-0.48415887]]""",NA,NA,NA,NA,NA,NA,NA
436,303.7467956542969,"""[29.775436]""","""[0.8909183]""",12.668365478515625,0.029876166954636574,"""[[0.48426032]]""","""[[-0.4790123]]""",NA,NA,NA,NA,NA,NA,NA
437,303.59539794921875,"""[29.848143]""","""[0.8920861]""",11.987874984741211,0.029527658596634865,"""[[0.4817674]]""","""[[-0.47666007]]""",NA,NA,NA,NA,NA,NA,NA
438,303.25506591796875,"""[29.936796]""","""[0.89237034]""",12.451033592224121,0.02915910631418228,"""[[0.47819597]]""","""[[-0.47376293]]""",NA,NA,NA,NA,NA,NA,NA
439,302.9070739746094,"""[30.019953]""","""[0.8928537]""",12.892562866210938,0.028811154887080193,"""[[0.47611892]]""","""[[-0.46983263]]""",NA,NA,NA,NA,NA,NA,NA
440,302.4119873046875,"""[30.115948]""","""[0.89266056]""",12.298243522644043,0.02844138629734516,"""[[0.47155786]]""","""[[-0.46712315]]""",NA,NA,NA,NA,NA,NA,NA
441,302.0941162109375,"""[30.18307]""","""[0.89385635]""",11.666675567626953,0.028124861419200897,"""[[0.46713182]]""","""[[-0.4670244]]""",NA,NA,NA,NA,NA,NA,NA
442,301.6746826171875,"""[30.257439]""","""[0.8946155]""",11.706546783447266,0.027812831103801727,"""[[0.46264753]]""","""[[-0.46619022]]""",NA,NA,NA,NA,NA,NA,NA
443,301.10369873046875,"""[30.344055]""","""[0.89468694]""",12.40031909942627,0.027488084509968758,"""[[0.45812854]]""","""[[-0.4641417]]""",NA,NA,NA,NA,NA,NA,NA
444,300.382568359375,"""[30.44659]""","""[0.89391685]""",11.443178176879883,0.027175312861800194,"""[[0.45135945]]""","""[[-0.46267557]]""",NA,NA,NA,NA,NA,NA,NA
445,299.8292236328125,"""[30.53287]""","""[0.8940044]""",11.366959571838379,0.026895686984062195,"""[[0.44582653]]""","""[[-0.46154705]]""",NA,NA,NA,NA,NA,NA,NA
446,299.4862976074219,"""[30.59875]""","""[0.8951592]""",11.417094230651855,0.02665507048368454,"""[[0.44138476]]""","""[[-0.46129054]]""",NA,NA,NA,NA,NA,NA,NA
447,299.27423095703125,"""[30.649775]""","""[0.8970839]""",11.401609420776367,0.02641953155398369,"""[[0.4386259]]""","""[[-0.46084625]]""",NA,NA,NA,NA,NA,NA,NA
448,298.9942626953125,"""[30.700392]""","""[0.8989612]""",11.28598403930664,0.02616279572248459,"""[[0.4369088]]""","""[[-0.45942757]]""",NA,NA,NA,NA,NA,NA,NA
449,298.181884765625,"""[30.796076]""","""[0.89840865]""",11.350441932678223,0.02583032101392746,"""[[0.43368134]]""","""[[-0.45510608]]""",NA,NA,NA,NA,NA,NA,NA
450,297.09820556640625,"""[30.915342]""","""[0.8966347]""",11.160813331604004,0.025446543470025063,"""[[0.43039426]]""","""[[-0.44862524]]""",NA,NA,NA,NA,NA,NA,NA
451,296.3407287597656,"""[30.999168]""","""[0.8966872]""",10.925537109375,0.02509404346346855,"""[[0.42958498]]""","""[[-0.4431655]]""",NA,NA,NA,NA,NA,NA,NA
452,295.7767639160156,"""[31.066683]""","""[0.8976164]""",11.078465461730957,0.024774009361863136,"""[[0.42934436]]""","""[[-0.4386983]]""",NA,NA,NA,NA,NA,NA,NA
453,295.26904296875,"""[31.132778]""","""[0.8986881]""",12.93457317352295,0.02444957196712494,"""[[0.42993283]]""","""[[-0.4335933]]""",NA,NA,NA,NA,NA,NA,NA
454,295.3218078613281,"""[31.131487]""","""[0.90305173]""",11.060420036315918,0.024212120100855827,"""[[0.43697664]]""","""[[-0.42848912]]""",NA,NA,NA,NA,NA,NA,NA
455,294.48736572265625,"""[31.210413]""","""[0.9030584]""",10.643528938293457,0.02396160177886486,"""[[0.4403314]]""","""[[-0.41889992]]""",NA,NA,NA,NA,NA,NA,NA
456,293.0044860839844,"""[31.34775]""","""[0.89989]""",11.091419219970703,0.023726917803287506,"""[[0.4400135]]""","""[[-0.40698367]]""",NA,NA,NA,NA,NA,NA,NA
457,291.8365173339844,"""[31.453423]""","""[0.898374]""",11.622790336608887,0.02352531999349594,"""[[0.4386723]]""","""[[-0.39918005]]""",NA,NA,NA,NA,NA,NA,NA
458,291.1070251464844,"""[31.518742]""","""[0.8988219]""",10.954514503479004,0.023465566337108612,"""[[0.4408114]]""","""[[-0.39143452]]""",NA,NA,NA,NA,NA,NA,NA
459,290.8446044921875,"""[31.55038]""","""[0.9012479]""",10.67627239227295,0.023379791527986526,"""[[0.44263697]]""","""[[-0.38754928]]""",NA,NA,NA,NA,NA,NA,NA
460,290.65118408203125,"""[31.572668]""","""[0.90422624]""",12.135101318359375,0.02323606051504612,"""[[0.44322205]]""","""[[-0.38603446]]""",NA,NA,NA,NA,NA,NA,NA
461,290.3414306640625,"""[31.5946]""","""[0.9073101]""",10.443397521972656,0.022932441905140877,"""[[0.44105488]]""","""[[-0.38784358]]""",NA,NA,NA,NA,NA,NA,NA
462,289.180419921875,"""[31.682669]""","""[0.9068088]""",10.697032928466797,0.022532682865858078,"""[[0.43454102]]""","""[[-0.38755676]]""",NA,NA,NA,NA,NA,NA,NA
463,287.1665344238281,"""[31.843197]""","""[0.90233725]""",11.184796333312988,0.02217193879187107,"""[[0.42616585]]""","""[[-0.3816982]]""",NA,NA,NA,NA,NA,NA,NA
464,285.8731384277344,"""[31.93627]""","""[0.9015076]""",10.014998435974121,0.021779844537377357,"""[[0.41830978]]""","""[[-0.3822223]]""",NA,NA,NA,NA,NA,NA,NA
465,285.03106689453125,"""[31.996754]""","""[0.90247065]""",10.062654495239258,0.021440036594867706,"""[[0.41218808]]""","""[[-0.38414085]]""",NA,NA,NA,NA,NA,NA,NA
466,284.2222595214844,"""[32.066757]""","""[0.9030919]""",10.525789260864258,0.021136445924639702,"""[[0.40664643]]""","""[[-0.38450634]]""",NA,NA,NA,NA,NA,NA,NA
467,283.8065490722656,"""[32.101685]""","""[0.9055881]""",10.343626022338867,0.020838014781475067,"""[[0.4013169]]""","""[[-0.3881416]]""",NA,NA,NA,NA,NA,NA,NA
468,283.43255615234375,"""[32.134758]""","""[0.9081863]""",9.865848541259766,0.020572157576680183,"""[[0.39448315]]""","""[[-0.39337602]]""",NA,NA,NA,NA,NA,NA,NA
469,282.45880126953125,"""[32.22414]""","""[0.9078246]""",9.992971420288086,0.020321359857916832,"""[[0.38627407]]""","""[[-0.39433667]]""",NA,NA,NA,NA,NA,NA,NA
470,281.2937927246094,"""[32.327347]""","""[0.9066805]""",9.974649429321289,0.020079627633094788,"""[[0.3792767]]""","""[[-0.39266536]]""",NA,NA,NA,NA,NA,NA,NA
471,280.3219909667969,"""[32.407394]""","""[0.90666646]""",9.526164054870605,0.019845610484480858,"""[[0.37504753]]""","""[[-0.39046013]]""",NA,NA,NA,NA,NA,NA,NA
472,279.30157470703125,"""[32.4962]""","""[0.9062978]""",9.618171691894531,0.01960468851029873,"""[[0.37074956]]""","""[[-0.3875262]]""",NA,NA,NA,NA,NA,NA,NA
473,278.227294921875,"""[32.601044]""","""[0.9053304]""",9.76363468170166,0.01934179477393627,"""[[0.36679494]]""","""[[-0.38285682]]""",NA,NA,NA,NA,NA,NA,NA
474,277.5082702636719,"""[32.680492]""","""[0.9057789]""",9.785504341125488,0.01910766027867794,"""[[0.362693]]""","""[[-0.38076982]]""",NA,NA,NA,NA,NA,NA,NA
475,277.1856689453125,"""[32.727528]""","""[0.90797883]""",9.29388427734375,0.018865669146180153,"""[[0.36205634]]""","""[[-0.37842757]]""",NA,NA,NA,NA,NA,NA,NA
476,276.73760986328125,"""[32.790222]""","""[0.90946686]""",9.350119590759277,0.01862405240535736,"""[[0.36014697]]""","""[[-0.37586054]]""",NA,NA,NA,NA,NA,NA,NA
477,276.1673278808594,"""[32.86358]""","""[0.9104271]""",9.743135452270508,0.018371520563960075,"""[[0.3590154]]""","""[[-0.37150016]]""",NA,NA,NA,NA,NA,NA,NA
478,275.3495178222656,"""[32.958244]""","""[0.9102838]""",9.074015617370605,0.01812148280441761,"""[[0.35877174]]""","""[[-0.36415797]]""",NA,NA,NA,NA,NA,NA,NA
479,274.4685974121094,"""[33.05732]""","""[0.9098931]""",9.057341575622559,0.017895473167300224,"""[[0.35748804]]""","""[[-0.35734293]]""",NA,NA,NA,NA,NA,NA,NA
480,273.6571960449219,"""[33.151352]""","""[0.9098094]""",8.902512550354004,0.01767614670097828,"""[[0.3553277]]""","""[[-0.351893]]""",NA,NA,NA,NA,NA,NA,NA
481,273.0694274902344,"""[33.22542]""","""[0.91076404]""",8.890583038330078,0.01746618002653122,"""[[0.35373214]]""","""[[-0.34777778]]""",NA,NA,NA,NA,NA,NA,NA
482,272.70166015625,"""[33.275906]""","""[0.912892]""",9.657916069030762,0.01725485734641552,"""[[0.35230815]]""","""[[-0.34574738]]""",NA,NA,NA,NA,NA,NA,NA
483,272.0269775390625,"""[33.349014]""","""[0.9139054]""",8.96354866027832,0.016999701038002968,"""[[0.34667]]""","""[[-0.3459061]]""",NA,NA,NA,NA,NA,NA,NA
484,270.9168395996094,"""[33.46046]""","""[0.912944]""",8.80417251586914,0.01676672138273716,"""[[0.34093034]]""","""[[-0.34238517]]""",NA,NA,NA,NA,NA,NA,NA
485,269.6820373535156,"""[33.5815]""","""[0.91153663]""",8.553668975830078,0.016528796404600143,"""[[0.33358458]]""","""[[-0.3395948]]""",NA,NA,NA,NA,NA,NA,NA
486,268.9403381347656,"""[33.657692]""","""[0.9123857]""",9.07127857208252,0.016307378187775612,"""[[0.3284709]]""","""[[-0.33879107]]""",NA,NA,NA,NA,NA,NA,NA
487,268.4965515136719,"""[33.7096]""","""[0.9144835]""",8.50904655456543,0.016094952821731567,"""[[0.32749063]]""","""[[-0.3361086]]""",NA,NA,NA,NA,NA,NA,NA
488,268.0955810546875,"""[33.750893]""","""[0.9170373]""",9.420221328735352,0.01588531769812107,"""[[0.325961]]""","""[[-0.33493716]]""",NA,NA,NA,NA,NA,NA,NA
489,266.6905212402344,"""[33.882023]""","""[0.915066]""",8.324469566345215,0.015688516199588776,"""[[0.32377863]]""","""[[-0.3257769]]""",NA,NA,NA,NA,NA,NA,NA
490,265.3440856933594,"""[34.00802]""","""[0.91334397]""",8.43040943145752,0.015533268451690674,"""[[0.3221795]]""","""[[-0.31641307]]""",NA,NA,NA,NA,NA,NA,NA
491,264.793701171875,"""[34.062675]""","""[0.91508776]""",8.20431137084961,0.015442226082086563,"""[[0.32499874]]""","""[[-0.3091163]]""",NA,NA,NA,NA,NA,NA,NA
492,264.7161865234375,"""[34.070732]""","""[0.9191147]""",8.161017417907715,0.015354204922914505,"""[[0.32851842]]""","""[[-0.3054942]]""",NA,NA,NA,NA,NA,NA,NA
493,263.671142578125,"""[34.16441]""","""[0.9189538]""",8.009675979614258,0.015234551392495632,"""[[0.32643735]]""","""[[-0.2995001]]""",NA,NA,NA,NA,NA,NA,NA
494,262.310302734375,"""[34.279514]""","""[0.9176211]""",8.126367568969727,0.015135121531784534,"""[[0.3232324]]""","""[[-0.29249778]]""",NA,NA,NA,NA,NA,NA,NA
495,261.2705383300781,"""[34.358795]""","""[0.91812223]""",8.589579582214355,0.014957861043512821,"""[[0.31967062]]""","""[[-0.28949353]]""",NA,NA,NA,NA,NA,NA,NA
496,260.6626892089844,"""[34.385357]""","""[0.9212733]""",10.747590065002441,0.0146418996155262,"""[[0.3156165]]""","""[[-0.2923749]]""",NA,NA,NA,NA,NA,NA,NA
497,257.740234375,"""[34.655354]""","""[0.91332513]""",8.93886947631836,0.014237148687243462,"""[[0.29440662]]""","""[[-0.29035795]]""",NA,NA,NA,NA,NA,NA,NA
498,256.4389343261719,"""[34.804867]""","""[0.9115328]""",7.9429121017456055,0.014003347605466843,"""[[0.27519852]]""","""[[-0.2972463]]""",NA,NA,NA,NA,NA,NA,NA
499,257.8054504394531,"""[34.732937]""","""[0.920315]""",7.9441633224487305,0.014018443413078785,"""[[0.26525578]]""","""[[-0.31440488]]""",NA,NA,NA,NA,NA,NA,NA
500,259.4906005859375,"""[34.633556]""","""[0.93027925]""",7.565024375915527,0.014230110682547092,"""[[0.2599226]]""","""[[-0.32902566]]""",NA,NA,NA,NA,NA,NA,NA
501,258.6675720214844,"""[34.741646]""","""[0.92952126]""",7.71157169342041,0.014536518603563309,"""[[0.2467846]]""","""[[-0.3314151]]""",NA,NA,NA,NA,NA,NA,NA
502,255.7667999267578,"""[35.026928]""","""[0.9195168]""",7.510126113891602,0.015119289979338646,"""[[0.22460961]]""","""[[-0.3252632]]""",NA,NA,NA,NA,NA,NA,NA
503,254.4188690185547,"""[35.15936]""","""[0.91700757]""",8.103663444519043,0.015585874207317829,"""[[0.21230325]]""","""[[-0.3238571]]""",NA,NA,NA,NA,NA,NA,NA
504,255.55963134765625,"""[35.0371]""","""[0.9272076]""",7.403384685516357,0.01546370517462492,"""[[0.21760963]]""","""[[-0.3301178]]""",NA,NA,NA,NA,NA,NA,NA
505,255.61294555664062,"""[34.991062]""","""[0.9337129]""",7.244529724121094,0.015210998244583607,"""[[0.22199376]]""","""[[-0.3307699]]""",NA,NA,NA,NA,NA,NA,NA
506,253.03273010253906,"""[35.15964]""","""[0.9292294]""",7.165300369262695,0.014994766563177109,"""[[0.21698515]]""","""[[-0.32041466]]""",NA,NA,NA,NA,NA,NA,NA
507,249.5567626953125,"""[35.3923]""","""[0.92149657]""",7.092606067657471,0.014782734215259552,"""[[0.21011966]]""","""[[-0.30606997]]""",NA,NA,NA,NA,NA,NA,NA
508,247.70040893554688,"""[35.470932]""","""[0.92126596]""",8.166701316833496,0.014488696120679379,"""[[0.21081507]]""","""[[-0.2986504]]""",NA,NA,NA,NA,NA,NA,NA
509,248.52120971679688,"""[35.26589]""","""[0.9350402]""",6.930861473083496,0.013633199036121368,"""[[0.2305305]]""","""[[-0.3002625]]""",NA,NA,NA,NA,NA,NA,NA
510,246.9427947998047,"""[35.27097]""","""[0.93822235]""",6.905438423156738,0.01301094051450491,"""[[0.24042788]]""","""[[-0.29154873]]""",NA,NA,NA,NA,NA,NA,NA
511,242.40972900390625,"""[35.53322]""","""[0.92837703]""",6.799719333648682,0.012545662932097912,"""[[0.23890902]]""","""[[-0.26967788]]""",NA,NA,NA,NA,NA,NA,NA
512,238.12408447265625,"""[35.784245]""","""[0.9191439]""",6.918534278869629,0.012331748381257057,"""[[0.23627283]]""","""[[-0.24960762]]""",NA,NA,NA,NA,NA,NA,NA
513,236.98471069335938,"""[35.76081]""","""[0.9234764]""",6.65991735458374,0.01195175014436245,"""[[0.24809994]]""","""[[-0.24076375]]""",NA,NA,NA,NA,NA,NA,NA
514,237.8358154296875,"""[35.562477]""","""[0.9363695]""",6.555428981781006,0.01162821426987648,"""[[0.26790857]]""","""[[-0.24004543]]""",NA,NA,NA,NA,NA,NA,NA
515,236.6068115234375,"""[35.55585]""","""[0.9396782]""",6.6156206130981445,0.011554691940546036,"""[[0.2775744]]""","""[[-0.231]]""",NA,NA,NA,NA,NA,NA,NA
516,232.7919921875,"""[35.782356]""","""[0.9312333]""",6.708325386047363,0.011629819869995117,"""[[0.27326986]]""","""[[-0.2135497]]""",NA,NA,NA,NA,NA,NA,NA
517,229.07943725585938,"""[36.011974]""","""[0.92276]""",6.72613525390625,0.011859766207635403,"""[[0.26982015]]""","""[[-0.19475551]]""",NA,NA,NA,NA,NA,NA,NA
518,228.04100036621094,"""[36.01893]""","""[0.92529374]""",7.101745128631592,0.012051002122461796,"""[[0.27750605]]""","""[[-0.18525268]]""",NA,NA,NA,NA,NA,NA,NA
519,229.2283935546875,"""[35.84327]""","""[0.93662846]""",6.346652507781982,0.012418343685567379,"""[[0.29524896]]""","""[[-0.18186313]]""",NA,NA,NA,NA,NA,NA,NA
520,229.27593994140625,"""[35.76865]""","""[0.94302046]""",6.5045247077941895,0.012854721397161484,"""[[0.3049761]]""","""[[-0.1770195]]""",NA,NA,NA,NA,NA,NA,NA
521,226.27789306640625,"""[35.98974]""","""[0.9343631]""",6.291783332824707,0.013666383922100067,"""[[0.3005393]]""","""[[-0.15726092]]""",NA,NA,NA,NA,NA,NA,NA
522,223.37191772460938,"""[36.192577]""","""[0.92694944]""",6.989247798919678,0.014270092360675335,"""[[0.29336265]]""","""[[-0.14277188]]""",NA,NA,NA,NA,NA,NA,NA
523,222.6750030517578,"""[36.15177]""","""[0.93237877]""",6.804420471191406,0.013915598392486572,"""[[0.29263094]]""","""[[-0.14737815]]""",NA,NA,NA,NA,NA,NA,NA
524,222.99774169921875,"""[35.97226]""","""[0.9452544]""",6.157149791717529,0.012895996682345867,"""[[0.2937952]]""","""[[-0.16536355]]""",NA,NA,NA,NA,NA,NA,NA
525,220.46255493164062,"""[36.044476]""","""[0.9455664]""",6.122440338134766,0.011906351894140244,"""[[0.28036043]]""","""[[-0.17436482]]""",NA,NA,NA,NA,NA,NA,NA
526,215.65492248535156,"""[36.31921]""","""[0.9356471]""",5.994999885559082,0.011031042784452438,"""[[0.25470644]]""","""[[-0.1763541]]""",NA,NA,NA,NA,NA,NA,NA
527,211.51925659179688,"""[36.563408]""","""[0.92724675]""",7.047525405883789,0.010588849894702435,"""[[0.23254445]]""","""[[-0.176761]]""",NA,NA,NA,NA,NA,NA,NA
528,210.43731689453125,"""[36.559788]""","""[0.93100995]""",5.7339372634887695,0.01030689850449562,"""[[0.2280406]]""","""[[-0.1817097]]""",NA,NA,NA,NA,NA,NA,NA
529,211.39578247070312,"""[36.366802]""","""[0.9441653]""",5.589725494384766,0.00997641496360302,"""[[0.23374839]]""","""[[-0.1942166]]""",NA,NA,NA,NA,NA,NA,NA
530,210.1647491455078,"""[36.380077]""","""[0.94726384]""",6.366091728210449,0.009782832115888596,"""[[0.22855563]]""","""[[-0.19830222]]""",NA,NA,NA,NA,NA,NA,NA
531,206.5564422607422,"""[36.605312]""","""[0.93989855]""",6.807797431945801,0.009565812535583973,"""[[0.2093519]]""","""[[-0.1967657]]""",NA,NA,NA,NA,NA,NA,NA
532,203.35498046875,"""[36.797333]""","""[0.9343245]""",5.796759128570557,0.00940126832574606,"""[[0.18667611]]""","""[[-0.20188317]]""",NA,NA,NA,NA,NA,NA,NA
533,202.2541046142578,"""[36.82176]""","""[0.9368853]""",5.422229290008545,0.009447330608963966,"""[[0.16956663]]""","""[[-0.21608971]]""",NA,NA,NA,NA,NA,NA,NA
534,203.4774627685547,"""[36.643993]""","""[0.94887745]""",6.106019973754883,0.009806382469832897,"""[[0.16117463]]""","""[[-0.2391502]]""",NA,NA,NA,NA,NA,NA,NA
535,203.05105590820312,"""[36.606735]""","""[0.9537336]""",5.553454875946045,0.010202932171523571,"""[[0.15316486]]""","""[[-0.24871096]]""",NA,NA,NA,NA,NA,NA,NA
536,198.85609436035156,"""[36.917713]""","""[0.94128984]""",5.206259250640869,0.010586184449493885,"""[[0.13383484]]""","""[[-0.23699912]]""",NA,NA,NA,NA,NA,NA,NA
537,195.42144775390625,"""[37.16136]""","""[0.9323436]""",5.105850696563721,0.011038864962756634,"""[[0.11820874]]""","""[[-0.22797674]]""",NA,NA,NA,NA,NA,NA,NA
538,195.64132690429688,"""[37.034035]""","""[0.9418277]""",5.1011552810668945,0.01088639721274376,"""[[0.1223349]]""","""[[-0.23491716]]""",NA,NA,NA,NA,NA,NA,NA
539,196.5496826171875,"""[36.815243]""","""[0.95621157]""",5.073029041290283,0.010458017699420452,"""[[0.13461913]]""","""[[-0.24350818]]""",NA,NA,NA,NA,NA,NA,NA
540,193.77023315429688,"""[36.95881]""","""[0.9520814]""",5.356592655181885,0.01040921825915575,"""[[0.12915397]]""","""[[-0.23454724]]""",NA,NA,NA,NA,NA,NA,NA
541,189.66986083984375,"""[37.185917]""","""[0.9438141]""",5.006683826446533,0.010039479471743107,"""[[0.1254062]]""","""[[-0.2172343]]""",NA,NA,NA,NA,NA,NA,NA
542,186.75601196289062,"""[37.305992]""","""[0.94067746]""",5.749027252197266,0.009795391000807285,"""[[0.12465589]]""","""[[-0.20650342]]""",NA,NA,NA,NA,NA,NA,NA
543,185.71141052246094,"""[37.2099]""","""[0.9487915]""",4.65729284286499,0.008888497948646545,"""[[0.1411621]]""","""[[-0.2007399]]""",NA,NA,NA,NA,NA,NA,NA
544,184.3113250732422,"""[37.1644]""","""[0.95431376]""",4.883655548095703,0.008245009928941727,"""[[0.15517709]]""","""[[-0.1920929]]""",NA,NA,NA,NA,NA,NA,NA
545,181.0370330810547,"""[37.328964]""","""[0.9490001]""",4.564749240875244,0.008075237274169922,"""[[0.15518227]]""","""[[-0.17624797]]""",NA,NA,NA,NA,NA,NA,NA
546,177.5666046142578,"""[37.530834]""","""[0.9419656]""",5.24724006652832,0.008089199662208557,"""[[0.15168993]]""","""[[-0.16007577]]""",NA,NA,NA,NA,NA,NA,NA
547,176.5780487060547,"""[37.473988]""","""[0.94777834]""",4.402770519256592,0.007787632755935192,"""[[0.16547933]]""","""[[-0.15149945]]""",NA,NA,NA,NA,NA,NA,NA
548,176.37232971191406,"""[37.346977]""","""[0.95704097]""",4.698847770690918,0.007593062706291676,"""[[0.18037249]]""","""[[-0.14816055]]""",NA,NA,NA,NA,NA,NA,NA
549,174.40081787109375,"""[37.392414]""","""[0.95739543]""",4.71075439453125,0.007577046286314726,"""[[0.18213922]]""","""[[-0.14119162]]""",NA,NA,NA,NA,NA,NA,NA
550,170.5511932373047,"""[37.645924]""","""[0.9471531]""",4.307443141937256,0.007896561175584793,"""[[0.17690225]]""","""[[-0.12071687]]""",NA,NA,NA,NA,NA,NA,NA
551,168.18357849121094,"""[37.750042]""","""[0.94465905]""",4.587397575378418,0.008025570772588253,"""[[0.17554344]]""","""[[-0.11099032]]""",NA,NA,NA,NA,NA,NA,NA
552,167.87046813964844,"""[37.662613]""","""[0.9518557]""",5.212188243865967,0.00805003009736538,"""[[0.18554926]]""","""[[-0.10788763]]""",NA,NA,NA,NA,NA,NA,NA
553,167.74005126953125,"""[37.52107]""","""[0.96218073]""",4.067460060119629,0.007693375460803509,"""[[0.19075464]]""","""[[-0.11615575]]""",NA,NA,NA,NA,NA,NA,NA
554,164.61927795410156,"""[37.695404]""","""[0.9564335]""",4.241824626922607,0.007608863525092602,"""[[0.17924458]]""","""[[-0.1104306]]""",NA,NA,NA,NA,NA,NA,NA
555,160.96002197265625,"""[37.91978]""","""[0.9482606]""",4.2278733253479,0.007527364417910576,"""[[0.16172878]]""","""[[-0.10619345]]""",NA,NA,NA,NA,NA,NA,NA
556,159.9913330078125,"""[37.846775]""","""[0.9547824]""",4.253599643707275,0.007119098678231239,"""[[0.15492152]]""","""[[-0.11983176]]""",NA,NA,NA,NA,NA,NA,NA
557,159.1530303955078,"""[37.790974]""","""[0.9603414]""",3.8276593685150146,0.007026197388768196,"""[[0.14294179]]""","""[[-0.1360408]]""",NA,NA,NA,NA,NA,NA,NA
558,157.3024444580078,"""[37.869144]""","""[0.9587378]""",3.7442867755889893,0.007352669723331928,"""[[0.12648974]]""","""[[-0.1426877]]""",NA,NA,NA,NA,NA,NA,NA
559,154.9964599609375,"""[38.01639]""","""[0.953458]""",3.7219765186309814,0.007944159209728241,"""[[0.10799994]]""","""[[-0.14403349]]""",NA,NA,NA,NA,NA,NA,NA
560,154.03921508789062,"""[38.029896]""","""[0.9548173]""",3.7297024726867676,0.008520698174834251,"""[[0.0966174]]""","""[[-0.15079705]]""",NA,NA,NA,NA,NA,NA,NA
561,153.90902709960938,"""[37.97132]""","""[0.9597613]""",3.814866304397583,0.00918440893292427,"""[[0.08896355]]""","""[[-0.16030516]]""",NA,NA,NA,NA,NA,NA,NA
562,152.7415008544922,"""[37.99601]""","""[0.960959]""",3.712470531463623,0.009548927657306194,"""[[0.08321661]]""","""[[-0.16127014]]""",NA,NA,NA,NA,NA,NA,NA
563,151.01947021484375,"""[38.027866]""","""[0.9618933]""",4.7107086181640625,0.009492451325058937,"""[[0.08241811]]""","""[[-0.15810293]]""",NA,NA,NA,NA,NA,NA,NA
564,148.2598114013672,"""[38.083393]""","""[0.96238416]""",3.5138802528381348,0.008539344184100628,"""[[0.09043849]]""","""[[-0.14715134]]""",NA,NA,NA,NA,NA,NA,NA
565,145.19776916503906,"""[38.19517]""","""[0.9595374]""",4.217233180999756,0.007940823212265968,"""[[0.09426691]]""","""[[-0.133811]]""",NA,NA,NA,NA,NA,NA,NA
566,142.0719757080078,"""[38.392067]""","""[0.9521875]""",3.534942388534546,0.008076929487287998,"""[[0.08734439]]""","""[[-0.120828]]""",NA,NA,NA,NA,NA,NA,NA
567,141.62594604492188,"""[38.243114]""","""[0.9626646]""",3.9522321224212646,0.007424958515912294,"""[[0.10115492]]""","""[[-0.12214602]]""",NA,NA,NA,NA,NA,NA,NA
568,140.37127685546875,"""[38.240562]""","""[0.9654391]""",4.5896992683410645,0.007414546795189381,"""[[0.10124323]]""","""[[-0.12127519]]""",NA,NA,NA,NA,NA,NA,NA
569,138.77386474609375,"""[38.18977]""","""[0.970475]""",3.5368525981903076,0.006795322988182306,"""[[0.11273573]]""","""[[-0.11570188]]""",NA,NA,NA,NA,NA,NA,NA
570,134.64215087890625,"""[38.454044]""","""[0.95931554]""",3.2397592067718506,0.006559438072144985,"""[[0.111706]]""","""[[-0.09138747]]""",NA,NA,NA,NA,NA,NA,NA
571,132.4200439453125,"""[38.521187]""","""[0.9578589]""",4.219448089599609,0.006407018750905991,"""[[0.11622087]]""","""[[-0.07984043]]""",NA,NA,NA,NA,NA,NA,NA
572,132.6539306640625,"""[38.288536]""","""[0.97133064]""",3.9012365341186523,0.006020097061991692,"""[[0.12716575]]""","""[[-0.0909279]]""",NA,NA,NA,NA,NA,NA,NA
573,130.18887329101562,"""[38.395966]""","""[0.9674251]""",3.2517290115356445,0.006023540627211332,"""[[0.12710088]]""","""[[-0.07941253]]""",NA,NA,NA,NA,NA,NA,NA
574,127.4932632446289,"""[38.545532]""","""[0.9610004]""",3.0071873664855957,0.006233434658497572,"""[[0.1270888]]""","""[[-0.06313697]]""",NA,NA,NA,NA,NA,NA,NA
575,126.40338897705078,"""[38.5172]""","""[0.9635447]""",6.436883449554443,0.006363276392221451,"""[[0.1353488]]""","""[[-0.05562998]]""",NA,NA,NA,NA,NA,NA,NA
576,126.85236358642578,"""[38.20921]""","""[0.9807646]""",2.9736223220825195,0.00566517747938633,"""[[0.14277667]]""","""[[-0.0788131]]""",NA,NA,NA,NA,NA,NA,NA
577,122.78368377685547,"""[38.48779]""","""[0.9671977]""",2.8096697330474854,0.005653243511915207,"""[[0.11831415]]""","""[[-0.07473721]]""",NA,NA,NA,NA,NA,NA,NA
578,119.01399230957031,"""[38.763275]""","""[0.9538964]""",2.936382532119751,0.005946682300418615,"""[[0.09423079]]""","""[[-0.07020847]]""",NA,NA,NA,NA,NA,NA,NA
579,119.19562530517578,"""[38.534916]""","""[0.9666039]""",4.201116561889648,0.005520260892808437,"""[[0.09851804]]""","""[[-0.08740185]]""",NA,NA,NA,NA,NA,NA,NA
580,117.89278411865234,"""[38.604305]""","""[0.96483576]""",2.755357027053833,0.005939605180174112,"""[[0.07937385]]""","""[[-0.09711832]]""",NA,NA,NA,NA,NA,NA,NA
581,117.7199478149414,"""[38.537846]""","""[0.969932]""",2.7739815711975098,0.0062976717017591,"""[[0.07058235]]""","""[[-0.10971931]]""",NA,NA,NA,NA,NA,NA,NA
582,117.39743041992188,"""[38.523872]""","""[0.9718666]""",3.0596694946289062,0.00701539171859622,"""[[0.05842213]]""","""[[-0.11938463]]""",NA,NA,NA,NA,NA,NA,NA
583,116.67533111572266,"""[38.63911]""","""[0.9662978]""",3.47369647026062,0.008485912345349789,"""[[0.03681044]]""","""[[-0.12327495]]""",NA,NA,NA,NA,NA,NA,NA
584,115.97241973876953,"""[38.627857]""","""[0.9684751]""",2.694211483001709,0.0087877893820405,"""[[0.03327454]]""","""[[-0.12563291]]""",NA,NA,NA,NA,NA,NA,NA
585,115.55162811279297,"""[38.57111]""","""[0.97288465]""",2.7541494369506836,0.009034049697220325,"""[[0.03274287]]""","""[[-0.12960346]]""",NA,NA,NA,NA,NA,NA,NA
586,114.04566192626953,"""[38.56379]""","""[0.9750584]""",2.9798805713653564,0.008689451962709427,"""[[0.03653748]]""","""[[-0.12669948]]""",NA,NA,NA,NA,NA,NA,NA
587,110.75857543945312,"""[38.701996]""","""[0.97020024]""",4.050559997558594,0.007780479732900858,"""[[0.04133325]]""","""[[-0.11083308]]""",NA,NA,NA,NA,NA,NA,NA
588,107.80074310302734,"""[38.692993]""","""[0.97354]""",2.8267431259155273,0.0060180602595210075,"""[[0.06476629]]""","""[[-0.09383532]]""",NA,NA,NA,NA,NA,NA,NA
589,104.78843688964844,"""[38.810947]""","""[0.96981484]""",6.148116588592529,0.00511831184849143,"""[[0.08432436]]""","""[[-0.06535485]]""",NA,NA,NA,NA,NA,NA,NA
590,104.13751983642578,"""[38.84981]""","""[0.96863353]""",2.381593942642212,0.005800619721412659,"""[[0.11599678]]""","""[[-0.02658479]]""",NA,NA,NA,NA,NA,NA,NA
591,107.16504669189453,"""[38.641457]""","""[0.9783398]""",4.13554048538208,0.008113313466310501,"""[[0.15041757]]""","""[[-0.00285439]]""",NA,NA,NA,NA,NA,NA,NA
592,109.22081756591797,"""[38.44674]""","""[0.98760873]""",3.0227954387664795,0.009778409264981747,"""[[0.1696444]]""","""[[0.00442792]]""",NA,NA,NA,NA,NA,NA,NA
593,106.96607208251953,"""[38.70846]""","""[0.97290885]""",3.542078971862793,0.010779372416436672,"""[[0.15666148]]""","""[[0.02257572]]""",NA,NA,NA,NA,NA,NA,NA
594,103.98799896240234,"""[38.796047]""","""[0.9692321]""",2.461984872817993,0.009816345758736134,"""[[0.14441533]]""","""[[0.01679619]]""",NA,NA,NA,NA,NA,NA,NA
595,102.08712005615234,"""[38.64433]""","""[0.9785637]""",2.6235105991363525,0.008120821788907051,"""[[0.14137456]]""","""[[-0.00592023]]""",NA,NA,NA,NA,NA,NA,NA
596,98.8836898803711,"""[38.64365]""","""[0.9801465]""",4.303247451782227,0.0063340794295072556,"""[[0.12584971]]""","""[[-0.02683397]]""",NA,NA,NA,NA,NA,NA,NA
597,94.7966537475586,"""[38.769936]""","""[0.975026]""",2.3085861206054688,0.004627126734703779,"""[[0.09269414]]""","""[[-0.05267486]]""",NA,NA,NA,NA,NA,NA,NA
598,92.17333984375,"""[38.931545]""","""[0.96701574]""",2.207660675048828,0.004481243900954723,"""[[0.05415669]]""","""[[-0.07497016]]""",NA,NA,NA,NA,NA,NA,NA
599,93.12663269042969,"""[38.737232]""","""[0.9768302]""",3.155029296875,0.005083835683763027,"""[[0.0373585]]""","""[[-0.1075684]]""",NA,NA,NA,NA,NA,NA,NA
600,93.56657409667969,"""[38.616146]""","""[0.9830288]""",2.484819173812866,0.0057311393320560455,"""[[0.02811033]]""","""[[-0.12562168]]""",NA,NA,NA,NA,NA,NA,NA
601,91.64189147949219,"""[38.7969]""","""[0.97336626]""",2.396559953689575,0.006221050396561623,"""[[0.01211505]]""","""[[-0.12097084]]""",NA,NA,NA,NA,NA,NA,NA
602,90.2673568725586,"""[38.951675]""","""[0.9651526]""",2.503338098526001,0.006993464194238186,"""[[-0.00405941]]""","""[[-0.11826269]]""",NA,NA,NA,NA,NA,NA,NA
603,91.99773406982422,"""[38.631958]""","""[0.98180854]""",2.501500129699707,0.007417327258735895,"""[[0.00183975]]""","""[[-0.14134733]]""",NA,NA,NA,NA,NA,NA,NA
604,91.6456527709961,"""[38.503323]""","""[0.98908645]""",2.340073585510254,0.007262523751705885,"""[[0.00798474]]""","""[[-0.14783554]]""",NA,NA,NA,NA,NA,NA,NA
605,88.15686798095703,"""[38.96538]""","""[0.9640584]""",2.0843300819396973,0.008025051094591618,"""[[-0.01761851]]""","""[[-0.12348169]]""",NA,NA,NA,NA,NA,NA,NA
606,87.4808120727539,"""[38.87271]""","""[0.9694401]""",2.068389892578125,0.007655982859432697,"""[[-0.01033708]]""","""[[-0.12546758]]""",NA,NA,NA,NA,NA,NA,NA
607,88.10452270507812,"""[38.472645]""","""[0.99217993]""",2.0458755493164062,0.006574332248419523,"""[[0.01799607]]""","""[[-0.14039585]]""",NA,NA,NA,NA,NA,NA,NA
608,84.83988189697266,"""[38.702908]""","""[0.9805235]""",1.942910075187683,0.005873403511941433,"""[[0.01753588]]""","""[[-0.11895522]]""",NA,NA,NA,NA,NA,NA,NA
609,81.14677429199219,"""[39.05395]""","""[0.96244913]""",1.9196571111679077,0.0056305574253201485,"""[[0.01088276]]""","""[[-0.09078903]]""",NA,NA,NA,NA,NA,NA,NA
610,81.09444427490234,"""[38.78393]""","""[0.977841]""",1.8090192079544067,0.004666498396545649,"""[[0.03552352]]""","""[[-0.09540118]]""",NA,NA,NA,NA,NA,NA,NA
611,80.86409759521484,"""[38.57695]""","""[0.99014753]""",1.7903060913085938,0.0040374379605054855,"""[[0.05716705]]""","""[[-0.09636989]]""",NA,NA,NA,NA,NA,NA,NA
612,77.68850708007812,"""[38.919434]""","""[0.9723583]""",1.7861762046813965,0.004010584205389023,"""[[0.05065078]]""","""[[-0.06766087]]""",NA,NA,NA,NA,NA,NA,NA
613,76.0560531616211,"""[39.031807]""","""[0.9672496]""",1.8471843004226685,0.003989757504314184,"""[[0.05357422]]""","""[[-0.0530629]]""",NA,NA,NA,NA,NA,NA,NA
614,76.84519958496094,"""[38.727833]""","""[0.9848514]""",1.9605753421783447,0.003579084761440754,"""[[0.07468916]]""","""[[-0.0633292]]""",NA,NA,NA,NA,NA,NA,NA
615,76.16961669921875,"""[38.717304]""","""[0.9863777]""",1.7077816724777222,0.003653834108263254,"""[[0.07602698]]""","""[[-0.06228919]]""",NA,NA,NA,NA,NA,NA,NA
616,73.71431732177734,"""[39.03983]""","""[0.9697784]""",2.0205769538879395,0.004055581521242857,"""[[0.06141559]]""","""[[-0.04245189]]""",NA,NA,NA,NA,NA,NA,NA
617,73.11661529541016,"""[39.06518]""","""[0.96970993]""",1.7059051990509033,0.0042923325672745705,"""[[0.0571392]]""","""[[-0.04282774]]""",NA,NA,NA,NA,NA,NA,NA
618,74.62377166748047,"""[38.712933]""","""[0.99023217]""",1.6611030101776123,0.00423901854082942,"""[[0.07064463]]""","""[[-0.06463186]]""",NA,NA,NA,NA,NA,NA,NA
619,73.6725082397461,"""[38.81235]""","""[0.98579514]""",1.6007239818572998,0.004575817380100489,"""[[0.0629378]]""","""[[-0.06039363]]""",NA,NA,NA,NA,NA,NA,NA
620,71.50635528564453,"""[39.15089]""","""[0.9682949]""",1.6027839183807373,0.00521168764680624,"""[[0.04378654]]""","""[[-0.04264368]]""",NA,NA,NA,NA,NA,NA,NA
621,71.96341705322266,"""[38.95899]""","""[0.97969705]""",2.2075273990631104,0.005128213670104742,"""[[0.05245617]]""","""[[-0.05289881]]""",NA,NA,NA,NA,NA,NA,NA
622,71.72595977783203,"""[38.805748]""","""[0.9899362]""",1.6176351308822632,0.0046284557320177555,"""[[0.06715923]]""","""[[-0.05535764]]""",NA,NA,NA,NA,NA,NA,NA
623,69.36320495605469,"""[39.07404]""","""[0.97688127]""",1.5240213871002197,0.004500684794038534,"""[[0.06163441]]""","""[[-0.033633]]""",NA,NA,NA,NA,NA,NA,NA
624,68.22224426269531,"""[39.126686]""","""[0.97540027]""",1.6594371795654297,0.004300324711948633,"""[[0.06575698]]""","""[[-0.02446138]]""",NA,NA,NA,NA,NA,NA,NA
625,68.54167938232422,"""[38.908127]""","""[0.98844755]""",1.5580434799194336,0.003945428878068924,"""[[0.07939783]]""","""[[-0.03370648]]""",NA,NA,NA,NA,NA,NA,NA
626,67.39673614501953,"""[39.006985]""","""[0.98373413]""",2.396200656890869,0.004007644485682249,"""[[0.07344197]]""","""[[-0.02861094]]""",NA,NA,NA,NA,NA,NA,NA
627,65.08062744140625,"""[39.35938]""","""[0.96604615]""",1.543266773223877,0.0043007321655750275,"""[[0.06216346]]""","""[[-0.00292492]]""",NA,NA,NA,NA,NA,NA,NA
628,66.17375183105469,"""[38.991943]""","""[0.98745805]""",1.71990966796875,0.00366877019405365,"""[[0.08472449]]""","""[[-0.01889694]]""",NA,NA,NA,NA,NA,NA,NA
629,66.3319320678711,"""[38.820568]""","""[0.9978087]""",2.426257848739624,0.0034715787041932344,"""[[0.09152293]]""","""[[-0.02989171]]""",NA,NA,NA,NA,NA,NA,NA
630,63.492027282714844,"""[39.304436]""","""[0.97142875]""",1.6214759349822998,0.003911660518497229,"""[[0.07067271]]""","""[[0.00124885]]""",NA,NA,NA,NA,NA,NA,NA
631,63.490142822265625,"""[39.19867]""","""[0.9770816]""",1.4365744590759277,0.0038274438120424747,"""[[0.08247173]]""","""[[0.00314258]]""",NA,NA,NA,NA,NA,NA,NA
632,64.77810668945312,"""[38.8375]""","""[0.99676245]""",2.637667655944824,0.0036830527242273092,"""[[0.10643584]]""","""[[-0.00958021]]""",NA,NA,NA,NA,NA,NA,NA
633,63.1468620300293,"""[38.9801]""","""[0.9884102]""",1.6242154836654663,0.0034878128208220005,"""[[0.09173053]]""","""[[-0.00898161]]""",NA,NA,NA,NA,NA,NA,NA
634,60.7552490234375,"""[39.36375]""","""[0.96678543]""",1.417482614517212,0.0038717156276106834,"""[[0.06643473]]""","""[[0.00713229]]""",NA,NA,NA,NA,NA,NA,NA
635,61.45420455932617,"""[39.01927]""","""[0.98536515]""",2.0163235664367676,0.0032690316438674927,"""[[0.07996215]]""","""[[-0.0153648]]""",NA,NA,NA,NA,NA,NA,NA
636,61.125953674316406,"""[38.857082]""","""[0.9947199]""",1.885788917541504,0.0027782523538917303,"""[[0.07710528]]""","""[[-0.03618264]]""",NA,NA,NA,NA,NA,NA,NA
637,58.60258865356445,"""[39.265472]""","""[0.9724294]""",1.8433141708374023,0.003005973296239972,"""[[0.03796608]]""","""[[-0.03178971]]""",NA,NA,NA,NA,NA,NA,NA
638,59.2243766784668,"""[39.108]""","""[0.9806834]""",1.3481119871139526,0.003281822893768549,"""[[0.02341817]]""","""[[-0.06052329]]""",NA,NA,NA,NA,NA,NA,NA
639,61.124778747558594,"""[38.875965]""","""[0.99263686]""",1.440222978591919,0.0043394481763243675,"""[[0.01276421]]""","""[[-0.09046755]]""",NA,NA,NA,NA,NA,NA,NA
640,61.419490814208984,"""[39.05363]""","""[0.98170066]""",2.429147958755493,0.005800272338092327,"""[[-0.01303429]]""","""[[-0.09148673]]""",NA,NA,NA,NA,NA,NA,NA
641,61.228572845458984,"""[38.948357]""","""[0.98764485]""",1.5447375774383545,0.005643995013087988,"""[[-0.00865555]]""","""[[-0.09804413]]""",NA,NA,NA,NA,NA,NA,NA
642,59.799259185791016,"""[38.95985]""","""[0.9876933]""",1.3220981359481812,0.004946782719343901,"""[[-0.0024355]]""","""[[-0.09281181]]""",NA,NA,NA,NA,NA,NA,NA
643,57.86152267456055,"""[39.09229]""","""[0.98086876]""",1.287800908088684,0.004348221234977245,"""[[-0.00062172]]""","""[[-0.07905991]]""",NA,NA,NA,NA,NA,NA,NA
644,56.74287414550781,"""[39.04154]""","""[0.98416376]""",1.5287282466888428,0.0036495267413556576,"""[[0.01159371]]""","""[[-0.07423586]]""",NA,NA,NA,NA,NA,NA,NA
645,56.108543395996094,"""[38.981037]""","""[0.9875975]""",3.1399810314178467,0.003332281718030572,"""[[0.02013169]]""","""[[-0.07265818]]""",NA,NA,NA,NA,NA,NA,NA
646,54.93017578125,"""[38.89504]""","""[0.992653]""",1.2221083641052246,0.0024996045976877213,"""[[0.04459299]]""","""[[-0.05995041]]""",NA,NA,NA,NA,NA,NA,NA
647,53.214725494384766,"""[39.14691]""","""[0.97806937]""",1.499381184577942,0.002574753249064088,"""[[0.050049]]""","""[[-0.02744797]]""",NA,NA,NA,NA,NA,NA,NA
648,53.29450607299805,"""[39.033577]""","""[0.9835794]""",1.1718791723251343,0.002652559895068407,"""[[0.06730697]]""","""[[-0.02104704]]""",NA,NA,NA,NA,NA,NA,NA
649,53.67207336425781,"""[38.873592]""","""[0.9918343]""",2.548063278198242,0.0028083694633096457,"""[[0.08396939]]""","""[[-0.02003954]]""",NA,NA,NA,NA,NA,NA,NA
650,53.876182556152344,"""[39.00594]""","""[0.9825486]""",1.2548511028289795,0.003957919776439667,"""[[0.0916067]]""","""[[0.00657048]]""",NA,NA,NA,NA,NA,NA,NA
651,55.054237365722656,"""[38.999958]""","""[0.98074394]""",1.509189486503601,0.005359168164432049,"""[[0.10342791]]""","""[[0.0238837]]""",NA,NA,NA,NA,NA,NA,NA
652,57.6179313659668,"""[38.756195]""","""[0.9917504]""",1.5931003093719482,0.00701403571292758,"""[[0.12616394]]""","""[[0.02824042]]""",NA,NA,NA,NA,NA,NA,NA
653,59.78742599487305,"""[38.784973]""","""[0.9864051]""",1.665001630783081,0.009381473064422607,"""[[0.13131346]]""","""[[0.04673451]]""",NA,NA,NA,NA,NA,NA,NA
654,60.37937927246094,"""[38.76548]""","""[0.98550785]""",2.7276413440704346,0.010262192226946354,"""[[0.13148794]]""","""[[0.04914651]]""",NA,NA,NA,NA,NA,NA,NA
655,58.22639465332031,"""[38.619934]""","""[0.99512225]""",1.3795082569122314,0.00841883197426796,"""[[0.12918468]]""","""[[0.02446101]]""",NA,NA,NA,NA,NA,NA,NA
656,54.8111686706543,"""[38.8811]""","""[0.9812241]""",1.8356212377548218,0.006963565945625305,"""[[0.10218561]]""","""[[0.01990734]]""",NA,NA,NA,NA,NA,NA,NA
657,51.3101806640625,"""[38.912697]""","""[0.98181295]""",1.27822744846344,0.004613461904227734,"""[[0.08092896]]""","""[[-0.00720942]]""",NA,NA,NA,NA,NA,NA,NA
658,49.524723052978516,"""[38.815598]""","""[0.98886913]""",1.299547553062439,0.0032313603442162275,"""[[0.06750096]]""","""[[-0.03641174]]""",NA,NA,NA,NA,NA,NA,NA
659,48.0784797668457,"""[38.89691]""","""[0.98508227]""",1.1309188604354858,0.002763773314654827,"""[[0.0475066]]""","""[[-0.04978934]]""",NA,NA,NA,NA,NA,NA,NA
660,46.820716857910156,"""[39.041775]""","""[0.9780981]""",2.4500019550323486,0.0026195677928626537,"""[[0.0225274]]""","""[[-0.06042682]]""",NA,NA,NA,NA,NA,NA,NA
661,47.4278564453125,"""[38.852238]""","""[0.9898349]""",1.5355496406555176,0.0027389810420572758,"""[[0.00714345]]""","""[[-0.09555292]]""",NA,NA,NA,NA,NA,NA,NA
662,48.11075210571289,"""[38.78519]""","""[0.99404204]""",1.2140729427337646,0.0033618109300732613,"""[[-0.00529213]]""","""[[-0.11278404]]""",NA,NA,NA,NA,NA,NA,NA
663,47.64372253417969,"""[39.029423]""","""[0.98038644]""",1.1674847602844238,0.00405561737716198,"""[[-0.02763913]]""","""[[-0.10635357]]""",NA,NA,NA,NA,NA,NA,NA
664,47.73130798339844,"""[38.98437]""","""[0.9836961]""",1.6725451946258545,0.0041678412817418575,"""[[-0.02795909]]""","""[[-0.11064751]]""",NA,NA,NA,NA,NA,NA,NA
665,48.46696853637695,"""[38.886833]""","""[0.9896915]""",1.3697640895843506,0.004589783493429422,"""[[-0.02910104]]""","""[[-0.11998614]]""",NA,NA,NA,NA,NA,NA,NA
666,48.012229919433594,"""[38.914997]""","""[0.9892037]""",1.7750787734985352,0.00443105585873127,"""[[-0.02763009]]""","""[[-0.11556017]]""",NA,NA,NA,NA,NA,NA,NA
667,46.712913513183594,"""[38.88075]""","""[0.99257433]""",1.0954629182815552,0.0034339383710175753,"""[[-0.01108471]]""","""[[-0.10593979]]""",NA,NA,NA,NA,NA,NA,NA
668,44.86981964111328,"""[39.085373]""","""[0.9820613]""",1.079632043838501,0.0027535418048501015,"""[[-0.00502372]]""","""[[-0.08011207]]""",NA,NA,NA,NA,NA,NA,NA
669,44.301490783691406,"""[38.991386]""","""[0.9881435]""",0.9936704635620117,0.0021494501270353794,"""[[0.01937187]]""","""[[-0.06726874]]""",NA,NA,NA,NA,NA,NA,NA
670,44.17023849487305,"""[38.97764]""","""[0.9892935]""",1.2726140022277832,0.002154251793399453,"""[[0.03888717]]""","""[[-0.04850315]]""",NA,NA,NA,NA,NA,NA,NA
671,44.045379638671875,"""[39.04799]""","""[0.98552835]""",1.935889720916748,0.0024209627881646156,"""[[0.04687595]]""","""[[-0.03137979]]""",NA,NA,NA,NA,NA,NA,NA
672,43.564170837402344,"""[39.106564]""","""[0.9833819]""",1.193559169769287,0.002339592669159174,"""[[0.04508016]]""","""[[-0.02692855]]""",NA,NA,NA,NA,NA,NA,NA
673,43.46622085571289,"""[38.969776]""","""[0.9926721]""",0.9838196039199829,0.0019655011128634214,"""[[0.04905964]]""","""[[-0.03867687]]""",NA,NA,NA,NA,NA,NA,NA
674,42.81419372558594,"""[39.057545]""","""[0.98884004]""",1.2532057762145996,0.0018573744455352426,"""[[0.03860094]]""","""[[-0.03991093]]""",NA,NA,NA,NA,NA,NA,NA
675,42.4506721496582,"""[39.146145]""","""[0.9845785]""",0.9158592820167542,0.0020150579512119293,"""[[0.02333685]]""","""[[-0.04486821]]""",NA,NA,NA,NA,NA,NA,NA
676,42.929466247558594,"""[39.062046]""","""[0.98984236]""",0.9510806798934937,0.0023291511461138725,"""[[0.01840676]]""","""[[-0.05716214]]""",NA,NA,NA,NA,NA,NA,NA
677,43.46784210205078,"""[39.069477]""","""[0.9895233]""",1.4519448280334473,0.0029863205272704363,"""[[0.00855865]]""","""[[-0.06329809]]""",NA,NA,NA,NA,NA,NA,NA
678,42.99800109863281,"""[39.264164]""","""[0.9798381]""",1.8584870100021362,0.0033347762655466795,"""[[-0.00153809]]""","""[[-0.05130012]]""",NA,NA,NA,NA,NA,NA,NA
679,42.614990234375,"""[39.100487]""","""[0.99181986]""",0.9380357265472412,0.0026070030871778727,"""[[0.01968929]]""","""[[-0.05022253]]""",NA,NA,NA,NA,NA,NA,NA
680,42.07476043701172,"""[39.029415]""","""[0.9979504]""",0.891221821308136,0.0021145811770111322,"""[[0.03733942]]""","""[[-0.04219056]]""",NA,NA,NA,NA,NA,NA,NA
681,40.771514892578125,"""[39.34819]""","""[0.9809402]""",1.3466517925262451,0.0021811923943459988,"""[[0.03221111]]""","""[[-0.01312303]]""",NA,NA,NA,NA,NA,NA,NA
682,40.697853088378906,"""[39.3404]""","""[0.9826425]""",1.2308425903320312,0.002209588186815381,"""[[0.04873285]]""","""[[0.00281109]]""",NA,NA,NA,NA,NA,NA,NA
683,41.780391693115234,"""[38.933575]""","""[1.0067136]""",0.9538107514381409,0.002124996157363057,"""[[0.07870635]]""","""[[-0.01106427]]""",NA,NA,NA,NA,NA,NA,NA
684,40.72111511230469,"""[39.306927]""","""[0.985044]""",1.1038070917129517,0.0025003240443766117,"""[[0.06180605]]""","""[[0.01403513]]""",NA,NA,NA,NA,NA,NA,NA
685,40.547264099121094,"""[39.432457]""","""[0.9774526]""",1.8172438144683838,0.0029592392966151237,"""[[0.05995533]]""","""[[0.02749732]]""",NA,NA,NA,NA,NA,NA,NA
686,41.379581451416016,"""[38.82351]""","""[1.0124434]""",1.020466923713684,0.002278242027387023,"""[[0.08901376]]""","""[[-0.01133533]]""",NA,NA,NA,NA,NA,NA,NA
687,39.37670135498047,"""[39.306988]""","""[0.9837329]""",0.969245970249176,0.002194664441049099,"""[[0.05398364]]""","""[[0.00620372]]""",NA,NA,NA,NA,NA,NA,NA
688,38.50294494628906,"""[39.40696]""","""[0.97715646]""",1.2953824996948242,0.002110926201567054,"""[[0.03670249]]""","""[[-0.00051087]]""",NA,NA,NA,NA,NA,NA,NA
689,39.19981002807617,"""[38.956432]""","""[1.0022825]""",1.2309212684631348,0.0016996796475723386,"""[[0.05525008]]""","""[[-0.0312327]]""",NA,NA,NA,NA,NA,NA,NA
690,38.33068084716797,"""[39.156223]""","""[0.9897615]""",1.2241541147232056,0.001746101537719369,"""[[0.04359975]]""","""[[-0.02053789]]""",NA,NA,NA,NA,NA,NA,NA
691,37.71373748779297,"""[39.28558]""","""[0.9811486]""",0.9647364020347595,0.0018646845128387213,"""[[0.04076191]]""","""[[-0.00868147]]""",NA,NA,NA,NA,NA,NA,NA
692,37.846275329589844,"""[39.106583]""","""[0.9908743]""",0.82761549949646,0.001701219705864787,"""[[0.05056043]]""","""[[-0.01815629]]""",NA,NA,NA,NA,NA,NA,NA
693,37.868675231933594,"""[38.993797]""","""[0.9968049]""",1.1174646615982056,0.0016692598583176732,"""[[0.05700509]]""","""[[-0.02365056]]""",NA,NA,NA,NA,NA,NA,NA
694,37.327266693115234,"""[39.233406]""","""[0.9821302]""",1.2265143394470215,0.0020644550677388906,"""[[0.0473749]]""","""[[-0.00557259]]""",NA,NA,NA,NA,NA,NA,NA
695,37.378658294677734,"""[39.052074]""","""[0.9920962]""",1.3095135688781738,0.0018730201991274953,"""[[0.05424455]]""","""[[-0.01853034]]""",NA,NA,NA,NA,NA,NA,NA
696,37.408775329589844,"""[39.047165]""","""[0.9917358]""",1.1299760341644287,0.002107827225700021,"""[[0.05629683]]""","""[[-0.01574787]]""",NA,NA,NA,NA,NA,NA,NA
697,36.89659881591797,"""[39.1054]""","""[0.9881071]""",1.532975435256958,0.0020757089368999004,"""[[0.04870949]]""","""[[-0.01695264]]""",NA,NA,NA,NA,NA,NA,NA
698,36.31238555908203,"""[39.014805]""","""[0.99341387]""",0.777508020401001,0.0016444164793938398,"""[[0.04163103]]""","""[[-0.03539528]]""",NA,NA,NA,NA,NA,NA,NA
699,35.6752815246582,"""[39.09684]""","""[0.9884479]""",0.8215587735176086,0.0015700656222179532,"""[[0.02573479]]""","""[[-0.04256719]]""",NA,NA,NA,NA,NA,NA,NA
700,35.44029235839844,"""[39.132244]""","""[0.98619854]""",1.0058262348175049,0.0016818988369777799,"""[[0.01128006]]""","""[[-0.05262771]]""",NA,NA,NA,NA,NA,NA,NA
701,35.660465240478516,"""[38.964787]""","""[0.9956638]""",1.0976132154464722,0.0016873542917892337,"""[[0.01446625]]""","""[[-0.06738618]]""",NA,NA,NA,NA,NA,NA,NA
702,35.10493850708008,"""[39.079823]""","""[0.9889263]""",0.7657235264778137,0.0017068573506549,"""[[0.00897403]]""","""[[-0.06013322]]""",NA,NA,NA,NA,NA,NA,NA
703,34.67266082763672,"""[39.146996]""","""[0.9851383]""",1.4633814096450806,0.0017068494344130158,"""[[0.00733517]]""","""[[-0.05436058]]""",NA,NA,NA,NA,NA,NA,NA
704,34.92906188964844,"""[38.96646]""","""[0.9955616]""",0.9898005127906799,0.001685227151028812,"""[[0.01200591]]""","""[[-0.06913286]]""",NA,NA,NA,NA,NA,NA,NA
705,34.665462493896484,"""[39.193146]""","""[0.98265994]""",0.7875598669052124,0.002094637369737029,"""[[-0.00835977]]""","""[[-0.06311885]]""",NA,NA,NA,NA,NA,NA,NA
706,35.166038513183594,"""[39.076202]""","""[0.9898511]""",1.5287481546401978,0.00230193929746747,"""[[-0.00815819]]""","""[[-0.07436813]]""",NA,NA,NA,NA,NA,NA,NA
707,34.897178649902344,"""[39.02521]""","""[0.9943722]""",1.3593814373016357,0.002033114666119218,"""[[0.00018306]]""","""[[-0.07244573]]""",NA,NA,NA,NA,NA,NA,NA
708,33.9290885925293,"""[39.19042]""","""[0.9866759]""",0.8656436204910278,0.001673586666584015,"""[[0.00493799]]""","""[[-0.0510636]]""",NA,NA,NA,NA,NA,NA,NA
709,33.68153381347656,"""[39.19867]""","""[0.9878929]""",1.4782655239105225,0.0015217869076877832,"""[[0.01431859]]""","""[[-0.04118864]]""",NA,NA,NA,NA,NA,NA,NA
710,33.97149658203125,"""[39.140785]""","""[0.99278045]""",0.8602073192596436,0.0016444763168692589,"""[[0.03356718]]""","""[[-0.02750805]]""",NA,NA,NA,NA,NA,NA,NA
711,34.47819519042969,"""[39.106236]""","""[0.9955926]""",1.5261305570602417,0.002024551387876272,"""[[0.04539999]]""","""[[-0.01769081]]""",NA,NA,NA,NA,NA,NA,NA
712,34.329803466796875,"""[39.0835]""","""[0.99728554]""",1.2053601741790771,0.0019829333759844303,"""[[0.0473805]]""","""[[-0.0181437]]""",NA,NA,NA,NA,NA,NA,NA
713,33.33036804199219,"""[39.29247]""","""[0.9854902]""",1.050118088722229,0.0017805811949074268,"""[[0.02995978]]""","""[[-0.01354593]]""",NA,NA,NA,NA,NA,NA,NA
714,33.16081237792969,"""[39.048176]""","""[0.9995296]""",0.8127403259277344,0.001331387204118073,"""[[0.03230624]]""","""[[-0.0392909]]""",NA,NA,NA,NA,NA,NA,NA
715,32.783660888671875,"""[39.11119]""","""[0.99465525]""",1.8238333463668823,0.001373229781165719,"""[[0.02075359]]""","""[[-0.04343092]]""",NA,NA,NA,NA,NA,NA,NA
716,32.910400390625,"""[39.299984]""","""[0.9817821]""",0.7368211150169373,0.002098728669807315,"""[[-0.00833225]]""","""[[-0.04890586]]""",NA,NA,NA,NA,NA,NA,NA
717,34.30095672607422,"""[38.995342]""","""[0.99746186]""",0.7618641257286072,0.0027786451391875744,"""[[-0.00657772]]""","""[[-0.07704657]]""",NA,NA,NA,NA,NA,NA,NA
718,35.327484130859375,"""[38.992172]""","""[0.99532217]""",1.4346765279769897,0.003779593389481306,"""[[-0.01826362]]""","""[[-0.08458196]]""",NA,NA,NA,NA,NA,NA,NA
719,34.93747329711914,"""[39.018646]""","""[0.992271]""",2.3467330932617188,0.0037556879688054323,"""[[-0.01815215]]""","""[[-0.0812939]]""",NA,NA,NA,NA,NA,NA,NA
720,33.0369873046875,"""[38.994568]""","""[0.9939325]""",0.7393280267715454,0.0024444947484880686,"""[[0.00136529]]""","""[[-0.06953948]]""",NA,NA,NA,NA,NA,NA,NA
721,31.494522094726562,"""[39.079216]""","""[0.98881155]""",2.195556879043579,0.0015975033165886998,"""[[0.01559052]]""","""[[-0.04927358]]""",NA,NA,NA,NA,NA,NA,NA
722,30.982528686523438,"""[39.184917]""","""[0.9823695]""",1.4327216148376465,0.0015714536421000957,"""[[0.01627996]]""","""[[-0.03708213]]""",NA,NA,NA,NA,NA,NA,NA
723,31.089712142944336,"""[38.81545]""","""[1.0039966]""",0.7370172142982483,0.0011873379116877913,"""[[0.05237218]]""","""[[-0.04304038]]""",NA,NA,NA,NA,NA,NA,NA
724,30.440448760986328,"""[39.10505]""","""[0.9864741]""",0.6771167516708374,0.0013254694640636444,"""[[0.04764104]]""","""[[-0.01513074]]""",NA,NA,NA,NA,NA,NA,NA
725,30.310422897338867,"""[39.1782]""","""[0.98203135]""",0.6803414225578308,0.0015204920200631022,"""[[0.05193987]]""","""[[-0.00209875]]""",NA,NA,NA,NA,NA,NA,NA
726,30.845138549804688,"""[38.84153]""","""[1.002033]""",1.4482831954956055,0.0014948773896321654,"""[[0.07658926]]""","""[[-0.01448875]]""",NA,NA,NA,NA,NA,NA,NA
727,30.290220260620117,"""[38.948505]""","""[0.9957147]""",1.1192216873168945,0.001397895161062479,"""[[0.06720545]]""","""[[-0.0123024]]""",NA,NA,NA,NA,NA,NA,NA
728,29.64495849609375,"""[39.304653]""","""[0.9749215]""",0.7080627083778381,0.0017042781691998243,"""[[0.04883642]]""","""[[0.00922104]]""",NA,NA,NA,NA,NA,NA,NA
729,30.071372985839844,"""[38.885654]""","""[1.0000312]""",1.1116373538970947,0.0013811286771669984,"""[[0.0711043]]""","""[[-0.01529652]]""",NA,NA,NA,NA,NA,NA,NA
730,29.888338088989258,"""[39.022243]""","""[0.99265474]""",2.0246834754943848,0.0015033705858513713,"""[[0.06721351]]""","""[[-0.00343726]]""",NA,NA,NA,NA,NA,NA,NA
731,29.223461151123047,"""[39.322777]""","""[0.9767283]""",0.6730815172195435,0.0016021967167034745,"""[[0.04274632]]""","""[[0.0050323]]""",NA,NA,NA,NA,NA,NA,NA
732,29.74056625366211,"""[38.912163]""","""[1.0025232]""",1.3245604038238525,0.0013218846870586276,"""[[0.05792456]]""","""[[-0.02564514]]""",NA,NA,NA,NA,NA,NA,NA
733,30.030759811401367,"""[38.94237]""","""[1.0011691]""",0.6987719535827637,0.0016748246271163225,"""[[0.04039342]]""","""[[-0.03817509]]""",NA,NA,NA,NA,NA,NA,NA
734,30.026046752929688,"""[39.441]""","""[0.9721532]""",1.0140008926391602,0.0026359008625149727,"""[[0.00036747]]""","""[[-0.02003359]]""",NA,NA,NA,NA,NA,NA,NA
735,31.927804946899414,"""[38.98731]""","""[0.9984169]""",0.9864379167556763,0.0033449437469244003,"""[[0.0092865]]""","""[[-0.05702611]]""",NA,NA,NA,NA,NA,NA,NA
736,32.800418853759766,"""[38.8244]""","""[1.0082939]""",0.7783334255218506,0.0038963770493865013,"""[[0.01150203]]""","""[[-0.07072638]]""",NA,NA,NA,NA,NA,NA,NA
737,32.82054901123047,"""[39.41346]""","""[0.9730487]""",1.1851208209991455,0.004976592492312193,"""[[-0.02729591]]""","""[[-0.04047785]]""",NA,NA,NA,NA,NA,NA,NA
738,32.53287887573242,"""[39.036617]""","""[0.99626803]""",1.2005650997161865,0.004166038706898689,"""[[-0.0006985]]""","""[[-0.05789236]]""",NA,NA,NA,NA,NA,NA,NA
739,31.265745162963867,"""[38.761833]""","""[1.0144726]""",0.7130427956581116,0.002990785287693143,"""[[0.03002636]]""","""[[-0.06315287]]""",NA,NA,NA,NA,NA,NA,NA
740,29.03772735595703,"""[39.50404]""","""[0.97145677]""",1.036126732826233,0.002533567138016224,"""[[0.00437787]]""","""[[-0.00919285]]""",NA,NA,NA,NA,NA,NA,NA
741,28.485902786254883,"""[39.095585]""","""[0.99578476]""",0.6110132932662964,0.0014535879017785192,"""[[0.04727053]]""","""[[-0.01464026]]""",NA,NA,NA,NA,NA,NA,NA
742,28.71126937866211,"""[38.85559]""","""[1.0096968]""",1.2634243965148926,0.0014362961519509554,"""[[0.07670557]]""","""[[-0.01210334]]""",NA,NA,NA,NA,NA,NA,NA
743,29.04739761352539,"""[39.41347]""","""[0.9750289]""",2.3779518604278564,0.0025973510928452015,"""[[0.06341749]]""","""[[0.04090246]]""",NA,NA,NA,NA,NA,NA,NA
744,29.66057777404785,"""[39.046425]""","""[0.9957833]""",2.4459762573242188,0.0025266024749726057,"""[[0.08680952]]""","""[[0.02452291]]""",NA,NA,NA,NA,NA,NA,NA
745,29.037370681762695,"""[38.71863]""","""[1.015551]""",0.8005504012107849,0.0018651459831744432,"""[[0.09538775]]""","""[[-0.00652132]]""",NA,NA,NA,NA,NA,NA,NA
746,27.30120277404785,"""[39.45371]""","""[0.9715961]""",0.6839597225189209,0.001712470198981464,"""[[0.03970262]]""","""[[0.01858167]]""",NA,NA,NA,NA,NA,NA,NA
747,27.238384246826172,"""[39.219475]""","""[0.98488873]""",0.9126573801040649,0.0013172451872378588,"""[[0.03919751]]""","""[[-0.00822117]]""",NA,NA,NA,NA,NA,NA,NA
748,28.362060546875,"""[38.607903]""","""[1.0205619]""",0.7935053110122681,0.001642378862015903,"""[[0.05469711]]""","""[[-0.05994543]]""",NA,NA,NA,NA,NA,NA,NA
749,28.044666290283203,"""[39.366]""","""[0.9740987]""",0.9490357637405396,0.0024130181409418583,"""[[-0.00187567]]""","""[[-0.0284583]]""",NA,NA,NA,NA,NA,NA,NA
750,28.40914535522461,"""[39.139423]""","""[0.98644996]""",2.0860493183135986,0.0023927732836455107,"""[[0.00509726]]""","""[[-0.04568176]]""",NA,NA,NA,NA,NA,NA,NA
751,28.322509765625,"""[38.45972]""","""[1.0269804]""",0.7589119076728821,0.0018742050742730498,"""[[0.05264428]]""","""[[-0.07754987]]""",NA,NA,NA,NA,NA,NA,NA
752,26.514755249023438,"""[39.411987]""","""[0.96918243]""",0.9776695370674133,0.0016811512177810073,"""[[0.00699015]]""","""[[-0.017136]]""",NA,NA,NA,NA,NA,NA,NA
753,26.165075302124023,"""[39.22195]""","""[0.9794869]""",1.4228109121322632,0.0011647617211565375,"""[[0.03037226]]""","""[[-0.01591133]]""",NA,NA,NA,NA,NA,NA,NA
754,27.51803970336914,"""[38.409927]""","""[1.0266408]""",1.054891586303711,0.0015771378530189395,"""[[0.0946072]]""","""[[-0.04176933]]""",NA,NA,NA,NA,NA,NA,NA
755,28.41135025024414,"""[39.115604]""","""[0.98057914]""",0.7623116970062256,0.0029510895255953074,"""[[0.07164483]]""","""[[0.02181834]]""",NA,NA,NA,NA,NA,NA,NA
756,31.44745445251465,"""[39.252636]""","""[0.9683218]""",3.418523073196411,0.005647608544677496,"""[[0.07677083]]""","""[[0.05308]]""",NA,NA,NA,NA,NA,NA,NA
757,32.47319793701172,"""[38.07557]""","""[1.0377488]""",1.0120680332183838,0.00574550312012434,"""[[0.14298292]]""","""[[-0.01453596]]""",NA,NA,NA,NA,NA,NA,NA
758,30.876728057861328,"""[38.927338]""","""[0.9838233]""",0.9258139133453369,0.005078000947833061,"""[[0.08895314]]""","""[[0.02822229]]""",NA,NA,NA,NA,NA,NA,NA
759,28.942703247070312,"""[39.36127]""","""[0.95836586]""",2.483041763305664,0.004538540728390217,"""[[0.05474647]]""","""[[0.0382155]]""",NA,NA,NA,NA,NA,NA,NA
760,27.057138442993164,"""[38.34263]""","""[1.0208461]""",0.7144431471824646,0.002098877215757966,"""[[0.09146162]]""","""[[-0.04868695]]""",NA,NA,NA,NA,NA,NA,NA
761,25.348346710205078,"""[38.63548]""","""[1.0036012]""",0.920280933380127,0.0010387873044237494,"""[[0.05124452]]""","""[[-0.05926691]]""",NA,NA,NA,NA,NA,NA,NA
762,24.9976863861084,"""[39.295036]""","""[0.9637442]""",1.4890828132629395,0.0017700025346130133,"""[[-0.01450624]]""","""[[-0.04965423]]""",NA,NA,NA,NA,NA,NA,NA
763,28.2320499420166,"""[38.867485]""","""[0.9865494]""",0.7138387560844421,0.0036136633716523647,"""[[-0.02631263]]""","""[[-0.09993979]]""",NA,NA,NA,NA,NA,NA,NA
764,33.27081298828125,"""[38.287918]""","""[1.0184478]""",1.669109582901001,0.007102760020643473,"""[[-0.02594003]]""","""[[-0.15131958]]""",NA,NA,NA,NA,NA,NA,NA
765,35.634185791015625,"""[38.73541]""","""[0.98922247]""",0.9841245412826538,0.009130971506237984,"""[[-0.06586896]]""","""[[-0.13077709]]""",NA,NA,NA,NA,NA,NA,NA
766,36.798255920410156,"""[39.04668]""","""[0.9704901]""",1.2345935106277466,0.010414915159344673,"""[[-0.08724675]]""","""[[-0.11242232]]""",NA,NA,NA,NA,NA,NA,NA
767,35.8631706237793,"""[38.43412]""","""[1.0095996]""",1.5805366039276123,0.009098785929381847,"""[[-0.04279837]]""","""[[-0.14201286]]""",NA,NA,NA,NA,NA,NA,NA
768,32.3864860534668,"""[38.527992]""","""[1.0082476]""",0.8249063491821289,0.006504836492240429,"""[[-0.0235641]]""","""[[-0.12290302]]""",NA,NA,NA,NA,NA,NA,NA
769,28.777456283569336,"""[39.23473]""","""[0.969943]""",0.8650487661361694,0.004537154454737902,"""[[-0.03644268]]""","""[[-0.06544279]]""",NA,NA,NA,NA,NA,NA,NA
770,26.867712020874023,"""[39.022396]""","""[0.98558086]""",0.6157132983207703,0.0027797932270914316,"""[[-0.0014681]]""","""[[-0.06083726]]""",NA,NA,NA,NA,NA,NA,NA
771,25.88775634765625,"""[38.584595]""","""[1.0148841]""",1.906663179397583,0.0017430762527510524,"""[[0.04644473]]""","""[[-0.06730812]]""",NA,NA,NA,NA,NA,NA,NA
772,24.988319396972656,"""[39.251976]""","""[0.97719425]""",0.7997797727584839,0.0017730874242261052,"""[[0.01992554]]""","""[[-0.01934427]]""",NA,NA,NA,NA,NA,NA,NA
773,24.6451416015625,"""[39.21974]""","""[0.98135364]""",0.570222020149231,0.0015249942662194371,"""[[0.03631839]]""","""[[-0.00792003]]""",NA,NA,NA,NA,NA,NA,NA
774,24.981966018676758,"""[38.779346]""","""[1.0098991]""",0.7858477234840393,0.001408046460710466,"""[[0.07252528]]""","""[[-0.02198392]]""",NA,NA,NA,NA,NA,NA,NA
775,24.715497970581055,"""[39.05669]""","""[0.995057]""",1.7589454650878906,0.0015292874304577708,"""[[0.06235556]]""","""[[-0.00081486]]""",NA,NA,NA,NA,NA,NA,NA
776,24.647104263305664,"""[39.291885]""","""[0.98232985]""",0.580617368221283,0.001828710432164371,"""[[0.06238154]]""","""[[0.02590062]]""",NA,NA,NA,NA,NA,NA,NA
777,25.157241821289062,"""[39.078426]""","""[0.99597883]""",1.4292680025100708,0.001963729504495859,"""[[0.08383387]]""","""[[0.0242625]]""",NA,NA,NA,NA,NA,NA,NA
778,25.14751434326172,"""[38.96518]""","""[1.003951]""",0.6055322289466858,0.0018949455115944147,"""[[0.08895754]]""","""[[0.01628771]]""",NA,NA,NA,NA,NA,NA,NA
779,24.688884735107422,"""[39.275055]""","""[0.98648006]""",0.5760103464126587,0.0019030591938644648,"""[[0.06732724]]""","""[[0.02921484]]""",NA,NA,NA,NA,NA,NA,NA
780,24.51355743408203,"""[39.272667]""","""[0.98753303]""",2.1157383918762207,0.0017577654216438532,"""[[0.06159274]]""","""[[0.02286856]]""",NA,NA,NA,NA,NA,NA,NA
781,24.8201961517334,"""[39.0403]""","""[1.0019399]""",0.6601471900939941,0.0016363448230549693,"""[[0.07746688]]""","""[[0.01292281]]""",NA,NA,NA,NA,NA,NA,NA
782,24.712045669555664,"""[39.15456]""","""[0.9955789]""",2.313688278198242,0.0015848189359530807,"""[[0.06896737]]""","""[[0.0174904]]""",NA,NA,NA,NA,NA,NA,NA
783,25.2488956451416,"""[39.278]""","""[0.9876966]""",0.8807927966117859,0.002042994601652026,"""[[0.06882315]]""","""[[0.03340427]]""",NA,NA,NA,NA,NA,NA,NA
784,26.597524642944336,"""[39.216095]""","""[0.99047196]""",0.7147336006164551,0.002870724303647876,"""[[0.07889676]]""","""[[0.04075139]]""",NA,NA,NA,NA,NA,NA,NA
785,28.446577072143555,"""[38.988853]""","""[1.0025421]""",3.899808645248413,0.003974540159106255,"""[[0.09611933]]""","""[[0.03783698]]""",NA,NA,NA,NA,NA,NA,NA
786,27.42377471923828,"""[38.80043]""","""[1.0137537]""",0.6730915904045105,0.0031679689418524504,"""[[0.0950698]]""","""[[0.01232631]]""",NA,NA,NA,NA,NA,NA,NA
787,25.858823776245117,"""[39.390717]""","""[0.9778341]""",0.8151422739028931,0.002683795290067792,"""[[0.04815391]]""","""[[0.02950808]]""",NA,NA,NA,NA,NA,NA,NA
788,24.5096492767334,"""[39.323925]""","""[0.9819789]""",0.8868407011032104,0.0017022888641804457,"""[[0.03461749]]""","""[[0.004739]]""",NA,NA,NA,NA,NA,NA,NA
789,24.0220947265625,"""[38.732655]""","""[1.0173439]""",0.7991266250610352,0.0010141502134501934,"""[[0.04596638]]""","""[[-0.05342283]]""",NA,NA,NA,NA,NA,NA,NA
790,23.724021911621094,"""[39.134487]""","""[0.99189204]""",0.593159019947052,0.0012078534346073866,"""[[-0.0027082]]""","""[[-0.05573501]]""",NA,NA,NA,NA,NA,NA,NA
791,24.447511672973633,"""[39.386753]""","""[0.9751714]""",0.6970351934432983,0.00225768587552011,"""[[-0.03788424]]""","""[[-0.05936441]]""",NA,NA,NA,NA,NA,NA,NA
792,25.575593948364258,"""[38.868954]""","""[1.0044398]""",0.6687917113304138,0.0026965118013322353,"""[[-0.02260849]]""","""[[-0.0996527]]""",NA,NA,NA,NA,NA,NA,NA
793,26.482563018798828,"""[38.82977]""","""[1.0051097]""",1.164499282836914,0.0034745403099805117,"""[[-0.03171098]]""","""[[-0.10999152]]""",NA,NA,NA,NA,NA,NA,NA
794,27.883407592773438,"""[39.349037]""","""[0.97209805]""",2.133209228515625,0.005148272030055523,"""[[-0.07486308]]""","""[[-0.08868378]]""",NA,NA,NA,NA,NA,NA,NA
795,27.303754806518555,"""[38.940514]""","""[0.99697393]""",2.5912771224975586,0.004281420260667801,"""[[-0.04707114]]""","""[[-0.10919488]]""",NA,NA,NA,NA,NA,NA,NA
796,25.156753540039062,"""[38.526703]""","""[1.0240223]""",1.5485200881958008,0.0026345597580075264,"""[[-0.00098388]]""","""[[-0.11789206]]""",NA,NA,NA,NA,NA,NA,NA
797,23.507844924926758,"""[39.45522]""","""[0.96874017]""",2.2829642295837402,0.002165804849937558,"""[[-0.03987014]]""","""[[-0.05417458]]""",NA,NA,NA,NA,NA,NA,NA
798,22.563413619995117,"""[39.29981]""","""[0.97873116]""",0.8788230419158936,0.0012239362113177776,"""[[-0.0056208]]""","""[[-0.0400865]]""",NA,NA,NA,NA,NA,NA,NA
799,23.371553421020508,"""[38.524055]""","""[1.025349]""",0.9973403215408325,0.0013679503463208675,"""[[0.0559091]]""","""[[-0.06575433]]""",NA,NA,NA,NA,NA,NA,NA
800,23.198558807373047,"""[39.05669]""","""[0.992306]""",0.8274967670440674,0.0014337380416691303,"""[[0.03539472]]""","""[[-0.02418899]]""",NA,NA,NA,NA,NA,NA,NA
801,23.04852867126465,"""[39.49521]""","""[0.9663913]""",0.75889652967453,0.0019131781300529838,"""[[0.01476399]]""","""[[0.00485852]]""",NA,NA,NA,NA,NA,NA,NA
802,23.662446975708008,"""[38.830063]""","""[1.0056635]""",0.5840082764625549,0.0016509839333593845,"""[[0.05809014]]""","""[[-0.02578519]]""",NA,NA,NA,NA,NA,NA,NA
803,23.757949829101562,"""[38.73665]""","""[1.0115997]""",1.029808521270752,0.0017102883430197835,"""[[0.0657188]]""","""[[-0.02858846]]""",NA,NA,NA,NA,NA,NA,NA
804,23.85784912109375,"""[39.30861]""","""[0.97666377]""",0.5674299597740173,0.0022960405331104994,"""[[0.0389035]]""","""[[0.01119754]]""",NA,NA,NA,NA,NA,NA,NA
805,24.152658462524414,"""[39.186718]""","""[0.9837162]""",0.5471903681755066,0.0023958850651979446,"""[[0.04872799]]""","""[[0.00831194]]""",NA,NA,NA,NA,NA,NA,NA
806,24.572633743286133,"""[38.719368]""","""[1.0121101]""",0.7649118304252625,0.0024313307367265224,"""[[0.07678596]]""","""[[-0.01619242]]""",NA,NA,NA,NA,NA,NA,NA
807,24.74249267578125,"""[39.030277]""","""[0.9930701]""",0.8640918135643005,0.0027557772118598223,"""[[0.06158783]]""","""[[0.00552121]]""",NA,NA,NA,NA,NA,NA,NA
808,24.188684463500977,"""[39.283844]""","""[0.97875905]""",0.6100704669952393,0.002647831803187728,"""[[0.04377733]]""","""[[0.01515398]]""",NA,NA,NA,NA,NA,NA,NA
809,24.008272171020508,"""[38.927464]""","""[1.0007272]""",0.8893304467201233,0.002225684467703104,"""[[0.0606085]]""","""[[-0.0092998]]""",NA,NA,NA,NA,NA,NA,NA
810,23.198240280151367,"""[38.80617]""","""[1.009097]""",1.0197052955627441,0.0016412308905273676,"""[[0.05791764]]""","""[[-0.02845798]]""",NA,NA,NA,NA,NA,NA,NA
811,21.9902286529541,"""[39.25436]""","""[0.9831387]""",2.645604133605957,0.0011315009323880076,"""[[0.01675804]]""","""[[-0.02155159]]""",NA,NA,NA,NA,NA,NA,NA
812,22.156932830810547,"""[39.103336]""","""[0.99189335]""",0.8514938354492188,0.001151016098447144,"""[[-0.00211467]]""","""[[-0.05701485]]""",NA,NA,NA,NA,NA,NA,NA
813,24.771543502807617,"""[38.8337]""","""[1.0057399]""",1.2675683498382568,0.0029752147383987904,"""[[-0.01882938]]""","""[[-0.09643944]]""",NA,NA,NA,NA,NA,NA,NA
814,27.179025650024414,"""[38.828938]""","""[1.0026886]""",0.9632842540740967,0.004835107363760471,"""[[-0.03791751]]""","""[[-0.10793528]]""",NA,NA,NA,NA,NA,NA,NA
815,28.3742618560791,"""[39.082832]""","""[0.9849615]""",0.746239960193634,0.005975209642201662,"""[[-0.05946687]]""","""[[-0.09584485]]""",NA,NA,NA,NA,NA,NA,NA
816,28.702741622924805,"""[38.979645]""","""[0.98997295]""",0.7835066318511963,0.006192788947373629,"""[[-0.05323226]]""","""[[-0.09987484]]""",NA,NA,NA,NA,NA,NA,NA
817,27.950580596923828,"""[38.71996]""","""[1.0057855]""",4.156404972076416,0.005562066566199064,"""[[-0.02980463]]""","""[[-0.10838876]]""",NA,NA,NA,NA,NA,NA,NA
818,24.217191696166992,"""[38.952694]""","""[0.99519306]""",0.6044526100158691,0.0029001107905060053,"""[[-0.01232531]]""","""[[-0.07561276]]""",NA,NA,NA,NA,NA,NA,NA
819,22.040878295898438,"""[39.231224]""","""[0.9808535]""",0.6420973539352417,0.0015399408293887973,"""[[-0.00118894]]""","""[[-0.03933522]]""",NA,NA,NA,NA,NA,NA,NA
820,21.25210189819336,"""[39.035328]""","""[0.99437237]""",0.5815747976303101,0.000758456124458462,"""[[0.03663574]]""","""[[-0.02651176]]""",NA,NA,NA,NA,NA,NA,NA
821,21.969820022583008,"""[38.925175]""","""[1.0018421]""",0.4995710253715515,0.001206248183734715,"""[[0.06744862]]""","""[[-0.00638522]]""",NA,NA,NA,NA,NA,NA,NA
822,23.738828659057617,"""[39.10308]""","""[0.9906633]""",1.3980319499969482,0.002620675368234515,"""[[0.0763054]]""","""[[0.02837734]]""",NA,NA,NA,NA,NA,NA,NA
823,24.8622989654541,"""[39.04203]""","""[0.9943864]""",0.9496406316757202,0.0033989630173891783,"""[[0.08662915]]""","""[[0.03514706]]""",NA,NA,NA,NA,NA,NA,NA
824,24.8685245513916,"""[38.95501]""","""[1.0006378]""",0.7321028113365173,0.003350436920300126,"""[[0.09136398]]""","""[[0.0298469]]""",NA,NA,NA,NA,NA,NA,NA
825,24.880756378173828,"""[39.09898]""","""[0.99242604]""",1.1665024757385254,0.0034606570843607187,"""[[0.08254013]]""","""[[0.03775707]]""",NA,NA,NA,NA,NA,NA,NA
826,25.57012367248535,"""[39.217415]""","""[0.98524106]""",1.5457251071929932,0.004076759330928326,"""[[0.07699868]]""","""[[0.0480525]]""",NA,NA,NA,NA,NA,NA,NA
827,27.40184783935547,"""[39.178104]""","""[0.98731416]""",1.387596845626831,0.005364354234188795,"""[[0.08298669]]""","""[[0.05527328]]""",NA,NA,NA,NA,NA,NA,NA
828,27.278364181518555,"""[38.804432]""","""[1.0115665]""",1.9474151134490967,0.00505965668708086,"""[[0.10014538]]""","""[[0.02886094]]""",NA,NA,NA,NA,NA,NA,NA
829,24.966938018798828,"""[38.902317]""","""[1.0079768]""",2.008761405944824,0.003424323396757245,"""[[0.08076986]]""","""[[0.01379179]]""",NA,NA,NA,NA,NA,NA,NA
830,21.98971176147461,"""[39.282574]""","""[0.9869192]""",1.5227954387664795,0.0015716482885181904,"""[[0.0346873]]""","""[[0.00252416]]""",NA,NA,NA,NA,NA,NA,NA
831,20.999671936035156,"""[39.14267]""","""[0.99505377]""",0.546554446220398,0.0008283946081064641,"""[[0.00973516]]""","""[[-0.04114927]]""",NA,NA,NA,NA,NA,NA,NA
832,22.898374557495117,"""[38.974598]""","""[1.0024166]""",0.6818803548812866,0.0022404573392122984,"""[[-0.01648596]]""","""[[-0.08041122]]""",NA,NA,NA,NA,NA,NA,NA
833,27.164705276489258,"""[39.064648]""","""[0.99173176]""",0.8167695999145508,0.005562488455325365,"""[[-0.05840454]]""","""[[-0.09807738]]""",NA,NA,NA,NA,NA,NA,NA
834,31.589771270751953,"""[38.981026]""","""[0.99152124]""",2.576711654663086,0.008891567587852478,"""[[-0.08071247]]""","""[[-0.11556166]]""",NA,NA,NA,NA,NA,NA,NA
835,32.234222412109375,"""[38.778572]""","""[1.0029196]""",1.4947788715362549,0.00931699201464653,"""[[-0.07262132]]""","""[[-0.12854576]]""",NA,NA,NA,NA,NA,NA,NA
836,30.11724853515625,"""[38.767654]""","""[1.0046966]""",0.8033449053764343,0.007787180598825216,"""[[-0.05906101]]""","""[[-0.12255337]]""",NA,NA,NA,NA,NA,NA,NA
837,27.4926700592041,"""[39.10832]""","""[0.98525757]""",1.0610933303833008,0.006079019978642464,"""[[-0.06036705]]""","""[[-0.09239496]]""",NA,NA,NA,NA,NA,NA,NA
838,24.14590835571289,"""[38.968704]""","""[0.99565595]""",0.5941067934036255,0.0035278061404824257,"""[[-0.02623828]]""","""[[-0.08440221]]""",NA,NA,NA,NA,NA,NA,NA
839,21.935815811157227,"""[38.880432]""","""[1.0020684]""",1.512709140777588,0.0018930119695141912,"""[[0.00306237]]""","""[[-0.07187137]]""",NA,NA,NA,NA,NA,NA,NA
840,20.981027603149414,"""[39.28127]""","""[0.97854257]""",0.6242150068283081,0.0015431835781782866,"""[[-0.0049919]]""","""[[-0.03673289]]""",NA,NA,NA,NA,NA,NA,NA
841,20.65937042236328,"""[39.03257]""","""[0.9937272]""",1.9086112976074219,0.0011335539165884256,"""[[0.01998197]]""","""[[-0.04094856]]""",NA,NA,NA,NA,NA,NA,NA
842,20.252685546875,"""[38.823944]""","""[1.0072356]""",0.4804869592189789,0.0007803862681612372,"""[[0.05199665]]""","""[[-0.03431389]]""",NA,NA,NA,NA,NA,NA,NA
843,20.24444580078125,"""[39.172752]""","""[0.9864747]""",0.9236663579940796,0.0010133092291653156,"""[[0.05022744]]""","""[[0.004075]]""",NA,NA,NA,NA,NA,NA,NA
844,21.439228057861328,"""[39.27004]""","""[0.9806035]""",0.627219021320343,0.001999726053327322,"""[[0.06346308]]""","""[[0.03196754]]""",NA,NA,NA,NA,NA,NA,NA
845,23.01197052001953,"""[38.81135]""","""[1.0081731]""",0.5834745764732361,0.002854014281183481,"""[[0.10117505]]""","""[[0.02172414]]""",NA,NA,NA,NA,NA,NA,NA
846,24.26788330078125,"""[38.926823]""","""[1.0008204]""",1.134818196296692,0.003808742854744196,"""[[0.10168886]]""","""[[0.0395261]]""",NA,NA,NA,NA,NA,NA,NA
847,26.293291091918945,"""[39.28238]""","""[0.9780498]""",1.0913844108581543,0.005587967578321695,"""[[0.08854382]]""","""[[0.07349212]]""",NA,NA,NA,NA,NA,NA,NA
848,26.76384735107422,"""[38.980633]""","""[0.99682975]""",1.0257362127304077,0.005634974222630262,"""[[0.10558657]]""","""[[0.05751501]]""",NA,NA,NA,NA,NA,NA,NA
849,25.748109817504883,"""[38.706562]""","""[1.0154454]""",0.7150792479515076,0.0048057083040475845,"""[[0.11490632]]""","""[[0.03186257]]""",NA,NA,NA,NA,NA,NA,NA
850,24.42699432373047,"""[39.253063]""","""[0.98352814]""",0.776241660118103,0.00409629987552762,"""[[0.07488693]]""","""[[0.0509842]]""",NA,NA,NA,NA,NA,NA,NA
851,22.63263511657715,"""[39.29776]""","""[0.98291004]""",0.6215153336524963,0.0028130931314080954,"""[[0.05918315]]""","""[[0.03493062]]""",NA,NA,NA,NA,NA,NA,NA
852,21.604103088378906,"""[38.879543]""","""[1.009662]""",0.5071364045143127,0.0018106517381966114,"""[[0.07012528]]""","""[[-0.00526739]]""",NA,NA,NA,NA,NA,NA,NA
853,20.569040298461914,"""[39.058716]""","""[0.9997028]""",1.0244357585906982,0.0011661320459097624,"""[[0.04542407]]""","""[[-0.01226514]]""",NA,NA,NA,NA,NA,NA,NA
854,19.758365631103516,"""[39.37524]""","""[0.9814169]""",0.9624679088592529,0.0008988468907773495,"""[[0.00771932]]""","""[[-0.01616031]]""",NA,NA,NA,NA,NA,NA,NA
855,19.83993911743164,"""[39.07032]""","""[0.9995024]""",1.9455455541610718,0.000779481662902981,"""[[0.01199189]]""","""[[-0.04626091]]""",NA,NA,NA,NA,NA,NA,NA
856,19.79192543029785,"""[39.04392]""","""[1.0013735]""",1.1587464809417725,0.0008103052387014031,"""[[0.01190002]]""","""[[-0.04939272]]""",NA,NA,NA,NA,NA,NA,NA
857,19.7408504486084,"""[39.305653]""","""[0.9858596]""",0.44118010997772217,0.001027453225106001,"""[[-0.01001295]]""","""[[-0.04136369]]""",NA,NA,NA,NA,NA,NA,NA
858,19.854625701904297,"""[39.197334]""","""[0.9926238]""",0.7294067144393921,0.0010652998462319374,"""[[-0.0091416]]""","""[[-0.05238979]]""",NA,NA,NA,NA,NA,NA,NA
859,19.854026794433594,"""[38.962982]""","""[1.0070093]""",0.5152634978294373,0.0009992355480790138,"""[[0.00518061]]""","""[[-0.06486917]]""",NA,NA,NA,NA,NA,NA,NA
860,19.576684951782227,"""[39.216156]""","""[0.99172163]""",0.4293419420719147,0.0009831885108724236,"""[[-0.0050982]]""","""[[-0.04662144]]""",NA,NA,NA,NA,NA,NA,NA
861,19.453161239624023,"""[39.32305]""","""[0.9853703]""",0.7479850649833679,0.0010276217944920063,"""[[-0.00674271]]""","""[[-0.03623053]]""",NA,NA,NA,NA,NA,NA,NA
862,19.50474739074707,"""[39.06722]""","""[1.0010071]""",0.42858555912971497,0.0008903326233848929,"""[[0.0081456]]""","""[[-0.05030588]]""",NA,NA,NA,NA,NA,NA,NA
863,19.455896377563477,"""[39.065765]""","""[1.0012298]""",1.0835390090942383,0.0008672057301737368,"""[[0.00980153]]""","""[[-0.04878547]]""",NA,NA,NA,NA,NA,NA,NA
864,19.376197814941406,"""[39.307156]""","""[0.98679835]""",1.4158554077148438,0.000971342611592263,"""[[-0.00803938]]""","""[[-0.03910036]]""",NA,NA,NA,NA,NA,NA,NA
865,19.314149856567383,"""[39.3075]""","""[0.9876231]""",0.44513750076293945,0.0008939988911151886,"""[[-0.00242617]]""","""[[-0.03358166]]""",NA,NA,NA,NA,NA,NA,NA
866,19.39743995666504,"""[39.025734]""","""[1.0054928]""",0.44056573510169983,0.000753811385948211,"""[[0.01810098]]""","""[[-0.04507158]]""",NA,NA,NA,NA,NA,NA,NA
867,19.308677673339844,"""[39.174095]""","""[0.99711037]""",0.4838356673717499,0.0007380108581855893,"""[[0.01323924]]""","""[[-0.03305036]]""",NA,NA,NA,NA,NA,NA,NA
868,19.22020149230957,"""[39.35782]""","""[0.9864729]""",0.43194425106048584,0.0008097596000880003,"""[[0.00421641]]""","""[[-0.02125799]]""",NA,NA,NA,NA,NA,NA,NA
869,19.2375431060791,"""[39.152992]""","""[0.99904436]""",0.729661226272583,0.0006772700580768287,"""[[0.01833728]]""","""[[-0.03031969]]""",NA,NA,NA,NA,NA,NA,NA
870,19.26531982421875,"""[39.038406]""","""[1.0057493]""",0.615600049495697,0.0006806756719015539,"""[[0.03173324]]""","""[[-0.02977864]]""",NA,NA,NA,NA,NA,NA,NA
871,19.32640838623047,"""[39.335712]""","""[0.98716056]""",0.621535062789917,0.0009401442366652191,"""[[0.02423778]]""","""[[-0.00272899]]""",NA,NA,NA,NA,NA,NA,NA
872,19.875316619873047,"""[39.348106]""","""[0.9858386]""",1.3887181282043457,0.0013831775868311524,"""[[0.0344817]]""","""[[0.01083335]]""",NA,NA,NA,NA,NA,NA,NA
873,19.971420288085938,"""[38.899]""","""[1.0127324]""",0.9754587411880493,0.0012858905829489231,"""[[0.0622877]]""","""[[-0.01239166]]""",NA,NA,NA,NA,NA,NA,NA
874,19.373140335083008,"""[39.161217]""","""[0.99658006]""",0.4180355966091156,0.0009744878625497222,"""[[0.04336545]]""","""[[-0.00260264]]""",NA,NA,NA,NA,NA,NA,NA
875,18.949783325195312,"""[39.44227]""","""[0.97952557]""",1.4253039360046387,0.0009590534027665854,"""[[0.02224568]]""","""[[0.00722428]]""",NA,NA,NA,NA,NA,NA,NA
876,18.989871978759766,"""[39.123764]""","""[0.9984113]""",0.5300477147102356,0.0007754878606647253,"""[[0.04175259]]""","""[[-0.00915536]]""",NA,NA,NA,NA,NA,NA,NA
877,19.123506546020508,"""[39.010094]""","""[1.0052325]""",0.731852650642395,0.000865134468767792,"""[[0.05129446]]""","""[[-0.0120936]]""",NA,NA,NA,NA,NA,NA,NA
878,19.392786026000977,"""[39.28883]""","""[0.98777497]""",0.5972022414207458,0.0012398656690493226,"""[[0.04125637]]""","""[[0.01087618]]""",NA,NA,NA,NA,NA,NA,NA
879,19.477832794189453,"""[39.223705]""","""[0.99140245]""",2.001394271850586,0.0012907616328448057,"""[[0.04599756]]""","""[[0.00869872]]""",NA,NA,NA,NA,NA,NA,NA
880,18.917098999023438,"""[39.061844]""","""[1.0021611]""",0.43715840578079224,0.000827609736006707,"""[[0.04670989]]""","""[[-0.01075715]]""",NA,NA,NA,NA,NA,NA,NA
881,18.59401512145996,"""[39.188263]""","""[0.99505955]""",1.0390599966049194,0.0006736913346685469,"""[[0.0317326]]""","""[[-0.01208929]]""",NA,NA,NA,NA,NA,NA,NA
882,18.574356079101562,"""[39.235527]""","""[0.99220204]""",0.39639514684677124,0.0007331801461987197,"""[[0.01478639]]""","""[[-0.02346249]]""",NA,NA,NA,NA,NA,NA,NA
883,19.06439781188965,"""[39.137615]""","""[0.9976663]""",1.5992012023925781,0.0010860443580895662,"""[[0.00753604]]""","""[[-0.04013671]]""",NA,NA,NA,NA,NA,NA,NA
884,19.089174270629883,"""[39.006542]""","""[1.0049746]""",0.47774288058280945,0.0011164858005940914,"""[[0.01359732]]""","""[[-0.04875019]]""",NA,NA,NA,NA,NA,NA,NA
885,18.83746910095215,"""[39.245987]""","""[0.98980314]""",0.6518797874450684,0.0010866699740290642,"""[[0.00194731]]""","""[[-0.03342021]]""",NA,NA,NA,NA,NA,NA,NA
886,18.86237335205078,"""[39.253304]""","""[0.9886607]""",0.48166412115097046,0.0011675297282636166,"""[[0.00026295]]""","""[[-0.03387689]]""",NA,NA,NA,NA,NA,NA,NA
887,19.031694412231445,"""[39.011635]""","""[1.0027057]""",0.4471977949142456,0.0012365961447358131,"""[[0.01155756]]""","""[[-0.04941075]]""",NA,NA,NA,NA,NA,NA,NA
888,18.958446502685547,"""[39.074314]""","""[0.9983928]""",0.41321220993995667,0.0012543381890282035,"""[[0.00884031]]""","""[[-0.04485224]]""",NA,NA,NA,NA,NA,NA,NA
889,18.775108337402344,"""[39.257057]""","""[0.98701966]""",0.9318878650665283,0.0012692679883912206,"""[[0.00113755]]""","""[[-0.03199701]]""",NA,NA,NA,NA,NA,NA,NA
890,19.018035888671875,"""[39.002773]""","""[1.0012852]""",0.599372148513794,0.0014115761732682586,"""[[0.01269877]]""","""[[-0.0483341]]""",NA,NA,NA,NA,NA,NA,NA
891,19.48490333557129,"""[39.062065]""","""[0.99653286]""",1.3965314626693726,0.0018566148355603218,"""[[0.00428547]]""","""[[-0.0480819]]""",NA,NA,NA,NA,NA,NA,NA
892,19.055200576782227,"""[39.162235]""","""[0.9904113]""",0.4216946065425873,0.0016420930624008179,"""[[0.00436224]]""","""[[-0.0376538]]""",NA,NA,NA,NA,NA,NA,NA
893,18.706592559814453,"""[39.063515]""","""[0.9964198]""",0.42882320284843445,0.0013975241454318166,"""[[0.01558869]]""","""[[-0.03857008]]""",NA,NA,NA,NA,NA,NA,NA
894,18.28883934020996,"""[39.051807]""","""[0.99748355]""",2.3632848262786865,0.0011330455308780074,"""[[0.02390367]]""","""[[-0.03274992]]""",NA,NA,NA,NA,NA,NA,NA
895,18.658754348754883,"""[39.172997]""","""[0.9898188]""",0.9364845752716064,0.0015478202840313315,"""[[0.01279146]]""","""[[-0.02858466]]""",NA,NA,NA,NA,NA,NA,NA
896,18.534975051879883,"""[39.03527]""","""[0.9984029]""",1.4180818796157837,0.0014777610776945949,"""[[0.02447049]]""","""[[-0.0328457]]""",NA,NA,NA,NA,NA,NA,NA
897,19.044841766357422,"""[39.082634]""","""[0.9952584]""",0.5797278881072998,0.0019776285625994205,"""[[0.01722551]]""","""[[-0.03279173]]""",NA,NA,NA,NA,NA,NA,NA
898,19.929101943969727,"""[39.17037]""","""[0.9895902]""",1.1345899105072021,0.0027799024246633053,"""[[0.00501359]]""","""[[-0.03195482]]""",NA,NA,NA,NA,NA,NA,NA
899,19.838279724121094,"""[38.976974]""","""[1.0020146]""",0.4801175892353058,0.0027129403315484524,"""[[0.01840971]]""","""[[-0.04086981]]""",NA,NA,NA,NA,NA,NA,NA
900,19.393373489379883,"""[39.05102]""","""[0.9983277]""",0.8113878965377808,0.002457925584167242,"""[[0.02017167]]""","""[[-0.03192994]]""",NA,NA,NA,NA,NA,NA,NA
901,18.475343704223633,"""[39.17172]""","""[0.9920429]""",1.7377132177352905,0.0018494430696591735,"""[[0.02520851]]""","""[[-0.01597577]]""",NA,NA,NA,NA,NA,NA,NA
902,18.467880249023438,"""[39.104874]""","""[0.9959751]""",0.6536784172058105,0.0018957636784762144,"""[[0.02976701]]""","""[[-0.01884326]]""",NA,NA,NA,NA,NA,NA,NA
903,18.7626895904541,"""[38.99306]""","""[1.0019586]""",0.5089026093482971,0.002208519959822297,"""[[0.03312453]]""","""[[-0.02699761]]""",NA,NA,NA,NA,NA,NA,NA
904,18.719776153564453,"""[39.161716]""","""[0.9912732]""",0.6597607135772705,0.002309807576239109,"""[[0.02438344]]""","""[[-0.01629763]]""",NA,NA,NA,NA,NA,NA,NA
905,19.05474281311035,"""[39.207912]""","""[0.9881234]""",0.641319751739502,0.002674216404557228,"""[[0.01868298]]""","""[[-0.01542109]]""",NA,NA,NA,NA,NA,NA,NA
906,18.87500762939453,"""[38.91677]""","""[1.0060275]""",0.9653396606445312,0.0025344956666231155,"""[[0.03788312]]""","""[[-0.02994125]]""",NA,NA,NA,NA,NA,NA,NA
907,18.119935989379883,"""[39.12252]""","""[0.99441797]""",0.4026262164115906,0.002006611553952098,"""[[0.03574445]]""","""[[-0.01087931]]""",NA,NA,NA,NA,NA,NA,NA
908,17.56608772277832,"""[39.262894]""","""[0.98680353]""",3.5730690956115723,0.0016410478856414557,"""[[0.03732013]]""","""[[0.00485673]]""",NA,NA,NA,NA,NA,NA,NA
909,17.400718688964844,"""[39.379807]""","""[0.98263115]""",0.5951073169708252,0.0013791759265586734,"""[[0.05172675]]""","""[[0.0312571]]""",NA,NA,NA,NA,NA,NA,NA
910,18.26240348815918,"""[38.971478]""","""[1.0094323]""",0.4639340043067932,0.0016761758597567677,"""[[0.08729103]]""","""[[0.02231886]]""",NA,NA,NA,NA,NA,NA,NA
911,19.475326538085938,"""[39.116558]""","""[1.0015683]""",1.5209650993347168,0.0024018711410462856,"""[[0.08640727]]""","""[[0.04150994]]""",NA,NA,NA,NA,NA,NA,NA
912,22.256555557250977,"""[39.591988]""","""[0.97276735]""",0.6702352166175842,0.004549343138933182,"""[[0.06740569]]""","""[[0.08457606]]""",NA,NA,NA,NA,NA,NA,NA
913,24.288599014282227,"""[39.006546]""","""[1.0080143]""",1.4583919048309326,0.005558079574257135,"""[[0.10326583]]""","""[[0.06018203]]""",NA,NA,NA,NA,NA,NA,NA
914,24.323328018188477,"""[38.873154]""","""[1.0177654]""",1.0977522134780884,0.005550846457481384,"""[[0.10479354]]""","""[[0.04636265]]""",NA,NA,NA,NA,NA,NA,NA
915,25.054800033569336,"""[39.46601]""","""[0.9807023]""",6.672135829925537,0.006266223266720772,"""[[0.06446213]]""","""[[0.07646811]]""",NA,NA,NA,NA,NA,NA,NA
916,20.985605239868164,"""[38.82353]""","""[1.0215818]""",2.676908493041992,0.003304932499304414,"""[[0.07977509]]""","""[[0.00617519]]""",NA,NA,NA,NA,NA,NA,NA
917,17.620460510253906,"""[38.813457]""","""[1.0212318]""",0.9614975452423096,0.0010507385013625026,"""[[0.04716834]]""","""[[-0.03725489]]""",NA,NA,NA,NA,NA,NA,NA
918,17.615739822387695,"""[39.730705]""","""[0.9619024]""",1.3812265396118164,0.001725397421978414,"""[[-0.04538457]]""","""[[-0.02503493]]""",NA,NA,NA,NA,NA,NA,NA
919,19.452177047729492,"""[39.152386]""","""[0.9911692]""",1.0876445770263672,0.0027386730071157217,"""[[-0.0434306]]""","""[[-0.08179629]]""",NA,NA,NA,NA,NA,NA,NA
920,21.15798568725586,"""[38.351105]""","""[1.0362607]""",1.4825055599212646,0.00445359293371439,"""[[-0.01560818]]""","""[[-0.14106794]]""",NA,NA,NA,NA,NA,NA,NA
921,21.252613067626953,"""[39.146587]""","""[0.9828336]""",0.66131591796875,0.0044348035007715225,"""[[-0.06534965]]""","""[[-0.09748623]]""",NA,NA,NA,NA,NA,NA,NA
922,20.698036193847656,"""[39.38975]""","""[0.96589726]""",1.6629960536956787,0.004381243139505386,"""[[-0.07539584]]""","""[[-0.08132794]]""",NA,NA,NA,NA,NA,NA,NA
923,18.617568969726562,"""[38.364384]""","""[1.0279065]""",0.6290381550788879,0.0028732107020914555,"""[[-0.00071766]]""","""[[-0.13018025]]""",NA,NA,NA,NA,NA,NA,NA
924,16.997901916503906,"""[38.75976]""","""[1.0020039]""",0.4755561649799347,0.0015311453025788069,"""[[-0.00618774]]""","""[[-0.09391046]]""",NA,NA,NA,NA,NA,NA,NA
925,16.157575607299805,"""[39.435238]""","""[0.9603901]""",0.551851212978363,0.0013787298230454326,"""[[-0.02565503]]""","""[[-0.03900718]]""",NA,NA,NA,NA,NA,NA,NA
926,16.066370010375977,"""[38.818382]""","""[0.9967009]""",2.449355363845825,0.0008911431068554521,"""[[0.02792365]]""","""[[-0.05505406]]""",NA,NA,NA,NA,NA,NA,NA
927,16.328336715698242,"""[38.385612]""","""[1.0235069]""",0.4870797097682953,0.0012241452932357788,"""[[0.05904628]]""","""[[-0.07331672]]""",NA,NA,NA,NA,NA,NA,NA
928,16.220535278320312,"""[39.190624]""","""[0.974363]""",0.7308672070503235,0.0010872951243072748,"""[[0.01774143]]""","""[[-0.02227178]]""",NA,NA,NA,NA,NA,NA,NA
929,16.615262985229492,"""[39.28654]""","""[0.9696842]""",1.2099881172180176,0.0013976809568703175,"""[[0.02045834]]""","""[[-0.00764105]]""",NA,NA,NA,NA,NA,NA,NA
930,17.757619857788086,"""[38.42952]""","""[1.0227734]""",2.0679759979248047,0.00209568883292377,"""[[0.08261409]]""","""[[-0.0403694]]""",NA,NA,NA,NA,NA,NA,NA
931,17.682371139526367,"""[38.732613]""","""[1.0054774]""",0.4229287803173065,0.001827059662900865,"""[[0.06764401]]""","""[[-0.02049564]]""",NA,NA,NA,NA,NA,NA,NA
932,17.598438262939453,"""[39.4522]""","""[0.96399814]""",0.8015272617340088,0.002084049629047513,"""[[0.02694408]]""","""[[0.01995645]]""",NA,NA,NA,NA,NA,NA,NA
933,16.947093963623047,"""[39.050625]""","""[0.9912816]""",1.0743799209594727,0.00118569890037179,"""[[0.04515606]]""","""[[-0.00946597]]""",NA,NA,NA,NA,NA,NA,NA
934,17.078454971313477,"""[38.611115]""","""[1.0213648]""",0.8849504590034485,0.0012924724724143744,"""[[0.0711487]]""","""[[-0.03427589]]""",NA,NA,NA,NA,NA,NA,NA
935,16.622278213500977,"""[39.219063]""","""[0.98697007]""",1.885317325592041,0.0008784447563812137,"""[[0.03198328]]""","""[[-0.00523312]]""",NA,NA,NA,NA,NA,NA,NA
936,16.286767959594727,"""[39.442772]""","""[0.9766204]""",0.5774135589599609,0.000735089648514986,"""[[0.00644807]]""","""[[-0.0068883]]""",NA,NA,NA,NA,NA,NA,NA
937,16.859647750854492,"""[38.98678]""","""[1.0067487]""",1.0037413835525513,0.0008976286626420915,"""[[0.01622135]]""","""[[-0.04748389]]""",NA,NA,NA,NA,NA,NA,NA
938,17.594236373901367,"""[39.005604]""","""[1.0078212]""",1.8849778175354004,0.001408104202710092,"""[[0.0069401]]""","""[[-0.05262455]]""",NA,NA,NA,NA,NA,NA,NA
939,17.506990432739258,"""[39.42939]""","""[0.9847008]""",0.45069438219070435,0.001450314070098102,"""[[-0.01382876]]""","""[[-0.02565995]]""",NA,NA,NA,NA,NA,NA,NA
940,17.472000122070312,"""[39.345764]""","""[0.9918563]""",0.37997910380363464,0.0013365648919716477,"""[[-0.00681581]]""","""[[-0.02840592]]""",NA,NA,NA,NA,NA,NA,NA
941,17.34111785888672,"""[39.0752]""","""[1.0102594]""",0.3997662365436554,0.0011644234182313085,"""[[0.01271296]]""","""[[-0.0403832]]""",NA,NA,NA,NA,NA,NA,NA
942,17.217761993408203,"""[39.320614]""","""[0.9965098]""",1.2371201515197754,0.0011275496799498796,"""[[0.00251228]]""","""[[-0.0229239]]""",NA,NA,NA,NA,NA,NA,NA
943,17.59954261779785,"""[39.500206]""","""[0.9860106]""",0.7810041904449463,0.0015569356037303805,"""[[-0.01090194]]""","""[[-0.01472767]]""",NA,NA,NA,NA,NA,NA,NA
944,17.457080841064453,"""[39.25704]""","""[1.0014429]""",0.5290324687957764,0.0013578110374510288,"""[[0.00626759]]""","""[[-0.02554261]]""",NA,NA,NA,NA,NA,NA,NA
945,17.099218368530273,"""[39.176952]""","""[1.0069307]""",1.2782154083251953,0.0011210502125322819,"""[[0.01822436]]""","""[[-0.02380732]]""",NA,NA,NA,NA,NA,NA,NA
946,16.545684814453125,"""[39.31568]""","""[0.9981556]""",0.539629340171814,0.0007774047553539276,"""[[0.02433434]]""","""[[-0.00340932]]""",NA,NA,NA,NA,NA,NA,NA
947,16.558677673339844,"""[39.458195]""","""[0.988571]""",0.36458131670951843,0.0008857048233039677,"""[[0.03113511]]""","""[[0.01973016]]""",NA,NA,NA,NA,NA,NA,NA
948,17.070289611816406,"""[39.232063]""","""[1.0006522]""",2.3670029640197754,0.0011758472537621856,"""[[0.05545844]]""","""[[0.02014368]]""",NA,NA,NA,NA,NA,NA,NA
949,19.10089874267578,"""[39.10503]""","""[1.0048584]""",2.9114949703216553,0.002641337923705578,"""[[0.07927093]]""","""[[0.03598972]]""",NA,NA,NA,NA,NA,NA,NA
950,24.432418823242188,"""[39.339905]""","""[0.98392856]""",0.8253613710403442,0.006631617434322834,"""[[0.08317295]]""","""[[0.0835625]]""",NA,NA,NA,NA,NA,NA,NA
951,29.284622192382812,"""[38.93059]""","""[1.00222]""",5.098825931549072,0.010103077627718449,"""[[0.11441161]]""","""[[0.08393392]]""",NA,NA,NA,NA,NA,NA,NA
952,28.761859893798828,"""[38.85625]""","""[1.007047]""",0.867935299873352,0.009757522493600845,"""[[0.11470824]]""","""[[0.07427801]]""",NA,NA,NA,NA,NA,NA,NA
953,28.11237144470215,"""[39.1418]""","""[0.98921406]""",4.0055694580078125,0.009385225363075733,"""[[0.09144293]]""","""[[0.08211534]]""",NA,NA,NA,NA,NA,NA,NA
954,23.158554077148438,"""[39.003075]""","""[1.0020885]""",2.6721596717834473,0.005771609488874674,"""[[0.08380067]]""","""[[0.04327553]]""",NA,NA,NA,NA,NA,NA,NA
955,18.051454544067383,"""[38.95188]""","""[1.0098649]""",0.4914737641811371,0.002103967359289527,"""[[0.06020825]]""","""[[-0.00215489]]""",NA,NA,NA,NA,NA,NA,NA
956,15.917159080505371,"""[39.3217]""","""[0.98876023]""",0.36380377411842346,0.0006909731309860945,"""[[0.00742312]]""","""[[-0.0192531]]""",NA,NA,NA,NA,NA,NA,NA
957,16.563377380371094,"""[39.299515]""","""[0.98899716]""",0.380622923374176,0.0012218680931255221,"""[[-0.02257604]]""","""[[-0.04971848]]""",NA,NA,NA,NA,NA,NA,NA
958,18.962730407714844,"""[38.950546]""","""[1.0075519]""",0.5150701999664307,0.0029509831219911575,"""[[-0.03211801]]""","""[[-0.09161027]]""",NA,NA,NA,NA,NA,NA,NA
959,22.418529510498047,"""[38.999897]""","""[1.0003089]""",1.21767258644104,0.005526144988834858,"""[[-0.06149383]]""","""[[-0.10430619]]""",NA,NA,NA,NA,NA,NA,NA
960,24.569883346557617,"""[39.16953]""","""[0.98721457]""",2.477687358856201,0.007194495294243097,"""[[-0.0835145]]""","""[[-0.10003786]]""",NA,NA,NA,NA,NA,NA,NA
961,23.2741641998291,"""[38.751785]""","""[1.0127804]""",0.8383312821388245,0.006226483732461929,"""[[-0.0509065]]""","""[[-0.11908636]]""",NA,NA,NA,NA,NA,NA,NA
962,22.382579803466797,"""[38.99532]""","""[0.99678004]""",2.5812807083129883,0.005574800539761782,"""[[-0.0558113]]""","""[[-0.09821797]]""",NA,NA,NA,NA,NA,NA,NA
963,19.326709747314453,"""[39.224052]""","""[0.9846709]""",1.241960883140564,0.003430071286857128,"""[[-0.04279876]]""","""[[-0.06841264]]""",NA,NA,NA,NA,NA,NA,NA
964,16.494487762451172,"""[38.901733]""","""[1.0059059]""",2.0535292625427246,0.001269210479222238,"""[[0.00817893]]""","""[[-0.06287189]]""",NA,NA,NA,NA,NA,NA,NA
965,15.451722145080566,"""[38.988716]""","""[1.000886]""",0.3469167947769165,0.0005175704136490822,"""[[0.04178798]]""","""[[-0.0224169]]""",NA,NA,NA,NA,NA,NA,NA
966,17.19640350341797,"""[39.220898]""","""[0.9846327]""",0.4455156922340393,0.0019214644562453032,"""[[0.05926562]]""","""[[0.02701956]]""",NA,NA,NA,NA,NA,NA,NA
967,20.477598190307617,"""[39.008713]""","""[0.994389]""",3.485323667526245,0.004266372416168451,"""[[0.0930182]]""","""[[0.04684706]]""",NA,NA,NA,NA,NA,NA,NA
968,21.59072494506836,"""[38.83824]""","""[1.0051757]""",0.5960580706596375,0.005088607780635357,"""[[0.11150748]]""","""[[0.04894507]]""",NA,NA,NA,NA,NA,NA,NA
969,22.0750732421875,"""[39.025417]""","""[0.9942468]""",3.384861707687378,0.005492218770086765,"""[[0.10474347]]""","""[[0.06501572]]""",NA,NA,NA,NA,NA,NA,NA
970,19.692955017089844,"""[38.82501]""","""[1.008985]""",0.5476271510124207,0.003808918409049511,"""[[0.11021054]]""","""[[0.03999062]]""",NA,NA,NA,NA,NA,NA,NA
971,17.694101333618164,"""[39.128704]""","""[0.99211335]""",0.4672677218914032,0.0024585258215665817,"""[[0.08320812]]""","""[[0.04177374]]""",NA,NA,NA,NA,NA,NA,NA
972,16.199512481689453,"""[39.242954]""","""[0.98656505]""",0.8409357070922852,0.0014719272730872035,"""[[0.06401449]]""","""[[0.03111309]]""",NA,NA,NA,NA,NA,NA,NA
973,15.391694068908691,"""[38.9889]""","""[1.0030717]""",0.4838601052761078,0.0008280191104859114,"""[[0.06005979]]""","""[[-0.00413426]]""",NA,NA,NA,NA,NA,NA,NA
974,15.803205490112305,"""[39.048317]""","""[0.9994418]""",0.3474937081336975,0.0011906768195331097,"""[[0.03492069]]""","""[[-0.02089754]]""",NA,NA,NA,NA,NA,NA,NA
975,17.225059509277344,"""[39.234215]""","""[0.98727494]""",0.7306702136993408,0.0023597730323672295,"""[[0.00390264]]""","""[[-0.02603321]]""",NA,NA,NA,NA,NA,NA,NA
976,19.910781860351562,"""[39.064285]""","""[0.995517]""",1.0841494798660278,0.004318740218877792,"""[[-0.01000901]]""","""[[-0.05058834]]""",NA,NA,NA,NA,NA,NA,NA
977,24.26506996154785,"""[38.930065]""","""[1.0001607]""",0.7168804407119751,0.00760464183986187,"""[[-0.02962867]]""","""[[-0.07150986]]""",NA,NA,NA,NA,NA,NA,NA
978,27.895282745361328,"""[38.91664]""","""[0.9980185]""",0.8673492670059204,0.010381560772657394,"""[[-0.0471854]]""","""[[-0.07884417]]""",NA,NA,NA,NA,NA,NA,NA
979,29.698701858520508,"""[38.875996]""","""[0.9989194]""",0.8897612690925598,0.01181757915765047,"""[[-0.05208206]]""","""[[-0.08243041]]""",NA,NA,NA,NA,NA,NA,NA
980,29.478416442871094,"""[38.86866]""","""[0.9994387]""",1.4786064624786377,0.01176820881664753,"""[[-0.04830625]]""","""[[-0.07997305]]""",NA,NA,NA,NA,NA,NA,NA
981,26.577953338623047,"""[38.79984]""","""[1.0057417]""",1.1414742469787598,0.009742554277181625,"""[[-0.02708191]]""","""[[-0.07571891]]""",NA,NA,NA,NA,NA,NA,NA
982,22.560049057006836,"""[39.07099]""","""[0.99229634]""",0.6857689619064331,0.006879459135234356,"""[[-0.01716223]]""","""[[-0.04741476]]""",NA,NA,NA,NA,NA,NA,NA
983,18.808958053588867,"""[39.08159]""","""[0.99452716]""",1.1620967388153076,0.004174751229584217,"""[[0.01090181]]""","""[[-0.03008539]]""",NA,NA,NA,NA,NA,NA,NA
984,15.975146293640137,"""[39.0166]""","""[1.001022]""",0.8152281045913696,0.0020400581415742636,"""[[0.04602626]]""","""[[-0.01171639]]""",NA,NA,NA,NA,NA,NA,NA
985,15.196859359741211,"""[39.150192]""","""[0.9937414]""",0.5120518207550049,0.0014223733451217413,"""[[0.06799852]]""","""[[0.02259127]]""",NA,NA,NA,NA,NA,NA,NA
986,16.308616638183594,"""[39.140457]""","""[0.99347335]""",2.08847713470459,0.0021467027254402637,"""[[0.08805359]]""","""[[0.0446548]]""",NA,NA,NA,NA,NA,NA,NA
987,19.807310104370117,"""[39.154114]""","""[0.990164]""",0.7739596962928772,0.004567062947899103,"""[[0.10682268]]""","""[[0.07546072]]""",NA,NA,NA,NA,NA,NA,NA
988,23.48257064819336,"""[38.82128]""","""[1.007537]""",2.363152503967285,0.007023857440799475,"""[[0.13510671]]""","""[[0.0769167]]""",NA,NA,NA,NA,NA,NA,NA
989,24.656179428100586,"""[38.932297]""","""[1.0002866]""",1.3476442098617554,0.007746994495391846,"""[[0.12691906]]""","""[[0.08521892]]""",NA,NA,NA,NA,NA,NA,NA
990,23.702131271362305,"""[39.132965]""","""[0.9895682]""",0.7726626992225647,0.006989472545683384,"""[[0.10675491]]""","""[[0.08512758]]""",NA,NA,NA,NA,NA,NA,NA
991,21.688980102539062,"""[38.99517]""","""[1.0002654]""",2.2701146602630615,0.005348355043679476,"""[[0.10177843]]""","""[[0.05826652]]""",NA,NA,NA,NA,NA,NA,NA
992,18.349353790283203,"""[38.920074]""","""[1.0084448]""",0.5284672975540161,0.002839477965608239,"""[[0.08439564]]""","""[[0.02191729]]""",NA,NA,NA,NA,NA,NA,NA
993,16.287372589111328,"""[39.29575]""","""[0.9873712]""",0.7800964117050171,0.0014703050255775452,"""[[0.04070977]]""","""[[0.0149639]]""",NA,NA,NA,NA,NA,NA,NA
994,15.419137954711914,"""[39.272682]""","""[0.98942393]""",0.5076476335525513,0.0008812512969598174,"""[[0.02315311]]""","""[[-0.00777118]]""",NA,NA,NA,NA,NA,NA,NA
995,15.077298164367676,"""[39.061832]""","""[1.0030779]""",0.6830880641937256,0.0006272824248299003,"""[[0.01444263]]""","""[[-0.04165682]]""",NA,NA,NA,NA,NA,NA,NA
996,15.415810585021973,"""[39.092567]""","""[1.0010093]""",0.40362945199012756,0.0010034573497250676,"""[[-0.01050161]]""","""[[-0.06204539]]""",NA,NA,NA,NA,NA,NA,NA
997,16.240760803222656,"""[39.2805]""","""[0.98875666]""",2.1764073371887207,0.0018326624995097518,"""[[-0.04003189]]""","""[[-0.06757201]]""",NA,NA,NA,NA,NA,NA,NA
998,16.330904006958008,"""[39.1282]""","""[0.998099]""",0.4899311065673828,0.0019227286102250218,"""[[-0.03591955]]""","""[[-0.0805065]]""",NA,NA,NA,NA,NA,NA,NA
999,16.114473342895508,"""[39.06707]""","""[1.0021952]""",0.47304731607437134,0.0018224251689389348,"""[[-0.0316579]]""","""[[-0.0838525]]""",NA,NA,NA,NA,NA,NA,NA
1000,15.916149139404297,"""[39.25015]""","""[0.99117005]""",0.44516727328300476,0.0017975418595597148,"""[[-0.04060832]]""","""[[-0.07238112]]""",NA,NA,NA,NA,NA,NA,NA
1001,15.581652641296387,"""[39.239235]""","""[0.99226356]""",0.5631358027458191,0.0015508318319916725,"""[[-0.03474189]]""","""[[-0.06867331]]""",NA,NA,NA,NA,NA,NA,NA
1002,15.18964958190918,"""[38.996044]""","""[1.0072505]""",0.6873929500579834,0.001184376422315836,"""[[-0.01128842]]""","""[[-0.07407326]]""",NA,NA,NA,NA,NA,NA,NA
1003,14.967423439025879,"""[39.310642]""","""[0.98835915]""",0.9992449283599854,0.001110126730054617,"""[[-0.02297015]]""","""[[-0.05034942]]""",NA,NA,NA,NA,NA,NA,NA
1004,14.97082805633545,"""[39.300224]""","""[0.9892194]""",0.7345565557479858,0.0010440401965752244,"""[[-0.02105794]]""","""[[-0.04955154]]""",NA,NA,NA,NA,NA,NA,NA
1005,14.924328804016113,"""[39.00695]""","""[1.0074928]""",2.216236114501953,0.0008495132788084447,"""[[0.00212779]]""","""[[-0.05996474]]""",NA,NA,NA,NA,NA,NA,NA
1006,14.972426414489746,"""[39.253567]""","""[0.9928781]""",0.3727801442146301,0.000894054479431361,"""[[-0.01436782]]""","""[[-0.048083]]""",NA,NA,NA,NA,NA,NA,NA
1007,15.177570343017578,"""[39.402508]""","""[0.9845459]""",0.37584081292152405,0.0010758157586678863,"""[[-0.02516451]]""","""[[-0.04140303]]""",NA,NA,NA,NA,NA,NA,NA
1008,15.369878768920898,"""[39.07619]""","""[1.0050868]""",0.3551764488220215,0.0009890352375805378,"""[[-0.00648824]]""","""[[-0.0593221]]""",NA,NA,NA,NA,NA,NA,NA
1009,15.487127304077148,"""[39.12313]""","""[1.0027041]""",0.48229336738586426,0.0010416056029498577,"""[[-0.00786977]]""","""[[-0.05490912]]""",NA,NA,NA,NA,NA,NA,NA
1010,15.356916427612305,"""[39.356064]""","""[0.98880655]""",0.5595183372497559,0.001038038288243115,"""[[-0.01583189]]""","""[[-0.03660405]]""",NA,NA,NA,NA,NA,NA,NA
1011,15.064240455627441,"""[39.271004]""","""[0.99450636]""",0.3270670473575592,0.0007613000343553722,"""[[-0.00167157]]""","""[[-0.03290745]]""",NA,NA,NA,NA,NA,NA,NA
1012,14.864492416381836,"""[39.12619]""","""[1.0038408]""",0.3433060050010681,0.0005690291873179376,"""[[0.01628443]]""","""[[-0.03203209]]""",NA,NA,NA,NA,NA,NA,NA
1013,14.7330961227417,"""[39.308273]""","""[0.9930862]""",0.6189599633216858,0.0005606005433946848,"""[[0.01401436]]""","""[[-0.01383204]]""",NA,NA,NA,NA,NA,NA,NA
1014,14.71618366241455,"""[39.36356]""","""[0.99016833]""",0.49206578731536865,0.0005969061749055982,"""[[0.02140102]]""","""[[-0.00018791]]""",NA,NA,NA,NA,NA,NA,NA
1015,14.986647605895996,"""[39.186047]""","""[1.0012438]""",0.5079382658004761,0.000724467565305531,"""[[0.0430243]]""","""[[0.00206781]]""",NA,NA,NA,NA,NA,NA,NA
1016,15.635690689086914,"""[39.233276]""","""[0.9982046]""",1.927621841430664,0.0012250033905729651,"""[[0.05189433]]""","""[[0.0183486]]""",NA,NA,NA,NA,NA,NA,NA
1017,15.690774917602539,"""[39.446922]""","""[0.98642504]""",0.39872297644615173,0.0013886925298720598,"""[[0.04127166]]""","""[[0.0320711]]""",NA,NA,NA,NA,NA,NA,NA
1018,15.725756645202637,"""[39.22912]""","""[1.0006524]""",0.5030854940414429,0.001289478037506342,"""[[0.05447524]]""","""[[0.02061458]]""",NA,NA,NA,NA,NA,NA,NA
1019,15.8912992477417,"""[39.17674]""","""[1.0044138]""",1.489190936088562,0.0013904734514653683,"""[[0.05838253]]""","""[[0.0190512]]""",NA,NA,NA,NA,NA,NA,NA
1020,16.640466690063477,"""[39.3273]""","""[0.9941046]""",3.0970518589019775,0.0019910261034965515,"""[[0.05416074]]""","""[[0.0345111]]""",NA,NA,NA,NA,NA,NA,NA
1021,15.993120193481445,"""[39.18599]""","""[1.002337]""",0.686671257019043,0.0015101650496944785,"""[[0.05687184]]""","""[[0.01940064]]""",NA,NA,NA,NA,NA,NA,NA
1022,15.730233192443848,"""[39.335983]""","""[0.992572]""",0.5871442556381226,0.001406130031682551,"""[[0.04461829]]""","""[[0.02369245]]""",NA,NA,NA,NA,NA,NA,NA
1023,15.180594444274902,"""[39.334057]""","""[0.9926666]""",3.7915234565734863,0.0010315226390957832,"""[[0.03709957]]""","""[[0.01447799]]""",NA,NA,NA,NA,NA,NA,NA
1024,14.457220077514648,"""[39.187878]""","""[1.0023457]""",0.34651854634284973,0.00047884584637358785,"""[[0.02596524]]""","""[[-0.01539557]]""",NA,NA,NA,NA,NA,NA,NA
1025,14.874088287353516,"""[39.236702]""","""[0.9988045]""",0.7622053623199463,0.0008328355615958571,"""[[0.00268009]]""","""[[-0.03161225]]""",NA,NA,NA,NA,NA,NA,NA
1026,15.703521728515625,"""[39.311596]""","""[0.9931543]""",2.360480308532715,0.001504307147115469,"""[[-0.0155553]]""","""[[-0.03855996]]""",NA,NA,NA,NA,NA,NA,NA
1027,15.6311616897583,"""[39.03351]""","""[1.0090517]""",3.264370918273926,0.0014425190165638924,"""[[-0.00018075]]""","""[[-0.05490875]]""",NA,NA,NA,NA,NA,NA,NA
1028,14.706894874572754,"""[39.38674]""","""[0.9879884]""",0.3558521866798401,0.0008735196897760034,"""[[-0.00740168]]""","""[[-0.02462528]]""",NA,NA,NA,NA,NA,NA,NA
1029,14.300445556640625,"""[39.36962]""","""[0.98922336]""",0.7270020246505737,0.0005770554998889565,"""[[0.00413466]]""","""[[-0.01618675]]""",NA,NA,NA,NA,NA,NA,NA
1030,14.342145919799805,"""[39.07679]""","""[1.0071328]""",1.195373296737671,0.0005333360168151557,"""[[0.03347424]]""","""[[-0.02001734]]""",NA,NA,NA,NA,NA,NA,NA
1031,14.531002044677734,"""[39.256897]""","""[0.9960893]""",0.3723330497741699,0.0007134577026590705,"""[[0.02804944]]""","""[[-0.00418635]]""",NA,NA,NA,NA,NA,NA,NA
1032,14.698326110839844,"""[39.407154]""","""[0.9870754]""",0.3513772785663605,0.0009254883043467999,"""[[0.02177663]]""","""[[0.00715682]]""",NA,NA,NA,NA,NA,NA,NA
1033,14.880549430847168,"""[39.168274]""","""[1.0017042]""",0.45085030794143677,0.000976036477368325,"""[[0.037658]]""","""[[-0.00344693]]""",NA,NA,NA,NA,NA,NA,NA
1034,14.858685493469238,"""[39.126106]""","""[1.0043975]""",0.5652180314064026,0.0009785844013094902,"""[[0.03910258]]""","""[[-0.00679353]]""",NA,NA,NA,NA,NA,NA,NA
1035,15.021328926086426,"""[39.344296]""","""[0.99049896]""",0.35791856050491333,0.0011960810516029596,"""[[0.02792687]]""","""[[0.00756667]]""",NA,NA,NA,NA,NA,NA,NA
1036,15.008488655090332,"""[39.29678]""","""[0.9931382]""",0.8377826809883118,0.001198092824779451,"""[[0.02977299]]""","""[[0.00414376]]""",NA,NA,NA,NA,NA,NA,NA
1037,15.337491035461426,"""[39.13139]""","""[1.0026797]""",0.47592777013778687,0.001436398597434163,"""[[0.04162528]]""","""[[-0.00164472]]""",NA,NA,NA,NA,NA,NA,NA
1038,15.866183280944824,"""[39.189972]""","""[0.9979806]""",0.3555072844028473,0.0018916859989985824,"""[[0.04091625]]""","""[[0.00624206]]""",NA,NA,NA,NA,NA,NA,NA
1039,16.20779037475586,"""[39.272545]""","""[0.99196607]""",0.7066433429718018,0.0022392510436475277,"""[[0.03650277]]""","""[[0.01254135]]""",NA,NA,NA,NA,NA,NA,NA
1040,16.889732360839844,"""[39.154034]""","""[0.99770945]""",1.6180434226989746,0.002804836258292198,"""[[0.04471895]]""","""[[0.00974788]]""",NA,NA,NA,NA,NA,NA,NA
1041,16.344728469848633,"""[39.015137]""","""[1.0060406]""",0.41839560866355896,0.002478807233273983,"""[[0.04761376]]""","""[[-0.00471923]]""",NA,NA,NA,NA,NA,NA,NA
1042,15.984813690185547,"""[39.26826]""","""[0.9900026]""",0.5931591391563416,0.002350995782762766,"""[[0.02828721]]""","""[[0.00396077]]""",NA,NA,NA,NA,NA,NA,NA
1043,15.174468040466309,"""[39.182587]""","""[0.9951681]""",1.6876986026763916,0.0018149791285395622,"""[[0.025085]]""","""[[-0.0112954]]""",NA,NA,NA,NA,NA,NA,NA
1044,14.064570426940918,"""[38.926666]""","""[1.010987]""",0.41587865352630615,0.0010812545660883188,"""[[0.02470223]]""","""[[-0.04433349]]""",NA,NA,NA,NA,NA,NA,NA
1045,13.6537446975708,"""[39.26993]""","""[0.98928756]""",0.73941969871521,0.0008545605815015733,"""[[-0.01113289]]""","""[[-0.0421339]]""",NA,NA,NA,NA,NA,NA,NA
1046,13.819445610046387,"""[39.39826]""","""[0.98125434]""",0.3989031910896301,0.0010934725869446993,"""[[-0.02910111]]""","""[[-0.04508992]]""",NA,NA,NA,NA,NA,NA,NA
1047,14.003854751586914,"""[38.89191]""","""[1.0119952]""",1.0135612487792969,0.0011596318800002337,"""[[-0.00704327]]""","""[[-0.08008112]]""",NA,NA,NA,NA,NA,NA,NA
1048,13.907373428344727,"""[39.010017]""","""[1.0043164]""",0.4014620780944824,0.0010827253572642803,"""[[-0.01266226]]""","""[[-0.07223192]]""",NA,NA,NA,NA,NA,NA,NA
1049,13.964040756225586,"""[39.48055]""","""[0.9755479]""",0.9144550561904907,0.0013063434744253755,"""[[-0.03841473]]""","""[[-0.0444156]]""",NA,NA,NA,NA,NA,NA,NA
1050,14.081665992736816,"""[39.153084]""","""[0.9955813]""",0.5912468433380127,0.0011726140510290861,"""[[-0.0226668]]""","""[[-0.06521689]]""",NA,NA,NA,NA,NA,NA,NA
1051,14.032088279724121,"""[38.867302]""","""[1.0140274]""",0.6130441427230835,0.0011352505534887314,"""[[-0.0036895]]""","""[[-0.07917951]]""",NA,NA,NA,NA,NA,NA,NA
1052,14.141600608825684,"""[39.310364]""","""[0.9870668]""",1.709256887435913,0.0011786032700911164,"""[[-0.02837063]]""","""[[-0.05285991]]""",NA,NA,NA,NA,NA,NA,NA
1053,13.753925323486328,"""[39.345856]""","""[0.98603886]""",1.1951346397399902,0.0008511662017554045,"""[[-0.01916767]]""","""[[-0.04080983]]""",NA,NA,NA,NA,NA,NA,NA
1054,13.679396629333496,"""[38.998127]""","""[1.0083152]""",0.453402578830719,0.000682574522215873,"""[[0.00513368]]""","""[[-0.05634634]]""",NA,NA,NA,NA,NA,NA,NA
1055,13.551050186157227,"""[39.136147]""","""[1.0005405]""",0.32041221857070923,0.0005398724460974336,"""[[0.00465118]]""","""[[-0.04139263]]""",NA,NA,NA,NA,NA,NA,NA
1056,13.504849433898926,"""[39.400528]""","""[0.98498136]""",1.650343894958496,0.000565206806641072,"""[[-0.00198128]]""","""[[-0.0181614]]""",NA,NA,NA,NA,NA,NA,NA
1057,13.634390830993652,"""[39.222855]""","""[0.9964616]""",0.31273379921913147,0.0005638510920107365,"""[[0.02321942]]""","""[[-0.01264764]]""",NA,NA,NA,NA,NA,NA,NA
1058,14.269296646118164,"""[39.04618]""","""[1.0075157]""",0.5280748605728149,0.0010113046737387776,"""[[0.04674375]]""","""[[-0.00734117]]""",NA,NA,NA,NA,NA,NA,NA
1059,15.524467468261719,"""[39.227642]""","""[0.9951594]""",0.576331377029419,0.0019344906322658062,"""[[0.04922099]]""","""[[0.01985903]]""",NA,NA,NA,NA,NA,NA,NA
1060,16.50623893737793,"""[39.3174]""","""[0.9889695]""",0.9642735719680786,0.0026878691278398037,"""[[0.05092871]]""","""[[0.03484445]]""",NA,NA,NA,NA,NA,NA,NA
1061,16.417823791503906,"""[39.053844]""","""[1.005621]""",0.4017534852027893,0.0025917619932442904,"""[[0.06625222]]""","""[[0.01993112]]""",NA,NA,NA,NA,NA,NA,NA
1062,16.3271541595459,"""[39.15232]""","""[0.9997783]""",0.6821433305740356,0.0025374770630151033,"""[[0.05927738]]""","""[[0.02401288]]""",NA,NA,NA,NA,NA,NA,NA
1063,16.576204299926758,"""[39.295956]""","""[0.9903521]""",0.5002143383026123,0.0027846181765198708,"""[[0.05067058]]""","""[[0.03266942]]""",NA,NA,NA,NA,NA,NA,NA
1064,16.151899337768555,"""[39.142982]""","""[0.99976563]""",1.570542335510254,0.0024795408826321363,"""[[0.05568716]]""","""[[0.01915766]]""",NA,NA,NA,NA,NA,NA,NA
1065,16.746484756469727,"""[39.28225]""","""[0.99086004]""",0.5041099190711975,0.0029901883099228144,"""[[0.04725385]]""","""[[0.02854392]]""",NA,NA,NA,NA,NA,NA,NA
1066,16.634021759033203,"""[39.167603]""","""[0.99828136]""",2.848193883895874,0.0029443055391311646,"""[[0.04981588]]""","""[[0.01787012]]""",NA,NA,NA,NA,NA,NA,NA
1067,15.045119285583496,"""[39.069958]""","""[1.0066146]""",1.4520879983901978,0.0018397062085568905,"""[[0.04226743]]""","""[[-0.00583959]]""",NA,NA,NA,NA,NA,NA,NA
1068,13.581515312194824,"""[39.191162]""","""[1.000458]""",0.37262535095214844,0.0008285596850328147,"""[[0.01527494]]""","""[[-0.02354169]]""",NA,NA,NA,NA,NA,NA,NA
1069,13.286033630371094,"""[39.376305]""","""[0.9890508]""",0.6624799966812134,0.0007284799357876182,"""[[-0.01315724]]""","""[[-0.03186644]]""",NA,NA,NA,NA,NA,NA,NA
1070,13.432350158691406,"""[39.222054]""","""[0.9979709]""",0.40584567189216614,0.0008472316549159586,"""[[-0.0162918]]""","""[[-0.05196409]]""",NA,NA,NA,NA,NA,NA,NA
1071,13.915510177612305,"""[39.085846]""","""[1.0053338]""",0.43554311990737915,0.0012398975668475032,"""[[-0.02053612]]""","""[[-0.07017114]]""",NA,NA,NA,NA,NA,NA,NA
1072,14.380882263183594,"""[39.279686]""","""[0.9923315]""",0.41947847604751587,0.0016229477478191257,"""[[-0.03842797]]""","""[[-0.0644194]]""",NA,NA,NA,NA,NA,NA,NA
1073,14.921306610107422,"""[39.30166]""","""[0.99006665]""",0.38265833258628845,0.002020810730755329,"""[[-0.04525232]]""","""[[-0.06697865]]""",NA,NA,NA,NA,NA,NA,NA
1074,15.184198379516602,"""[39.03756]""","""[1.0056214]""",0.3992084860801697,0.0021643205545842648,"""[[-0.03202311]]""","""[[-0.08285435]]""",NA,NA,NA,NA,NA,NA,NA
1075,15.4022798538208,"""[39.148716]""","""[0.99803084]""",0.9687433242797852,0.002287606243044138,"""[[-0.03777294]]""","""[[-0.07504334]]""",NA,NA,NA,NA,NA,NA,NA
1076,14.80920124053955,"""[39.266254]""","""[0.9909394]""",1.5584242343902588,0.0018594643333926797,"""[[-0.03549033]]""","""[[-0.06106897]]""",NA,NA,NA,NA,NA,NA,NA
1077,13.60619831085205,"""[39.171055]""","""[0.9979861]""",0.32816529273986816,0.0009403146104887128,"""[[-0.01210024]]""","""[[-0.05209515]]""",NA,NA,NA,NA,NA,NA,NA
1078,13.04443645477295,"""[39.136894]""","""[1.0007628]""",0.28245028853416443,0.0005089637124910951,"""[[0.00577871]]""","""[[-0.03975866]]""",NA,NA,NA,NA,NA,NA,NA
1079,12.951913833618164,"""[39.259827]""","""[0.9934382]""",0.6931742429733276,0.0004444700025487691,"""[[0.01319147]]""","""[[-0.01857633]]""",NA,NA,NA,NA,NA,NA,NA
1080,13.419652938842773,"""[39.277546]""","""[0.99226916]""",0.3412667512893677,0.0007797940052114427,"""[[0.0286091]]""","""[[0.00033945]]""",NA,NA,NA,NA,NA,NA,NA
1081,14.484947204589844,"""[39.14628]""","""[0.99992126]""",0.6042842864990234,0.0015242811059579253,"""[[0.05049814]]""","""[[0.01061679]]""",NA,NA,NA,NA,NA,NA,NA
1082,15.335126876831055,"""[39.051456]""","""[1.0051333]""",0.36661863327026367,0.0021535218693315983,"""[[0.06416016]]""","""[[0.01612997]]""",NA,NA,NA,NA,NA,NA,NA
1083,16.234210968017578,"""[39.28749]""","""[0.98976743]""",2.0055906772613525,0.0028457611333578825,"""[[0.05625413]]""","""[[0.03795401]]""",NA,NA,NA,NA,NA,NA,NA
1084,15.520038604736328,"""[39.148697]""","""[0.9992097]""",1.9412850141525269,0.0023051120806485415,"""[[0.06024913]]""","""[[0.02401709]]""",NA,NA,NA,NA,NA,NA,NA
1085,13.997767448425293,"""[39.154633]""","""[1.0011942]""",0.32084909081459045,0.0011988987680524588,"""[[0.0480501]]""","""[[0.00770524]]""",NA,NA,NA,NA,NA,NA,NA
1086,13.122126579284668,"""[39.296673]""","""[0.99398017]""",0.2898891866207123,0.0005894082132726908,"""[[0.02640259]]""","""[[-0.0005174]]""",NA,NA,NA,NA,NA,NA,NA
1087,12.882635116577148,"""[39.283268]""","""[0.9956254]""",0.4822674095630646,0.0004208364989608526,"""[[0.01274056]]""","""[[-0.0164241]]""",NA,NA,NA,NA,NA,NA,NA
1088,13.079948425292969,"""[39.226215]""","""[0.9996001]""",0.5757936239242554,0.0005617612041532993,"""[[0.00502175]]""","""[[-0.03001455]]""",NA,NA,NA,NA,NA,NA,NA
1089,13.297898292541504,"""[39.318565]""","""[0.9945512]""",0.8168885707855225,0.0007390452665276825,"""[[-0.00589165]]""","""[[-0.02979556]]""",NA,NA,NA,NA,NA,NA,NA
1090,13.297773361206055,"""[39.470993]""","""[0.98711807]""",1.1287081241607666,0.0007765654590912163,"""[[-0.01339339]]""","""[[-0.02024736]]""",NA,NA,NA,NA,NA,NA,NA
1091,13.531551361083984,"""[39.324184]""","""[0.99814385]""",2.9285640716552734,0.0008549924241378903,"""[[-0.00904784]]""","""[[-0.0319575]]""",NA,NA,NA,NA,NA,NA,NA
1092,13.1602783203125,"""[39.064865]""","""[1.0158404]""",0.6606789231300354,0.0005991643411107361,"""[[0.0142985]]""","""[[-0.03952945]]""",NA,NA,NA,NA,NA,NA,NA
1093,13.11804485321045,"""[39.525723]""","""[0.98801666]""",2.0299668312072754,0.0006178305484354496,"""[[-0.00771568]]""","""[[-0.00920759]]""",NA,NA,NA,NA,NA,NA,NA
1094,13.022573471069336,"""[39.47672]""","""[0.99103916]""",0.27432820200920105,0.0005309230764396489,"""[[0.0069752]]""","""[[-0.00025704]]""",NA,NA,NA,NA,NA,NA,NA
1095,13.295156478881836,"""[39.117805]""","""[1.0125326]""",0.8468008041381836,0.000708381412550807,"""[[0.03731951]]""","""[[-0.0097931]]""",NA,NA,NA,NA,NA,NA,NA
1096,14.396550178527832,"""[39.490044]""","""[0.988585]""",0.3233186900615692,0.001572926645167172,"""[[0.02796201]]""","""[[0.02667944]]""",NA,NA,NA,NA,NA,NA,NA
1097,15.665103912353516,"""[39.398]""","""[0.9925995]""",0.881574273109436,0.002483563032001257,"""[[0.04157919]]""","""[[0.03399437]]""",NA,NA,NA,NA,NA,NA,NA
1098,16.076082229614258,"""[39.026165]""","""[1.014493]""",0.44684427976608276,0.002815325278788805,"""[[0.06537123]]""","""[[0.0168281]]""",NA,NA,NA,NA,NA,NA,NA
1099,16.65130043029785,"""[39.334976]""","""[0.9936031]""",0.40068626403808594,0.003270014887675643,"""[[0.04877662]]""","""[[0.03757476]]""",NA,NA,NA,NA,NA,NA,NA
1100,16.726354598999023,"""[39.40745]""","""[0.9877277]""",0.5016398429870605,0.003422957146540284,"""[[0.04300765]]""","""[[0.04051512]]""",NA,NA,NA,NA,NA,NA,NA
1101,16.008275985717773,"""[39.035446]""","""[1.0098723]""",0.880970299243927,0.002933796728029847,"""[[0.05928508]]""","""[[0.01254927]]""",NA,NA,NA,NA,NA,NA,NA
1102,16.098514556884766,"""[39.330135]""","""[0.9905742]""",0.8399426341056824,0.0031019949819892645,"""[[0.03909819]]""","""[[0.02651037]]""",NA,NA,NA,NA,NA,NA,NA
1103,15.169048309326172,"""[39.215427]""","""[0.9971876]""",0.43578431010246277,0.0024940166622400284,"""[[0.0377494]]""","""[[0.00954554]]""",NA,NA,NA,NA,NA,NA,NA
1104,14.082691192626953,"""[39.103138]""","""[1.004047]""",0.6416562795639038,0.0018027545884251595,"""[[0.03361676]]""","""[[-0.01055742]]""",NA,NA,NA,NA,NA,NA,NA
1105,13.05241584777832,"""[39.293056]""","""[0.9925804]""",0.31162312626838684,0.0011639008298516273,"""[[0.00848339]]""","""[[-0.01718889]]""",NA,NA,NA,NA,NA,NA,NA
1106,12.545677185058594,"""[39.25735]""","""[0.99447227]""",0.44870901107788086,0.0008722416823729873,"""[[-0.00187793]]""","""[[-0.03307647]]""",NA,NA,NA,NA,NA,NA,NA
1107,12.400851249694824,"""[39.09274]""","""[1.0040014]""",0.31667646765708923,0.0008269707323051989,"""[[-0.00661706]]""","""[[-0.05695379]]""",NA,NA,NA,NA,NA,NA,NA
1108,12.739672660827637,"""[39.206944]""","""[0.99581975]""",0.5572940111160278,0.0011288529494777322,"""[[-0.02670124]]""","""[[-0.06290769]]""",NA,NA,NA,NA,NA,NA,NA
1109,13.089115142822266,"""[39.25949]""","""[0.99156797]""",0.45490962266921997,0.0014304668875411153,"""[[-0.03694025]]""","""[[-0.06600811]]""",NA,NA,NA,NA,NA,NA,NA
1110,13.160229682922363,"""[39.077362]""","""[1.0020851]""",1.0122874975204468,0.0014724333304911852,"""[[-0.02835567]]""","""[[-0.0777767]]""",NA,NA,NA,NA,NA,NA,NA
1111,12.764883041381836,"""[39.01667]""","""[1.0050763]""",1.123586654663086,0.0012081852182745934,"""[[-0.01858463]]""","""[[-0.07590297]]""",NA,NA,NA,NA,NA,NA,NA
1112,12.831089973449707,"""[39.362347]""","""[0.9830063]""",0.6634625196456909,0.0012828776380047202,"""[[-0.0365134]]""","""[[-0.05422762]]""",NA,NA,NA,NA,NA,NA,NA
1113,12.962596893310547,"""[39.16193]""","""[0.99468845]""",0.3592476546764374,0.001241915044374764,"""[[-0.0254206]]""","""[[-0.06525414]]""",NA,NA,NA,NA,NA,NA,NA
1114,13.161293029785156,"""[38.917953]""","""[1.0094326]""",1.9477472305297852,0.0013477617176249623,"""[[-0.01110554]]""","""[[-0.07810209]]""",NA,NA,NA,NA,NA,NA,NA
1115,12.785135269165039,"""[39.411865]""","""[0.98045784]""",0.35850590467453003,0.0010720941936597228,"""[[-0.02788504]]""","""[[-0.03995872]]""",NA,NA,NA,NA,NA,NA,NA
1116,12.427104949951172,"""[39.23052]""","""[0.99301314]""",0.2846388518810272,0.000662962265778333,"""[[-0.00721539]]""","""[[-0.04085732]]""",NA,NA,NA,NA,NA,NA,NA
1117,12.235796928405762,"""[38.92682]""","""[1.0133163]""",0.3105025589466095,0.0005191575619392097,"""[[0.01982483]]""","""[[-0.04919225]]""",NA,NA,NA,NA,NA,NA,NA
1118,12.204773902893066,"""[39.351032]""","""[0.9883286]""",0.40470415353775024,0.000460382376331836,"""[[0.00419802]]""","""[[-0.01661111]]""",NA,NA,NA,NA,NA,NA,NA
1119,12.195799827575684,"""[39.35766]""","""[0.9889534]""",0.2662026882171631,0.0004505389661062509,"""[[0.00973326]]""","""[[-0.01038085]]""",NA,NA,NA,NA,NA,NA,NA
1120,12.141693115234375,"""[39.02898]""","""[1.0102341]""",0.6981779932975769,0.0004155868664383888,"""[[0.03419657]]""","""[[-0.02351732]]""",NA,NA,NA,NA,NA,NA,NA
1121,12.193926811218262,"""[39.28091]""","""[0.9953684]""",0.3491508364677429,0.00046062521869316697,"""[[0.02895898]]""","""[[0.00011836]]""",NA,NA,NA,NA,NA,NA,NA
1122,12.420452117919922,"""[39.438194]""","""[0.98630613]""",0.2958160638809204,0.0007003154023550451,"""[[0.02927154]]""","""[[0.01884005]]""",NA,NA,NA,NA,NA,NA,NA
1123,12.642322540283203,"""[39.119846]""","""[1.0062454]""",0.5990430116653442,0.0008222015458159149,"""[[0.05516531]]""","""[[0.00929145]]""",NA,NA,NA,NA,NA,NA,NA
1124,13.267207145690918,"""[39.1949]""","""[1.0013866]""",0.7573146820068359,0.0012732951436191797,"""[[0.05940514]]""","""[[0.02401354]]""",NA,NA,NA,NA,NA,NA,NA
1125,14.558584213256836,"""[39.471863]""","""[0.983675]""",0.5761896371841431,0.0022793288808315992,"""[[0.05254521]]""","""[[0.05241599]]""",NA,NA,NA,NA,NA,NA,NA
1126,16.021093368530273,"""[39.109306]""","""[1.0043781]""",0.5508922934532166,0.0032473811879754066,"""[[0.08088483]]""","""[[0.04431159]]""",NA,NA,NA,NA,NA,NA,NA
1127,16.9603214263916,"""[38.993248]""","""[1.0102562]""",0.6886842846870422,0.00395391508936882,"""[[0.08963814]]""","""[[0.042857]]""",NA,NA,NA,NA,NA,NA,NA
1128,17.074501037597656,"""[39.319515]""","""[0.9890904]""",1.447139024734497,0.004047085531055927,"""[[0.06791354]]""","""[[0.05888654]]""",NA,NA,NA,NA,NA,NA,NA
1129,17.96518898010254,"""[39.349983]""","""[0.9854753]""",0.6378988027572632,0.004736559931188822,"""[[0.06527914]]""","""[[0.06272581]]""",NA,NA,NA,NA,NA,NA,NA
1130,17.517072677612305,"""[38.83484]""","""[1.0168431]""",0.4887274503707886,0.004509663209319115,"""[[0.08997936]]""","""[[0.02758186]]""",NA,NA,NA,NA,NA,NA,NA
1131,16.909385681152344,"""[39.127655]""","""[0.99785286]""",0.5455648899078369,0.004045186098664999,"""[[0.06504401]]""","""[[0.03471792]]""",NA,NA,NA,NA,NA,NA,NA
1132,16.599811553955078,"""[39.435326]""","""[0.97819763]""",0.4544317126274109,0.004041214473545551,"""[[0.03963388]]""","""[[0.04339372]]""",NA,NA,NA,NA,NA,NA,NA
1133,15.423906326293945,"""[38.892914]""","""[1.011411]""",1.1994552612304688,0.003279349999502301,"""[[0.06117143]]""","""[[5.3180498e-05]]""",NA,NA,NA,NA,NA,NA,NA
1134,13.695779800415039,"""[38.691853]""","""[1.0232149]""",0.53996342420578,0.0023390462156385183,"""[[0.05753268]]""","""[[-0.03184082]]""",NA,NA,NA,NA,NA,NA,NA
1135,12.992016792297363,"""[39.636585]""","""[0.9636827]""",0.5406339168548584,0.002135016256943345,"""[[-0.00989195]]""","""[[0.00596619]]""",NA,NA,NA,NA,NA,NA,NA
1136,11.910435676574707,"""[39.11481]""","""[0.9942046]""",0.4385601878166199,0.0012132460251450539,"""[[0.00481682]]""","""[[-0.04088984]]""",NA,NA,NA,NA,NA,NA,NA
1137,11.620988845825195,"""[38.589497]""","""[1.0261115]""",0.38341978192329407,0.001430281437933445,"""[[0.02402358]]""","""[[-0.08289935]]""",NA,NA,NA,NA,NA,NA,NA
1138,11.594056129455566,"""[39.379124]""","""[0.97611874]""",0.5846237540245056,0.0013769769575446844,"""[[-0.03099972]]""","""[[-0.04766291]]""",NA,NA,NA,NA,NA,NA,NA
1139,11.74809455871582,"""[39.389565]""","""[0.97541636]""",1.632440209388733,0.0015427327016368508,"""[[-0.04255767]]""","""[[-0.0576557]]""",NA,NA,NA,NA,NA,NA,NA
1140,11.645256042480469,"""[38.474483]""","""[1.0324398]""",1.3377010822296143,0.0018180961487814784,"""[[0.00900273]]""","""[[-0.11115722]]""",NA,NA,NA,NA,NA,NA,NA
1141,11.466207504272461,"""[39.13474]""","""[0.99091786]""",0.3283804953098297,0.0013492878060787916,"""[[-0.021979]]""","""[[-0.06631195]]""",NA,NA,NA,NA,NA,NA,NA
1142,11.690703392028809,"""[39.585743]""","""[0.9641749]""",1.9997233152389526,0.001781494589522481,"""[[-0.0410806]]""","""[[-0.03417221]]""",NA,NA,NA,NA,NA,NA,NA
1143,11.988983154296875,"""[38.879555]""","""[1.0085104]""",0.4045558571815491,0.0017679381417110562,"""[[0.0132145]]""","""[[-0.05841353]]""",NA,NA,NA,NA,NA,NA,NA
1144,12.823930740356445,"""[38.721447]""","""[1.0194622]""",0.3409630358219147,0.0024498857092112303,"""[[0.03278172]]""","""[[-0.05450595]]""",NA,NA,NA,NA,NA,NA,NA
1145,14.053260803222656,"""[39.50643]""","""[0.9716449]""",0.36975380778312683,0.003316695336252451,"""[[-0.0038778]]""","""[[0.00182865]]""",NA,NA,NA,NA,NA,NA,NA
1146,14.942458152770996,"""[39.228252]""","""[0.98925984]""",0.33754175901412964,0.003755464218556881,"""[[0.01907204]]""","""[[-0.00364011]]""",NA,NA,NA,NA,NA,NA,NA
1147,15.562782287597656,"""[38.679314]""","""[1.0247388]""",1.5774312019348145,0.004359382204711437,"""[[0.05572328]]""","""[[-0.02815049]]""",NA,NA,NA,NA,NA,NA,NA
1148,14.965873718261719,"""[39.068058]""","""[1.0014305]""",1.3650332689285278,0.003622456220909953,"""[[0.03157435]]""","""[[-0.00949514]]""",NA,NA,NA,NA,NA,NA,NA
1149,13.648681640625,"""[39.562237]""","""[0.9734253]""",0.3508850336074829,0.0027363686822354794,"""[[-0.00464157]]""","""[[0.00557808]]""",NA,NA,NA,NA,NA,NA,NA
1150,12.386963844299316,"""[39.05728]""","""[1.0060985]""",0.9558278322219849,0.0015778857050463557,"""[[0.01616713]]""","""[[-0.03470075]]""",NA,NA,NA,NA,NA,NA,NA
1151,11.631030082702637,"""[38.991848]""","""[1.0120434]""",0.31372541189193726,0.0009354622452519834,"""[[0.00751336]]""","""[[-0.05355968]]""",NA,NA,NA,NA,NA,NA,NA
1152,11.83077621459961,"""[39.50479]""","""[0.98129886]""",0.32576727867126465,0.0010175597853958607,"""[[-0.03477068]]""","""[[-0.03731563]]""",NA,NA,NA,NA,NA,NA,NA
1153,12.364989280700684,"""[39.323097]""","""[0.9926834]""",0.7621610760688782,0.001220253761857748,"""[[-0.03452047]]""","""[[-0.0559812]]""",NA,NA,NA,NA,NA,NA,NA
1154,12.685644149780273,"""[38.867527]""","""[1.0210775]""",0.8454919457435608,0.0014966195449233055,"""[[-0.01099592]]""","""[[-0.08358645]]""",NA,NA,NA,NA,NA,NA,NA
1155,12.669729232788086,"""[39.346863]""","""[0.9912209]""",0.47147423028945923,0.0013295556418597698,"""[[-0.03430074]]""","""[[-0.05205198]]""",NA,NA,NA,NA,NA,NA,NA
1156,12.329899787902832,"""[39.47953]""","""[0.9831904]""",1.2570254802703857,0.001105720759369433,"""[[-0.03291161]]""","""[[-0.03667138]]""",NA,NA,NA,NA,NA,NA,NA
1157,11.595625877380371,"""[38.97619]""","""[1.0143684]""",0.2936907708644867,0.000541815476026386,"""[[0.01182378]]""","""[[-0.05120552]]""",NA,NA,NA,NA,NA,NA,NA
1158,11.464691162109375,"""[39.18868]""","""[1.0006578]""",0.27540645003318787,0.00037577503826469183,"""[[0.01370672]]""","""[[-0.02524598]]""",NA,NA,NA,NA,NA,NA,NA
1159,11.809239387512207,"""[39.51167]""","""[0.980153]""",2.0728135108947754,0.0007309383363462985,"""[[0.00862076]]""","""[[0.00726866]]""",NA,NA,NA,NA,NA,NA,NA
1160,11.618420600891113,"""[38.861816]""","""[1.0186344]""",1.2727456092834473,0.000630548398476094,"""[[0.04868832]]""","""[[-0.0268822]]""",NA,NA,NA,NA,NA,NA,NA
1161,11.398947715759277,"""[39.219738]""","""[0.99564844]""",0.24258343875408173,0.0003814728115685284,"""[[0.02373092]]""","""[[-0.0113717]]""",NA,NA,NA,NA,NA,NA,NA
1162,11.408855438232422,"""[39.491333]""","""[0.9785065]""",0.6473040580749512,0.0005250259418971837,"""[[0.00359048]]""","""[[-0.00079606]]""",NA,NA,NA,NA,NA,NA,NA
1163,11.24435043334961,"""[38.952152]""","""[1.0108566]""",0.3070959448814392,0.00037588764098472893,"""[[0.03438554]]""","""[[-0.03142476]]""",NA,NA,NA,NA,NA,NA,NA
1164,11.24725341796875,"""[39.01871]""","""[1.0059028]""",0.2594081461429596,0.0003869912470690906,"""[[0.02936316]]""","""[[-0.02862049]]""",NA,NA,NA,NA,NA,NA,NA
1165,11.383386611938477,"""[39.45462]""","""[0.9785793]""",1.9849990606307983,0.0006013861857354641,"""[[0.004189]]""","""[[-0.0039383]]""",NA,NA,NA,NA,NA,NA,NA
1166,11.657114028930664,"""[39.079735]""","""[1.0006014]""",0.4721648693084717,0.0007516241166740656,"""[[0.01568104]]""","""[[-0.03369821]]""",NA,NA,NA,NA,NA,NA,NA
1167,12.539531707763672,"""[38.92141]""","""[1.0093914]""",1.586484432220459,0.0014931908808648586,"""[[0.01283769]]""","""[[-0.0517038]]""",NA,NA,NA,NA,NA,NA,NA
1168,12.86154556274414,"""[39.2763]""","""[0.98727965]""",0.3593564033508301,0.0017382330261170864,"""[[-0.00854246]]""","""[[-0.03160449]]""",NA,NA,NA,NA,NA,NA,NA
1169,13.1571683883667,"""[39.227024]""","""[0.9902289]""",1.1920864582061768,0.001985342940315604,"""[[-0.00727767]]""","""[[-0.03487561]]""",NA,NA,NA,NA,NA,NA,NA
1170,12.57796859741211,"""[38.968777]""","""[1.0076362]""",1.6055587530136108,0.001591221196576953,"""[[0.01416203]]""","""[[-0.04471333]]""",NA,NA,NA,NA,NA,NA,NA
1171,11.752791404724121,"""[39.405445]""","""[0.9842079]""",0.43851685523986816,0.0009484432521276176,"""[[0.00384459]]""","""[[-0.0084415]]""",NA,NA,NA,NA,NA,NA,NA
1172,11.248063087463379,"""[39.24062]""","""[0.9969979]""",0.2623955309391022,0.00046445606858469546,"""[[0.02836994]]""","""[[-0.00438796]]""",NA,NA,NA,NA,NA,NA,NA
1173,11.403400421142578,"""[39.073227]""","""[1.009343]""",1.1748192310333252,0.0005511752679012716,"""[[0.04947707]]""","""[[-0.00216572]]""",NA,NA,NA,NA,NA,NA,NA
1174,12.511880874633789,"""[39.373074]""","""[0.9914348]""",0.6192104816436768,0.001294449670240283,"""[[0.04630684]]""","""[[0.03195532]]""",NA,NA,NA,NA,NA,NA,NA
1175,14.634825706481934,"""[39.35722]""","""[0.9916174]""",0.44535505771636963,0.002781797433272004,"""[[0.05912446]]""","""[[0.04943675]]""",NA,NA,NA,NA,NA,NA,NA
1176,17.313432693481445,"""[39.056778]""","""[1.0083867]""",0.5579025745391846,0.004707972519099712,"""[[0.08491547]]""","""[[0.04939793]]""",NA,NA,NA,NA,NA,NA,NA
1177,19.559986114501953,"""[39.113476]""","""[1.0029196]""",0.5132907629013062,0.006332652177661657,"""[[0.08416137]]""","""[[0.06227423]]""",NA,NA,NA,NA,NA,NA,NA
1178,21.227628707885742,"""[39.289604]""","""[0.99014014]""",0.6693582534790039,0.00761072151362896,"""[[0.07248146]]""","""[[0.07604934]]""",NA,NA,NA,NA,NA,NA,NA
1179,21.13433074951172,"""[39.052353]""","""[1.0040777]""",3.5159876346588135,0.007637260016053915,"""[[0.08081023]]""","""[[0.0575017]]""",NA,NA,NA,NA,NA,NA,NA
1180,17.826705932617188,"""[38.79175]""","""[1.0221845]""",0.5380456447601318,0.005513938143849373,"""[[0.08124375]]""","""[[0.017912]]""",NA,NA,NA,NA,NA,NA,NA
1181,15.678565979003906,"""[39.456287]""","""[0.9809998]""",0.6074719429016113,0.0040646083652973175,"""[[0.02679278]]""","""[[0.03287696]]""",NA,NA,NA,NA,NA,NA,NA
1182,13.180991172790527,"""[39.30797]""","""[0.9902466]""",0.7324434518814087,0.0023703358601778746,"""[[0.01679485]]""","""[[-0.00130724]]""",NA,NA,NA,NA,NA,NA,NA
1183,11.411792755126953,"""[38.781853]""","""[1.0226197]""",0.32509833574295044,0.0013983811950311065,"""[[0.02480297]]""","""[[-0.05892503]]""",NA,NA,NA,NA,NA,NA,NA
1184,11.031083106994629,"""[39.303265]""","""[0.9884921]""",0.302503764629364,0.0011365507962182164,"""[[-0.02664037]]""","""[[-0.05182444]]""",NA,NA,NA,NA,NA,NA,NA
1185,11.522224426269531,"""[39.427334]""","""[0.9789079]""",0.6983069181442261,0.001692304271273315,"""[[-0.05189619]]""","""[[-0.06162744]]""",NA,NA,NA,NA,NA,NA,NA
1186,11.883283615112305,"""[38.87318]""","""[1.0116564]""",0.6153954863548279,0.0019945588428527117,"""[[-0.03067647]]""","""[[-0.10214579]]""",NA,NA,NA,NA,NA,NA,NA
1187,12.056242942810059,"""[38.94519]""","""[1.0060197]""",0.4061889350414276,0.002106284722685814,"""[[-0.03759653]]""","""[[-0.10011796]]""",NA,NA,NA,NA,NA,NA,NA
1188,12.131378173828125,"""[39.41797]""","""[0.97647804]""",0.6632629036903381,0.002229750854894519,"""[[-0.06265824]]""","""[[-0.07132841]]""",NA,NA,NA,NA,NA,NA,NA
1189,12.104153633117676,"""[39.11244]""","""[0.9950237]""",2.5043139457702637,0.00197608582675457,"""[[-0.0437924]]""","""[[-0.08692337]]""",NA,NA,NA,NA,NA,NA,NA
1190,11.321584701538086,"""[38.65766]""","""[1.0240028]""",0.4469473659992218,0.0015111500397324562,"""[[-0.00277601]]""","""[[-0.10046912]]""",NA,NA,NA,NA,NA,NA,NA
1191,10.988210678100586,"""[39.37202]""","""[0.9798106]""",0.6251753568649292,0.0010233507491648197,"""[[-0.03013882]]""","""[[-0.04710572]]""",NA,NA,NA,NA,NA,NA,NA
1192,10.845458030700684,"""[39.41773]""","""[0.9777032]""",1.667151927947998,0.0008500261465087533,"""[[-0.01633839]]""","""[[-0.02853172]]""",NA,NA,NA,NA,NA,NA,NA
1193,11.50219440460205,"""[38.57916]""","""[1.0290158]""",3.212742805480957,0.001470755785703659,"""[[0.0529945]]""","""[[-0.05282377]]""",NA,NA,NA,NA,NA,NA,NA
1194,11.869869232177734,"""[38.98124]""","""[1.002633]""",0.40530598163604736,0.001388656790368259,"""[[0.03886743]]""","""[[-0.01915407]]""",NA,NA,NA,NA,NA,NA,NA
1195,12.290597915649414,"""[39.608658]""","""[0.9641813]""",0.38829126954078674,0.0019314623204991221,"""[[0.00856792]]""","""[[0.0223752]]""",NA,NA,NA,NA,NA,NA,NA
1196,12.068839073181152,"""[38.950314]""","""[1.0047116]""",0.8665287494659424,0.00143754156306386,"""[[0.04975633]]""","""[[-0.01122251]]""",NA,NA,NA,NA,NA,NA,NA
1197,11.61949348449707,"""[38.737896]""","""[1.0196437]""",1.1058770418167114,0.0011846633860841393,"""[[0.0604481]]""","""[[-0.02660988]]""",NA,NA,NA,NA,NA,NA,NA
1198,11.068877220153809,"""[39.470554]""","""[0.97628176]""",4.213701248168945,0.0007261571008712053,"""[[0.01200539]]""","""[[0.0064191]]""",NA,NA,NA,NA,NA,NA,NA
1199,10.920619010925293,"""[39.216015]""","""[0.9928762]""",0.4271923899650574,0.00048253656132146716,"""[[0.00760302]]""","""[[-0.02709029]]""",NA,NA,NA,NA,NA,NA,NA
1200,12.680634498596191,"""[38.841476]""","""[1.0158551]""",1.1429165601730347,0.0018879339331761003,"""[[0.00710093]]""","""[[-0.06489138]]""",NA,NA,NA,NA,NA,NA,NA
1201,17.000953674316406,"""[39.29217]""","""[0.9853311]""",1.219551682472229,0.005091941449791193,"""[[-0.04588489]]""","""[[-0.05275995]]""",NA,NA,NA,NA,NA,NA,NA
1202,20.5151309967041,"""[39.114582]""","""[0.9940875]""",0.7829108238220215,0.007757687475532293,"""[[-0.05198395]]""","""[[-0.06769022]]""",NA,NA,NA,NA,NA,NA,NA
1203,22.436378479003906,"""[38.710087]""","""[1.0182816]""",0.6870113015174866,0.00948213879019022,"""[[-0.03479069]]""","""[[-0.09058295]]""",NA,NA,NA,NA,NA,NA,NA
1204,23.430309295654297,"""[39.056087]""","""[0.99571854]""",3.234285831451416,0.01030002348124981,"""[[-0.0524284]]""","""[[-0.06496654]]""",NA,NA,NA,NA,NA,NA,NA
1205,20.61398696899414,"""[39.22938]""","""[0.9884566]""",2.4759974479675293,0.0084230313077569,"""[[-0.04160024]]""","""[[-0.04333837]]""",NA,NA,NA,NA,NA,NA,NA
1206,15.778164863586426,"""[38.576466]""","""[1.0329794]""",0.4998576045036316,0.005342389922589064,"""[[0.0287192]]""","""[[-0.06344057]]""",NA,NA,NA,NA,NA,NA,NA
1207,12.727285385131836,"""[39.30019]""","""[0.9889165]""",1.4025530815124512,0.0029411856085062027,"""[[0.01771293]]""","""[[-0.00084977]]""",NA,NA,NA,NA,NA,NA,NA
1208,10.854835510253906,"""[39.385117]""","""[0.9831966]""",0.32315486669540405,0.0016726355534046888,"""[[0.04520535]]""","""[[0.0301128]]""",NA,NA,NA,NA,NA,NA,NA
1209,11.145742416381836,"""[38.902966]""","""[1.0107386]""",0.3900434374809265,0.001851195003837347,"""[[0.09860668]]""","""[[0.02932442]]""",NA,NA,NA,NA,NA,NA,NA
1210,12.876718521118164,"""[38.95538]""","""[1.0039905]""",0.5398269295692444,0.0030492714140564203,"""[[0.11293343]]""","""[[0.05495397]]""",NA,NA,NA,NA,NA,NA,NA
1211,15.764464378356934,"""[39.239227]""","""[0.98200387]""",3.1468870639801025,0.005107482895255089,"""[[0.10869425]]""","""[[0.09190711]]""",NA,NA,NA,NA,NA,NA,NA
1212,16.26386260986328,"""[38.947006]""","""[0.99878746]""",4.499370574951172,0.00528054591268301,"""[[0.12468315]]""","""[[0.07640951]]""",NA,NA,NA,NA,NA,NA,NA
1213,14.135483741760254,"""[38.52694]""","""[1.0262418]""",0.6772782802581787,0.00384584185667336,"""[[0.13560104]]""","""[[0.03242816]]""",NA,NA,NA,NA,NA,NA,NA
1214,12.29071044921875,"""[39.305565]""","""[0.9785734]""",0.5065157413482666,0.0022039045579731464,"""[[0.0729336]]""","""[[0.05355394]]""",NA,NA,NA,NA,NA,NA,NA
1215,11.178506851196289,"""[39.394375]""","""[0.9740868]""",0.5341389179229736,0.0012991898693144321,"""[[0.05018281]]""","""[[0.03747666]]""",NA,NA,NA,NA,NA,NA,NA
1216,10.628702163696289,"""[38.709686]""","""[1.0174543]""",0.35933756828308105,0.0007198342937044799,"""[[0.07330287]]""","""[[-0.0190325]]""",NA,NA,NA,NA,NA,NA,NA
1217,10.392007827758789,"""[38.925625]""","""[1.0048652]""",0.42175495624542236,0.0003641901130322367,"""[[0.04376756]]""","""[[-0.02441806]]""",NA,NA,NA,NA,NA,NA,NA
1218,10.687956809997559,"""[39.457874]""","""[0.97303146]""",0.29831287264823914,0.0007158744847401977,"""[[-0.00518844]]""","""[[-0.01231876]]""",NA,NA,NA,NA,NA,NA,NA
1219,11.221623420715332,"""[39.07057]""","""[0.9973546]""",0.577343225479126,0.0009084016201086342,"""[[-0.00077656]]""","""[[-0.05000556]]""",NA,NA,NA,NA,NA,NA,NA
1220,12.438554763793945,"""[38.840954]""","""[1.0124376]""",0.4884081482887268,0.0018480379367247224,"""[[-0.00654438]]""","""[[-0.07854033]]""",NA,NA,NA,NA,NA,NA,NA
1221,13.555773735046387,"""[39.289543]""","""[0.98577917]""",0.831735372543335,0.002658873563632369,"""[[-0.04463675]]""","""[[-0.06225318]]""",NA,NA,NA,NA,NA,NA,NA
1222,13.759909629821777,"""[39.293552]""","""[0.987706]""",0.8978114128112793,0.0027869343757629395,"""[[-0.04834696]]""","""[[-0.06513455]]""",NA,NA,NA,NA,NA,NA,NA
1223,13.008686065673828,"""[38.86687]""","""[1.0169405]""",0.6861215829849243,0.002254531951621175,"""[[-0.01875556]]""","""[[-0.08685739]]""",NA,NA,NA,NA,NA,NA,NA
1224,12.7615385055542,"""[39.260647]""","""[0.9943382]""",2.1841137409210205,0.0019924361258745193,"""[[-0.03762757]]""","""[[-0.06156361]]""",NA,NA,NA,NA,NA,NA,NA
1225,11.612561225891113,"""[39.421085]""","""[0.9870573]""",0.3254159390926361,0.0011850103037431836,"""[[-0.03158124]]""","""[[-0.04103681]]""",NA,NA,NA,NA,NA,NA,NA
1226,10.836688995361328,"""[39.14442]""","""[1.0060402]""",0.5053538084030151,0.000525892770383507,"""[[0.00019305]]""","""[[-0.04310006]]""",NA,NA,NA,NA,NA,NA,NA
1227,10.68511962890625,"""[39.23477]""","""[1.0017865]""",1.0768362283706665,0.0003853275557048619,"""[[0.00669704]]""","""[[-0.02682146]]""",NA,NA,NA,NA,NA,NA,NA
1228,11.010573387145996,"""[39.4231]""","""[0.990682]""",0.2666856348514557,0.0006553683197125793,"""[[0.01172721]]""","""[[0.00055381]]""",NA,NA,NA,NA,NA,NA,NA
1229,11.894983291625977,"""[39.307316]""","""[0.9975052]""",0.5315519571304321,0.0012510190717875957,"""[[0.03205632]]""","""[[0.01054161]]""",NA,NA,NA,NA,NA,NA,NA
1230,13.513465881347656,"""[39.1348]""","""[1.0066563]""",0.3627123236656189,0.002430223859846592,"""[[0.05481271]]""","""[[0.0187616]]""",NA,NA,NA,NA,NA,NA,NA
1231,15.142341613769531,"""[39.232735]""","""[0.9985042]""",0.6330224275588989,0.0036421269178390503,"""[[0.05720386]]""","""[[0.03755131]]""",NA,NA,NA,NA,NA,NA,NA
1232,15.929555892944336,"""[39.255253]""","""[0.99549544]""",3.459669589996338,0.004254163708537817,"""[[0.05872875]]""","""[[0.04426903]]""",NA,NA,NA,NA,NA,NA,NA
1233,14.531244277954102,"""[39.4328]""","""[0.9875257]""",0.3508753776550293,0.003267743391916156,"""[[0.04233098]]""","""[[0.04341227]]""",NA,NA,NA,NA,NA,NA,NA
1234,13.153236389160156,"""[39.166058]""","""[1.0063702]""",0.8957012891769409,0.002189583843573928,"""[[0.04990887]]""","""[[0.01635247]]""",NA,NA,NA,NA,NA,NA,NA
1235,11.685070037841797,"""[39.178303]""","""[1.0078015]""",0.3705775737762451,0.0011256943689659238,"""[[0.03602942]]""","""[[-0.00077649]]""",NA,NA,NA,NA,NA,NA,NA
1236,10.856563568115234,"""[39.50791]""","""[0.9886644]""",0.41295695304870605,0.000611225375905633,"""[[0.00152366]]""","""[[-0.00050169]]""",NA,NA,NA,NA,NA,NA,NA
1237,10.739445686340332,"""[39.32438]""","""[0.99960136]""",0.228414386510849,0.00047794461715966463,"""[[-0.00591261]]""","""[[-0.02899736]]""",NA,NA,NA,NA,NA,NA,NA
1238,11.407187461853027,"""[39.18567]""","""[1.0069582]""",1.401853322982788,0.0009791329503059387,"""[[-0.01439294]]""","""[[-0.05113554]]""",NA,NA,NA,NA,NA,NA,NA
1239,11.956740379333496,"""[39.531506]""","""[0.9854908]""",1.3314298391342163,0.0014866978162899613,"""[[-0.04072339]]""","""[[-0.03660091]]""",NA,NA,NA,NA,NA,NA,NA
1240,11.664451599121094,"""[39.282505]""","""[1.0008363]""",0.4763680696487427,0.001188481692224741,"""[[-0.02430661]]""","""[[-0.04914521]]""",NA,NA,NA,NA,NA,NA,NA
1241,11.195286750793457,"""[39.125652]""","""[1.0105637]""",0.39436548948287964,0.000865819922182709,"""[[-0.00835467]]""","""[[-0.0524447]]""",NA,NA,NA,NA,NA,NA,NA
1242,10.771141052246094,"""[39.412273]""","""[0.9923122]""",1.6624417304992676,0.0006007551564835012,"""[[-0.01484886]]""","""[[-0.0274639]]""",NA,NA,NA,NA,NA,NA,NA
1243,10.594626426696777,"""[39.520187]""","""[0.98567873]""",0.2456030398607254,0.0005452157347463071,"""[[-0.00521554]]""","""[[-0.00612062]]""",NA,NA,NA,NA,NA,NA,NA
1244,10.977422714233398,"""[39.12406]""","""[1.0093313]""",0.5376764535903931,0.0007488203118555248,"""[[0.03018033]]""","""[[-0.01432662]]""",NA,NA,NA,NA,NA,NA,NA
1245,12.169185638427734,"""[39.26729]""","""[0.99923366]""",1.4885315895080566,0.0016300423303619027,"""[[0.03499636]]""","""[[0.01066099]]""",NA,NA,NA,NA,NA,NA,NA
1246,12.792167663574219,"""[39.314423]""","""[0.9951955]""",1.316180944442749,0.002117912517860532,"""[[0.03678666]]""","""[[0.01986781]]""",NA,NA,NA,NA,NA,NA,NA
1247,12.424342155456543,"""[39.115524]""","""[1.0067918]""",0.33527883887290955,0.0018543543992564082,"""[[0.04665251]]""","""[[0.00609096]]""",NA,NA,NA,NA,NA,NA,NA
1248,11.909942626953125,"""[39.277847]""","""[0.99619216]""",0.8043925762176514,0.0015086376806721091,"""[[0.03337955]]""","""[[0.00985768]]""",NA,NA,NA,NA,NA,NA,NA
1249,11.87777328491211,"""[39.431847]""","""[0.98615354]""",0.29276561737060547,0.0015732698375359178,"""[[0.02372626]]""","""[[0.01761229]]""",NA,NA,NA,NA,NA,NA,NA
1250,11.743387222290039,"""[39.134285]""","""[1.0039266]""",0.721869707107544,0.001429385389201343,"""[[0.03959595]]""","""[[-0.0005204]]""",NA,NA,NA,NA,NA,NA,NA
1251,11.99969482421875,"""[39.05137]""","""[1.0076613]""",1.7709722518920898,0.0016773465322330594,"""[[0.04541169]]""","""[[-0.0031547]]""",NA,NA,NA,NA,NA,NA,NA
1252,11.405447006225586,"""[39.216118]""","""[0.99621624]""",0.9575555920600891,0.0012957464205101132,"""[[0.02951529]]""","""[[-0.00185133]]""",NA,NA,NA,NA,NA,NA,NA
1253,10.665284156799316,"""[39.45401]""","""[0.9819523]""",0.6341017484664917,0.0008793947054073215,"""[[0.00497089]]""","""[[-0.00182173]]""",NA,NA,NA,NA,NA,NA,NA
1254,10.312871932983398,"""[39.089188]""","""[1.0042877]""",0.7702969312667847,0.0005556281539611518,"""[[0.01817895]]""","""[[-0.03092977]]""",NA,NA,NA,NA,NA,NA,NA
1255,10.255441665649414,"""[39.03483]""","""[1.007399]""",0.5784918665885925,0.0005770537536591291,"""[[0.01782843]]""","""[[-0.03757597]]""",NA,NA,NA,NA,NA,NA,NA
1256,10.191747665405273,"""[39.382885]""","""[0.9858007]""",0.31972289085388184,0.0006115547148510814,"""[[-0.00789886]]""","""[[-0.02393092]]""",NA,NA,NA,NA,NA,NA,NA
1257,10.156036376953125,"""[39.278618]""","""[0.99225897]""",0.23560994863510132,0.0005597581621259451,"""[[-0.00880913]]""","""[[-0.03669738]]""",NA,NA,NA,NA,NA,NA,NA
1258,10.236696243286133,"""[39.00599]""","""[1.0093024]""",0.3570108413696289,0.0006265071569941938,"""[[0.00071063]]""","""[[-0.05799888]]""",NA,NA,NA,NA,NA,NA,NA
1259,10.51961898803711,"""[39.281803]""","""[0.99246955]""",1.6371129751205444,0.0008114570518955588,"""[[-0.02142824]]""","""[[-0.04786906]]""",NA,NA,NA,NA,NA,NA,NA
1260,10.512721061706543,"""[39.497623]""","""[0.98098797]""",0.4346233606338501,0.0008781941141933203,"""[[-0.03085289]]""","""[[-0.03313367]]""",NA,NA,NA,NA,NA,NA,NA
1261,10.444070816040039,"""[39.092464]""","""[1.0076158]""",0.26031261682510376,0.0006837504915893078,"""[[-0.00646587]]""","""[[-0.05492598]]""",NA,NA,NA,NA,NA,NA,NA
1262,10.410679817199707,"""[39.118313]""","""[1.0075363]""",2.2119200229644775,0.0006173583678901196,"""[[-0.00484541]]""","""[[-0.0505542]]""",NA,NA,NA,NA,NA,NA,NA
1263,10.939072608947754,"""[39.630535]""","""[0.9774831]""",0.2995571196079254,0.001123702502809465,"""[[-0.03959033]]""","""[[-0.02599186]]""",NA,NA,NA,NA,NA,NA,NA
1264,11.244385719299316,"""[39.2975]""","""[0.998901]""",0.27519115805625916,0.0011313622817397118,"""[[-0.02486544]]""","""[[-0.04782983]]""",NA,NA,NA,NA,NA,NA,NA
1265,11.669295310974121,"""[39.02582]""","""[1.0166312]""",0.5762981176376343,0.0014606150798499584,"""[[-0.01216287]]""","""[[-0.06492303]]""",NA,NA,NA,NA,NA,NA,NA
1266,11.804085731506348,"""[39.4726]""","""[0.989659]""",5.245579242706299,0.0015307150315493345,"""[[-0.03471026]]""","""[[-0.03618506]]""",NA,NA,NA,NA,NA,NA,NA
1267,10.603260040283203,"""[39.254406]""","""[1.0035316]""",0.4982593357563019,0.0006221776711754501,"""[[-0.00548694]]""","""[[-0.03523812]]""",NA,NA,NA,NA,NA,NA,NA
1268,10.188669204711914,"""[39.267403]""","""[1.0025752]""",0.5277237296104431,0.000332975119818002,"""[[0.01178105]]""","""[[-0.01765401]]""",NA,NA,NA,NA,NA,NA,NA
1269,10.457566261291504,"""[39.36897]""","""[0.9950194]""",0.5229949951171875,0.0005635985289700329,"""[[0.017994]]""","""[[0.00108027]]""",NA,NA,NA,NA,NA,NA,NA
1270,11.290996551513672,"""[39.277527]""","""[0.9984012]""",0.9285920858383179,0.0011890545720234513,"""[[0.03541488]]""","""[[0.01095811]]""",NA,NA,NA,NA,NA,NA,NA
1271,11.911096572875977,"""[39.317448]""","""[0.9949199]""",0.3537573516368866,0.001661051413975656,"""[[0.0391724]]""","""[[0.02126256]]""",NA,NA,NA,NA,NA,NA,NA
1272,12.169658660888672,"""[39.196587]""","""[1.0015286]""",1.5949714183807373,0.0018573369598016143,"""[[0.04850944]]""","""[[0.0178094]]""",NA,NA,NA,NA,NA,NA,NA
1273,11.486315727233887,"""[39.061623]""","""[1.0093473]""",0.3130161166191101,0.0014057147782295942,"""[[0.05226494]]""","""[[0.00418998]]""",NA,NA,NA,NA,NA,NA,NA
1274,11.108299255371094,"""[39.43046]""","""[0.98596656]""",0.5324847102165222,0.0011888692388311028,"""[[0.02685504]]""","""[[0.01959751]]""",NA,NA,NA,NA,NA,NA,NA
1275,10.433280944824219,"""[39.287945]""","""[0.99444044]""",0.4020231366157532,0.0006714711198583245,"""[[0.02714999]]""","""[[0.00186828]]""",NA,NA,NA,NA,NA,NA,NA
1276,9.955392837524414,"""[39.01172]""","""[1.0112469]""",0.25923582911491394,0.000375943083781749,"""[[0.03259591]]""","""[[-0.02553061]]""",NA,NA,NA,NA,NA,NA,NA
1277,9.908756256103516,"""[39.323376]""","""[0.99139166]""",0.39639952778816223,0.0003424219321459532,"""[[0.00577701]]""","""[[-0.01690262]]""",NA,NA,NA,NA,NA,NA,NA
1278,10.1581392288208,"""[39.362522]""","""[0.98828214]""",0.28955143690109253,0.000557358143851161,"""[[-0.0068808]]""","""[[-0.02427376]]""",NA,NA,NA,NA,NA,NA,NA
1279,10.464827537536621,"""[39.014942]""","""[1.0089581]""",0.6191232204437256,0.0007963132811710238,"""[[0.00554172]]""","""[[-0.05026234]]""",NA,NA,NA,NA,NA,NA,NA
1280,10.61927604675293,"""[39.161922]""","""[0.9993386]""",0.24485668540000916,0.0008937965612858534,"""[[-0.00423978]]""","""[[-0.0426738]]""",NA,NA,NA,NA,NA,NA,NA
1281,10.725210189819336,"""[39.385105]""","""[0.9854155]""",0.28192558884620667,0.0010327945929020643,"""[[-0.01621196]]""","""[[-0.02901461]]""",NA,NA,NA,NA,NA,NA,NA
1282,10.540584564208984,"""[39.11942]""","""[1.0018544]""",0.5880832076072693,0.0008676134166307747,"""[[0.00189314]]""","""[[-0.04146141]]""",NA,NA,NA,NA,NA,NA,NA
1283,10.645905494689941,"""[39.022152]""","""[1.0074745]""",0.32751452922821045,0.0009916360722854733,"""[[0.00706859]]""","""[[-0.0469447]]""",NA,NA,NA,NA,NA,NA,NA
1284,10.668614387512207,"""[39.380066]""","""[0.98548687]""",0.36617326736450195,0.00104575848672539,"""[[-0.01066116]]""","""[[-0.02395052]]""",NA,NA,NA,NA,NA,NA,NA
1285,10.372210502624512,"""[39.266403]""","""[0.9930897]""",1.1944091320037842,0.0008069151663221419,"""[[0.00158974]]""","""[[-0.02539994]]""",NA,NA,NA,NA,NA,NA,NA
1286,9.867809295654297,"""[39.01297]""","""[1.01004]""",0.22805525362491608,0.00047402444761246443,"""[[0.02837245]]""","""[[-0.02911428]]""",NA,NA,NA,NA,NA,NA,NA
1287,9.762744903564453,"""[39.28256]""","""[0.9941302]""",0.22946983575820923,0.0003690592129714787,"""[[0.02382291]]""","""[[-0.00335375]]""",NA,NA,NA,NA,NA,NA,NA
1288,9.876544952392578,"""[39.3999]""","""[0.9876362]""",0.38655292987823486,0.00048622398753650486,"""[[0.02544814]]""","""[[0.01178917]]""",NA,NA,NA,NA,NA,NA,NA
1289,9.890584945678711,"""[39.05974]""","""[1.0090516]""",0.2985776364803314,0.0005016944487579167,"""[[0.04934418]]""","""[[-0.00287358]]""",NA,NA,NA,NA,NA,NA,NA
1290,10.069945335388184,"""[39.192158]""","""[1.0009019]""",0.4914112687110901,0.0006096623255871236,"""[[0.04619118]]""","""[[0.00964375]]""",NA,NA,NA,NA,NA,NA,NA
1291,10.156832695007324,"""[39.456158]""","""[0.9851052]""",1.2138077020645142,0.0007277396507561207,"""[[0.03102091]]""","""[[0.02455247]]""",NA,NA,NA,NA,NA,NA,NA
1292,10.391356468200684,"""[39.25127]""","""[0.9980083]""",0.634591281414032,0.0008201826130971313,"""[[0.04644834]]""","""[[0.01758152]]""",NA,NA,NA,NA,NA,NA,NA
1293,10.409610748291016,"""[39.192528]""","""[1.003022]""",1.9433141946792603,0.0008134477538987994,"""[[0.04899919]]""","""[[0.01342793]]""",NA,NA,NA,NA,NA,NA,NA
1294,9.983545303344727,"""[39.261654]""","""[1.0000266]""",1.0457345247268677,0.0005009712185710669,"""[[0.03668778]]""","""[[0.00765982]]""",NA,NA,NA,NA,NA,NA,NA
1295,9.885427474975586,"""[39.28965]""","""[0.9982824]""",1.0657927989959717,0.00043363042641431093,"""[[0.0315699]]""","""[[0.00549238]]""",NA,NA,NA,NA,NA,NA,NA
1296,9.738208770751953,"""[39.302376]""","""[0.9973165]""",0.3082353472709656,0.00034345046151429415,"""[[0.02178701]]""","""[[-0.00317447]]""",NA,NA,NA,NA,NA,NA,NA
1297,9.853656768798828,"""[39.268795]""","""[0.99888575]""",0.2757130265235901,0.0004422492056619376,"""[[0.0126775]]""","""[[-0.0155896]]""",NA,NA,NA,NA,NA,NA,NA
1298,10.107751846313477,"""[39.22047]""","""[1.0009165]""",0.21737700700759888,0.0006479682051576674,"""[[0.00716066]]""","""[[-0.02564421]]""",NA,NA,NA,NA,NA,NA,NA
1299,10.441577911376953,"""[39.287933]""","""[0.9957307]""",0.5398101210594177,0.0009111660765483975,"""[[-0.00326854]]""","""[[-0.02724437]]""",NA,NA,NA,NA,NA,NA,NA
1300,10.452929496765137,"""[39.244537]""","""[0.9977303]""",0.22367286682128906,0.000933174102101475,"""[[-0.0021164]]""","""[[-0.03085185]]""",NA,NA,NA,NA,NA,NA,NA
1301,10.420068740844727,"""[39.202045]""","""[0.99977314]""",0.2269686758518219,0.000928027555346489,"""[[7.888493e-05]]""","""[[-0.03346208]]""",NA,NA,NA,NA,NA,NA,NA
1302,10.391643524169922,"""[39.246853]""","""[0.9964921]""",0.24688243865966797,0.0009251333540305495,"""[[-0.00195333]]""","""[[-0.03039092]]""",NA,NA,NA,NA,NA,NA,NA
1303,10.375066757202148,"""[39.245228]""","""[0.9961408]""",0.33585721254348755,0.0009347776067443192,"""[[-0.00134714]]""","""[[-0.02991177]]""",NA,NA,NA,NA,NA,NA,NA
1304,10.478130340576172,"""[39.24264]""","""[0.9961315]""",0.2347038984298706,0.0010316665284335613,"""[[-0.00189937]]""","""[[-0.03035224]]""",NA,NA,NA,NA,NA,NA,NA
1305,10.448017120361328,"""[39.17718]""","""[1.0001668]""",0.9559352397918701,0.001036362606100738,"""[[0.00301552]]""","""[[-0.032877]]""",NA,NA,NA,NA,NA,NA,NA
1306,10.847825050354004,"""[39.193684]""","""[0.99842376]""",0.3392103910446167,0.0013778798747807741,"""[[-0.00096166]]""","""[[-0.03357403]]""",NA,NA,NA,NA,NA,NA,NA
1307,10.984846115112305,"""[39.230278]""","""[0.9957574]""",0.30954262614250183,0.001532035181298852,"""[[-0.00224709]]""","""[[-0.03014621]]""",NA,NA,NA,NA,NA,NA,NA
1308,10.847792625427246,"""[39.214912]""","""[0.9968573]""",0.7162419557571411,0.0014852535678073764,"""[[0.00252872]]""","""[[-0.02744865]]""",NA,NA,NA,NA,NA,NA,NA
1309,10.296517372131348,"""[39.179317]""","""[0.99987197]""",1.3203442096710205,0.0011082141427323222,"""[[0.01306724]]""","""[[-0.02267677]]""",NA,NA,NA,NA,NA,NA,NA
1310,9.588149070739746,"""[39.14056]""","""[1.0029292]""",0.30579403042793274,0.0005973352235741913,"""[[0.02970244]]""","""[[-0.01271996]]""",NA,NA,NA,NA,NA,NA,NA
1311,9.48452377319336,"""[39.31999]""","""[0.9920624]""",1.2194466590881348,0.0004994673072360456,"""[[0.03330382]]""","""[[0.01079566]]""",NA,NA,NA,NA,NA,NA,NA
1312,9.515907287597656,"""[39.1298]""","""[1.0033144]""",0.3853868842124939,0.0005353675223886967,"""[[0.04953476]]""","""[[0.00561566]]""",NA,NA,NA,NA,NA,NA,NA
1313,9.57484245300293,"""[39.192364]""","""[0.99909246]""",0.3814859986305237,0.0005644570919685066,"""[[0.04712723]]""","""[[0.01056262]]""",NA,NA,NA,NA,NA,NA,NA
1314,9.74191665649414,"""[39.292015]""","""[0.9924464]""",0.22734244167804718,0.0006696786731481552,"""[[0.04337709]]""","""[[0.01865573]]""",NA,NA,NA,NA,NA,NA,NA
1315,9.830822944641113,"""[39.18771]""","""[0.99860036]""",0.6375124454498291,0.0007088244892656803,"""[[0.04987479]]""","""[[0.01367833]]""",NA,NA,NA,NA,NA,NA,NA
1316,9.697643280029297,"""[39.169674]""","""[1.0001293]""",0.3799530267715454,0.0005950239137746394,"""[[0.04682418]]""","""[[0.00820302]]""",NA,NA,NA,NA,NA,NA,NA
1317,9.680941581726074,"""[39.198776]""","""[0.9982209]""",0.7401825189590454,0.0005604085163213313,"""[[0.04220669]]""","""[[0.00690294]]""",NA,NA,NA,NA,NA,NA,NA
1318,9.43347454071045,"""[39.15993]""","""[1.0003865]""",1.167203664779663,0.00038552514160983264,"""[[0.03699217]]""","""[[-0.00336885]]""",NA,NA,NA,NA,NA,NA,NA
1319,9.493183135986328,"""[39.292168]""","""[0.9920717]""",0.6758357882499695,0.00042325869435444474,"""[[0.02798656]]""","""[[0.00283628]]""",NA,NA,NA,NA,NA,NA,NA
1320,9.67161750793457,"""[39.2494]""","""[0.99476355]""",0.2783700227737427,0.0005439508240669966,"""[[0.03182404]]""","""[[0.00243005]]""",NA,NA,NA,NA,NA,NA,NA
1321,9.950235366821289,"""[39.13265]""","""[1.0021873]""",1.2135419845581055,0.0007617728551849723,"""[[0.04033409]]""","""[[-0.00141268]]""",NA,NA,NA,NA,NA,NA,NA
1322,9.777536392211914,"""[39.03981]""","""[1.0077333]""",0.5407571792602539,0.0006926439818926156,"""[[0.04110837]]""","""[[-0.01165263]]""",NA,NA,NA,NA,NA,NA,NA
1323,9.573373794555664,"""[39.38055]""","""[0.98678315]""",0.299541175365448,0.0005483584827743471,"""[[0.01401666]]""","""[[-0.000718]]""",NA,NA,NA,NA,NA,NA,NA
1324,9.312633514404297,"""[39.308376]""","""[0.9918183]""",0.3099861145019531,0.000354474555933848,"""[[0.00934173]]""","""[[-0.01431404]]""",NA,NA,NA,NA,NA,NA,NA
1325,9.205527305603027,"""[38.98739]""","""[1.012205]""",0.37030214071273804,0.00035925631527788937,"""[[0.01770642]]""","""[[-0.04279539]]""",NA,NA,NA,NA,NA,NA,NA
1326,9.381516456604004,"""[39.27192]""","""[0.99457103]""",0.39179083704948425,0.0004224187578074634,"""[[-0.00498483]]""","""[[-0.03253495]]""",NA,NA,NA,NA,NA,NA,NA
1327,9.755269050598145,"""[39.425747]""","""[0.9851878]""",0.6323854327201843,0.0007284909952431917,"""[[-0.02143208]]""","""[[-0.03052666]]""",NA,NA,NA,NA,NA,NA,NA
1328,10.281643867492676,"""[39.029]""","""[1.0092943]""",1.0337905883789062,0.001132151228375733,"""[[-0.00898415]]""","""[[-0.06134176]]""",NA,NA,NA,NA,NA,NA,NA
1329,11.732569694519043,"""[39.11447]""","""[1.0023869]""",2.378026247024536,0.002151737455278635,"""[[-0.02772854]]""","""[[-0.06572668]]""",NA,NA,NA,NA,NA,NA,NA
1330,11.877054214477539,"""[39.075844]""","""[1.0031215]""",0.3696540892124176,0.0022908803075551987,"""[[-0.02613657]]""","""[[-0.06785472]]""",NA,NA,NA,NA,NA,NA,NA
1331,11.658337593078613,"""[39.20485]""","""[0.99371624]""",0.4827210605144501,0.002138418611139059,"""[[-0.02971842]]""","""[[-0.05724093]]""",NA,NA,NA,NA,NA,NA,NA
1332,10.935935974121094,"""[39.211384]""","""[0.99306184]""",0.2700100839138031,0.001630835235118866,"""[[-0.02091775]]""","""[[-0.04978702]]""",NA,NA,NA,NA,NA,NA,NA
1333,10.152536392211914,"""[39.046368]""","""[1.0033588]""",3.1122705936431885,0.001105050789192319,"""[[-0.00063813]]""","""[[-0.05054468]]""",NA,NA,NA,NA,NA,NA,NA
1334,10.590841293334961,"""[39.319187]""","""[0.9863242]""",1.0436877012252808,0.001442433800548315,"""[[-0.01643044]]""","""[[-0.03400902]]""",NA,NA,NA,NA,NA,NA,NA
1335,11.365861892700195,"""[39.109524]""","""[0.99845594]""",0.49107635021209717,0.0020523355342447758,"""[[-0.01031512]]""","""[[-0.04899222]]""",NA,NA,NA,NA,NA,NA,NA
1336,11.680154800415039,"""[38.95647]""","""[1.0079056]""",0.32528799772262573,0.002392921131104231,"""[[-0.00169428]]""","""[[-0.05671855]]""",NA,NA,NA,NA,NA,NA,NA
1337,11.815281867980957,"""[39.25009]""","""[0.989928]""",0.2719826102256775,0.00249586533755064,"""[[-0.01510592]]""","""[[-0.03626684]]""",NA,NA,NA,NA,NA,NA,NA
1338,11.708776473999023,"""[39.220673]""","""[0.9922947]""",0.2863967716693878,0.002491516061127186,"""[[-0.00905521]]""","""[[-0.03378081]]""",NA,NA,NA,NA,NA,NA,NA
1339,11.533112525939941,"""[38.995033]""","""[1.0069929]""",0.29683345556259155,0.002507195807993412,"""[[0.00829323]]""","""[[-0.0425343]]""",NA,NA,NA,NA,NA,NA,NA
1340,11.251212120056152,"""[39.167423]""","""[0.9970804]""",0.2892608046531677,0.0023487983271479607,"""[[0.0053471]]""","""[[-0.02669451]]""",NA,NA,NA,NA,NA,NA,NA
1341,10.763065338134766,"""[39.291283]""","""[0.9904913]""",0.33287543058395386,0.0020909078884869814,"""[[0.00744317]]""","""[[-0.0121209]]""",NA,NA,NA,NA,NA,NA,NA
1342,10.382259368896484,"""[39.109596]""","""[1.002576]""",0.3487587571144104,0.0019293139921501279,"""[[0.02442068]]""","""[[-0.01687182]]""",NA,NA,NA,NA,NA,NA,NA
1343,10.295063018798828,"""[39.138386]""","""[1.0012429]""",1.0626976490020752,0.001964942319318652,"""[[0.02671286]]""","""[[-0.01151926]]""",NA,NA,NA,NA,NA,NA,NA
1344,9.76598072052002,"""[39.272682]""","""[0.99383044]""",0.21249395608901978,0.0015738680958747864,"""[[0.0279529]]""","""[[0.00317813]]""",NA,NA,NA,NA,NA,NA,NA
1345,9.372045516967773,"""[39.233177]""","""[0.99704105]""",0.6272656321525574,0.0012793592177331448,"""[[0.03764486]]""","""[[0.0070783]]""",NA,NA,NA,NA,NA,NA,NA
1346,9.073995590209961,"""[39.229767]""","""[0.99845916]""",0.2479807734489441,0.000992937246337533,"""[[0.04755468]]""","""[[0.01544439]]""",NA,NA,NA,NA,NA,NA,NA
1347,9.078624725341797,"""[39.262005]""","""[0.99741644]""",0.2615751028060913,0.0009175563463941216,"""[[0.051974]]""","""[[0.02334221]]""",NA,NA,NA,NA,NA,NA,NA
1348,9.260160446166992,"""[39.277695]""","""[0.9971909]""",0.48488375544548035,0.0009471309022046626,"""[[0.05622295]]""","""[[0.02975386]]""",NA,NA,NA,NA,NA,NA,NA
1349,9.33645248413086,"""[39.20109]""","""[1.0023609]""",0.3811141848564148,0.0009181285859085619,"""[[0.06052931]]""","""[[0.02555769]]""",NA,NA,NA,NA,NA,NA,NA
1350,9.298367500305176,"""[39.235462]""","""[1.0002693]""",0.5481033325195312,0.0008080434054136276,"""[[0.05487003]]""","""[[0.02372422]]""",NA,NA,NA,NA,NA,NA,NA
1351,9.165892601013184,"""[39.369263]""","""[0.99231875]""",0.21346399188041687,0.0006453069509007037,"""[[0.03913448]]""","""[[0.02276785]]""",NA,NA,NA,NA,NA,NA,NA
1352,9.012018203735352,"""[39.249516]""","""[0.99995065]""",1.8495404720306396,0.0004661857383325696,"""[[0.03732764]]""","""[[0.0070252]]""",NA,NA,NA,NA,NA,NA,NA
1353,8.965685844421387,"""[39.026222]""","""[1.0127665]""",0.3871975541114807,0.00046296906657516956,"""[[0.04987755]]""","""[[-0.00590944]]""",NA,NA,NA,NA,NA,NA,NA
1354,9.040184020996094,"""[39.389946]""","""[0.9888163]""",0.25726473331451416,0.0004368907248135656,"""[[0.02611408]]""","""[[0.0119884]]""",NA,NA,NA,NA,NA,NA,NA
1355,8.998834609985352,"""[39.332497]""","""[0.99111766]""",0.19945260882377625,0.00038476099143736064,"""[[0.02715782]]""","""[[0.00658123]]""",NA,NA,NA,NA,NA,NA,NA
1356,8.88545036315918,"""[39.018753]""","""[1.0096804]""",0.3102456331253052,0.0003544462379068136,"""[[0.04244466]]""","""[[-0.01396116]]""",NA,NA,NA,NA,NA,NA,NA
1357,8.987387657165527,"""[39.253452]""","""[0.9942094]""",0.2263457179069519,0.00036928278859704733,"""[[0.02782586]]""","""[[-0.00146168]]""",NA,NA,NA,NA,NA,NA,NA
1358,8.999563217163086,"""[39.301445]""","""[0.990537]""",0.22310693562030792,0.0003975618747062981,"""[[0.02251895]]""","""[[-0.00120519]]""",NA,NA,NA,NA,NA,NA,NA
1359,8.859759330749512,"""[39.035423]""","""[1.0065088]""",0.5362861156463623,0.0003593317815102637,"""[[0.03401576]]""","""[[-0.02019106]]""",NA,NA,NA,NA,NA,NA,NA
1360,8.795286178588867,"""[39.233074]""","""[0.994305]""",0.25551357865333557,0.00028898881282657385,"""[[0.01552781]]""","""[[-0.0163823]]""",NA,NA,NA,NA,NA,NA,NA
1361,8.813009262084961,"""[39.351376]""","""[0.9876307]""",0.20073488354682922,0.0003290464810561389,"""[[0.00063061]]""","""[[-0.01791595]]""",NA,NA,NA,NA,NA,NA,NA
1362,8.77820110321045,"""[39.064426]""","""[1.006148]""",0.4430225193500519,0.0003415367391426116,"""[[0.01017276]]""","""[[-0.04099538]]""",NA,NA,NA,NA,NA,NA,NA
1363,9.037264823913574,"""[39.139217]""","""[1.0018862]""",0.9847074747085571,0.0005161391454748809,"""[[-0.00299646]]""","""[[-0.04487973]]""",NA,NA,NA,NA,NA,NA,NA
1364,9.951172828674316,"""[39.459007]""","""[0.9824642]""",0.3731095492839813,0.0011988240294158459,"""[[-0.03374378]]""","""[[-0.0368384]]""",NA,NA,NA,NA,NA,NA,NA
1365,10.436863899230957,"""[39.019764]""","""[1.0095763]""",1.3685832023620605,0.001568961190059781,"""[[-0.01626072]]""","""[[-0.06750318]]""",NA,NA,NA,NA,NA,NA,NA
1366,10.3464937210083,"""[39.13176]""","""[1.0035352]""",0.35101160407066345,0.001448372844606638,"""[[-0.02028522]]""","""[[-0.05906203]]""",NA,NA,NA,NA,NA,NA,NA
1367,10.101510047912598,"""[39.46015]""","""[0.9844143]""",2.6757426261901855,0.0012687413254752755,"""[[-0.03247529]]""","""[[-0.03498386]]""",NA,NA,NA,NA,NA,NA,NA
1368,8.984504699707031,"""[39.109657]""","""[1.0077165]""",0.6196426749229431,0.00044506677659228444,"""[[0.00626007]]""","""[[-0.039294]]""",NA,NA,NA,NA,NA,NA,NA
1369,8.842663764953613,"""[39.257042]""","""[0.99979335]""",0.5022716522216797,0.0002849505399353802,"""[[0.01825601]]""","""[[-0.01104595]]""",NA,NA,NA,NA,NA,NA,NA
1370,9.85852336883545,"""[39.34193]""","""[0.99396044]""",0.29710686206817627,0.0010140698868781328,"""[[0.03316065]]""","""[[0.01658786]]""",NA,NA,NA,NA,NA,NA,NA
1371,11.371265411376953,"""[39.184334]""","""[1.0023799]""",1.3284327983856201,0.0021234117448329926,"""[[0.05594964]]""","""[[0.02624184]]""",NA,NA,NA,NA,NA,NA,NA
1372,12.175193786621094,"""[39.231247]""","""[0.9993571]""",1.7568672895431519,0.0026956647634506226,"""[[0.05830226]]""","""[[0.0363681]]""",NA,NA,NA,NA,NA,NA,NA
1373,11.575586318969727,"""[39.24468]""","""[0.9995781]""",0.8176446557044983,0.0022608928848057985,"""[[0.05453352]]""","""[[0.03224227]]""",NA,NA,NA,NA,NA,NA,NA
1374,10.341747283935547,"""[39.14687]""","""[1.0065426]""",0.7564720511436462,0.0014029392041265965,"""[[0.05156816]]""","""[[0.01439928]]""",NA,NA,NA,NA,NA,NA,NA
1375,9.253279685974121,"""[39.34666]""","""[0.99476296]""",0.7151760458946228,0.0006063957698643208,"""[[0.02655246]]""","""[[0.00874574]]""",NA,NA,NA,NA,NA,NA,NA
1376,8.76845645904541,"""[39.34933]""","""[0.99469644]""",7.07349157333374,0.00027519927243702114,"""[[0.00867346]]""","""[[-0.01025314]]""",NA,NA,NA,NA,NA,NA,NA
1377,8.682844161987305,"""[39.147793]""","""[1.006534]""",0.32245564460754395,0.0002527594624552876,"""[[0.02074019]]""","""[[-0.02120895]]""",NA,NA,NA,NA,NA,NA,NA
1378,8.694292068481445,"""[39.27903]""","""[0.99744296]""",0.21269601583480835,0.0002543672453612089,"""[[0.01580549]]""","""[[-0.01109362]]""",NA,NA,NA,NA,NA,NA,NA
1379,8.755518913269043,"""[39.39902]""","""[0.9893386]""",0.2128368765115738,0.00032982832635752857,"""[[0.01208857]]""","""[[-0.00101319]]""",NA,NA,NA,NA,NA,NA,NA
1380,8.69645881652832,"""[39.174973]""","""[1.0028079]""",2.204160690307617,0.0002928428293671459,"""[[0.02649697]]""","""[[-0.01204022]]""",NA,NA,NA,NA,NA,NA,NA
1381,8.718585968017578,"""[39.40937]""","""[0.98979074]""",0.20334357023239136,0.00030825703288428485,"""[[0.00737514]]""","""[[-0.00469051]]""",NA,NA,NA,NA,NA,NA,NA
1382,8.782615661621094,"""[39.26351]""","""[0.99995285]""",0.2996249198913574,0.00033903506118804216,"""[[0.00936887]]""","""[[-0.01900627]]""",NA,NA,NA,NA,NA,NA,NA
1383,8.932832717895508,"""[39.23151]""","""[1.003103]""",2.1091690063476562,0.0004514377797022462,"""[[0.0075639]]""","""[[-0.0240437]]""",NA,NA,NA,NA,NA,NA,NA
1384,8.921247482299805,"""[39.545074]""","""[0.9859703]""",1.7063020467758179,0.0004702626902144402,"""[[-0.00363853]]""","""[[-9.970763e-05]]""",NA,NA,NA,NA,NA,NA,NA
1385,8.806689262390137,"""[39.29699]""","""[1.0032712]""",1.1442718505859375,0.0003095863794442266,"""[[0.02286269]]""","""[[-0.00207464]]""",NA,NA,NA,NA,NA,NA,NA
1386,9.55912971496582,"""[39.14069]""","""[1.0131835]""",0.4576312303543091,0.0008803334203548729,"""[[0.04617747]]""","""[[0.00566067]]""",NA,NA,NA,NA,NA,NA,NA
1387,11.590737342834473,"""[39.593292]""","""[0.98383826]""",0.31633323431015015,0.002378215081989765,"""[[0.03251759]]""","""[[0.0494401]]""",NA,NA,NA,NA,NA,NA,NA
1388,13.53833293914795,"""[39.316345]""","""[0.99896485]""",0.45598745346069336,0.0037368156481534243,"""[[0.0556638]]""","""[[0.04757695]]""",NA,NA,NA,NA,NA,NA,NA
1389,14.924633979797363,"""[38.98768]""","""[1.0177547]""",1.6024534702301025,0.004890982992947102,"""[[0.07718795]]""","""[[0.03606926]]""",NA,NA,NA,NA,NA,NA,NA
1390,14.834467887878418,"""[39.331215]""","""[0.995382]""",2.14648699760437,0.0048003606498241425,"""[[0.05190964]]""","""[[0.04993247]]""",NA,NA,NA,NA,NA,NA,NA
1391,12.835928916931152,"""[39.463703]""","""[0.9888195]""",0.5695523023605347,0.003456522012129426,"""[[0.03142338]]""","""[[0.03827276]]""",NA,NA,NA,NA,NA,NA,NA
1392,10.604680061340332,"""[39.087307]""","""[1.0136267]""",0.2724175751209259,0.001951404381543398,"""[[0.03666748]]""","""[[-0.00604419]]""",NA,NA,NA,NA,NA,NA,NA
1393,9.292688369750977,"""[39.305107]""","""[1.0001835]""",2.360668182373047,0.0010652089258655906,"""[[0.00626146]]""","""[[-0.01563597]]""",NA,NA,NA,NA,NA,NA,NA
1394,8.829421043395996,"""[39.631607]""","""[0.9804489]""",0.4984229803085327,0.0009520145249553025,"""[[-0.03882734]]""","""[[-0.02565671]]""",NA,NA,NA,NA,NA,NA,NA
1395,9.84439468383789,"""[39.12334]""","""[1.0103679]""",0.4812604784965515,0.0016603086842224002,"""[[-0.03787208]]""","""[[-0.07914835]]""",NA,NA,NA,NA,NA,NA,NA
1396,11.797530174255371,"""[39.046005]""","""[1.0122715]""",1.6873655319213867,0.003157605417072773,"""[[-0.0554402]]""","""[[-0.09957896]]""",NA,NA,NA,NA,NA,NA,NA
1397,12.977582931518555,"""[39.41199]""","""[0.9868669]""",0.6451476812362671,0.004048438742756844,"""[[-0.08497427]]""","""[[-0.08381914]]""",NA,NA,NA,NA,NA,NA,NA
1398,12.994351387023926,"""[39.252655]""","""[0.99518514]""",2.719902992248535,0.003993007820099592,"""[[-0.0753376]]""","""[[-0.09193186]]""",NA,NA,NA,NA,NA,NA,NA
1399,11.245326042175293,"""[38.941288]""","""[1.0153327]""",0.5834634304046631,0.0027652012649923563,"""[[-0.04265583]]""","""[[-0.10002473]]""",NA,NA,NA,NA,NA,NA,NA
1400,9.748664855957031,"""[39.338894]""","""[0.9908738]""",0.8600859045982361,0.0015575516736134887,"""[[-0.04568937]]""","""[[-0.06213919]]""",NA,NA,NA,NA,NA,NA,NA
1401,9.018440246582031,"""[39.325104]""","""[0.9908043]""",0.3438270092010498,0.000939222052693367,"""[[-0.03000923]]""","""[[-0.05003408]]""",NA,NA,NA,NA,NA,NA,NA
1402,8.616814613342285,"""[39.11327]""","""[1.0034595]""",0.9315773248672485,0.000538300781045109,"""[[-0.00486243]]""","""[[-0.05001377]]""",NA,NA,NA,NA,NA,NA,NA
1403,8.411052703857422,"""[39.248154]""","""[0.99518114]""",0.25580817461013794,0.000318847072776407,"""[[0.00539141]]""","""[[-0.02499903]]""",NA,NA,NA,NA,NA,NA,NA
1404,8.689969062805176,"""[39.28695]""","""[0.9927119]""",2.7521591186523438,0.00048644805792719126,"""[[0.02089362]]""","""[[-0.00423314]]""",NA,NA,NA,NA,NA,NA,NA
1405,8.709131240844727,"""[39.05935]""","""[1.0070286]""",0.8272700309753418,0.00048704136861488223,"""[[0.04076113]]""","""[[-0.01021667]]""",NA,NA,NA,NA,NA,NA,NA
1406,9.088207244873047,"""[39.429504]""","""[0.9850163]""",0.40323561429977417,0.0008147776825353503,"""[[0.02921667]]""","""[[0.02123237]]""",NA,NA,NA,NA,NA,NA,NA
1407,9.560495376586914,"""[39.2555]""","""[0.9964545]""",0.5127142071723938,0.001104144030250609,"""[[0.04845057]]""","""[[0.02219196]]""",NA,NA,NA,NA,NA,NA,NA
1408,9.72527027130127,"""[39.0999]""","""[1.0076063]""",1.707950472831726,0.0012408122420310974,"""[[0.06171987]]""","""[[0.0180958]]""",NA,NA,NA,NA,NA,NA,NA
1409,9.238978385925293,"""[39.306915]""","""[0.9965419]""",0.8503639698028564,0.0008946984889917076,"""[[0.04554913]]""","""[[0.02390115]]""",NA,NA,NA,NA,NA,NA,NA
1410,8.634778022766113,"""[39.272663]""","""[0.99961835]""",0.2904559373855591,0.00048173367395065725,"""[[0.03801247]]""","""[[0.01068034]]""",NA,NA,NA,NA,NA,NA,NA
1411,8.510592460632324,"""[39.33613]""","""[0.9964061]""",0.18015997111797333,0.00043323644786141813,"""[[0.02265065]]""","""[[0.00221325]]""",NA,NA,NA,NA,NA,NA,NA
1412,8.855502128601074,"""[39.30865]""","""[0.9982511]""",0.19925557076931,0.0007106423145160079,"""[[0.01250868]]""","""[[-0.00986454]]""",NA,NA,NA,NA,NA,NA,NA
1413,9.462028503417969,"""[39.278233]""","""[0.99992883]""",0.22110775113105774,0.001175367389805615,"""[[0.00405109]]""","""[[-0.01978636]]""",NA,NA,NA,NA,NA,NA,NA
1414,10.300878524780273,"""[39.285324]""","""[0.99873185]""",0.21777446568012238,0.001824281644076109,"""[[-0.00604202]]""","""[[-0.02632867]]""",NA,NA,NA,NA,NA,NA,NA
1415,11.152522087097168,"""[39.29138]""","""[0.9974032]""",0.3058079183101654,0.0024895332753658295,"""[[-0.01402744]]""","""[[-0.03082836]]""",NA,NA,NA,NA,NA,NA,NA
1416,12.11001205444336,"""[39.237816]""","""[0.99937344]""",0.34935933351516724,0.0032449003774672747,"""[[-0.01809822]]""","""[[-0.03779233]]""",NA,NA,NA,NA,NA,NA,NA
1417,13.181872367858887,"""[39.19521]""","""[1.0001574]""",0.29881536960601807,0.004113833419978619,"""[[-0.02215902]]""","""[[-0.0430789]]""",NA,NA,NA,NA,NA,NA,NA
1418,14.094810485839844,"""[39.21093]""","""[0.9972787]""",1.4392871856689453,0.004889059811830521,"""[[-0.02709639]]""","""[[-0.04307842]]""",NA,NA,NA,NA,NA,NA,NA
1419,13.308737754821777,"""[39.017654]""","""[1.0085813]""",2.8623058795928955,0.0044134221971035,"""[[-0.00969675]]""","""[[-0.04995982]]""",NA,NA,NA,NA,NA,NA,NA
1420,11.099831581115723,"""[39.229126]""","""[0.99645436]""",0.36004024744033813,0.002823015209287405,"""[[-0.00177172]]""","""[[-0.02483665]]""",NA,NA,NA,NA,NA,NA,NA
1421,9.37149429321289,"""[39.34669]""","""[0.9901039]""",0.6925750970840454,0.0016178268706426024,"""[[0.01222799]]""","""[[-0.00302916]]""",NA,NA,NA,NA,NA,NA,NA
1422,8.619662284851074,"""[39.134003]""","""[1.0032961]""",1.0225248336791992,0.001101137138903141,"""[[0.037948]]""","""[[-0.00377982]]""",NA,NA,NA,NA,NA,NA,NA
1423,8.261324882507324,"""[39.193504]""","""[0.99965006]""",1.8572447299957275,0.0008348104893229902,"""[[0.05114275]]""","""[[0.01490678]]""",NA,NA,NA,NA,NA,NA,NA
1424,9.108075141906738,"""[39.48821]""","""[0.98169005]""",3.51800274848938,0.0014562447322532535,"""[[0.0533374]]""","""[[0.05258207]]""",NA,NA,NA,NA,NA,NA,NA
1425,9.520545959472656,"""[38.813763]""","""[1.023146]""",1.3294801712036133,0.001779238460585475,"""[[0.09683172]]""","""[[0.02049933]]""",NA,NA,NA,NA,NA,NA,NA
1426,9.389019966125488,"""[39.051334]""","""[1.0067141]""",0.6185489892959595,0.001513801864348352,"""[[0.08039322]]""","""[[0.03124437]]""",NA,NA,NA,NA,NA,NA,NA
1427,9.124102592468262,"""[39.6417]""","""[0.9696993]""",0.4779539704322815,0.0015222210204228759,"""[[0.03964595]]""","""[[0.0563019]]""",NA,NA,NA,NA,NA,NA,NA
1428,8.408673286437988,"""[39.016838]""","""[1.0078182]""",0.22239434719085693,0.0007383730844594538,"""[[0.06459159]]""","""[[0.00887333]]""",NA,NA,NA,NA,NA,NA,NA
1429,8.156538963317871,"""[38.915157]""","""[1.0139867]""",1.4083586931228638,0.0005500549450516701,"""[[0.05937018]]""","""[[-0.00865444]]""",NA,NA,NA,NA,NA,NA,NA
1430,8.3158597946167,"""[39.4727]""","""[0.978739]""",1.4561841487884521,0.0006994458381086588,"""[[0.01116251]]""","""[[0.00706361]]""",NA,NA,NA,NA,NA,NA,NA
1431,8.452771186828613,"""[39.228336]""","""[0.99346673]""",0.3104124069213867,0.0006571228732354939,"""[[0.01562628]]""","""[[-0.01543866]]""",NA,NA,NA,NA,NA,NA,NA
1432,8.569099426269531,"""[38.839344]""","""[1.0178069]""",1.112000584602356,0.0008168545318767428,"""[[0.03171185]]""","""[[-0.04344795]]""",NA,NA,NA,NA,NA,NA,NA
1433,9.128519058227539,"""[39.29296]""","""[0.98843]""",2.53328537940979,0.0011217236751690507,"""[[-0.00553947]]""","""[[-0.02708006]]""",NA,NA,NA,NA,NA,NA,NA
1434,10.79266357421875,"""[39.297974]""","""[0.9858473]""",0.8591679334640503,0.0023694855626672506,"""[[-0.02593685]]""","""[[-0.04155573]]""",NA,NA,NA,NA,NA,NA,NA
1435,11.8192138671875,"""[38.883274]""","""[1.0108124]""",1.3596572875976562,0.003156237304210663,"""[[-0.01416216]]""","""[[-0.0736843]]""",NA,NA,NA,NA,NA,NA,NA
1436,11.85458755493164,"""[39.133297]""","""[0.99612087]""",0.634589433670044,0.003094357904046774,"""[[-0.0297501]]""","""[[-0.06070713]]""",NA,NA,NA,NA,NA,NA,NA
1437,11.11829948425293,"""[39.257706]""","""[0.99011743]""",0.7557908892631531,0.0025461914483457804,"""[[-0.03118589]]""","""[[-0.05046457]]""",NA,NA,NA,NA,NA,NA,NA
1438,9.781978607177734,"""[39.036034]""","""[1.0063095]""",0.7642838358879089,0.0015587136149406433,"""[[-0.00625885]]""","""[[-0.05499811]]""",NA,NA,NA,NA,NA,NA,NA
1439,8.579329490661621,"""[39.08105]""","""[1.0052372]""",0.29727035760879517,0.0006577574531547725,"""[[0.00831036]]""","""[[-0.03911005]]""",NA,NA,NA,NA,NA,NA,NA
1440,8.131067276000977,"""[39.437164]""","""[0.98441607]""",0.2561933100223541,0.0003564434009604156,"""[[0.0054509]]""","""[[-0.0031652]]""",NA,NA,NA,NA,NA,NA,NA
1441,8.314920425415039,"""[39.18337]""","""[1.0005751]""",0.5787678956985474,0.00042402782128192484,"""[[0.03572291]]""","""[[-0.0010237]]""",NA,NA,NA,NA,NA,NA,NA
1442,9.53246784210205,"""[39.153214]""","""[1.002463]""",0.440591037273407,0.0012979890452697873,"""[[0.05309055]]""","""[[0.01659581]]""",NA,NA,NA,NA,NA,NA,NA
1443,11.023337364196777,"""[39.33702]""","""[0.991118]""",0.7906222343444824,0.0023778295144438744,"""[[0.05150299]]""","""[[0.04035971]]""",NA,NA,NA,NA,NA,NA,NA
1444,13.204512596130371,"""[39.26634]""","""[0.9947632]""",2.9535722732543945,0.003944882657378912,"""[[0.06385726]]""","""[[0.05146534]]""",NA,NA,NA,NA,NA,NA,NA
1445,13.16046142578125,"""[38.695633]""","""[1.030631]""",0.4645262062549591,0.004232852719724178,"""[[0.09519401]]""","""[[0.01721993]]""",NA,NA,NA,NA,NA,NA,NA
1446,13.21833610534668,"""[39.504826]""","""[0.9792643]""",0.3689991533756256,0.004103728104382753,"""[[0.04363984]]""","""[[0.05835751]]""",NA,NA,NA,NA,NA,NA,NA
1447,12.662731170654297,"""[39.445663]""","""[0.982692]""",4.746691703796387,0.003719428088515997,"""[[0.04085599]]""","""[[0.04742383]]""",NA,NA,NA,NA,NA,NA,NA
1448,10.109819412231445,"""[38.7435]""","""[1.029735]""",0.36331793665885925,0.002104690298438072,"""[[0.06513489]]""","""[[-0.01648758]]""",NA,NA,NA,NA,NA,NA,NA
1449,8.716151237487793,"""[39.402077]""","""[0.9899513]""",0.605669379234314,0.0008879675879143178,"""[[0.00913556]]""","""[[-0.00148712]]""",NA,NA,NA,NA,NA,NA,NA
1450,8.223584175109863,"""[39.65688]""","""[0.9755166]""",0.34847748279571533,0.0007188983727246523,"""[[-0.02663161]]""","""[[-0.01043713]]""",NA,NA,NA,NA,NA,NA,NA
1451,8.633801460266113,"""[38.976997]""","""[1.0178813]""",0.3182297348976135,0.0009749414166435599,"""[[-0.01023856]]""","""[[-0.06982327]]""",NA,NA,NA,NA,NA,NA,NA
1452,9.94133186340332,"""[39.175404]""","""[1.0048075]""",1.498910665512085,0.00185945734847337,"""[[-0.03977734]]""","""[[-0.07270924]]""",NA,NA,NA,NA,NA,NA,NA
1453,10.897418975830078,"""[39.668194]""","""[0.97482806]""",0.568321943283081,0.0027312934398651123,"""[[-0.0748416]]""","""[[-0.04953426]]""",NA,NA,NA,NA,NA,NA,NA
1454,11.519387245178223,"""[39.214054]""","""[1.0031033]""",0.7113023996353149,0.002963998354971409,"""[[-0.05517147]]""","""[[-0.07902623]]""",NA,NA,NA,NA,NA,NA,NA
1455,11.50302505493164,"""[38.98198]""","""[1.0187564]""",0.8045192956924438,0.002993375062942505,"""[[-0.03975321]]""","""[[-0.09028842]]""",NA,NA,NA,NA,NA,NA,NA
1456,10.880576133728027,"""[39.40826]""","""[0.99237746]""",0.30467334389686584,0.00243156380020082,"""[[-0.05514116]]""","""[[-0.05891318]]""",NA,NA,NA,NA,NA,NA,NA
1457,10.20044994354248,"""[39.505875]""","""[0.98638767]""",0.273525208234787,0.001940795686095953,"""[[-0.05036082]]""","""[[-0.04512742]]""",NA,NA,NA,NA,NA,NA,NA
1458,9.394861221313477,"""[39.079372]""","""[1.0127639]""",0.25792184472084045,0.0013097850605845451,"""[[-0.01471006]]""","""[[-0.06015969]]""",NA,NA,NA,NA,NA,NA,NA
1459,8.807997703552246,"""[39.26176]""","""[1.00087]""",0.46564704179763794,0.0008316966705024242,"""[[-0.01246549]]""","""[[-0.03875224]]""",NA,NA,NA,NA,NA,NA,NA
1460,8.263453483581543,"""[39.445934]""","""[0.98864007]""",0.19370754063129425,0.00048709564725868404,"""[[-0.00808443]]""","""[[-0.01510422]]""",NA,NA,NA,NA,NA,NA,NA
1461,7.955368518829346,"""[39.216187]""","""[1.0018626]""",0.16938529908657074,0.00024471982032991946,"""[[0.01895784]]""","""[[-0.01485228]]""",NA,NA,NA,NA,NA,NA,NA
1462,8.013011932373047,"""[39.16374]""","""[1.0039703]""",1.3371803760528564,0.00031941884662956,"""[[0.03424425]]""","""[[-0.00525216]]""",NA,NA,NA,NA,NA,NA,NA
1463,8.716191291809082,"""[39.329353]""","""[0.9917278]""",0.25881481170654297,0.0008666039211675525,"""[[0.03989999]]""","""[[0.02145062]]""",NA,NA,NA,NA,NA,NA,NA
1464,9.931442260742188,"""[39.210247]""","""[0.99673337]""",0.3188742399215698,0.0017552727367728949,"""[[0.05869674]]""","""[[0.03064545]]""",NA,NA,NA,NA,NA,NA,NA
1465,11.098679542541504,"""[39.06046]""","""[1.0040852]""",1.7636983394622803,0.002631444251164794,"""[[0.0744371]]""","""[[0.03308145]]""",NA,NA,NA,NA,NA,NA,NA
1466,11.064332008361816,"""[39.080578]""","""[1.0020071]""",0.3504948914051056,0.0026154308579862118,"""[[0.07266464]]""","""[[0.03362256]]""",NA,NA,NA,NA,NA,NA,NA
1467,11.108176231384277,"""[39.28889]""","""[0.98833984]""",0.33345088362693787,0.0026714173145592213,"""[[0.0588999]]""","""[[0.0437267]]""",NA,NA,NA,NA,NA,NA,NA
1468,10.612338066101074,"""[39.069885]""","""[1.001736]""",0.6007226705551147,0.002302413107827306,"""[[0.06687828]]""","""[[0.02547959]]""",NA,NA,NA,NA,NA,NA,NA
1469,10.512187957763672,"""[39.001156]""","""[1.0050857]""",4.373491287231445,0.0022665392607450485,"""[[0.06684636]]""","""[[0.01749241]]""",NA,NA,NA,NA,NA,NA,NA
1470,8.988350868225098,"""[39.07044]""","""[1.0012066]""",0.3565202057361603,0.001166507601737976,"""[[0.048466]]""","""[[0.00241574]]""",NA,NA,NA,NA,NA,NA,NA
1471,8.009971618652344,"""[39.31643]""","""[0.98655623]""",0.7166155576705933,0.0005044551799073815,"""[[0.01773104]]""","""[[-0.0034643]]""",NA,NA,NA,NA,NA,NA,NA
1472,7.727787494659424,"""[39.136692]""","""[0.9982557]""",0.7627021670341492,0.000288798357360065,"""[[0.00765567]]""","""[[-0.03476366]]""",NA,NA,NA,NA,NA,NA,NA
1473,8.744383811950684,"""[38.978577]""","""[1.0076219]""",0.6304582357406616,0.001082902424968779,"""[[-0.00700508]]""","""[[-0.06434424]]""",NA,NA,NA,NA,NA,NA,NA
1474,10.327441215515137,"""[39.275017]""","""[0.98854715]""",1.1316123008728027,0.002234504558146,"""[[-0.04121633]]""","""[[-0.06001725]]""",NA,NA,NA,NA,NA,NA,NA
1475,11.110225677490234,"""[39.165897]""","""[0.9957233]""",0.5469529628753662,0.0027862396091222763,"""[[-0.0426362]]""","""[[-0.07142451]]""",NA,NA,NA,NA,NA,NA,NA
1476,12.107666015625,"""[38.974545]""","""[1.0076252]""",1.0424768924713135,0.0035427205730229616,"""[[-0.03932729]]""","""[[-0.08686002]]""",NA,NA,NA,NA,NA,NA,NA
1477,12.053906440734863,"""[39.108467]""","""[0.99988997]""",0.5911777019500732,0.003455864731222391,"""[[-0.04463825]]""","""[[-0.07704889]]""",NA,NA,NA,NA,NA,NA,NA
1478,11.275409698486328,"""[39.262634]""","""[0.99159706]""",2.110841751098633,0.0028755394741892815,"""[[-0.04474905]]""","""[[-0.06209966]]""",NA,NA,NA,NA,NA,NA,NA
1479,9.385238647460938,"""[39.019123]""","""[1.0088269]""",0.26810404658317566,0.0015014815144240856,"""[[-0.01260247]]""","""[[-0.06353544]]""",NA,NA,NA,NA,NA,NA,NA
1480,8.230388641357422,"""[39.24155]""","""[0.9962863]""",0.37290966510772705,0.0006121816695667803,"""[[-0.00675256]]""","""[[-0.03593628]]""",NA,NA,NA,NA,NA,NA,NA
1481,7.763510227203369,"""[39.37767]""","""[0.9887784]""",0.32142311334609985,0.00028735987143591046,"""[[0.00442704]]""","""[[-0.01085732]]""",NA,NA,NA,NA,NA,NA,NA
1482,7.930283069610596,"""[39.128544]""","""[1.0046475]""",0.18078871071338654,0.00037518946919590235,"""[[0.03261895]]""","""[[-0.01039897]]""",NA,NA,NA,NA,NA,NA,NA
1483,8.51162052154541,"""[39.189785]""","""[1.0009301]""",0.8893388509750366,0.0007849991088733077,"""[[0.04013871]]""","""[[0.00585636]]""",NA,NA,NA,NA,NA,NA,NA
1484,8.95078182220459,"""[39.50866]""","""[0.98272735]""",0.23149767518043518,0.0011741985799744725,"""[[0.02619418]]""","""[[0.02908962]]""",NA,NA,NA,NA,NA,NA,NA
1485,9.144453048706055,"""[39.16528]""","""[1.005379]""",0.46168893575668335,0.0012186147505417466,"""[[0.04852657]]""","""[[0.01313526]]""",NA,NA,NA,NA,NA,NA,NA
1486,9.060641288757324,"""[39.107616]""","""[1.0103561]""",0.449884295463562,0.0011667305370792747,"""[[0.05100949]]""","""[[0.00867568]]""",NA,NA,NA,NA,NA,NA,NA
1487,8.770873069763184,"""[39.479412]""","""[0.98824805]""",2.6083502769470215,0.0009805214358493686,"""[[0.02573784]]""","""[[0.02463045]]""",NA,NA,NA,NA,NA,NA,NA
1488,8.059157371520996,"""[39.54241]""","""[0.9870603]""",0.23136471211910248,0.00046916797873564065,"""[[0.00971577]]""","""[[0.01337393]]""",NA,NA,NA,NA,NA,NA,NA
1489,7.857488632202148,"""[39.088947]""","""[1.0169687]""",1.6929035186767578,0.00030754407634958625,"""[[0.02404617]]""","""[[-0.02446214]]""",NA,NA,NA,NA,NA,NA,NA
1490,8.534667015075684,"""[39.497463]""","""[0.9924828]""",0.31164056062698364,0.0007806024514138699,"""[[-0.01702102]]""","""[[-0.01703347]]""",NA,NA,NA,NA,NA,NA,NA
1491,9.686117172241211,"""[39.566444]""","""[0.9884149]""",0.22946223616600037,0.001656845910474658,"""[[-0.03503491]]""","""[[-0.02376116]]""",NA,NA,NA,NA,NA,NA,NA
1492,10.852363586425781,"""[39.148582]""","""[1.0139391]""",0.3163332939147949,0.002492674393579364,"""[[-0.02277449]]""","""[[-0.0552181]]""",NA,NA,NA,NA,NA,NA,NA
1493,12.356586456298828,"""[39.31898]""","""[1.001638]""",1.4748661518096924,0.003589693224057555,"""[[-0.04236063]]""","""[[-0.05055337]]""",NA,NA,NA,NA,NA,NA,NA
1494,12.573447227478027,"""[39.515564]""","""[0.9889495]""",0.6737713813781738,0.0038419205229729414,"""[[-0.05150572]]""","""[[-0.03670533]]""",NA,NA,NA,NA,NA,NA,NA
1495,11.666714668273926,"""[39.22396]""","""[1.0071716]""",0.8996584415435791,0.0031856766436249018,"""[[-0.02620928]]""","""[[-0.04706636]]""",NA,NA,NA,NA,NA,NA,NA
1496,10.266018867492676,"""[39.295364]""","""[1.0034865]""",0.269823282957077,0.0022091984283179045,"""[[-0.01484765]]""","""[[-0.0318528]]""",NA,NA,NA,NA,NA,NA,NA
1497,9.356026649475098,"""[39.531]""","""[0.9889516]""",0.2473156601190567,0.0016746990149840713,"""[[-0.014352]]""","""[[-0.00748268]]""",NA,NA,NA,NA,NA,NA,NA
1498,8.474656105041504,"""[39.33616]""","""[1.0009434]""",0.8422498106956482,0.0010518068447709084,"""[[0.01099131]]""","""[[-0.0067911]]""",NA,NA,NA,NA,NA,NA,NA
1499,8.189654350280762,"""[39.275047]""","""[1.0042263]""",0.6028657555580139,0.000915640383027494,"""[[0.02177055]]""","""[[-0.00375148]]""",NA,NA,NA,NA,NA,NA,NA
1500,7.858625888824463,"""[39.329422]""","""[0.9995999]""",1.4905436038970947,0.0007269945926964283,"""[[0.02873722]]""","""[[0.00844572]]""",NA,NA,NA,NA,NA,NA,NA
1501,7.799071788787842,"""[39.307953]""","""[0.99865675]""",1.3438506126403809,0.0007832840201444924,"""[[0.03256324]]""","""[[0.00990976]]""",NA,NA,NA,NA,NA,NA,NA
1502,7.645843505859375,"""[39.231277]""","""[1.0009831]""",1.0169166326522827,0.000756893481593579,"""[[0.04559764]]""","""[[0.01395887]]""",NA,NA,NA,NA,NA,NA,NA
1503,7.578917980194092,"""[39.18997]""","""[1.0006863]""",1.048529028892517,0.0007753056124784052,"""[[0.04890982]]""","""[[0.01267346]]""",NA,NA,NA,NA,NA,NA,NA
1504,7.594647407531738,"""[39.23951]""","""[0.9948797]""",0.6338598728179932,0.0008703678613528609,"""[[0.04112206]]""","""[[0.01092799]]""",NA,NA,NA,NA,NA,NA,NA
1505,7.838003635406494,"""[39.10635]""","""[1.000185]""",0.48533719778060913,0.001160668907687068,"""[[0.04023667]]""","""[[-0.00385517]]""",NA,NA,NA,NA,NA,NA,NA
1506,8.574134826660156,"""[39.1559]""","""[0.99444157]""",0.735504686832428,0.0017978633986786008,"""[[0.02559627]]""","""[[-0.01012968]]""",NA,NA,NA,NA,NA,NA,NA
1507,10.06169319152832,"""[39.08731]""","""[0.9956126]""",0.5289040803909302,0.003026325488463044,"""[[0.01430472]]""","""[[-0.02404209]]""",NA,NA,NA,NA,NA,NA,NA
1508,11.241996765136719,"""[38.93205]""","""[1.0029243]""",0.44021517038345337,0.0040194145403802395,"""[[0.01352435]]""","""[[-0.03843036]]""",NA,NA,NA,NA,NA,NA,NA
1509,12.907879829406738,"""[39.09762]""","""[0.9903552]""",0.7925310134887695,0.005340524949133396,"""[[-0.00637126]]""","""[[-0.0339013]]""",NA,NA,NA,NA,NA,NA,NA
1510,13.343615531921387,"""[38.879055]""","""[1.003099]""",2.5215322971343994,0.00574891921132803,"""[[0.00304984]]""","""[[-0.04780315]]""",NA,NA,NA,NA,NA,NA,NA
1511,11.881993293762207,"""[38.669514]""","""[1.016645]""",0.388913631439209,0.004753148183226585,"""[[0.0236858]]""","""[[-0.05594344]]""",NA,NA,NA,NA,NA,NA,NA
1512,11.095703125,"""[39.36275]""","""[0.973624]""",0.30999937653541565,0.004084709100425243,"""[[-0.00828315]]""","""[[-0.01167176]]""",NA,NA,NA,NA,NA,NA,NA
1513,9.87472915649414,"""[39.046818]""","""[0.99408215]""",0.6730442047119141,0.003044780809432268,"""[[0.01821556]]""","""[[-0.02463573]]""",NA,NA,NA,NA,NA,NA,NA
1514,8.594861030578613,"""[38.684845]""","""[1.0189954]""",2.720303535461426,0.002241628710180521,"""[[0.05215882]]""","""[[-0.03651911]]""",NA,NA,NA,NA,NA,NA,NA
1515,7.595305919647217,"""[39.51557]""","""[0.97133964]""",0.4257364273071289,0.001324783661402762,"""[[0.02516699]]""","""[[0.02694442]]""",NA,NA,NA,NA,NA,NA,NA
1516,7.391096115112305,"""[39.18981]""","""[0.9942852]""",0.7087904214859009,0.0008758287294767797,"""[[0.05731522]]""","""[[0.02149934]]""",NA,NA,NA,NA,NA,NA,NA
1517,8.154336929321289,"""[38.7594]""","""[1.0235692]""",1.1072072982788086,0.0014557522954419255,"""[[0.09486777]]""","""[[0.01157792]]""",NA,NA,NA,NA,NA,NA,NA
1518,10.54336929321289,"""[39.628357]""","""[0.9709633]""",2.6608102321624756,0.0029817901086062193,"""[[0.05667134]]""","""[[0.07882554]]""",NA,NA,NA,NA,NA,NA,NA
1519,14.939245223999023,"""[39.426853]""","""[0.982562]""",4.734162330627441,0.005833942908793688,"""[[0.07897846]]""","""[[0.09199343]]""",NA,NA,NA,NA,NA,NA,NA
1520,16.397415161132812,"""[38.486526]""","""[1.0448813]""",1.7032506465911865,0.007320348173379898,"""[[0.13245901]]""","""[[0.0416021]]""",NA,NA,NA,NA,NA,NA,NA
1521,16.855134963989258,"""[39.41164]""","""[0.9885384]""",0.7433432340621948,0.006999778561294079,"""[[0.07021927]]""","""[[0.087278]]""",NA,NA,NA,NA,NA,NA,NA
1522,17.350791931152344,"""[39.776497]""","""[0.9677826]""",4.106536865234375,0.007649494335055351,"""[[0.04069322]]""","""[[0.10002039]]""",NA,NA,NA,NA,NA,NA,NA
1523,13.793928146362305,"""[38.633854]""","""[1.0440544]""",0.5989841222763062,0.005358402151614428,"""[[0.09067248]]""","""[[0.00880338]]""",NA,NA,NA,NA,NA,NA,NA
1524,11.445828437805176,"""[39.38606]""","""[0.9989295]""",0.260428249835968,0.0033033753279596567,"""[[0.02795836]]""","""[[0.0256435]]""",NA,NA,NA,NA,NA,NA,NA
1525,9.843038558959961,"""[39.981335]""","""[0.96445286]""",0.6501200199127197,0.002805818570777774,"""[[-0.02555239]]""","""[[0.03349783]]""",NA,NA,NA,NA,NA,NA,NA
1526,8.08715534210205,"""[39.06289]""","""[1.0219815]""",0.23437641561031342,0.0013894179137423635,"""[[0.00533939]]""","""[[-0.04437803]]""",NA,NA,NA,NA,NA,NA,NA
1527,7.658351898193359,"""[39.132298]""","""[1.0172018]""",0.36693674325942993,0.0012517425930127501,"""[[-0.01872821]]""","""[[-0.06187987]]""",NA,NA,NA,NA,NA,NA,NA
1528,8.092225074768066,"""[39.911846]""","""[0.9680588]""",1.08843195438385,0.0020867239218205214,"""[[-0.07850244]]""","""[[-0.03275241]]""",NA,NA,NA,NA,NA,NA,NA
1529,7.954645156860352,"""[39.205242]""","""[1.0090332]""",1.4449176788330078,0.0017959907418116927,"""[[-0.04636719]]""","""[[-0.08014909]]""",NA,NA,NA,NA,NA,NA,NA
1530,7.789128303527832,"""[38.917202]""","""[1.0248014]""",0.8622434735298157,0.002033697906881571,"""[[-0.02999501]]""","""[[-0.09709021]]""",NA,NA,NA,NA,NA,NA,NA
1531,7.681931018829346,"""[39.67697]""","""[0.974922]""",0.9598976373672485,0.002211784478276968,"""[[-0.06735524]]""","""[[-0.0481521]]""",NA,NA,NA,NA,NA,NA,NA
1532,7.547037124633789,"""[39.50902]""","""[0.98311055]""",1.2939999103546143,0.0020260713063180447,"""[[-0.05462516]]""","""[[-0.05433331]]""",NA,NA,NA,NA,NA,NA,NA
1533,7.633261680603027,"""[38.662407]""","""[1.033649]""",1.474400520324707,0.002256069565191865,"""[[0.00457674]]""","""[[-0.09133928]]""",NA,NA,NA,NA,NA,NA,NA
1534,7.656093120574951,"""[39.45658]""","""[0.98208296]""",0.2556465268135071,0.0018756926292553544,"""[[-0.0345391]]""","""[[-0.03927875]]""",NA,NA,NA,NA,NA,NA,NA
1535,7.733093738555908,"""[39.584625]""","""[0.97317356]""",0.3231227993965149,0.001844214741140604,"""[[-0.03595207]]""","""[[-0.02612701]]""",NA,NA,NA,NA,NA,NA,NA
1536,7.76317024230957,"""[38.778526]""","""[1.0224937]""",0.44852155447006226,0.0016124637331813574,"""[[0.01761609]]""","""[[-0.06394402]]""",NA,NA,NA,NA,NA,NA,NA
1537,8.00471019744873,"""[39.065693]""","""[1.0034217]""",0.1810317039489746,0.0014771893620491028,"""[[0.01024492]]""","""[[-0.03738622]]""",NA,NA,NA,NA,NA,NA,NA
1538,8.480273246765137,"""[39.587547]""","""[0.97078615]""",0.3201369345188141,0.0019060608465224504,"""[[-0.01098964]]""","""[[0.00161388]]""",NA,NA,NA,NA,NA,NA,NA
1539,8.779749870300293,"""[39.03785]""","""[1.0041829]""",0.19312570989131927,0.0017921281978487968,"""[[0.02850228]]""","""[[-0.01981604]]""",NA,NA,NA,NA,NA,NA,NA
1540,9.199963569641113,"""[38.836422]""","""[1.0168529]""",1.2219505310058594,0.002097928198054433,"""[[0.04688764]]""","""[[-0.02328727]]""",NA,NA,NA,NA,NA,NA,NA
1541,9.03784465789795,"""[39.48526]""","""[0.9777828]""",0.6989733576774597,0.0019216198706999421,"""[[0.01070248]]""","""[[0.01355385]]""",NA,NA,NA,NA,NA,NA,NA
1542,8.339984893798828,"""[39.354725]""","""[0.98808914]""",0.24311214685440063,0.0012314629275351763,"""[[0.01522366]]""","""[[0.00108376]]""",NA,NA,NA,NA,NA,NA,NA
1543,7.774843692779541,"""[38.892517]""","""[1.0195421]""",0.22257384657859802,0.0008137793047353625,"""[[0.03709707]]""","""[[-0.03176685]]""",NA,NA,NA,NA,NA,NA,NA
1544,7.478988170623779,"""[39.350624]""","""[0.99301046]""",0.33546367287635803,0.0004566097923088819,"""[[0.00627387]]""","""[[-0.01137824]]""",NA,NA,NA,NA,NA,NA,NA
1545,7.450340747833252,"""[39.571556]""","""[0.9812457]""",1.5776841640472412,0.0004976100753992796,"""[[-0.00847633]]""","""[[-0.00153585]]""",NA,NA,NA,NA,NA,NA,NA
1546,7.400552272796631,"""[39.221714]""","""[1.005334]""",0.2293158322572708,0.0002965700114145875,"""[[0.00331007]]""","""[[-0.0295389]]""",NA,NA,NA,NA,NA,NA,NA
1547,7.817815780639648,"""[39.217297]""","""[1.0077726]""",1.115691065788269,0.000571312615647912,"""[[-0.00520167]]""","""[[-0.03744379]]""",NA,NA,NA,NA,NA,NA,NA
1548,8.191341400146484,"""[39.6284]""","""[0.9846461]""",0.4149440824985504,0.0009168791002593935,"""[[-0.02994257]]""","""[[-0.01475463]]""",NA,NA,NA,NA,NA,NA,NA
1549,8.147061347961426,"""[39.386616]""","""[1.0013038]""",1.9851263761520386,0.0007706964970566332,"""[[-0.01328963]]""","""[[-0.02549218]]""",NA,NA,NA,NA,NA,NA,NA
1550,7.718667507171631,"""[39.213104]""","""[1.0138481]""",0.6250095367431641,0.0004785665078088641,"""[[0.00838969]]""","""[[-0.02497099]]""",NA,NA,NA,NA,NA,NA,NA
1551,7.581422328948975,"""[39.68038]""","""[0.9863663]""",0.4568975567817688,0.0004555329214781523,"""[[-0.00439664]]""","""[[0.01457406]]""",NA,NA,NA,NA,NA,NA,NA
1552,7.74838399887085,"""[39.524117]""","""[0.9961775]""",0.22135603427886963,0.0005009899032302201,"""[[0.01899391]]""","""[[0.0209078]]""",NA,NA,NA,NA,NA,NA,NA
1553,8.42317008972168,"""[39.220654]""","""[1.0143303]""",0.4169516861438751,0.0009966552024707198,"""[[0.04873098]]""","""[[0.01824719]]""",NA,NA,NA,NA,NA,NA,NA
1554,9.225301742553711,"""[39.515137]""","""[0.9948561]""",0.264514684677124,0.0015917099080979824,"""[[0.03952583]]""","""[[0.04499062]]""",NA,NA,NA,NA,NA,NA,NA
1555,9.795146942138672,"""[39.533703]""","""[0.99218816]""",0.2604596018791199,0.002030698349699378,"""[[0.04253945]]""","""[[0.05193683]]""",NA,NA,NA,NA,NA,NA,NA
1556,10.003886222839355,"""[39.226997]""","""[1.0095898]""",0.7763179540634155,0.002164606936275959,"""[[0.06128401]]""","""[[0.03673937]]""",NA,NA,NA,NA,NA,NA,NA
1557,10.725729942321777,"""[39.339226]""","""[0.999898]""",1.3945554494857788,0.00269235554151237,"""[[0.05662064]]""","""[[0.04731283]]""",NA,NA,NA,NA,NA,NA,NA
1558,10.327937126159668,"""[39.406376]""","""[0.99412906]""",0.5769402980804443,0.002437399700284004,"""[[0.04808019]]""","""[[0.04537359]]""",NA,NA,NA,NA,NA,NA,NA
1559,9.349615097045898,"""[39.269108]""","""[1.0017911]""",0.49624204635620117,0.0017327368259429932,"""[[0.0476609]]""","""[[0.02661099]]""",NA,NA,NA,NA,NA,NA,NA
1560,8.824228286743164,"""[39.241543]""","""[1.0019554]""",0.6334432363510132,0.0013873642310500145,"""[[0.04208172]]""","""[[0.01652443]]""",NA,NA,NA,NA,NA,NA,NA
1561,8.034293174743652,"""[39.279594]""","""[0.99819475]""",0.22276932001113892,0.0008558552945032716,"""[[0.02972876]]""","""[[0.0062658]]""",NA,NA,NA,NA,NA,NA,NA
1562,7.562178134918213,"""[39.329014]""","""[0.99372524]""",0.22142112255096436,0.0005707580130547285,"""[[0.01747537]]""","""[[-0.00167397]]""",NA,NA,NA,NA,NA,NA,NA
1563,7.1883063316345215,"""[39.1912]""","""[1.0009891]""",0.24064946174621582,0.0003441386215854436,"""[[0.01477875]]""","""[[-0.02098363]]""",NA,NA,NA,NA,NA,NA,NA
1564,7.079774856567383,"""[39.2438]""","""[0.99675494]""",0.969103991985321,0.00031846362981013954,"""[[0.00342409]]""","""[[-0.02659761]]""",NA,NA,NA,NA,NA,NA,NA
1565,7.160395622253418,"""[39.251423]""","""[0.99541575]""",0.2982141673564911,0.0004193763015791774,"""[[-0.00917928]]""","""[[-0.03803595]]""",NA,NA,NA,NA,NA,NA,NA
1566,7.608543872833252,"""[39.190926]""","""[0.9983448]""",1.0136561393737793,0.0007708340999670327,"""[[-0.01836607]]""","""[[-0.05267125]]""",NA,NA,NA,NA,NA,NA,NA
1567,7.806695938110352,"""[38.960033]""","""[1.0111789]""",0.23068338632583618,0.0010121730156242847,"""[[-0.0103893]]""","""[[-0.070286]]""",NA,NA,NA,NA,NA,NA,NA
1568,8.02161979675293,"""[39.320778]""","""[0.98753613]""",0.9418532252311707,0.0011525892186909914,"""[[-0.03333714]]""","""[[-0.05146219]]""",NA,NA,NA,NA,NA,NA,NA
1569,7.7005791664123535,"""[39.272156]""","""[0.9903884]""",0.21382048726081848,0.0009006783948279917,"""[[-0.02542351]]""","""[[-0.04992773]]""",NA,NA,NA,NA,NA,NA,NA
1570,7.4131011962890625,"""[38.960247]""","""[1.0099522]""",0.20894646644592285,0.0007147935102693737,"""[[-0.00209797]]""","""[[-0.06289639]]""",NA,NA,NA,NA,NA,NA,NA
1571,7.272663593292236,"""[39.220245]""","""[0.99412346]""",0.17302924394607544,0.0005290085100568831,"""[[-0.01094772]]""","""[[-0.0425364]]""",NA,NA,NA,NA,NA,NA,NA
1572,7.169743061065674,"""[39.338356]""","""[0.98750114]""",3.839237689971924,0.0004437616444192827,"""[[-0.01136569]]""","""[[-0.02994535]]""",NA,NA,NA,NA,NA,NA,NA
1573,6.935990810394287,"""[39.035427]""","""[1.007258]""",0.1959775984287262,0.0002574989339336753,"""[[0.02253472]]""","""[[-0.03110305]]""",NA,NA,NA,NA,NA,NA,NA
1574,7.313019275665283,"""[39.19557]""","""[0.9980998]""",1.554612636566162,0.00047692208318039775,"""[[0.02676086]]""","""[[-0.0075171]]""",NA,NA,NA,NA,NA,NA,NA
1575,7.54305362701416,"""[39.30398]""","""[0.9922977]""",0.19176194071769714,0.0006298539810813963,"""[[0.02646491]]""","""[[0.00509434]]""",NA,NA,NA,NA,NA,NA,NA
1576,7.636581897735596,"""[39.193016]""","""[1.0003295]""",0.314882755279541,0.0006776155787520111,"""[[0.03645965]]""","""[[0.00274495]]""",NA,NA,NA,NA,NA,NA,NA
1577,7.578903675079346,"""[39.19979]""","""[1.0013504]""",0.22299253940582275,0.0006245175027288496,"""[[0.03659925]]""","""[[0.00338344]]""",NA,NA,NA,NA,NA,NA,NA
1578,7.623553276062012,"""[39.366596]""","""[0.9924078]""",0.6585748791694641,0.0006540787289850414,"""[[0.02764748]]""","""[[0.01335732]]""",NA,NA,NA,NA,NA,NA,NA
1579,7.339926719665527,"""[39.247616]""","""[1.0012372]""",0.16006585955619812,0.00043446640484035015,"""[[0.0314508]]""","""[[0.0027748]]""",NA,NA,NA,NA,NA,NA,NA
1580,7.171631336212158,"""[39.258812]""","""[1.0018103]""",0.35708552598953247,0.00031077617313712835,"""[[0.02727312]]""","""[[-0.00069946]]""",NA,NA,NA,NA,NA,NA,NA
1581,7.198022365570068,"""[39.477818]""","""[0.9896885]""",0.3725171387195587,0.00034971986315213144,"""[[0.01319272]]""","""[[0.00995132]]""",NA,NA,NA,NA,NA,NA,NA
1582,7.065905570983887,"""[39.283043]""","""[1.0028393]""",0.2427254617214203,0.000226033094804734,"""[[0.01981193]]""","""[[-0.00583846]]""",NA,NA,NA,NA,NA,NA,NA
1583,7.07615852355957,"""[39.27709]""","""[1.0040656]""",0.18159572780132294,0.0002364046376897022,"""[[0.01401027]]""","""[[-0.01229666]]""",NA,NA,NA,NA,NA,NA,NA
1584,7.231782913208008,"""[39.50212]""","""[0.99083513]""",0.4879043698310852,0.00037017473368905485,"""[[-0.00360734]]""","""[[-0.00403926]]""",NA,NA,NA,NA,NA,NA,NA
1585,7.417293548583984,"""[39.297836]""","""[1.0033473]""",0.1585235446691513,0.0004936425830237567,"""[[0.00071709]]""","""[[-0.02213765]]""",NA,NA,NA,NA,NA,NA,NA
1586,7.7599077224731445,"""[39.278503]""","""[1.004088]""",0.17946511507034302,0.0007597501389682293,"""[[-0.0044697]]""","""[[-0.02838413]]""",NA,NA,NA,NA,NA,NA,NA
1587,8.15038013458252,"""[39.46931]""","""[0.9916935]""",0.4038817286491394,0.0010732533410191536,"""[[-0.01953097]]""","""[[-0.02061117]]""",NA,NA,NA,NA,NA,NA,NA
1588,8.627461433410645,"""[39.33358]""","""[0.9990496]""",1.3921115398406982,0.0014313837746158242,"""[[-0.0172084]]""","""[[-0.03198707]]""",NA,NA,NA,NA,NA,NA,NA
1589,8.35031795501709,"""[39.047836]""","""[1.0157483]""",1.3804556131362915,0.0013428212841972709,"""[[0.00212713]]""","""[[-0.04591101]]""",NA,NA,NA,NA,NA,NA,NA
1590,7.709981918334961,"""[39.379383]""","""[0.9937908]""",0.17774328589439392,0.0008172937668859959,"""[[-0.00692555]]""","""[[-0.01910159]]""",NA,NA,NA,NA,NA,NA,NA
1591,7.298062801361084,"""[39.48755]""","""[0.9858883]""",0.9297510385513306,0.0005747601971961558,"""[[-0.0042402]]""","""[[-0.00544113]]""",NA,NA,NA,NA,NA,NA,NA
1592,6.838598728179932,"""[39.01879]""","""[1.0135553]""",0.19034574925899506,0.00029420663486234844,"""[[0.03536699]]""","""[[-0.02025531]]""",NA,NA,NA,NA,NA,NA,NA
1593,6.944751739501953,"""[39.222256]""","""[0.9990963]""",0.27909111976623535,0.0003133023565169424,"""[[0.03392848]]""","""[[0.00195429]]""",NA,NA,NA,NA,NA,NA,NA
1594,7.4900288581848145,"""[39.45115]""","""[0.98322296]""",0.24398034811019897,0.0007658777176402509,"""[[0.03051368]]""","""[[0.02606598]]""",NA,NA,NA,NA,NA,NA,NA
1595,8.138874053955078,"""[39.095066]""","""[1.0036848]""",1.0995075702667236,0.0012140678009018302,"""[[0.05875977]]""","""[[0.01621769]]""",NA,NA,NA,NA,NA,NA,NA
1596,8.348581314086914,"""[38.842556]""","""[1.017917]""",0.5781582593917847,0.0015210435958579183,"""[[0.07516294]]""","""[[0.00449331]]""",NA,NA,NA,NA,NA,NA,NA
1597,9.107312202453613,"""[39.487843]""","""[0.97609437]""",0.726760745048523,0.0020245227497071028,"""[[0.03996711]]""","""[[0.04490162]]""",NA,NA,NA,NA,NA,NA,NA
1598,8.806475639343262,"""[39.130833]""","""[0.99721247]""",0.21872685849666595,0.001725315465591848,"""[[0.05771718]]""","""[[0.02176007]]""",NA,NA,NA,NA,NA,NA,NA
1599,8.53036117553711,"""[38.81613]""","""[1.0166936]""",0.3102235794067383,0.0016859308816492558,"""[[0.07173598]]""","""[[-0.00096152]]""",NA,NA,NA,NA,NA,NA,NA
1600,8.262445449829102,"""[39.3251]""","""[0.98498315]""",0.3057554364204407,0.0013759522698819637,"""[[0.03584282]]""","""[[0.02029248]]""",NA,NA,NA,NA,NA,NA,NA
1601,7.681466102600098,"""[39.282887]""","""[0.98828125]""",0.750505805015564,0.0009623533696867526,"""[[0.02938156]]""","""[[0.00732968]]""",NA,NA,NA,NA,NA,NA,NA
1602,6.94105339050293,"""[38.834957]""","""[1.0174334]""",0.3094063103199005,0.000591892865486443,"""[[0.04263531]]""","""[[-0.03277125]]""",NA,NA,NA,NA,NA,NA,NA
1603,6.703241348266602,"""[39.266003]""","""[0.9914567]""",0.21865452826023102,0.00028601064695976675,"""[[0.00434689]]""","""[[-0.02272157]]""",NA,NA,NA,NA,NA,NA,NA
1604,6.8404388427734375,"""[39.43532]""","""[0.9820816]""",0.18193764984607697,0.0004494191089179367,"""[[-0.01634257]]""","""[[-0.02407278]]""",NA,NA,NA,NA,NA,NA,NA
1605,6.987009048461914,"""[38.973694]""","""[1.0118225]""",1.1433377265930176,0.0005968035547994077,"""[[0.00021199]]""","""[[-0.05942542]]""",NA,NA,NA,NA,NA,NA,NA
1606,7.03608512878418,"""[38.984707]""","""[1.0114696]""",0.21220386028289795,0.0006281399982981384,"""[[-0.00150608]]""","""[[-0.05973805]]""",NA,NA,NA,NA,NA,NA,NA
1607,7.2051005363464355,"""[39.5413]""","""[0.97738224]""",3.4914584159851074,0.0007601861725561321,"""[[-0.03183655]]""","""[[-0.02670665]]""",NA,NA,NA,NA,NA,NA,NA
1608,7.849834442138672,"""[39.546635]""","""[0.9788976]""",1.731809377670288,0.0011654506670311093,"""[[-0.04009173]]""","""[[-0.03250895]]""",NA,NA,NA,NA,NA,NA,NA
1609,9.125639915466309,"""[38.7515]""","""[1.0292281]""",0.3505615293979645,0.0022750264033675194,"""[[-0.00779711]]""","""[[-0.08681774]]""",NA,NA,NA,NA,NA,NA,NA
1610,10.988996505737305,"""[39.27305]""","""[0.9960379]""",0.7879430651664734,0.0032993394415825605,"""[[-0.04761617]]""","""[[-0.0610428]]""",NA,NA,NA,NA,NA,NA,NA
1611,12.158337593078613,"""[39.621693]""","""[0.97530425]""",0.4495631754398346,0.004280460067093372,"""[[-0.06924071]]""","""[[-0.03999626]]""",NA,NA,NA,NA,NA,NA,NA
1612,11.961130142211914,"""[38.988]""","""[1.0159347]""",0.90715491771698,0.004137845244258642,"""[[-0.02944201]]""","""[[-0.0722779]]""",NA,NA,NA,NA,NA,NA,NA
1613,11.122784614562988,"""[38.98975]""","""[1.0172638]""",0.3088558316230774,0.0035911500453948975,"""[[-0.01811638]]""","""[[-0.06329977]]""",NA,NA,NA,NA,NA,NA,NA
1614,10.525620460510254,"""[39.700993]""","""[0.97421914]""",0.6888689398765564,0.0032998716924339533,"""[[-0.04518456]]""","""[[-0.01189494]]""",NA,NA,NA,NA,NA,NA,NA
1615,8.872278213500977,"""[39.333813]""","""[0.99827856]""",0.6614259481430054,0.0020350825507193804,"""[[-0.00652069]]""","""[[-0.01937119]]""",NA,NA,NA,NA,NA,NA,NA
1616,7.510098934173584,"""[38.902958]""","""[1.026551]""",3.3128609657287598,0.0013737170957028866,"""[[0.03923653]]""","""[[-0.02720984]]""",NA,NA,NA,NA,NA,NA,NA
1617,6.85687255859375,"""[39.461567]""","""[0.9910215]""",0.2997615933418274,0.0007299754652194679,"""[[0.03321098]]""","""[[0.02827107]]""",NA,NA,NA,NA,NA,NA,NA
1618,7.841449737548828,"""[39.59977]""","""[0.9804368]""",0.274412602186203,0.0015298208454623818,"""[[0.04717605]]""","""[[0.06051944]]""",NA,NA,NA,NA,NA,NA,NA
1619,9.707937240600586,"""[38.96128]""","""[1.0168612]""",0.49316105246543884,0.0028709894977509975,"""[[0.09977078]]""","""[[0.04650604]]""",NA,NA,NA,NA,NA,NA,NA
1620,12.826135635375977,"""[39.11202]""","""[1.0029182]""",0.5913536548614502,0.004995574243366718,"""[[0.10223024]]""","""[[0.07594583]]""",NA,NA,NA,NA,NA,NA,NA
1621,16.954662322998047,"""[39.443676]""","""[0.97727185]""",0.7476024627685547,0.008006992749869823,"""[[0.08900037]]""","""[[0.11302371]]""",NA,NA,NA,NA,NA,NA,NA
1622,19.09314727783203,"""[38.821342]""","""[1.012209]""",0.6727254390716553,0.009511461481451988,"""[[0.12505874]]""","""[[0.08555733]]""",NA,NA,NA,NA,NA,NA,NA
1623,20.533485412597656,"""[38.734756]""","""[1.0144315]""",1.2221839427947998,0.010579495690762997,"""[[0.1251532]]""","""[[0.08070317]]""",NA,NA,NA,NA,NA,NA,NA
1624,20.211633682250977,"""[39.140972]""","""[0.98711354]""",0.5975995659828186,0.010257730260491371,"""[[0.09075443]]""","""[[0.09224159]]""",NA,NA,NA,NA,NA,NA,NA
1625,18.727663040161133,"""[39.040733]""","""[0.9925118]""",0.8079549670219421,0.009295649826526642,"""[[0.08389005]]""","""[[0.06997732]]""",NA,NA,NA,NA,NA,NA,NA
1626,15.935303688049316,"""[38.700127]""","""[1.0149988]""",1.0056501626968384,0.007608611602336168,"""[[0.08774567]]""","""[[0.02651285]]""",NA,NA,NA,NA,NA,NA,NA
1627,12.785340309143066,"""[39.071453]""","""[0.99385786]""",0.6856127381324768,0.005475240759551525,"""[[0.04538935]]""","""[[0.0170353]]""",NA,NA,NA,NA,NA,NA,NA
1628,9.724786758422852,"""[39.28317]""","""[0.9839134]""",0.3528605103492737,0.0036509972997009754,"""[[0.009515]]""","""[[-0.00453809]]""",NA,NA,NA,NA,NA,NA,NA
1629,7.532012939453125,"""[38.88661]""","""[1.0110152]""",1.7354382276535034,0.0024693384766578674,"""[[0.00731581]]""","""[[-0.05888626]]""",NA,NA,NA,NA,NA,NA,NA
1630,6.913303375244141,"""[39.13885]""","""[0.99644864]""",0.5842944383621216,0.002428703708574176,"""[[-0.02520342]]""","""[[-0.06465113]]""",NA,NA,NA,NA,NA,NA,NA
1631,6.782984733581543,"""[39.359848]""","""[0.98381513]""",0.28718236088752747,0.0028465292416512966,"""[[-0.05032779]]""","""[[-0.06530964]]""",NA,NA,NA,NA,NA,NA,NA
1632,6.657787322998047,"""[39.012844]""","""[1.0063459]""",0.3576160669326782,0.003024606965482235,"""[[-0.04106653]]""","""[[-0.09592658]]""",NA,NA,NA,NA,NA,NA,NA
1633,6.7082695960998535,"""[39.121624]""","""[1.0009228]""",0.4434780180454254,0.003168658819049597,"""[[-0.05591685]]""","""[[-0.09848338]]""",NA,NA,NA,NA,NA,NA,NA
1634,7.003400802612305,"""[39.451756]""","""[0.98238677]""",0.5998833775520325,0.0034071810077875853,"""[[-0.08193631]]""","""[[-0.08668736]]""",NA,NA,NA,NA,NA,NA,NA
1635,7.391297817230225,"""[39.17077]""","""[1.0014591]""",0.3388592004776001,0.0033494255039840937,"""[[-0.07238813]]""","""[[-0.10809345]]""",NA,NA,NA,NA,NA,NA,NA
1636,7.80873966217041,"""[39.075863]""","""[1.0090868]""",1.0077409744262695,0.0033182883635163307,"""[[-0.06860803]]""","""[[-0.1142142]]""",NA,NA,NA,NA,NA,NA,NA
1637,7.77125358581543,"""[39.337975]""","""[0.9939937]""",1.4815046787261963,0.0029370689298957586,"""[[-0.07713623]]""","""[[-0.09312974]]""",NA,NA,NA,NA,NA,NA,NA
1638,8.146340370178223,"""[39.478554]""","""[0.9862929]""",0.6258929371833801,0.0028365785256028175,"""[[-0.0823795]]""","""[[-0.08156583]]""",NA,NA,NA,NA,NA,NA,NA
1639,8.58178997039795,"""[39.19598]""","""[1.0047538]""",2.181556463241577,0.00258579570800066,"""[[-0.0628141]]""","""[[-0.09278293]]""",NA,NA,NA,NA,NA,NA,NA
1640,8.100146293640137,"""[38.975704]""","""[1.0191357]""",0.9011193513870239,0.001933799241669476,"""[[-0.03562302]]""","""[[-0.09224946]]""",NA,NA,NA,NA,NA,NA,NA
1641,7.4514899253845215,"""[39.662323]""","""[0.9776658]""",0.4180506467819214,0.0013015459990128875,"""[[-0.05483102]]""","""[[-0.03555821]]""",NA,NA,NA,NA,NA,NA,NA
1642,6.823540210723877,"""[39.481274]""","""[0.98985535]""",0.22497433423995972,0.0005106109310872853,"""[[-0.02285008]]""","""[[-0.02567937]]""",NA,NA,NA,NA,NA,NA,NA
1643,6.735745906829834,"""[38.99082]""","""[1.0213053]""",0.8369808197021484,0.00036899137194268405,"""[[0.02607243]]""","""[[-0.03293211]]""",NA,NA,NA,NA,NA,NA,NA
1644,7.323952674865723,"""[39.492214]""","""[0.9901301]""",0.1699373424053192,0.0007359037408605218,"""[[0.01928669]]""","""[[0.01919629]]""",NA,NA,NA,NA,NA,NA,NA
1645,8.465862274169922,"""[39.578766]""","""[0.9842766]""",0.23164232075214386,0.0016380809247493744,"""[[0.03184584]]""","""[[0.04490503]]""",NA,NA,NA,NA,NA,NA,NA
1646,9.606653213500977,"""[39.04686]""","""[1.016385]""",0.40550315380096436,0.0024372839834541082,"""[[0.07545077]]""","""[[0.03161579]]""",NA,NA,NA,NA,NA,NA,NA
1647,10.523306846618652,"""[39.237316]""","""[1.0034332]""",1.060858964920044,0.003102021524682641,"""[[0.07235419]]""","""[[0.0531391]]""",NA,NA,NA,NA,NA,NA,NA
1648,10.526698112487793,"""[39.58238]""","""[0.9823976]""",0.7476636171340942,0.003269609296694398,"""[[0.05399548]]""","""[[0.07368035]]""",NA,NA,NA,NA,NA,NA,NA
1649,9.485010147094727,"""[39.16385]""","""[1.0090249]""",0.8232747912406921,0.0024083047173917294,"""[[0.07451309]]""","""[[0.04370487]]""",NA,NA,NA,NA,NA,NA,NA
1650,8.209403991699219,"""[39.181957]""","""[1.00904]""",0.3721695840358734,0.0014981473796069622,"""[[0.06528769]]""","""[[0.03266425]]""",NA,NA,NA,NA,NA,NA,NA
1651,7.517551898956299,"""[39.590572]""","""[0.98403496]""",0.24312710762023926,0.0011144744930788875,"""[[0.03377638]]""","""[[0.04532861]]""",NA,NA,NA,NA,NA,NA,NA
1652,6.989449501037598,"""[39.39899]""","""[0.99588495]""",0.8454302549362183,0.0006135609582997859,"""[[0.03595442]]""","""[[0.02444705]]""",NA,NA,NA,NA,NA,NA,NA
1653,6.651645660400391,"""[39.065514]""","""[1.0164783]""",0.44725316762924194,0.00038921210216358304,"""[[0.04213979]]""","""[[-0.00829356]]""",NA,NA,NA,NA,NA,NA,NA
1654,6.6877217292785645,"""[39.485798]""","""[0.9895776]""",0.21340788900852203,0.00043414547690190375,"""[[0.00840779]]""","""[[0.00602236]]""",NA,NA,NA,NA,NA,NA,NA
1655,6.987997055053711,"""[39.53192]""","""[0.9860403]""",0.16447505354881287,0.0006849413621239364,"""[[-0.00487076]]""","""[[-0.00104609]]""",NA,NA,NA,NA,NA,NA,NA
1656,7.414111137390137,"""[39.072807]""","""[1.0136708]""",0.5512710809707642,0.0009392447536811233,"""[[0.01135559]]""","""[[-0.03547736]]""",NA,NA,NA,NA,NA,NA,NA
1657,8.287125587463379,"""[39.26595]""","""[1.0000985]""",0.2738191485404968,0.0015741208335384727,"""[[-0.0110542]]""","""[[-0.03294756]]""",NA,NA,NA,NA,NA,NA,NA
1658,9.547579765319824,"""[39.492844]""","""[0.9842205]""",0.5272148847579956,0.0026225405745208263,"""[[-0.03515518]]""","""[[-0.02737582]]""",NA,NA,NA,NA,NA,NA,NA
1659,10.117534637451172,"""[39.15564]""","""[1.0041927]""",1.1918827295303345,0.0029714477714151144,"""[[-0.02147172]]""","""[[-0.04992507]]""",NA,NA,NA,NA,NA,NA,NA
1660,9.758415222167969,"""[39.11296]""","""[1.0074984]""",0.7776508927345276,0.002722006058320403,"""[[-0.01557475]]""","""[[-0.05002654]]""",NA,NA,NA,NA,NA,NA,NA
1661,9.976814270019531,"""[39.458347]""","""[0.98599225]""",0.4454173743724823,0.0029752785339951515,"""[[-0.03464919]]""","""[[-0.02923254]]""",NA,NA,NA,NA,NA,NA,NA
1662,10.254106521606445,"""[39.356403]""","""[0.9923944]""",0.8889454007148743,0.0031818223651498556,"""[[-0.0289965]]""","""[[-0.03410266]]""",NA,NA,NA,NA,NA,NA,NA
1663,9.620737075805664,"""[39.031765]""","""[1.0140029]""",2.643770456314087,0.0027708227280527353,"""[[-0.0035421]]""","""[[-0.0476138]]""",NA,NA,NA,NA,NA,NA,NA
1664,8.101471900939941,"""[39.342796]""","""[0.9969968]""",0.48232501745224,0.0016265911981463432,"""[[-0.0044768]]""","""[[-0.01798145]]""",NA,NA,NA,NA,NA,NA,NA
1665,6.969141960144043,"""[39.50506]""","""[0.9888465]""",0.4616493582725525,0.000853513483889401,"""[[0.00502624]]""","""[[0.0061264]]""",NA,NA,NA,NA,NA,NA,NA
1666,6.568224906921387,"""[39.185825]""","""[1.0090601]""",0.4356909990310669,0.000522026268299669,"""[[0.03607259]]""","""[[-0.00031326]]""",NA,NA,NA,NA,NA,NA,NA
1667,6.53318977355957,"""[39.266537]""","""[1.003664]""",0.1590091735124588,0.0005174532416276634,"""[[0.03971904]]""","""[[0.01242592]]""",NA,NA,NA,NA,NA,NA,NA
1668,6.663351058959961,"""[39.54572]""","""[0.9859665]""",0.2748725712299347,0.0007152397301979363,"""[[0.02974831]]""","""[[0.03437124]]""",NA,NA,NA,NA,NA,NA,NA
1669,6.678607940673828,"""[39.285164]""","""[1.001553]""",0.19932499527931213,0.0006444374448619783,"""[[0.04709893]]""","""[[0.02242179]]""",NA,NA,NA,NA,NA,NA,NA
1670,6.770542621612549,"""[39.18503]""","""[1.0073352]""",0.7085698246955872,0.0006986625376157463,"""[[0.05459407]]""","""[[0.01883607]]""",NA,NA,NA,NA,NA,NA,NA
1671,6.691524505615234,"""[39.398605]""","""[0.99351275]""",0.77265465259552,0.0006478855502791703,"""[[0.03944267]]""","""[[0.02777827]]""",NA,NA,NA,NA,NA,NA,NA
1672,6.775839805603027,"""[39.471172]""","""[0.9888148]""",0.5786176323890686,0.0006932103424333036,"""[[0.03481896]]""","""[[0.03160857]]""",NA,NA,NA,NA,NA,NA,NA
1673,6.622556686401367,"""[39.137917]""","""[1.0094603]""",1.2527806758880615,0.0005101220449432731,"""[[0.0492958]]""","""[[0.00790521]]""",NA,NA,NA,NA,NA,NA,NA
1674,6.428995132446289,"""[39.255337]""","""[1.0021523]""",1.060989499092102,0.0003457551065366715,"""[[0.03313468]]""","""[[0.00464037]]""",NA,NA,NA,NA,NA,NA,NA
1675,6.419464588165283,"""[39.417736]""","""[0.991236]""",0.2532479166984558,0.0003661293594632298,"""[[0.02008863]]""","""[[0.01004797]]""",NA,NA,NA,NA,NA,NA,NA
1676,6.366971492767334,"""[39.24525]""","""[1.0009111]""",0.19406649470329285,0.00029382194043137133,"""[[0.02796103]]""","""[[-0.00162941]]""",NA,NA,NA,NA,NA,NA,NA
1677,6.338391304016113,"""[39.196762]""","""[1.0030553]""",0.17217829823493958,0.0002679928729776293,"""[[0.02980729]]""","""[[-0.00528356]]""",NA,NA,NA,NA,NA,NA,NA
1678,6.337214946746826,"""[39.33932]""","""[0.99336374]""",0.8228552341461182,0.00027007932658307254,"""[[0.02128418]]""","""[[0.00243369]]""",NA,NA,NA,NA,NA,NA,NA
1679,6.308467864990234,"""[39.272907]""","""[0.9968186]""",0.522698163986206,0.00023307664378080517,"""[[0.01952358]]""","""[[-0.00682328]]""",NA,NA,NA,NA,NA,NA,NA
1680,6.3898210525512695,"""[39.158848]""","""[1.0033047]""",0.14757059514522552,0.0002990953216794878,"""[[0.01774849]]""","""[[-0.02119189]]""",NA,NA,NA,NA,NA,NA,NA
1681,6.631918907165527,"""[39.291767]""","""[0.9945824]""",0.46888554096221924,0.00048188454820774496,"""[[0.00229641]]""","""[[-0.02073795]]""",NA,NA,NA,NA,NA,NA,NA
1682,6.7259955406188965,"""[39.27435]""","""[0.9955663]""",1.593924880027771,0.0005445716087706387,"""[[-0.00085104]]""","""[[-0.02553159]]""",NA,NA,NA,NA,NA,NA,NA
1683,7.248966693878174,"""[39.182972]""","""[1.0008664]""",0.34485381841659546,0.0009298332734033465,"""[[-0.00635807]]""","""[[-0.03973287]]""",NA,NA,NA,NA,NA,NA,NA
1684,8.100480079650879,"""[39.21152]""","""[0.99840266]""",0.9063026905059814,0.0015611042035743594,"""[[-0.01911246]]""","""[[-0.04654995]]""",NA,NA,NA,NA,NA,NA,NA
1685,8.326780319213867,"""[39.09925]""","""[1.0046436]""",0.7539878487586975,0.0017531466437503695,"""[[-0.01611285]]""","""[[-0.05553215]]""",NA,NA,NA,NA,NA,NA,NA
1686,9.071529388427734,"""[39.355057]""","""[0.9880638]""",0.8096431493759155,0.0023227264173328876,"""[[-0.03603908]]""","""[[-0.04410633]]""",NA,NA,NA,NA,NA,NA,NA
1687,8.868313789367676,"""[39.09329]""","""[1.004143]""",0.221830353140831,0.0021789742168039083,"""[[-0.01874726]]""","""[[-0.05698942]]""",NA,NA,NA,NA,NA,NA,NA
1688,8.672811508178711,"""[39.10887]""","""[1.0031387]""",0.4587550163269043,0.0020531381014734507,"""[[-0.01560865]]""","""[[-0.05259294]]""",NA,NA,NA,NA,NA,NA,NA
1689,8.183073997497559,"""[39.437695]""","""[0.9841693]""",0.2750846743583679,0.0017414108151569963,"""[[-0.02599133]]""","""[[-0.02739409]]""",NA,NA,NA,NA,NA,NA,NA
1690,7.387331962585449,"""[39.162746]""","""[1.0027518]""",0.36955583095550537,0.0011280073085799813,"""[[0.00019475]]""","""[[-0.03473975]]""",NA,NA,NA,NA,NA,NA,NA
1691,6.709904670715332,"""[39.14715]""","""[1.0056478]""",0.14844471216201782,0.0006482118624262512,"""[[0.01390214]]""","""[[-0.02502643]]""",NA,NA,NA,NA,NA,NA,NA
1692,6.40849494934082,"""[39.43549]""","""[0.9893031]""",0.28808140754699707,0.000452362495707348,"""[[0.00913064]]""","""[[0.00178318]]""",NA,NA,NA,NA,NA,NA,NA
1693,6.2643961906433105,"""[39.32506]""","""[0.9973802]""",0.18258243799209595,0.0003227292327210307,"""[[0.0271682]]""","""[[0.00682207]]""",NA,NA,NA,NA,NA,NA,NA
1694,6.377068519592285,"""[39.13903]""","""[1.0096725]""",1.0389444828033447,0.00043779652332887053,"""[[0.04638584]]""","""[[0.00516158]]""",NA,NA,NA,NA,NA,NA,NA
1695,6.4994587898254395,"""[39.452015]""","""[0.9910578]""",0.16420422494411469,0.000533954007551074,"""[[0.03099066]]""","""[[0.02556203]]""",NA,NA,NA,NA,NA,NA,NA
1696,6.54345703125,"""[39.433517]""","""[0.99298894]""",0.6920046210289001,0.0005578906275331974,"""[[0.03345463]]""","""[[0.02605102]]""",NA,NA,NA,NA,NA,NA,NA
1697,6.350374221801758,"""[39.0427]""","""[1.0174053]""",0.5419729948043823,0.000492436345666647,"""[[0.05193098]]""","""[[-0.00044779]]""",NA,NA,NA,NA,NA,NA,NA
1698,6.304079532623291,"""[39.468025]""","""[0.9907848]""",0.6058962345123291,0.00039013440255075693,"""[[0.01993071]]""","""[[0.01582856]]""",NA,NA,NA,NA,NA,NA,NA
1699,6.496922016143799,"""[39.631874]""","""[0.9812485]""",0.7140607237815857,0.000606010144110769,"""[[-0.00061758]]""","""[[0.01425903]]""",NA,NA,NA,NA,NA,NA,NA
1700,7.006689548492432,"""[39.11655]""","""[1.013433]""",1.8526804447174072,0.0009438077104277909,"""[[0.01418855]]""","""[[-0.02745009]]""",NA,NA,NA,NA,NA,NA,NA
1701,7.354669570922852,"""[39.206245]""","""[1.0080627]""",0.619053840637207,0.0011486002476885915,"""[[0.00304928]]""","""[[-0.02726213]]""",NA,NA,NA,NA,NA,NA,NA
1702,8.271219253540039,"""[39.705605]""","""[0.9771365]""",2.697408676147461,0.0019432599656283855,"""[[-0.03421158]]""","""[[-0.00553183]]""",NA,NA,NA,NA,NA,NA,NA
1703,7.659430980682373,"""[39.12768]""","""[1.0131738]""",1.658860445022583,0.0013592819450423121,"""[[-0.00030474]]""","""[[-0.03865887]]""",NA,NA,NA,NA,NA,NA,NA
1704,6.886280059814453,"""[39.3589]""","""[1.0008168]""",0.8080226182937622,0.0006875846302136779,"""[[-0.00523885]]""","""[[-0.01986795]]""",NA,NA,NA,NA,NA,NA,NA
1705,6.463294506072998,"""[39.70143]""","""[0.9820245]""",3.202874183654785,0.00044919128413312137,"""[[-0.01249945]]""","""[[0.00982517]]""",NA,NA,NA,NA,NA,NA,NA
1706,6.786717414855957,"""[39.22634]""","""[1.0118064]""",0.3910254240036011,0.0005838662036694586,"""[[0.03220955]]""","""[[0.00194196]]""",NA,NA,NA,NA,NA,NA,NA
1707,8.922133445739746,"""[39.237946]""","""[1.0091493]""",0.23248231410980225,0.002157439012080431,"""[[0.04575209]]""","""[[0.0235364]]""",NA,NA,NA,NA,NA,NA,NA
1708,12.41912841796875,"""[39.565243]""","""[0.98512065]""",1.579075574874878,0.004838160239160061,"""[[0.03612376]]""","""[[0.0619286]]""",NA,NA,NA,NA,NA,NA,NA
1709,14.285025596618652,"""[39.1505]""","""[1.0081807]""",0.4187755584716797,0.00627181539312005,"""[[0.06174629]]""","""[[0.04681071]]""",NA,NA,NA,NA,NA,NA,NA
1710,15.594013214111328,"""[39.045776]""","""[1.012151]""",0.5114539861679077,0.007426439318805933,"""[[0.06564383]]""","""[[0.04321629]]""",NA,NA,NA,NA,NA,NA,NA
1711,16.18330955505371,"""[39.38391]""","""[0.98876625]""",1.0430954694747925,0.008045037277042866,"""[[0.04034089]]""","""[[0.0585503]]""",NA,NA,NA,NA,NA,NA,NA
1712,14.725530624389648,"""[39.19814]""","""[1.0000757]""",1.959892988204956,0.007183173671364784,"""[[0.04203298]]""","""[[0.03501486]]""",NA,NA,NA,NA,NA,NA,NA
1713,11.726981163024902,"""[38.884487]""","""[1.0211371]""",0.7409207820892334,0.005323056597262621,"""[[0.04668513]]""","""[[-0.00555453]]""",NA,NA,NA,NA,NA,NA,NA
1714,9.079985618591309,"""[39.377598]""","""[0.9907361]""",0.3871375322341919,0.003404676215723157,"""[[0.00209385]]""","""[[-0.00219367]]""",NA,NA,NA,NA,NA,NA,NA
1715,7.121860504150391,"""[39.499317]""","""[0.98366296]""",0.9061293601989746,0.002145191887393594,"""[[-0.02304145]]""","""[[-0.01993761]]""",NA,NA,NA,NA,NA,NA,NA
1716,6.3322062492370605,"""[39.067394]""","""[1.0100056]""",0.17808479070663452,0.001669853343628347,"""[[-0.01240298]]""","""[[-0.0607312]]""",NA,NA,NA,NA,NA,NA,NA
1717,6.110255241394043,"""[39.162296]""","""[1.0033175]""",0.8154088258743286,0.001567638828419149,"""[[-0.03007343]]""","""[[-0.06837441]]""",NA,NA,NA,NA,NA,NA,NA
1718,6.130222320556641,"""[39.30512]""","""[0.9925153]""",0.5142421722412109,0.0016762870363891125,"""[[-0.04439185]]""","""[[-0.06637555]]""",NA,NA,NA,NA,NA,NA,NA
1719,6.2508955001831055,"""[39.225334]""","""[0.99583626]""",1.6713919639587402,0.00170430401340127,"""[[-0.04583344]]""","""[[-0.07649425]]""",NA,NA,NA,NA,NA,NA,NA
1720,6.152627468109131,"""[38.88082]""","""[1.0150865]""",0.36272212862968445,0.0016972104785963893,"""[[-0.02377095]]""","""[[-0.09387029]]""",NA,NA,NA,NA,NA,NA,NA
1721,6.1613545417785645,"""[39.365543]""","""[0.9833126]""",0.38946738839149475,0.0015499942237511277,"""[[-0.04836829]]""","""[[-0.06321128]]""",NA,NA,NA,NA,NA,NA,NA
1722,6.019655704498291,"""[39.245773]""","""[0.9896963]""",0.18579435348510742,0.0012303703697398305,"""[[-0.03422264]]""","""[[-0.06286184]]""",NA,NA,NA,NA,NA,NA,NA
1723,5.9363789558410645,"""[38.875645]""","""[1.0124905]""",1.7360076904296875,0.0010285726748406887,"""[[-0.00453506]]""","""[[-0.07554738]]""",NA,NA,NA,NA,NA,NA,NA
1724,6.02226448059082,"""[39.38805]""","""[0.98188263]""",0.6761678457260132,0.0008766672690398991,"""[[-0.03125041]]""","""[[-0.04397641]]""",NA,NA,NA,NA,NA,NA,NA
1725,5.9674787521362305,"""[39.237835]""","""[0.9926682]""",0.24659650027751923,0.0006000323337502778,"""[[-0.01585952]]""","""[[-0.04574504]]""",NA,NA,NA,NA,NA,NA,NA
1726,5.955380439758301,"""[38.97802]""","""[1.0110135]""",1.661726951599121,0.0004819065798074007,"""[[0.00756789]]""","""[[-0.05209023]]""",NA,NA,NA,NA,NA,NA,NA
1727,6.117917060852051,"""[39.224827]""","""[0.9968163]""",0.3817141056060791,0.0004710053908638656,"""[[0.00726805]]""","""[[-0.02376164]]""",NA,NA,NA,NA,NA,NA,NA
1728,6.784221649169922,"""[39.46261]""","""[0.9833693]""",0.24031886458396912,0.0009572125854901969,"""[[0.00854969]]""","""[[0.0063149]]""",NA,NA,NA,NA,NA,NA,NA
1729,7.444509506225586,"""[39.083317]""","""[1.0080258]""",0.17720548808574677,0.0013289878843352199,"""[[0.04097245]]""","""[[-0.00221647]]""",NA,NA,NA,NA,NA,NA,NA
1730,8.198373794555664,"""[39.145473]""","""[1.0051632]""",0.3664395213127136,0.0018301623640581965,"""[[0.04563898]]""","""[[0.01177555]]""",NA,NA,NA,NA,NA,NA,NA
1731,9.317451477050781,"""[39.4881]""","""[0.9844279]""",0.7581499814987183,0.002699471078813076,"""[[0.03298704]]""","""[[0.0412477]]""",NA,NA,NA,NA,NA,NA,NA
1732,9.415319442749023,"""[39.115364]""","""[1.008314]""",0.7625714540481567,0.0027110863011330366,"""[[0.05574219]]""","""[[0.02211056]]""",NA,NA,NA,NA,NA,NA,NA
1733,8.920654296875,"""[39.21084]""","""[1.0042267]""",0.34328925609588623,0.002325330628082156,"""[[0.04697239]]""","""[[0.02259018]]""",NA,NA,NA,NA,NA,NA,NA
1734,8.700637817382812,"""[39.508705]""","""[0.9869927]""",0.3517494201660156,0.0022295168600976467,"""[[0.02663761]]""","""[[0.03518445]]""",NA,NA,NA,NA,NA,NA,NA
1735,7.968750476837158,"""[39.257046]""","""[1.0038604]""",0.45654141902923584,0.0016514542512595654,"""[[0.03490742]]""","""[[0.01277055]]""",NA,NA,NA,NA,NA,NA,NA
1736,7.66282844543457,"""[39.217102]""","""[1.0068662]""",0.4350547790527344,0.0014764538500458002,"""[[0.03193787]]""","""[[0.00434838]]""",NA,NA,NA,NA,NA,NA,NA
1737,7.1521453857421875,"""[39.460495]""","""[0.99218535]""",2.7557408809661865,0.0011718024034053087,"""[[0.01007534]]""","""[[0.00849669]]""",NA,NA,NA,NA,NA,NA,NA
1738,7.446600437164307,"""[39.563007]""","""[0.9861471]""",1.0608432292938232,0.0015043891035020351,"""[[0.00325362]]""","""[[0.01415794]]""",NA,NA,NA,NA,NA,NA,NA
1739,7.084657669067383,"""[39.199852]""","""[1.0099994]""",0.38999423384666443,0.0012503337347880006,"""[[0.01807193]]""","""[[-0.01321352]]""",NA,NA,NA,NA,NA,NA,NA
1740,6.702700614929199,"""[39.379684]""","""[1.0005492]""",0.8447004556655884,0.0010148591827601194,"""[[-0.00019269]]""","""[[-0.01231175]]""",NA,NA,NA,NA,NA,NA,NA
1741,6.353849411010742,"""[39.686916]""","""[0.98402184]""",0.23355582356452942,0.0008744819206185639,"""[[-0.02791004]]""","""[[-0.00679078]]""",NA,NA,NA,NA,NA,NA,NA
1742,6.136328220367432,"""[39.30256]""","""[1.0091712]""",0.9173051714897156,0.0006055310950614512,"""[[-0.01395235]]""","""[[-0.03694462]]""",NA,NA,NA,NA,NA,NA,NA
1743,6.311102390289307,"""[39.307068]""","""[1.0093917]""",0.23934276401996613,0.0007009662804193795,"""[[-0.02510131]]""","""[[-0.04718171]]""",NA,NA,NA,NA,NA,NA,NA
1744,7.0271124839782715,"""[39.705795]""","""[0.9844798]""",0.6337648630142212,0.0012758809607475996,"""[[-0.05794963]]""","""[[-0.03299117]]""",NA,NA,NA,NA,NA,NA,NA
1745,7.351390838623047,"""[39.390446]""","""[1.0032558]""",0.21844522655010223,0.0013409018283709884,"""[[-0.04384877]]""","""[[-0.05332299]]""",NA,NA,NA,NA,NA,NA,NA
1746,7.6089186668396,"""[39.20747]""","""[1.0136176]""",0.8137498497962952,0.001500172889791429,"""[[-0.03379491]]""","""[[-0.06321789]]""",NA,NA,NA,NA,NA,NA,NA
1747,8.465066909790039,"""[39.701508]""","""[0.9817312]""",0.32154032588005066,0.002168735023587942,"""[[-0.06441106]]""","""[[-0.03536237]]""",NA,NA,NA,NA,NA,NA,NA
1748,9.028629302978516,"""[39.392094]""","""[0.9989855]""",0.268035888671875,0.002414078451693058,"""[[-0.04821742]]""","""[[-0.05196683]]""",NA,NA,NA,NA,NA,NA,NA
1749,9.31493854522705,"""[39.077324]""","""[1.0170951]""",0.3455170691013336,0.0026883012615144253,"""[[-0.02771323]]""","""[[-0.06621324]]""",NA,NA,NA,NA,NA,NA,NA
1750,9.844267845153809,"""[39.48462]""","""[0.9893804]""",0.5257746577262878,0.0031005116179585457,"""[[-0.04756044]]""","""[[-0.03784024]]""",NA,NA,NA,NA,NA,NA,NA
1751,9.487386703491211,"""[39.397495]""","""[0.9930901]""",0.8637836575508118,0.002909422619268298,"""[[-0.03408107]]""","""[[-0.03497088]]""",NA,NA,NA,NA,NA,NA,NA
1752,8.3562593460083,"""[39.031307]""","""[1.0151094]""",0.21614700555801392,0.0022475803270936012,"""[[0.00144819]]""","""[[-0.04437919]]""",NA,NA,NA,NA,NA,NA,NA
1753,7.576223850250244,"""[39.36152]""","""[0.9933051]""",0.3396245837211609,0.0017723196651786566,"""[[-0.00317357]]""","""[[-0.01362778]]""",NA,NA,NA,NA,NA,NA,NA
1754,6.721016883850098,"""[39.387375]""","""[0.9905869]""",0.21147143840789795,0.0013081167126074433,"""[[0.01110283]]""","""[[0.00102841]]""",NA,NA,NA,NA,NA,NA,NA
1755,6.197243690490723,"""[39.090935]""","""[1.0077391]""",0.45664364099502563,0.0010798675939440727,"""[[0.04051061]]""","""[[-0.00469151]]""",NA,NA,NA,NA,NA,NA,NA
1756,5.892260551452637,"""[39.31193]""","""[0.99351084]""",0.28151577711105347,0.0009586246451362967,"""[[0.04160699]]""","""[[0.02052079]]""",NA,NA,NA,NA,NA,NA,NA
1757,5.900665760040283,"""[39.356953]""","""[0.9904631]""",0.6033672094345093,0.0010445102816447616,"""[[0.05181475]]""","""[[0.03571101]]""",NA,NA,NA,NA,NA,NA,NA
1758,5.986107349395752,"""[39.007923]""","""[1.0115353]""",0.5130407810211182,0.001182705513201654,"""[[0.07809155]]""","""[[0.02257007]]""",NA,NA,NA,NA,NA,NA,NA
1759,6.012472629547119,"""[39.172844]""","""[1.000193]""",0.22958888113498688,0.0011547503527253866,"""[[0.06938738]]""","""[[0.03286191]]""",NA,NA,NA,NA,NA,NA,NA
1760,6.012136459350586,"""[39.404514]""","""[0.98512584]""",0.3390517234802246,0.001159435254521668,"""[[0.05389183]]""","""[[0.04359725]]""",NA,NA,NA,NA,NA,NA,NA
1761,5.9504899978637695,"""[39.112965]""","""[1.0027299]""",0.23485195636749268,0.0009692028979770839,"""[[0.06809011]]""","""[[0.02469004]]""",NA,NA,NA,NA,NA,NA,NA
1762,5.981534957885742,"""[39.108997]""","""[1.0030341]""",0.17235396802425385,0.000858939893078059,"""[[0.06551056]]""","""[[0.02174158]]""",NA,NA,NA,NA,NA,NA,NA
1763,6.043399810791016,"""[39.350857]""","""[0.9884257]""",1.4696863889694214,0.0007831866969354451,"""[[0.0477284]]""","""[[0.03150096]]""",NA,NA,NA,NA,NA,NA,NA
1764,5.804295063018799,"""[39.204514]""","""[0.99854714]""",0.7467150688171387,0.000489204830955714,"""[[0.04617455]]""","""[[0.01270418]]""",NA,NA,NA,NA,NA,NA,NA
1765,5.744023323059082,"""[39.056984]""","""[1.0085804]""",1.4375648498535156,0.0004075728065799922,"""[[0.04059318]]""","""[[-0.00981709]]""",NA,NA,NA,NA,NA,NA,NA
1766,5.872493743896484,"""[39.44134]""","""[0.98597115]""",0.3229706585407257,0.000433459528721869,"""[[0.01108067]]""","""[[0.00451673]]""",NA,NA,NA,NA,NA,NA,NA
1767,5.869697093963623,"""[39.344276]""","""[0.9936213]""",0.3729225993156433,0.0003210170252714306,"""[[0.01159367]]""","""[[-0.0059946]]""",NA,NA,NA,NA,NA,NA,NA
1768,5.801186561584473,"""[39.00358]""","""[1.0161836]""",0.26927992701530457,0.0002962342987302691,"""[[0.02917163]]""","""[[-0.02752596]]""",NA,NA,NA,NA,NA,NA,NA
1769,5.845541954040527,"""[39.42037]""","""[0.9910778]""",0.7372957468032837,0.0002467113663442433,"""[[0.0019644]]""","""[[-0.0072573]]""",NA,NA,NA,NA,NA,NA,NA
1770,5.801333427429199,"""[39.410065]""","""[0.9920744]""",0.2666596472263336,0.00020974129438400269,"""[[0.00284199]]""","""[[-0.00767557]]""",NA,NA,NA,NA,NA,NA,NA
1771,5.771425724029541,"""[39.185856]""","""[1.0067209]""",0.4036650061607361,0.00020078940724488348,"""[[0.01397484]]""","""[[-0.02203522]]""",NA,NA,NA,NA,NA,NA,NA
1772,5.797656059265137,"""[39.349674]""","""[0.99736506]""",1.0918071269989014,0.00022730522323399782,"""[[0.00112179]]""","""[[-0.01624327]]""",NA,NA,NA,NA,NA,NA,NA
1773,5.864484786987305,"""[39.44924]""","""[0.9920345]""",1.6534276008605957,0.00030622200574725866,"""[[-0.01225031]]""","""[[-0.01822885]]""",NA,NA,NA,NA,NA,NA,NA
1774,5.818136692047119,"""[39.317265]""","""[1.0012999]""",2.454312801361084,0.0002616923884488642,"""[[-0.00432939]]""","""[[-0.02537494]]""",NA,NA,NA,NA,NA,NA,NA
1775,5.891285419464111,"""[39.336514]""","""[1.0013384]""",1.0047155618667603,0.00033827315201051533,"""[[0.00243152]]""","""[[-0.01621289]]""",NA,NA,NA,NA,NA,NA,NA
1776,6.574386119842529,"""[39.47319]""","""[0.99346143]""",0.3291242718696594,0.0008817663765512407,"""[[0.00602212]]""","""[[0.00496418]]""",NA,NA,NA,NA,NA,NA,NA
1777,7.879685878753662,"""[39.33304]""","""[1.0015866]""",1.6735433340072632,0.0018661696230992675,"""[[0.02439891]]""","""[[0.01168235]]""",NA,NA,NA,NA,NA,NA,NA
1778,8.557581901550293,"""[39.243202]""","""[1.007091]""",0.19152002036571503,0.0024200158659368753,"""[[0.03206428]]""","""[[0.01132199]]""",NA,NA,NA,NA,NA,NA,NA
1779,9.205716133117676,"""[39.45363]""","""[0.9935448]""",0.3004761338233948,0.0029588353354483843,"""[[0.02076302]]""","""[[0.02595179]]""",NA,NA,NA,NA,NA,NA,NA
1780,9.257527351379395,"""[39.32855]""","""[1.0007803]""",0.19954581558704376,0.003047029487788677,"""[[0.02641007]]""","""[[0.01775622]]""",NA,NA,NA,NA,NA,NA,NA
1781,9.142133712768555,"""[39.243458]""","""[1.0053998]""",3.2893319129943848,0.0030498718842864037,"""[[0.02853749]]""","""[[0.01000846]]""",NA,NA,NA,NA,NA,NA,NA
1782,7.7806501388549805,"""[39.434185]""","""[0.99497944]""",0.21853384375572205,0.0021126929204910994,"""[[0.00668413]]""","""[[0.00544699]]""",NA,NA,NA,NA,NA,NA,NA
1783,6.858788013458252,"""[39.408558]""","""[0.99717206]""",0.3253639340400696,0.0014966160524636507,"""[[-0.00178283]]""","""[[-0.00880185]]""",NA,NA,NA,NA,NA,NA,NA
1784,6.099664688110352,"""[39.2408]""","""[1.0077319]""",0.2040608525276184,0.0009896208066493273,"""[[-0.00342265]]""","""[[-0.03187849]]""",NA,NA,NA,NA,NA,NA,NA
1785,5.858440399169922,"""[39.45091]""","""[0.9942527]""",0.30144768953323364,0.0008338330662809312,"""[[-0.02428333]]""","""[[-0.02974284]]""",NA,NA,NA,NA,NA,NA,NA
1786,5.774454116821289,"""[39.390762]""","""[0.9969722]""",0.15604695677757263,0.000769957376178354,"""[[-0.02619533]]""","""[[-0.0386793]]""",NA,NA,NA,NA,NA,NA,NA
1787,5.755486965179443,"""[39.280388]""","""[1.0029589]""",0.38550081849098206,0.0007360665476880968,"""[[-0.02303425]]""","""[[-0.0480448]]""",NA,NA,NA,NA,NA,NA,NA
1788,5.741581439971924,"""[39.30617]""","""[1.0001771]""",0.16038422286510468,0.0007062674849294126,"""[[-0.02390484]]""","""[[-0.0459438]]""",NA,NA,NA,NA,NA,NA,NA
1789,5.751586437225342,"""[39.399445]""","""[0.99335223]""",0.8326130509376526,0.0006746521103195846,"""[[-0.02781168]]""","""[[-0.03921595]]""",NA,NA,NA,NA,NA,NA,NA
1790,5.778425693511963,"""[39.1738]""","""[1.0057838]""",0.17108429968357086,0.0006068699294701219,"""[[-0.01604704]]""","""[[-0.05285472]]""",NA,NA,NA,NA,NA,NA,NA
1791,5.869678497314453,"""[39.277496]""","""[0.99786645]""",0.4259618818759918,0.0005737420287914574,"""[[-0.02080853]]""","""[[-0.04546896]]""",NA,NA,NA,NA,NA,NA,NA
1792,5.817291259765625,"""[39.316685]""","""[0.99409187]""",1.1374351978302002,0.00047760247252881527,"""[[-0.01802795]]""","""[[-0.03829801]]""",NA,NA,NA,NA,NA,NA,NA
1793,5.991258144378662,"""[39.32122]""","""[0.99330306]""",0.18766340613365173,0.000539058237336576,"""[[-0.01766428]]""","""[[-0.03684141]]""",NA,NA,NA,NA,NA,NA,NA
1794,6.19255256652832,"""[39.134342]""","""[1.0045801]""",0.3055172860622406,0.0006580270128324628,"""[[-0.00653563]]""","""[[-0.04620249]]""",NA,NA,NA,NA,NA,NA,NA
1795,6.277848720550537,"""[39.22168]""","""[0.9989745]""",0.32876503467559814,0.000696160364896059,"""[[-0.0077675]]""","""[[-0.03717042]]""",NA,NA,NA,NA,NA,NA,NA
1796,6.172069549560547,"""[39.323277]""","""[0.99282074]""",0.23090514540672302,0.0006371301133185625,"""[[-0.00647153]]""","""[[-0.02465322]]""",NA,NA,NA,NA,NA,NA,NA
1797,6.093505382537842,"""[39.17619]""","""[1.00199]""",0.14212243258953094,0.0006226833793334663,"""[[0.00740588]]""","""[[-0.02758368]]""",NA,NA,NA,NA,NA,NA,NA
1798,6.0148091316223145,"""[39.222015]""","""[0.99944997]""",0.1877230852842331,0.0006169622647576034,"""[[0.01097069]]""","""[[-0.0190094]]""",NA,NA,NA,NA,NA,NA,NA
1799,5.896823883056641,"""[39.34845]""","""[0.9923422]""",1.8334075212478638,0.0005948551115579903,"""[[0.01089614]]""","""[[-0.00516012]]""",NA,NA,NA,NA,NA,NA,NA
1800,5.593525409698486,"""[39.302757]""","""[0.99666303]""",0.23377743363380432,0.00040218717185780406,"""[[0.02697285]]""","""[[0.00470936]]""",NA,NA,NA,NA,NA,NA,NA
1801,5.572549343109131,"""[39.191216]""","""[1.0048307]""",1.0781584978103638,0.0004266195755917579,"""[[0.04255785]]""","""[[0.00747429]]""",NA,NA,NA,NA,NA,NA,NA
1802,6.014977931976318,"""[39.48334]""","""[0.98826987]""",0.9241113662719727,0.000752352993004024,"""[[0.03748367]]""","""[[0.03654714]]""",NA,NA,NA,NA,NA,NA,NA
1803,6.235383987426758,"""[39.28039]""","""[1.002274]""",1.0775192975997925,0.0008444078266620636,"""[[0.05249887]]""","""[[0.02925002]]""",NA,NA,NA,NA,NA,NA,NA
1804,6.963846206665039,"""[39.321526]""","""[1.0007933]""",5.7733635902404785,0.001300886389799416,"""[[0.05533409]]""","""[[0.0388544]]""",NA,NA,NA,NA,NA,NA,NA
1805,6.630469799041748,"""[39.61504]""","""[0.9865728]""",0.4481467604637146,0.0010631480254232883,"""[[0.03159741]]""","""[[0.04696098]]""",NA,NA,NA,NA,NA,NA,NA
1806,6.028700351715088,"""[39.381588]""","""[1.0049326]""",0.21773022413253784,0.0005209361552260816,"""[[0.0347369]]""","""[[0.02188328]]""",NA,NA,NA,NA,NA,NA,NA
1807,5.752293586730957,"""[39.32308]""","""[1.01135]""",0.15414419770240784,0.0002974267699755728,"""[[0.02585916]]""","""[[0.00542193]]""",NA,NA,NA,NA,NA,NA,NA
1808,5.934054374694824,"""[39.713943]""","""[0.9887456]""",1.0932170152664185,0.00044740416342392564,"""[[-0.00917197]]""","""[[0.01498083]]""",NA,NA,NA,NA,NA,NA,NA
1809,5.967327117919922,"""[39.56205]""","""[0.99914676]""",0.22704632580280304,0.0003800093836616725,"""[[-0.00838287]]""","""[[-0.00120098]]""",NA,NA,NA,NA,NA,NA,NA
1810,5.943598747253418,"""[39.31092]""","""[1.0150151]""",0.6000983715057373,0.0003782092535402626,"""[[0.00114793]]""","""[[-0.02023275]]""",NA,NA,NA,NA,NA,NA,NA
1811,6.205690383911133,"""[39.629055]""","""[0.9941199]""",0.13710035383701324,0.0005748455878347158,"""[[-0.0243141]]""","""[[-0.00883147]]""",NA,NA,NA,NA,NA,NA,NA
1812,6.3768534660339355,"""[39.626614]""","""[0.9927118]""",0.1568560004234314,0.0007226791349239647,"""[[-0.02988151]]""","""[[-0.01407432]]""",NA,NA,NA,NA,NA,NA,NA
1813,6.450326919555664,"""[39.3056]""","""[1.0108222]""",0.4376051723957062,0.0007803922635503113,"""[[-0.01615067]]""","""[[-0.03627446]]""",NA,NA,NA,NA,NA,NA,NA
1814,6.87541389465332,"""[39.499985]""","""[0.99654424]""",0.1612587571144104,0.0011008767178282142,"""[[-0.03303437]]""","""[[-0.02970647]]""",NA,NA,NA,NA,NA,NA,NA
1815,7.197850227355957,"""[39.513912]""","""[0.9933279]""",0.5310046672821045,0.0013653524219989777,"""[[-0.03746652]]""","""[[-0.03143786]]""",NA,NA,NA,NA,NA,NA,NA
1816,7.679582595825195,"""[39.24851]""","""[1.0069358]""",0.6542445421218872,0.0017344238003715873,"""[[-0.02767945]]""","""[[-0.04997084]]""",NA,NA,NA,NA,NA,NA,NA
1817,7.710566997528076,"""[39.32639]""","""[0.9998925]""",0.3016580045223236,0.001768399029970169,"""[[-0.02984156]]""","""[[-0.04298763]]""",NA,NA,NA,NA,NA,NA,NA
1818,7.379270076751709,"""[39.348736]""","""[0.99634784]""",1.0854573249816895,0.0015628432156518102,"""[[-0.02493539]]""","""[[-0.03636127]]""",NA,NA,NA,NA,NA,NA,NA
1819,6.438737869262695,"""[39.035458]""","""[1.0133309]""",0.6421405076980591,0.0009833076037466526,"""[[0.00516255]]""","""[[-0.04456041]]""",NA,NA,NA,NA,NA,NA,NA
1820,5.717195987701416,"""[39.39389]""","""[0.9887808]""",0.21090373396873474,0.00044863441144116223,"""[[0.00044467]]""","""[[-0.01066169]]""",NA,NA,NA,NA,NA,NA,NA
1821,5.415564060211182,"""[39.356846]""","""[0.9891523]""",0.13734233379364014,0.00026521083782427013,"""[[0.01510993]]""","""[[-0.00098201]]""",NA,NA,NA,NA,NA,NA,NA
1822,5.353780746459961,"""[38.990276]""","""[1.0105425]""",0.19799822568893433,0.0002980730205308646,"""[[0.0460344]]""","""[[-0.01176746]]""",NA,NA,NA,NA,NA,NA,NA
1823,5.501532554626465,"""[39.230995]""","""[0.99442554]""",1.6469013690948486,0.00037850995431654155,"""[[0.03938124]]""","""[[0.00948902]]""",NA,NA,NA,NA,NA,NA,NA
1824,6.2458014488220215,"""[39.55805]""","""[0.97489345]""",0.3096013069152832,0.0010308946948498487,"""[[0.03052986]]""","""[[0.03946853]]""",NA,NA,NA,NA,NA,NA,NA
1825,7.074586868286133,"""[38.921677]""","""[1.0148818]""",0.40365275740623474,0.0015639151679351926,"""[[0.07484827]]""","""[[0.01433027]]""",NA,NA,NA,NA,NA,NA,NA
1826,7.899411201477051,"""[39.04457]""","""[1.0077441]""",1.9551563262939453,0.002069723792374134,"""[[0.07064901]]""","""[[0.02671508]]""",NA,NA,NA,NA,NA,NA,NA
1827,7.740556716918945,"""[39.395523]""","""[0.98695374]""",0.8036673069000244,0.0019290122436359525,"""[[0.04589864]]""","""[[0.04121031]]""",NA,NA,NA,NA,NA,NA,NA
1828,6.8594512939453125,"""[39.213665]""","""[1.0000656]""",0.3518927991390228,0.0012368285097181797,"""[[0.04713877]]""","""[[0.01918809]]""",NA,NA,NA,NA,NA,NA,NA
1829,6.381670951843262,"""[39.095814]""","""[1.0086379]""",0.6957340240478516,0.0009137682500295341,"""[[0.04560661]]""","""[[0.00274945]]""",NA,NA,NA,NA,NA,NA,NA
1830,6.380244731903076,"""[39.48425]""","""[0.9854426]""",0.24088901281356812,0.0009527338552288711,"""[[0.01758134]]""","""[[0.01865029]]""",NA,NA,NA,NA,NA,NA,NA
1831,6.078217029571533,"""[39.29813]""","""[0.9981354]""",0.14059892296791077,0.0007164476555772126,"""[[0.02057742]]""","""[[-0.000232]]""",NA,NA,NA,NA,NA,NA,NA
1832,5.8814568519592285,"""[39.114475]""","""[1.0107002]""",0.8693617582321167,0.0006633931188844144,"""[[0.0240708]]""","""[[-0.01825467]]""",NA,NA,NA,NA,NA,NA,NA
1833,6.10359001159668,"""[39.561214]""","""[0.98412657]""",0.29117968678474426,0.0009500077576376498,"""[[-0.00472686]]""","""[[0.00412496]]""",NA,NA,NA,NA,NA,NA,NA
1834,5.978084087371826,"""[39.31516]""","""[1.0003278]""",0.19157195091247559,0.0008803415112197399,"""[[0.00413148]]""","""[[-0.01505684]]""",NA,NA,NA,NA,NA,NA,NA
1835,5.986208915710449,"""[39.161793]""","""[1.0107266]""",0.18018130958080292,0.0010229863692075014,"""[[0.00927653]]""","""[[-0.02730916]]""",NA,NA,NA,NA,NA,NA,NA
1836,6.152399063110352,"""[39.536777]""","""[0.98798]""",0.40567803382873535,0.0012770440662279725,"""[[-0.01467847]]""","""[[-0.0082854]]""",NA,NA,NA,NA,NA,NA,NA
1837,6.378563404083252,"""[39.4371]""","""[0.9944645]""",0.42448756098747253,0.0015525005292147398,"""[[-0.00978568]]""","""[[-0.01377322]]""",NA,NA,NA,NA,NA,NA,NA
1838,6.814727306365967,"""[39.098362]""","""[1.0151399]""",0.5313863158226013,0.0020749475806951523,"""[[0.0111559]]""","""[[-0.02977734]]""",NA,NA,NA,NA,NA,NA,NA
1839,7.056055068969727,"""[39.465405]""","""[0.991976]""",0.45274001359939575,0.0023373528383672237,"""[[-0.01123495]]""","""[[-0.00963166]]""",NA,NA,NA,NA,NA,NA,NA
1840,7.470200061798096,"""[39.43256]""","""[0.992828]""",0.42014744877815247,0.002777770860120654,"""[[-0.00874955]]""","""[[-0.00934392]]""",NA,NA,NA,NA,NA,NA,NA
1841,7.420020580291748,"""[39.17792]""","""[1.008366]""",1.833360195159912,0.0028419215232133865,"""[[0.00423498]]""","""[[-0.02526036]]""",NA,NA,NA,NA,NA,NA,NA
1842,6.712177753448486,"""[39.355064]""","""[0.9981402]""",0.8300762176513672,0.0023490427993237972,"""[[-0.01317392]]""","""[[-0.02486321]]""",NA,NA,NA,NA,NA,NA,NA
1843,6.5485100746154785,"""[39.490437]""","""[0.98986214]""",1.092455506324768,0.0022826516069471836,"""[[-0.02336676]]""","""[[-0.0203307]]""",NA,NA,NA,NA,NA,NA,NA
1844,6.688709735870361,"""[39.063465]""","""[1.0146443]""",0.1759343296289444,0.00250470032915473,"""[[0.00247701]]""","""[[-0.04225516]]""",NA,NA,NA,NA,NA,NA,NA
1845,6.951595306396484,"""[39.34209]""","""[0.9952813]""",0.8463274240493774,0.002686192747205496,"""[[-0.01198847]]""","""[[-0.02398529]]""",NA,NA,NA,NA,NA,NA,NA
1846,6.684725761413574,"""[39.416298]""","""[0.9895343]""",0.15522126853466034,0.002462392672896385,"""[[-0.01745085]]""","""[[-0.02189685]]""",NA,NA,NA,NA,NA,NA,NA
1847,6.335059642791748,"""[39.105354]""","""[1.007938]""",1.6742318868637085,0.002140689641237259,"""[[-0.00045516]]""","""[[-0.04118151]]""",NA,NA,NA,NA,NA,NA,NA
1848,5.76339054107666,"""[39.401894]""","""[0.9905492]""",0.21296104788780212,0.001540265860967338,"""[[-0.02271663]]""","""[[-0.03188587]]""",NA,NA,NA,NA,NA,NA,NA
1849,5.3795695304870605,"""[39.32255]""","""[0.9962991]""",0.16711437702178955,0.0010617395164445043,"""[[-0.0239017]]""","""[[-0.04343633]]""",NA,NA,NA,NA,NA,NA,NA
1850,5.314455986022949,"""[39.149693]""","""[1.0076303]""",1.8788412809371948,0.0008529446786269546,"""[[-0.01940363]]""","""[[-0.05895696]]""",NA,NA,NA,NA,NA,NA,NA
1851,5.373781681060791,"""[39.390587]""","""[0.9931153]""",1.7070600986480713,0.000718392722774297,"""[[-0.02959884]]""","""[[-0.04172692]]""",NA,NA,NA,NA,NA,NA,NA
1852,5.569455623626709,"""[39.353477]""","""[0.99551034]""",1.0655980110168457,0.0006607912364415824,"""[[-0.0286085]]""","""[[-0.04439887]]""",NA,NA,NA,NA,NA,NA,NA
1853,5.575395584106445,"""[39.243412]""","""[1.0031507]""",0.746081531047821,0.0005128012853674591,"""[[-0.01599667]]""","""[[-0.04425091]]""",NA,NA,NA,NA,NA,NA,NA
1854,5.406225204467773,"""[39.209435]""","""[1.0053837]""",0.46890348196029663,0.00031265607685782015,"""[[-0.00324345]]""","""[[-0.03582655]]""",NA,NA,NA,NA,NA,NA,NA
1855,5.352550029754639,"""[39.52375]""","""[0.9864627]""",0.29376447200775146,0.000262115994701162,"""[[-0.00744326]]""","""[[-0.00472486]]""",NA,NA,NA,NA,NA,NA,NA
1856,5.297605991363525,"""[39.354267]""","""[0.99778116]""",0.1427222341299057,0.0001673012156970799,"""[[0.01245832]]""","""[[-0.00406052]]""",NA,NA,NA,NA,NA,NA,NA
1857,5.3032379150390625,"""[39.15939]""","""[1.0107493]""",0.46088269352912903,0.00023039570078253746,"""[[0.03175478]]""","""[[-0.00691425]]""",NA,NA,NA,NA,NA,NA,NA
1858,5.602938652038574,"""[39.642376]""","""[0.98227924]""",0.16559883952140808,0.0005238541052676737,"""[[0.01296585]]""","""[[0.0295809]]""",NA,NA,NA,NA,NA,NA,NA
1859,5.728209972381592,"""[39.374664]""","""[0.999992]""",0.15330034494400024,0.0005413463804870844,"""[[0.03532559]]""","""[[0.02222183]]""",NA,NA,NA,NA,NA,NA,NA
1860,5.878110408782959,"""[39.150684]""","""[1.0149769]""",0.1742711216211319,0.0007255295640788972,"""[[0.05275191]]""","""[[0.01455302]]""",NA,NA,NA,NA,NA,NA,NA
1861,6.181746959686279,"""[39.610245]""","""[0.98689485]""",0.223770409822464,0.0009523810585960746,"""[[0.02929453]]""","""[[0.04396448]]""",NA,NA,NA,NA,NA,NA,NA
1862,6.324202060699463,"""[39.48215]""","""[0.9949189]""",0.9265342950820923,0.0009988875826820731,"""[[0.03830767]]""","""[[0.03905661]]""",NA,NA,NA,NA,NA,NA,NA
1863,5.999583721160889,"""[39.144928]""","""[1.0163451]""",0.8758683204650879,0.0008062890847213566,"""[[0.05345286]]""","""[[0.01495156]]""",NA,NA,NA,NA,NA,NA,NA
1864,5.680718421936035,"""[39.61664]""","""[0.9878187]""",0.22459864616394043,0.0005305933300405741,"""[[0.01610771]]""","""[[0.03004115]]""",NA,NA,NA,NA,NA,NA,NA
1865,5.403608798980713,"""[39.560905]""","""[0.99192774]""",0.8519439697265625,0.00028072664281353354,"""[[0.00723056]]""","""[[0.01411268]]""",NA,NA,NA,NA,NA,NA,NA
1866,5.476834774017334,"""[39.245487]""","""[1.0122588]""",0.15664806962013245,0.00032250527874566615,"""[[0.00828905]]""","""[[-0.02027781]]""",NA,NA,NA,NA,NA,NA,NA
1867,6.085192680358887,"""[39.48345]""","""[0.99726236]""",0.882373034954071,0.0007377436268143356,"""[[-0.01981854]]""","""[[-0.01953126]]""",NA,NA,NA,NA,NA,NA,NA
1868,7.3965888023376465,"""[39.537907]""","""[0.99234796]""",0.6320497989654541,0.001722596469335258,"""[[-0.04105126]]""","""[[-0.03056796]]""",NA,NA,NA,NA,NA,NA,NA
1869,9.381111145019531,"""[39.215183]""","""[1.0094551]""",0.3046167194843292,0.00319451536051929,"""[[-0.04136825]]""","""[[-0.06113264]]""",NA,NA,NA,NA,NA,NA,NA
1870,11.411839485168457,"""[39.2781]""","""[1.0020967]""",2.3031997680664062,0.004686703905463219,"""[[-0.05822501]]""","""[[-0.06435145]]""",NA,NA,NA,NA,NA,NA,NA
1871,11.557751655578613,"""[39.389614]""","""[0.993951]""",0.7742486000061035,0.004817791748791933,"""[[-0.06411291]]""","""[[-0.05706913]]""",NA,NA,NA,NA,NA,NA,NA
1872,10.423200607299805,"""[39.18398]""","""[1.0065686]""",2.4826083183288574,0.0040217917412519455,"""[[-0.04297307]]""","""[[-0.06259891]]""",NA,NA,NA,NA,NA,NA,NA
1873,8.16853141784668,"""[39.300835]""","""[1.0009264]""",0.2600839138031006,0.0023874137550592422,"""[[-0.02732816]]""","""[[-0.04062433]]""",NA,NA,NA,NA,NA,NA,NA
1874,6.7498650550842285,"""[39.486057]""","""[0.99024284]""",0.18512462079524994,0.0014418434584513307,"""[[-0.01799048]]""","""[[-0.01475433]]""",NA,NA,NA,NA,NA,NA,NA
1875,5.68361759185791,"""[39.256046]""","""[1.0048383]""",0.12856096029281616,0.000713543442543596,"""[[0.01430119]]""","""[[-0.01174464]]""",NA,NA,NA,NA,NA,NA,NA
1876,5.2530975341796875,"""[39.273205]""","""[1.0033622]""",0.2731761336326599,0.0004878131439909339,"""[[0.02983352]]""","""[[0.0043884]]""",NA,NA,NA,NA,NA,NA,NA
1877,5.320956230163574,"""[39.51288]""","""[0.9879817]""",0.28955602645874023,0.0006433489033952355,"""[[0.03127707]]""","""[[0.03298759]]""",NA,NA,NA,NA,NA,NA,NA
1878,5.805602550506592,"""[39.275234]""","""[1.0017791]""",0.3331538736820221,0.0009642599034123123,"""[[0.05777906]]""","""[[0.03408301]]""",NA,NA,NA,NA,NA,NA,NA
1879,6.427737236022949,"""[39.144413]""","""[1.0088077]""",0.3259105086326599,0.001428276882506907,"""[[0.07243059]]""","""[[0.03572864]]""",NA,NA,NA,NA,NA,NA,NA
1880,6.940072536468506,"""[39.422874]""","""[0.99026835]""",0.317659854888916,0.0017885916167870164,"""[[0.059219]]""","""[[0.05568197]]""",NA,NA,NA,NA,NA,NA,NA
1881,7.0133137702941895,"""[39.280476]""","""[0.9981963]""",0.6925016641616821,0.0017608064226806164,"""[[0.06579047]]""","""[[0.04648134]]""",NA,NA,NA,NA,NA,NA,NA
1882,6.589627265930176,"""[39.18556]""","""[1.0044727]""",0.3662062883377075,0.001371463411487639,"""[[0.06360099]]""","""[[0.03226726]]""",NA,NA,NA,NA,NA,NA,NA
1883,6.424866199493408,"""[39.397247]""","""[0.9916042]""",1.3792812824249268,0.0011987044708803296,"""[[0.04472452]]""","""[[0.03689831]]""",NA,NA,NA,NA,NA,NA,NA
1884,5.720016956329346,"""[39.27547]""","""[1.0003188]""",0.9515666961669922,0.0006068853545002639,"""[[0.03850901]]""","""[[0.01478097]]""",NA,NA,NA,NA,NA,NA,NA
1885,5.181573867797852,"""[39.222023]""","""[1.0048062]""",0.3126586079597473,0.0001929073187056929,"""[[0.02393022]]""","""[[-0.00753383]]""",NA,NA,NA,NA,NA,NA,NA
1886,5.328575611114502,"""[39.521503]""","""[0.987467]""",0.44050800800323486,0.0003556008159648627,"""[[-0.01190613]]""","""[[-0.00915792]]""",NA,NA,NA,NA,NA,NA,NA
1887,5.743467330932617,"""[39.24093]""","""[1.0051659]""",0.9686964750289917,0.0006111196707934141,"""[[-0.01044436]]""","""[[-0.03814792]]""",NA,NA,NA,NA,NA,NA,NA
1888,6.905842304229736,"""[39.401245]""","""[0.9956144]""",0.33151376247406006,0.001486746477894485,"""[[-0.03716691]]""","""[[-0.0432188]]""",NA,NA,NA,NA,NA,NA,NA
1889,7.972452163696289,"""[39.35873]""","""[0.9983746]""",0.8091286420822144,0.0022670363541692495,"""[[-0.04636861]]""","""[[-0.05400227]]""",NA,NA,NA,NA,NA,NA,NA
1890,8.296099662780762,"""[39.241833]""","""[1.0063214]""",1.5053937435150146,0.0024970879312604666,"""[[-0.04247096]]""","""[[-0.06242725]]""",NA,NA,NA,NA,NA,NA,NA
1891,9.474264144897461,"""[39.464855]""","""[0.99167496]""",1.4520128965377808,0.0033910926431417465,"""[[-0.06268128]]""","""[[-0.05372514]]""",NA,NA,NA,NA,NA,NA,NA
1892,9.181336402893066,"""[39.198864]""","""[1.0081801]""",0.4183097183704376,0.0031448653899133205,"""[[-0.0442595]]""","""[[-0.06627703]]""",NA,NA,NA,NA,NA,NA,NA
1893,8.450950622558594,"""[39.224247]""","""[1.0061316]""",0.41601401567459106,0.0026065343990921974,"""[[-0.03746138]]""","""[[-0.05871454]]""",NA,NA,NA,NA,NA,NA,NA
1894,7.443110942840576,"""[39.48034]""","""[0.9897306]""",0.48459675908088684,0.0019215227803215384,"""[[-0.03917983]]""","""[[-0.03444045]]""",NA,NA,NA,NA,NA,NA,NA
1895,6.208593845367432,"""[39.207638]""","""[1.0058146]""",0.5660096406936646,0.0009942885953933,"""[[-0.00697963]]""","""[[-0.0367588]]""",NA,NA,NA,NA,NA,NA,NA
1896,5.3026604652404785,"""[39.129]""","""[1.0089837]""",0.5457777380943298,0.0003801487328018993,"""[[0.01678774]]""","""[[-0.02460362]]""",NA,NA,NA,NA,NA,NA,NA
1897,5.071735382080078,"""[39.362892]""","""[0.9913577]""",0.5409502387046814,0.0002711348934099078,"""[[0.02351386]]""","""[[0.00812254]]""",NA,NA,NA,NA,NA,NA,NA
1898,5.825943470001221,"""[39.259094]""","""[0.99420303]""",0.4380667209625244,0.0008572571678087115,"""[[0.0487992]]""","""[[0.02413684]]""",NA,NA,NA,NA,NA,NA,NA
1899,6.942918300628662,"""[38.917618]""","""[1.0117942]""",0.253678560256958,0.0017723150085657835,"""[[0.08064096]]""","""[[0.02068678]]""",NA,NA,NA,NA,NA,NA,NA
1900,8.151716232299805,"""[39.209557]""","""[0.9900872]""",3.679640293121338,0.002653027419000864,"""[[0.07155713]]""","""[[0.04881395]]""",NA,NA,NA,NA,NA,NA,NA
1901,7.666079044342041,"""[39.062794]""","""[0.998165]""",0.2581731379032135,0.002302042441442609,"""[[0.07758462]]""","""[[0.03683003]]""",NA,NA,NA,NA,NA,NA,NA
1902,7.237803936004639,"""[39.00514]""","""[1.0013386]""",0.3985310196876526,0.0019841655157506466,"""[[0.07679775]]""","""[[0.02825246]]""",NA,NA,NA,NA,NA,NA,NA
1903,6.5153279304504395,"""[39.083153]""","""[0.99661314]""",0.5698902010917664,0.001420625252649188,"""[[0.06423837]]""","""[[0.02242834]]""",NA,NA,NA,NA,NA,NA,NA
1904,5.618753433227539,"""[39.007626]""","""[1.0014989]""",0.9985837340354919,0.0007486455142498016,"""[[0.05613431]]""","""[[0.00305012]]""",NA,NA,NA,NA,NA,NA,NA
1905,4.932432651519775,"""[39.208794]""","""[0.9902217]""",0.6153669357299805,0.0002264722133986652,"""[[0.02676678]]""","""[[-0.00560612]]""",NA,NA,NA,NA,NA,NA,NA
1906,4.853784084320068,"""[39.14529]""","""[0.99554265]""",0.28101637959480286,0.00014688799274154007,"""[[0.01718186]]""","""[[-0.02267755]]""",NA,NA,NA,NA,NA,NA,NA
1907,4.9780168533325195,"""[39.031723]""","""[1.0042065]""",0.8200476169586182,0.00024870201013982296,"""[[0.01376952]]""","""[[-0.03873]]""",NA,NA,NA,NA,NA,NA,NA
1908,5.044434070587158,"""[39.277008]""","""[0.9911667]""",0.13443538546562195,0.0002881108957808465,"""[[-0.00295656]]""","""[[-0.02755344]]""",NA,NA,NA,NA,NA,NA,NA
1909,5.062053680419922,"""[39.242134]""","""[0.99580497]""",0.12418138980865479,0.0002776209148578346,"""[[-0.00202516]]""","""[[-0.03064588]]""",NA,NA,NA,NA,NA,NA,NA
1910,5.054911136627197,"""[39.123676]""","""[1.0057037]""",0.20344549417495728,0.00026792005519382656,"""[[0.00494871]]""","""[[-0.03730232]]""",NA,NA,NA,NA,NA,NA,NA
1911,5.042529582977295,"""[39.380108]""","""[0.9923678]""",0.4424469769001007,0.00025368350907228887,"""[[-0.00734925]]""","""[[-0.02070467]]""",NA,NA,NA,NA,NA,NA,NA
1912,5.078352928161621,"""[39.38956]""","""[0.99445575]""",0.5067301988601685,0.000256325671216473,"""[[-0.00822812]]""","""[[-0.02053525]]""",NA,NA,NA,NA,NA,NA,NA
1913,5.046107292175293,"""[39.277557]""","""[1.0043784]""",0.6283635497093201,0.0002039644750766456,"""[[0.00133056]]""","""[[-0.02390058]]""",NA,NA,NA,NA,NA,NA,NA
1914,5.086035251617432,"""[39.32784]""","""[1.0032029]""",0.5758700966835022,0.00023349348339252174,"""[[0.00433227]]""","""[[-0.01514048]]""",NA,NA,NA,NA,NA,NA,NA
1915,5.46474552154541,"""[39.583843]""","""[0.98897153]""",0.37810617685317993,0.000582692155148834,"""[[-0.00226726]]""","""[[0.00825665]]""",NA,NA,NA,NA,NA,NA,NA
1916,5.758135795593262,"""[39.319645]""","""[1.0064204]""",0.12439564615488052,0.0007606516592204571,"""[[0.01642124]]""","""[[-0.00195863]]""",NA,NA,NA,NA,NA,NA,NA
1917,6.143409252166748,"""[39.36408]""","""[1.0041982]""",0.4884837567806244,0.0010687094181776047,"""[[0.01651123]]""","""[[0.00439245]]""",NA,NA,NA,NA,NA,NA,NA
1918,6.24264669418335,"""[39.525146]""","""[0.9942971]""",0.370434045791626,0.0012009076308459044,"""[[0.00621045]]""","""[[0.01263794]]""",NA,NA,NA,NA,NA,NA,NA
1919,6.455766201019287,"""[39.435722]""","""[0.99934894]""",0.372911274433136,0.0013907880056649446,"""[[0.01126617]]""","""[[0.00837706]]""",NA,NA,NA,NA,NA,NA,NA
1920,6.877134323120117,"""[39.343113]""","""[1.0040354]""",0.1458214968442917,0.0017669990193098783,"""[[0.01767428]]""","""[[0.00576277]]""",NA,NA,NA,NA,NA,NA,NA
1921,7.253309726715088,"""[39.426357]""","""[0.99750096]""",0.513904869556427,0.0021296029444783926,"""[[0.01291422]]""","""[[0.01176409]]""",NA,NA,NA,NA,NA,NA,NA
1922,7.065298557281494,"""[39.332687]""","""[1.0020833]""",0.15707001090049744,0.0020575756207108498,"""[[0.01518484]]""","""[[0.00300513]]""",NA,NA,NA,NA,NA,NA,NA
1923,6.905881404876709,"""[39.350014]""","""[0.99955374]""",0.20315805077552795,0.0020246475469321012,"""[[0.01088242]]""","""[[0.00033169]]""",NA,NA,NA,NA,NA,NA,NA
1924,6.550220489501953,"""[39.354805]""","""[0.9979631]""",1.3455445766448975,0.0018390597542747855,"""[[0.00608407]]""","""[[-0.00490184]]""",NA,NA,NA,NA,NA,NA,NA
1925,5.7130513191223145,"""[39.289066]""","""[1.0015876]""",0.5298672914505005,0.0012323128757998347,"""[[0.00155251]]""","""[[-0.01949243]]""",NA,NA,NA,NA,NA,NA,NA
1926,5.121645927429199,"""[39.430805]""","""[0.99294144]""",0.1431177258491516,0.0007968874415382743,"""[[-0.01739785]]""","""[[-0.02438023]]""",NA,NA,NA,NA,NA,NA,NA
1927,4.939983367919922,"""[39.295902]""","""[1.0010612]""",0.43631088733673096,0.0006163218640722334,"""[[-0.0186452]]""","""[[-0.04150639]]""",NA,NA,NA,NA,NA,NA,NA
1928,4.9843034744262695,"""[39.238495]""","""[1.0040008]""",1.2010393142700195,0.0006246587727218866,"""[[-0.02009627]]""","""[[-0.04934299]]""",NA,NA,NA,NA,NA,NA,NA
1929,5.000330448150635,"""[39.439247]""","""[0.9912655]""",0.6793838739395142,0.0006290198653005064,"""[[-0.0295583]]""","""[[-0.03602849]]""",NA,NA,NA,NA,NA,NA,NA
1930,5.050158977508545,"""[39.40354]""","""[0.9939434]""",0.9517908096313477,0.0005837490316480398,"""[[-0.02787287]]""","""[[-0.03824856]]""",NA,NA,NA,NA,NA,NA,NA
1931,5.270854949951172,"""[39.178577]""","""[1.0082246]""",0.9687569737434387,0.0006429601344279945,"""[[-0.01772516]]""","""[[-0.05297353]]""",NA,NA,NA,NA,NA,NA,NA
1932,6.052291393280029,"""[39.465565]""","""[0.99042696]""",0.31562939286231995,0.0011156763648614287,"""[[-0.03994437]]""","""[[-0.0403523]]""",NA,NA,NA,NA,NA,NA,NA
1933,7.104893684387207,"""[39.336254]""","""[0.99783427]""",1.1910889148712158,0.0017966557061299682,"""[[-0.0385245]]""","""[[-0.05018563]]""",NA,NA,NA,NA,NA,NA,NA
1934,7.463367938995361,"""[39.23188]""","""[1.0050884]""",0.3067377507686615,0.002043715910986066,"""[[-0.03015154]]""","""[[-0.0524796]]""",NA,NA,NA,NA,NA,NA,NA
1935,7.502982139587402,"""[39.389004]""","""[0.9961912]""",0.3554952144622803,0.0020889807492494583,"""[[-0.03210601]]""","""[[-0.03642979]]""",NA,NA,NA,NA,NA,NA,NA
1936,7.064188003540039,"""[39.369816]""","""[0.99847513]""",2.1049294471740723,0.0018365565920248628,"""[[-0.0198391]]""","""[[-0.02759549]]""",NA,NA,NA,NA,NA,NA,NA
1937,5.908846855163574,"""[39.316086]""","""[1.0039377]""",2.42311954498291,0.0010736086405813694,"""[[0.00234236]]""","""[[-0.01512259]]""",NA,NA,NA,NA,NA,NA,NA
1938,4.994296073913574,"""[39.371685]""","""[1.0018601]""",0.15637198090553284,0.00045607832726091146,"""[[0.02344594]]""","""[[0.00928808]]""",NA,NA,NA,NA,NA,NA,NA
1939,5.1674065589904785,"""[39.494946]""","""[0.99422437]""",1.1083180904388428,0.0006514173001050949,"""[[0.03511591]]""","""[[0.03525143]]""",NA,NA,NA,NA,NA,NA,NA
1940,5.541132926940918,"""[39.33977]""","""[1.0034752]""",0.5784593820571899,0.0009145481162704527,"""[[0.0523802]]""","""[[0.03607217]]""",NA,NA,NA,NA,NA,NA,NA
1941,5.745210647583008,"""[39.273407]""","""[1.0066634]""",0.17425091564655304,0.0010481049539521337,"""[[0.05813316]]""","""[[0.03494884]]""",NA,NA,NA,NA,NA,NA,NA
1942,5.932798385620117,"""[39.514874]""","""[0.9905259]""",0.35668182373046875,0.0011691804975271225,"""[[0.04372629]]""","""[[0.04845678]]""",NA,NA,NA,NA,NA,NA,NA
1943,5.708446502685547,"""[39.272526]""","""[1.0043243]""",0.17314305901527405,0.0009361706906929612,"""[[0.05342852]]""","""[[0.03022799]]""",NA,NA,NA,NA,NA,NA,NA
1944,5.565670967102051,"""[39.26544]""","""[1.0033426]""",0.5893139243125916,0.0007837942102923989,"""[[0.04874206]]""","""[[0.02443492]]""",NA,NA,NA,NA,NA,NA,NA
1945,5.224496364593506,"""[39.394226]""","""[0.99399513]""",1.1256853342056274,0.0005087219760753214,"""[[0.03228814]]""","""[[0.02164893]]""",NA,NA,NA,NA,NA,NA,NA
1946,5.156308650970459,"""[39.286808]""","""[0.9989052]""",0.2187899351119995,0.00041989737655967474,"""[[0.03280474]]""","""[[0.00996397]]""",NA,NA,NA,NA,NA,NA,NA
1947,5.0026140213012695,"""[39.172363]""","""[1.0044173]""",0.1484033763408661,0.00031836680136621,"""[[0.03170008]]""","""[[-0.00444885]]""",NA,NA,NA,NA,NA,NA,NA
1948,4.890007495880127,"""[39.35742]""","""[0.99170643]""",0.11420314013957977,0.0002636814315337688,"""[[0.01249651]]""","""[[-0.00293501]]""",NA,NA,NA,NA,NA,NA,NA
1949,4.766756534576416,"""[39.252743]""","""[0.99740905]""",0.5390276908874512,0.0002069061592919752,"""[[0.00995047]]""","""[[-0.01759703]]""",NA,NA,NA,NA,NA,NA,NA
1950,4.736713409423828,"""[39.080948]""","""[1.007184]""",0.21741338074207306,0.0002805544645525515,"""[[0.01524997]]""","""[[-0.03181086]]""",NA,NA,NA,NA,NA,NA,NA
1951,4.744737148284912,"""[39.354294]""","""[0.98964196]""",0.2516225576400757,0.0003429240605328232,"""[[-0.0056394]]""","""[[-0.02164133]]""",NA,NA,NA,NA,NA,NA,NA
1952,4.717884063720703,"""[39.226173]""","""[0.9972601]""",0.27282917499542236,0.0003740854444913566,"""[[-0.00083552]]""","""[[-0.03130991]]""",NA,NA,NA,NA,NA,NA,NA
1953,4.7515153884887695,"""[39.107265]""","""[1.0047145]""",0.12992161512374878,0.0004813251143787056,"""[[0.00608835]]""","""[[-0.03772238]]""",NA,NA,NA,NA,NA,NA,NA
1954,4.833230018615723,"""[39.31728]""","""[0.9919427]""",0.4158656597137451,0.0005779744824394584,"""[[-0.00585018]]""","""[[-0.02557552]]""",NA,NA,NA,NA,NA,NA,NA
1955,4.976762294769287,"""[39.20321]""","""[0.99909973]""",0.8834067583084106,0.0007136025233194232,"""[[0.00395618]]""","""[[-0.02813861]]""",NA,NA,NA,NA,NA,NA,NA
1956,5.50864315032959,"""[39.246807]""","""[0.996764]""",0.3450024425983429,0.0011506121372804046,"""[[0.00807007]]""","""[[-0.01733462]]""",NA,NA,NA,NA,NA,NA,NA
1957,5.9228081703186035,"""[39.22619]""","""[0.998782]""",1.5214723348617554,0.0014837718335911632,"""[[0.01273745]]""","""[[-0.01367612]]""",NA,NA,NA,NA,NA,NA,NA
1958,7.002448081970215,"""[39.118088]""","""[1.0044202]""",0.4539160430431366,0.0023493061307817698,"""[[0.02651119]]""","""[[-0.00861479]]""",NA,NA,NA,NA,NA,NA,NA
1959,7.780755043029785,"""[39.21703]""","""[0.9973784]""",1.4238375425338745,0.0029489106964319944,"""[[0.02434015]]""","""[[0.00301701]]""",NA,NA,NA,NA,NA,NA,NA
1960,7.543458938598633,"""[39.25734]""","""[0.9956686]""",0.23429721593856812,0.002796194050461054,"""[[0.01980365]]""","""[[0.00228177]]""",NA,NA,NA,NA,NA,NA,NA
1961,7.390876293182373,"""[39.20511]""","""[0.9998089]""",0.21107587218284607,0.0027117906138300896,"""[[0.02114095]]""","""[[-0.0027851]]""",NA,NA,NA,NA,NA,NA,NA
1962,7.346222400665283,"""[39.23478]""","""[0.99879724]""",0.15337324142456055,0.002718963660299778,"""[[0.01777327]]""","""[[-0.0029299]]""",NA,NA,NA,NA,NA,NA,NA
1963,7.201017379760742,"""[39.268185]""","""[0.9976335]""",0.9458087086677551,0.0026530406903475523,"""[[0.01357868]]""","""[[-0.00380851]]""",NA,NA,NA,NA,NA,NA,NA
1964,6.429666042327881,"""[39.288166]""","""[0.9985429]""",3.3553247451782227,0.0020619600545614958,"""[[0.00709084]]""","""[[-0.01060795]]""",NA,NA,NA,NA,NA,NA,NA
1965,5.12472677230835,"""[39.184284]""","""[1.0076098]""",0.22883230447769165,0.0009489202639088035,"""[[0.00310577]]""","""[[-0.03081577]]""",NA,NA,NA,NA,NA,NA,NA
1966,4.812307357788086,"""[39.5044]""","""[0.9894141]""",0.3175218403339386,0.0005873509799130261,"""[[-0.02368444]]""","""[[-0.02266308]]""",NA,NA,NA,NA,NA,NA,NA
1967,4.974803924560547,"""[39.3977]""","""[0.9973516]""",0.6664506196975708,0.000551945879124105,"""[[-0.02751237]]""","""[[-0.03818724]]""",NA,NA,NA,NA,NA,NA,NA
1968,5.958456516265869,"""[39.260487]""","""[1.0065304]""",0.18864335119724274,0.0011626232881098986,"""[[-0.03177549]]""","""[[-0.05509804]]""",NA,NA,NA,NA,NA,NA,NA
1969,7.641513824462891,"""[39.40834]""","""[0.99667495]""",0.6314802169799805,0.0023021437227725983,"""[[-0.05087774]]""","""[[-0.05226592]]""",NA,NA,NA,NA,NA,NA,NA
1970,8.775947570800781,"""[39.243927]""","""[1.0056267]""",0.247379869222641,0.003118290565907955,"""[[-0.04531069]]""","""[[-0.06165341]]""",NA,NA,NA,NA,NA,NA,NA
1971,9.911170959472656,"""[39.34406]""","""[0.9977013]""",2.7163853645324707,0.003965531941503286,"""[[-0.05204894]]""","""[[-0.05328999]]""",NA,NA,NA,NA,NA,NA,NA
1972,8.979454040527344,"""[39.035988]""","""[1.015722]""",2.0618629455566406,0.003455002326518297,"""[[-0.02228315]]""","""[[-0.06118636]]""",NA,NA,NA,NA,NA,NA,NA
1973,7.290552139282227,"""[39.466995]""","""[0.9889377]""",1.0592691898345947,0.0022804085165262222,"""[[-0.02397118]]""","""[[-0.01905593]]""",NA,NA,NA,NA,NA,NA,NA
1974,5.455018997192383,"""[39.241936]""","""[1.0025768]""",0.175133615732193,0.0010459786280989647,"""[[0.01454622]]""","""[[-0.01156943]]""",NA,NA,NA,NA,NA,NA,NA
1975,4.73312520980835,"""[39.205578]""","""[1.003747]""",0.15523692965507507,0.0006728513399139047,"""[[0.03773471]]""","""[[0.00525333]]""",NA,NA,NA,NA,NA,NA,NA
1976,4.73717737197876,"""[39.39108]""","""[0.9906986]""",0.2706148028373718,0.0008145576575770974,"""[[0.04556942]]""","""[[0.03400039]]""",NA,NA,NA,NA,NA,NA,NA
1977,5.301326274871826,"""[39.196236]""","""[1.0008973]""",0.38806211948394775,0.0013055050512775779,"""[[0.072521]]""","""[[0.04058383]]""",NA,NA,NA,NA,NA,NA,NA
1978,6.048737049102783,"""[39.161213]""","""[1.0016621]""",0.7854031324386597,0.0018772039329633117,"""[[0.08334334]]""","""[[0.04967251]]""",NA,NA,NA,NA,NA,NA,NA
1979,6.413381576538086,"""[39.31035]""","""[0.9920373]""",0.5064714550971985,0.002113425638526678,"""[[0.07657393]]""","""[[0.06088074]]""",NA,NA,NA,NA,NA,NA,NA
1980,6.890652656555176,"""[39.24704]""","""[0.9959655]""",0.3161396086215973,0.002349250949919224,"""[[0.08088099]]""","""[[0.0594642]]""",NA,NA,NA,NA,NA,NA,NA
1981,6.977396011352539,"""[39.07721]""","""[1.0071206]""",2.8081908226013184,0.0023014522157609463,"""[[0.08720874]]""","""[[0.04674356]]""",NA,NA,NA,NA,NA,NA,NA
1982,5.973165988922119,"""[38.91476]""","""[1.0170417]""",0.28510019183158875,0.0015282296808436513,"""[[0.08375212]]""","""[[0.02173973]]""",NA,NA,NA,NA,NA,NA,NA
1983,5.474022388458252,"""[39.609722]""","""[0.9731739]""",0.4075450301170349,0.0011262181214988232,"""[[0.03134666]]""","""[[0.04649187]]""",NA,NA,NA,NA,NA,NA,NA
1984,4.756833553314209,"""[39.170296]""","""[1.0002682]""",0.17380043864250183,0.0003532341797836125,"""[[0.04110238]]""","""[[0.00483206]]""",NA,NA,NA,NA,NA,NA,NA
1985,4.538357257843018,"""[38.895897]""","""[1.0178177]""",0.157137930393219,0.0002676148433238268,"""[[0.04076243]]""","""[[-0.02754866]]""",NA,NA,NA,NA,NA,NA,NA
1986,4.765295028686523,"""[39.577778]""","""[0.9756814]""",0.1735675036907196,0.0004501825897023082,"""[[-0.01349387]]""","""[[-0.00393401]]""",NA,NA,NA,NA,NA,NA,NA
1987,5.1183695793151855,"""[39.22091]""","""[0.9979699]""",0.7094864249229431,0.000566156639251858,"""[[-0.00793494]]""","""[[-0.03735762]]""",NA,NA,NA,NA,NA,NA,NA
1988,5.4010329246521,"""[38.912537]""","""[1.0183587]""",0.1918090283870697,0.0008995427051559091,"""[[0.00160566]]""","""[[-0.06230189]]""",NA,NA,NA,NA,NA,NA,NA
1989,5.804783344268799,"""[39.558037]""","""[0.9790505]""",2.119255781173706,0.0012106619542464614,"""[[-0.04123936]]""","""[[-0.0308277]]""",NA,NA,NA,NA,NA,NA,NA
1990,5.337214946746826,"""[39.333538]""","""[0.99512124]""",1.4711027145385742,0.0007600948447361588,"""[[-0.02453417]]""","""[[-0.04082508]]""",NA,NA,NA,NA,NA,NA,NA
1991,4.782853126525879,"""[38.868107]""","""[1.026339]""",0.6285607218742371,0.000548777577932924,"""[[0.01316019]]""","""[[-0.05817002]]""",NA,NA,NA,NA,NA,NA,NA
1992,4.713716506958008,"""[39.62631]""","""[0.979714]""",0.1430656760931015,0.00046347558964043856,"""[[-0.01722321]]""","""[[-0.0025907]]""",NA,NA,NA,NA,NA,NA,NA
1993,5.133076190948486,"""[39.473484]""","""[0.98935956]""",0.1167142242193222,0.0007030682172626257,"""[[0.0025195]]""","""[[0.00144521]]""",NA,NA,NA,NA,NA,NA,NA
1994,5.945444107055664,"""[38.92168]""","""[1.0240055]""",1.308112621307373,0.001436216407455504,"""[[0.04299892]]""","""[[-0.01837376]]""",NA,NA,NA,NA,NA,NA,NA
1995,6.412700176239014,"""[39.498783]""","""[0.98797864]""",0.26503294706344604,0.0016929954290390015,"""[[0.01269428]]""","""[[0.01852246]]""",NA,NA,NA,NA,NA,NA,NA
1996,6.535376071929932,"""[39.507225]""","""[0.987834]""",0.3169671893119812,0.0018025125609710813,"""[[0.01225318]]""","""[[0.01941979]]""",NA,NA,NA,NA,NA,NA,NA
1997,6.252262115478516,"""[39.04817]""","""[1.0175351]""",0.17510101199150085,0.0016169280279427767,"""[[0.03646248]]""","""[[-0.00941561]]""",NA,NA,NA,NA,NA,NA,NA
1998,6.035830020904541,"""[39.45014]""","""[0.9930972]""",0.13942064344882965,0.0014200416626408696,"""[[0.01046192]]""","""[[0.00961363]]""",NA,NA,NA,NA,NA,NA,NA
1999,5.7435832023620605,"""[39.54598]""","""[0.9879256]""",0.15633624792099,0.001254135393537581,"""[[0.00125985]]""","""[[0.01023881]]""",NA,NA,NA,NA,NA,NA,NA
